L	1	هذا السلامة
M	1	gender_0001_hadha	1	0	11	Other	الكلمة "السلامة"  مؤنثة، ربما عليك وضع اسم اشارة مؤنث: <suggestion>هذه السلامة</suggestion>\n      	هذه السلامة
L	2	وهذا السلامة
M	2	gender_0001_hadha	1	0	12	Other	الكلمة "السلامة"  مؤنثة، ربما عليك وضع اسم اشارة مؤنث: <suggestion>وهذه السلامة</suggestion>\n      	وهذه السلامة
L	3	هذا سلامته
M	3	gender_0001_hadha	1	0	10	Other	الكلمة "سلامته"  مؤنثة، ربما عليك وضع اسم اشارة مؤنث: <suggestion>هذه سلامته</suggestion>\n      	هذه سلامته
L	4	هذا سلامة
M	4	gender_0001_hadha	1	0	9	Other	الكلمة "سلامة"  مؤنثة، ربما عليك وضع اسم اشارة مؤنث: <suggestion>هذه سلامة</suggestion>\n      	هذه سلامة
L	5	هذه البطل
M	5	gender_0002_hadhihi	2	0	9	Other	الكلمة "البطل"  مذكرة، ضع اسم اشارة مذكرًا:\n        <suggestion>هذا البطل</suggestion>\n      	هذا البطل
L	6	هذه البطل
M	6	gender_0002_hadhihi	2	0	9	Other	الكلمة "البطل"  مذكرة، ضع اسم اشارة مذكرًا:\n        <suggestion>هذا البطل</suggestion>\n      	هذا البطل
L	7	هذه الذقن.
M	7	gender_0003_hadha	3	0	9	Other	الكلمة "الذقن"  مؤنثة، ضع اسم اشارة مؤنثة:  <suggestion>هذا الذقن</suggestion>	هذا الذقن
L	8	هذا الكتف.
M	8	gender_0004_hadhihi	4	0	9	Other	الكلمة "الكتف"  مؤنثة، ضع اسم اشارة مؤنثة:\n        <suggestion>هذه الكتف</suggestion>	هذه الكتف
L	9	هذا كتفه.
M	9	syntax_0002_as_ka_1	1	0	8	Other	استخدام الكاف للصفة استخدام أجنبي أدخله المترجمون، إذ يستعملون\n            "as"\n            بمعنى الكاف، فالأَوْلَى النصب على الحالية مثل  " أعمل مديرًا " أو على الاختصاص في: "نحن المسلمين".\n        <suggestion>هذا تفه</suggestion>\n        <suggestion>هذا بصفة تفه</suggestion>\n\n      	هذا تفه|هذا بصفة تفه
L	10	وهذا الكتف.
M	10	gender_0004_hadhihi	4	0	10	Other	الكلمة "الكتف"  مؤنثة، ضع اسم اشارة مؤنثة:\n        <suggestion>وهذه الكتف</suggestion>	وهذه الكتف
L	11	ذلك السلامة
M	11	gender_0006_dhalika	5	0	11	Other	الكلمة "السلامة"  مؤنثة، ربما عليك وضع اسم اشارة مؤنث: <suggestion>تلك السلامة</suggestion>\n      	تلك السلامة
L	12	وذلك السلامة
M	12	gender_0006_dhalika	5	0	12	Other	الكلمة "السلامة"  مؤنثة، ربما عليك وضع اسم اشارة مؤنث: <suggestion>وتلك السلامة</suggestion>\n      	وتلك السلامة
L	13	ذلك سلامته
M	13	gender_0006_dhalika	5	0	10	Other	الكلمة "سلامته"  مؤنثة، ربما عليك وضع اسم اشارة مؤنث: <suggestion>تلك سلامته</suggestion>\n      	تلك سلامته
L	14	ذلك سلامة
M	14	gender_0006_dhalika	5	0	9	Other	الكلمة "سلامة"  مؤنثة، ربما عليك وضع اسم اشارة مؤنث: <suggestion>تلك سلامة</suggestion>\n      	تلك سلامة
L	15	تلك السلام
M	15	gender_0007_tilka	6	0	10	Other	الكلمة "السلام"  مذكرة، ضع اسم اشارة مذكرًا:\n        <suggestion>ذلك السلام</suggestion>\n      	ذلك السلام
L	16	تلك سلام
M	16	gender_0007_tilka	6	0	8	Other	الكلمة "سلام"  مذكرة، ضع اسم اشارة مذكرًا:\n        <suggestion>ذلك سلام</suggestion>\n      	ذلك سلام
L	17	تلك الذقن.
M	17	gender_0008_dhalika	7	0	9	Other	الكلمة "الذقن"  مؤنثة، ضع اسم اشارة مؤنثة:  <suggestion>ذلك الذقن</suggestion>	ذلك الذقن
L	18	ذلك الكتف.
M	18	gender_0009_tilka	8	0	9	Other	الكلمة "الكتف"  مؤنثة، ضع اسم اشارة مؤنثة:\n        <suggestion>تلك الكتف</suggestion>	تلك الكتف
L	19	ذلك كتفه.
M	19	syntax_0002_as_ka_1	1	0	8	Other	استخدام الكاف للصفة استخدام أجنبي أدخله المترجمون، إذ يستعملون\n            "as"\n            بمعنى الكاف، فالأَوْلَى النصب على الحالية مثل  " أعمل مديرًا " أو على الاختصاص في: "نحن المسلمين".\n        <suggestion>ذلك تفه</suggestion>\n        <suggestion>ذلك بصفة تفه</suggestion>\n\n      	ذلك تفه|ذلك بصفة تفه
L	20	وذلك الكتف.
M	20	gender_0009_tilka	8	0	10	Other	الكلمة "الكتف"  مؤنثة، ضع اسم اشارة مؤنثة:\n        <suggestion>وتلك الكتف</suggestion>	وتلك الكتف
L	21	هذان البطاقتان
M	21	gender_0010_hadhani	9	0	14	Other	الكلمة "البطاقتان"  مؤنثة، ربما عليك وضع اسم اشارة مؤنث: <suggestion>هاتان البطاقتان</suggestion>\n      	هاتان البطاقتان
L	22	وهذان البطاقتان
M	22	gender_0010_hadhani	9	0	15	Other	الكلمة "البطاقتان"  مؤنثة، ربما عليك وضع اسم اشارة مؤنث: <suggestion>وهاتان البطاقتان</suggestion>\n      	وهاتان البطاقتان
L	23	هذان بطاقتاه
M	23	gender_0010_hadhani	9	0	12	Other	الكلمة "بطاقتاه"  مؤنثة، ربما عليك وضع اسم اشارة مؤنث: <suggestion>هاتان بطاقتاه</suggestion>\n      	هاتان بطاقتاه
L	24	هذان بطاقتان
M	24	gender_0010_hadhani	9	0	12	Other	الكلمة "بطاقتان"  مؤنثة، ربما عليك وضع اسم اشارة مؤنث: <suggestion>هاتان بطاقتان</suggestion>\n      	هاتان بطاقتان
L	25	هاتان السلامان
M	25	gender_0011_hatani	10	0	14	Other	الكلمة "السلامان"  مذكرة، ضع اسم اشارة مذكرًا:\n        <suggestion>هذان السلامان</suggestion>\n      	هذان السلامان
L	26	هاتان سلامان
M	26	gender_0011_hatani	10	0	12	Other	الكلمة "سلامان"  مذكرة، ضع اسم اشارة مذكرًا:\n        <suggestion>هذان سلامان</suggestion>\n      	هذان سلامان
L	27	هاتان الذقنان.
M	27	gender_0012_hadhani	11	0	13	Other	الكلمة "الذقنان"  مؤنثة، ضع اسم اشارة مؤنثة:  <suggestion>هذان الذقنان</suggestion>	هذان الذقنان
L	28	هذان الكتفان.
M	28	gender_0013_hatani	12	0	12	Other	الكلمة "الكتفان"  مؤنثة، ضع اسم اشارة مؤنثة:\n        <suggestion>هاتان الكتفان</suggestion>	هاتان الكتفان
L	29	هذان كتفاه.
M	29	gender_0013_hatani	12	0	10	Other	الكلمة "كتفاه"  مؤنثة، ضع اسم اشارة مؤنثة:\n        <suggestion>هاتان كتفاه</suggestion>	هاتان كتفاه
L	30	وهذان الكتفان.
M	30	gender_0013_hatani	12	0	13	Other	الكلمة "الكتفان"  مؤنثة، ضع اسم اشارة مؤنثة:\n        <suggestion>وهاتان الكتفان</suggestion>	وهاتان الكتفان
L	31	هذين البطاقتين
M	31	gender_0014_hadhayni	13	0	14	Other	الكلمة "البطاقتين"  مؤنثة، ربما عليك وضع اسم اشارة مؤنث: <suggestion>هاتين البطاقتين</suggestion>\n      	هاتين البطاقتين
L	32	وهذين البطاقتين
M	32	gender_0014_hadhayni	13	0	15	Other	الكلمة "البطاقتين"  مؤنثة، ربما عليك وضع اسم اشارة مؤنث: <suggestion>وهاتين البطاقتين</suggestion>\n      	وهاتين البطاقتين
L	33	هذين بطاقتين
M	33	gender_0014_hadhayni	13	0	12	Other	الكلمة "بطاقتين"  مؤنثة، ربما عليك وضع اسم اشارة مؤنث: <suggestion>هاتين بطاقتين</suggestion>\n      	هاتين بطاقتين
L	34	هاتين السلامين
M	34	gender_0015_hatayni	14	0	14	Other	الكلمة "السلامين"  مذكرة، ضع اسم اشارة مذكرًا:\n        <suggestion>هذين السلامين</suggestion>\n      	هذين السلامين
L	35	هاتين سلامين
M	35	gender_0015_hatayni	14	0	12	Other	الكلمة "سلامين"  مذكرة، ضع اسم اشارة مذكرًا:\n        <suggestion>هذين سلامين</suggestion>\n      	هذين سلامين
L	36	هاتين الذقنين.
M	36	gender_0016_hadhayni	15	0	13	Other	الكلمة "الذقنين"  مؤنثة، ضع اسم اشارة مؤنثة:  <suggestion>هذين الذقنين</suggestion>	هذين الذقنين
L	37	هذين الكتفين.
M	37	gender_0017_hatayni	16	0	12	Other	الكلمة "الكتفين"  مؤنثة، ضع اسم اشارة مؤنثة:\n        <suggestion>هاتين الكتفين</suggestion>	هاتين الكتفين
L	38	وهذين الكتفين.
M	38	gender_0017_hatayni	16	0	13	Other	الكلمة "الكتفين"  مؤنثة، ضع اسم اشارة مؤنثة:\n        <suggestion>وهاتين الكتفين</suggestion>	وهاتين الكتفين
L	39	هذان الكتابين
M	39	gender_0018_hadhani_case	17	0	13	Other	الكلمة "الكتابين" بدل من هذان لذا تتبعه في الإعراب، ربما عليك مراجعة العبارة: <suggestion>هذين الكتابين</suggestion><suggestion>هذان الكتابان</suggestion>\n      	هذين الكتابين|هذان الكتابان
L	40	وهذان الكتابين
M	40	gender_0018_hadhani_case	17	0	14	Other	الكلمة "الكتابين" بدل من هذان لذا تتبعه في الإعراب، ربما عليك مراجعة العبارة: <suggestion>وهذين الكتابين</suggestion><suggestion>وهذان الكتابان</suggestion>\n      	وهذين الكتابين|وهذان الكتابان
L	41	هذان كتابين
M	41	gender_0018_hadhani_case	17	0	11	Other	الكلمة "كتابين" بدل من هذان لذا تتبعه في الإعراب، ربما عليك مراجعة العبارة: <suggestion>هذين كتابين</suggestion><suggestion>هذان كتابان</suggestion>\n      	هذين كتابين|هذان كتابان
L	42	هذين الكتابان
M	42	gender_0019_hadhani_case	18	0	13	Other	الكلمة "الكتابان" بدل من هذين لذا تتبعه في الإعراب، ربما عليك مراجعة العبارة: <suggestion>هذان الكتابان</suggestion><suggestion>هذين الكتابين</suggestion>\n      	هذان الكتابان|هذين الكتابين
L	43	وهذين الكتابان
M	43	gender_0019_hadhani_case	18	0	14	Other	الكلمة "الكتابان" بدل من هذين لذا تتبعه في الإعراب، ربما عليك مراجعة العبارة: <suggestion>وهذان الكتابان</suggestion><suggestion>وهذين الكتابين</suggestion>\n      	وهذان الكتابان|وهذين الكتابين
L	44	هذين كتابان
M	44	gender_0019_hadhani_case	18	0	11	Other	الكلمة "كتابان" بدل من هذين لذا تتبعه في الإعراب، ربما عليك مراجعة العبارة: <suggestion>هذان كتابان</suggestion><suggestion>هذين كتابين</suggestion>\n      	هذان كتابان|هذين كتابين
L	45	بهذين الكتابان
M	45	gender_0020_hadhani_case	19	0	14	Other	الكلمة "الكتابان" بدل من هذين لذا تتبعه في الإعراب، ربما عليك مراجعة العبارة: <suggestion>بهذين الكتابين</suggestion>\n      	بهذين الكتابين
L	46	وبهذين الكتابان
M	46	gender_0020_hadhani_case	19	0	15	Other	الكلمة "الكتابان" بدل من هذين لذا تتبعه في الإعراب، ربما عليك مراجعة العبارة: <suggestion>وبهذين الكتابين</suggestion>\n      	وبهذين الكتابين
L	47	كهذين كتابان
M	47	gender_0020_hadhani_case	19	0	12	Other	الكلمة "كتابان" بدل من هذين لذا تتبعه في الإعراب، ربما عليك مراجعة العبارة: <suggestion>كهذين كتابين</suggestion>\n      	كهذين كتابين
L	48	هاتان البطاقتين
M	48	gender_0021_hatayni_case	20	0	15	Other	الكلمة "البطاقتين" بدل من هاتان لذا تتبعه في الإعراب، ربما عليك مراجعة العبارة: <suggestion>هاتين البطاقتين</suggestion><suggestion>هاتان البطاقتان</suggestion>\n      	هاتين البطاقتين|هاتان البطاقتان
L	49	وهاتان البطاقتين
M	49	gender_0021_hatayni_case	20	0	16	Other	الكلمة "البطاقتين" بدل من هاتان لذا تتبعه في الإعراب، ربما عليك مراجعة العبارة: <suggestion>وهاتين البطاقتين</suggestion><suggestion>وهاتان البطاقتان</suggestion>\n      	وهاتين البطاقتين|وهاتان البطاقتان
L	50	هاتان بطاقتين
M	50	gender_0021_hatayni_case	20	0	13	Other	الكلمة "بطاقتين" بدل من هاتان لذا تتبعه في الإعراب، ربما عليك مراجعة العبارة: <suggestion>هاتين بطاقتين</suggestion><suggestion>هاتان بطاقتان</suggestion>\n      	هاتين بطاقتين|هاتان بطاقتان
L	51	هاتين البطاقتان
M	51	gender_0022_hatayni_case	21	0	15	Other	الكلمة "البطاقتان" بدل من هاتين لذا تتبعه في الإعراب، ربما عليك مراجعة العبارة: <suggestion>هاتان البطاقتان</suggestion><suggestion>هاتين البطاقتين</suggestion>\n      	هاتان البطاقتان|هاتين البطاقتين
L	52	وهاتين البطاقتان
M	52	gender_0022_hatayni_case	21	0	16	Other	الكلمة "البطاقتان" بدل من هاتين لذا تتبعه في الإعراب، ربما عليك مراجعة العبارة: <suggestion>وهاتان البطاقتان</suggestion><suggestion>وهاتين البطاقتين</suggestion>\n      	وهاتان البطاقتان|وهاتين البطاقتين
L	53	هاتين بطاقتان
M	53	gender_0022_hatayni_case	21	0	13	Other	الكلمة "بطاقتان" بدل من هاتين لذا تتبعه في الإعراب، ربما عليك مراجعة العبارة: <suggestion>هاتان بطاقتان</suggestion><suggestion>هاتين بطاقتين</suggestion>\n      	هاتان بطاقتان|هاتين بطاقتين
L	54	بهاتين البطاقتان
M	54	gender_0023_hatayni_case	22	0	16	Other	الكلمة "البطاقتان" بدل من هاتين لذا تتبعه في الإعراب، ربما عليك مراجعة العبارة: <suggestion>بهاتين البطاقتين</suggestion>\n      	بهاتين البطاقتين
L	55	وبهاتين البطاقتان
M	55	gender_0023_hatayni_case	22	0	17	Other	الكلمة "البطاقتان" بدل من هاتين لذا تتبعه في الإعراب، ربما عليك مراجعة العبارة: <suggestion>وبهاتين البطاقتين</suggestion>\n      	وبهاتين البطاقتين
L	56	كهاتين بطاقتان
M	56	gender_0023_hatayni_case	22	0	14	Other	الكلمة "بطاقتان" بدل من هاتين لذا تتبعه في الإعراب، ربما عليك مراجعة العبارة: <suggestion>كهاتين بطاقتين</suggestion>\n      	كهاتين بطاقتين
L	57	القول التي سمعته
M	57	gender_0010_alladhi	1	0	10	Other	هل تقصد <suggestion>القول الذي</suggestion>?\n      	القول الذي
L	58	الطعام التي جلبناه
M	58	gender_0010_alladhi	1	0	11	Other	هل تقصد <suggestion>الطعام الذي</suggestion>?\n      	الطعام الذي
L	59	الوشاية الذي سمعتها
M	59	gender_0011_allati	2	0	12	Other	هل تقصد <suggestion>الوشاية التي</suggestion>?\n      	الوشاية التي
L	60	الكتابة الذي جلبناها
M	60	gender_0011_allati	2	0	12	Other	هل تقصد <suggestion>الكتابة التي</suggestion>?\n      	الكتابة التي
L	61	آسيا هي الأكبر بين القارات
M	61	gender_00	1	5	14	Other	تجب المطابقة في النوع لدخول (أل) على أفعل التفضيل\n        <suggestion>هي الكبرى</suggestion>\n      	هي الكبرى
L	62	آسيا هي الكبرى بين القارات
L	63	هؤلاء رجال يقظى
M	63	gender_0100	1	6	15	Other	(يَقْظَى) مؤنث (يقظان)، وفي جمعها تقول:(هذه نسوة يِقاظ / يَقاظى)\n        <suggestion>رجال يقاظ</suggestion>\n        <suggestion>رجال أيقاظ</suggestion>\n      	رجال يقاظ|رجال أيقاظ
L	64	هؤلاء رجال يِقاظٌ / أيْقاظٌ
L	65	شريعة سمحاء
M	65	gender_0101	2	0	11	Other	(سمحاء) مؤنث (أَسْمَح)، لم تقلهما العرب\n        <suggestion>شريعة سَمْحة</suggestion>\n      	شريعة سَمْحة
L	66	شريعةٌ سَمْحَةٌ
L	67	ضبع مفترس
M	67	gender_0102	3	0	9	Other	(الضبع) اسمٌ مؤنث\n        <suggestion>ضبع مفترسة</suggestion>\n      	ضبع مفترسة
L	68	ضَبُعٌ مفترسة
L	69	القيام بالضرب
M	69	syntax_0000_Qam_bi	1	0	13	Other	\nتعبير "القيام بـ" ركيك يستحسن تجنبه إلى تصريف المصدر الموالي، قل ضربت بدلا من القيام بالضرب.\n\n\n        <suggestion>الفعل من (الضرب)</suggestion>\n        <suggestion>الضرب</suggestion>\n      	الفعل من (الضرب)|الضرب
L	70	لم يجري
M	70	grammar_0010_jazem_lm	1	0	7	Other	أتقصد؟\nالفعل المضارع بعد "لم" يأتي مجزوما.\n\n        <suggestion>لم يجر</suggestion>\n      	لم يجر
L	71	لم يستطيعون
M	71	grammar_0010_jazem_lm	1	0	11	Other	أتقصد؟\nالفعل المضارع بعد "لم" يأتي مجزوما.\n\n        <suggestion>لم يستطيعوا</suggestion>\n      	لم يستطيعوا
L	72	لما يجري
M	72	grammar_0010_jazem_lamma	2	0	8	Other	أتقصد؟\nالفعل المضارع بعد "لمّا" يأتي مجزوما. مثل لمّا يدخلْ الإيمان في قلوبكم.\n\n        <suggestion>لَمَّا يجر</suggestion>\n      	لَمَّا يجر
L	73	لما يستطيعون
M	73	grammar_0010_jazem_lamma	2	0	12	Other	أتقصد؟\nالفعل المضارع بعد "لمّا" يأتي مجزوما. مثل لمّا يدخلْ الإيمان في قلوبكم.\n\n        <suggestion>لَمَّا يستطيعوا</suggestion>\n      	لَمَّا يستطيعوا
L	74	لا يجري
L	75	لا تخافون
M	75	grammar_0010_jazem_la_nahia	3	0	9	Other	\nالفعل المضارع بعد "لا الناهية" يأتي مجزوما. أتقصد؟\n\n        <suggestion>لا تخافوا</suggestion>\n\n      	لا تخافوا
L	76	لا يجري
L	77	لا يخافوا
M	77	grammar_0011_notjazem_lam_nafia	4	0	9	Other	\nالفرق بين لا الناهية ولا النافية، لا الناهية تأتي مع ضمائر المخاطب فقط. لذا فإن لا النافية لا تجزم الفعل المضارع أتقصد؟\n\n        <suggestion>لا يخافون</suggestion>\n\n      	لا يخافون
L	78	لا تخافوا
L	79	أقسم بأن يفعل كذا
M	79	collo_0008_uqsim_ban	1	0	8	Other	الباء تدخل على المُقْسَم به\n        <suggestion>أقسم باللّهِ أنْ</suggestion>\n        <suggestion>أقسم أنْ</suggestion>\n      	أقسم باللّهِ أنْ|أقسم أنْ
L	80	أقسمت بأن يفعل كذا
M	80	collo_0008_uqsim_ban	1	0	9	Other	الباء تدخل على المُقْسَم به\n        <suggestion>أقسمت باللّهِ أنْ</suggestion>\n        <suggestion>أقسمت أنْ</suggestion>\n      	أقسمت باللّهِ أنْ|أقسمت أنْ
L	81	أَقْسَمَ (باللّهِ) أنْ يَفعلَ كذا
L	82	ما تحدث إلا وقال خيرا
M	82	collo_0009_illa_wa	2	8	16	Other	عبارة "إلّا و" يستحسن أن تقال:\n        <suggestion>إلاّ قال</suggestion>\n      	إلاّ قال
L	83	ما تَحدَّثَ إلاّ قال خيراً
M	83	typo_000_tanwin_nasb	1	21	26	Other	لأنه من الأخطاء الشائعة كتابة التنوين على الألف، والصحيح أن تُكتب على الحرف الذي قبل الألف؛ لأن التنوين نون ساكنة والألف ساكنة، فلا يجتمع ساكنان\n: <suggestion>خيرًا</suggestion>\n      	خيرًا
L	84	الأعداد الأكبر من 10
M	84	collo_11_alakbar_min	3	8	17	Other	يفضل أن يقال:\n        <suggestion>التي هي أكبر من</suggestion>\n      	التي هي أكبر من
L	85	الأعداد التي هي أكبر من 10
L	86	هل هو انعكاس لشعور عام..
M	86	collo_0017_in3kas_li	4	6	18	Other	يفضل أن يقال:\n        <suggestion>نتيجة لشعور</suggestion>\n        <suggestion>تعبير عن شعور</suggestion>\n      	نتيجة لشعور|تعبير عن شعور
M	86	ARABIC_DOUBLE_PUNCTUATION		22	24	Other	نقطتان متتابعتان	.|…
L	87	هل هو نتيجة لشعور عام../هل هو تعبير عن شعور عام..
M	87	ARABIC_DOUBLE_PUNCTUATION		47	49	Other	نقطتان متتابعتان	.|…
L	88	خالد شجاع بكل معنى الكلمة
M	88	collo_0024_bikul_ma3ana_kalima	5	5	25	Other	يفضل أن يقال:\n        <suggestion>شجاع حقّاً</suggestion>\n        <suggestion>شجاع جدُّ شجاع</suggestion>\n        <suggestion>كلّ [مصدر(شجاع)]</suggestion>\n      	شجاع حقّاً|شجاع جدُّ شجاع|كلّ [مصدر(شجاع)]
L	89	خالدٌ شجاعٌ حقّاً
M	89	typo_000_tanwin_nasb	1	12	17	Other	لأنه من الأخطاء الشائعة كتابة التنوين على الألف، والصحيح أن تُكتب على الحرف الذي قبل الألف؛ لأن التنوين نون ساكنة والألف ساكنة، فلا يجتمع ساكنان\n: <suggestion>حقًا</suggestion>\n      	حقًا
L	90	خالدٌ شجاعٌ جدُّ شجاع
L	91	حتى أنه لم يفهم كلامي
M	91	syntax_0002_as_ka_1	1	4	21	Other	استخدام الكاف للصفة استخدام أجنبي أدخله المترجمون، إذ يستعملون\n            "as"\n            بمعنى الكاف، فالأَوْلَى النصب على الحالية مثل  " أعمل مديرًا " أو على الاختصاص في: "نحن المسلمين".\n        <suggestion>أنه لم يفهم كلامي</suggestion>, <suggestion>أنه لم يفهم كلاميا</suggestion>, <suggestion>أنه لم يفهم لامي</suggestion>, <suggestion>أنه لم يفهم لاميا</suggestion>\n        <suggestion>أنه لم يفهم بصفة لامي</suggestion>\n\n      	أنه لم يفهم كلامي|أنه لم يفهم كلاميا|أنه لم يفهم لامي|أنه لم يفهم لاميا|أنه لم يفهم بصفة لامي
L	92	حتى إنه لم يفهمْ كلامِي
M	92	syntax_0002_as_ka_1	1	4	23	Other	استخدام الكاف للصفة استخدام أجنبي أدخله المترجمون، إذ يستعملون\n            "as"\n            بمعنى الكاف، فالأَوْلَى النصب على الحالية مثل  " أعمل مديرًا " أو على الاختصاص في: "نحن المسلمين".\n        <suggestion>إنه لم يفهمْ كلامي</suggestion>, <suggestion>إنه لم يفهمْ كلاميا</suggestion>, <suggestion>إنه لم يفهمْ لامي</suggestion>, <suggestion>إنه لم يفهمْ لاميا</suggestion>\n        <suggestion>إنه لم يفهمْ بصفة لامي</suggestion>\n\n      	إنه لم يفهمْ كلامي|إنه لم يفهمْ كلاميا|إنه لم يفهمْ لامي|إنه لم يفهمْ لاميا|إنه لم يفهمْ بصفة لامي
L	93	لم أحصل سوى على كتاب واحد
M	93	collo_0038_siwa_3ala	7	8	15	Other	(سوى) و(غير) تضافان إلى الاسم. ويعرب الاسم بعدهما مضافاً إليه دائماً، ويكون مفرداً؛ أي: ليس جملة ولا شبهها\n        <suggestion>على سوى</suggestion>\n      	على سوى
L	94	لم أحصل على سوى كتاب واحد
L	95	يوجد 50 رجلا عدا عن الأطفال
M	95	collo_0042_3ada_3an	8	13	19	Other	(عدا): أداة يُستثنى بها، والاسمُ بعدها يجوز نصبه وجرّه، ففي حالة النصب تكون (عدا) فعلاً، وفي حالة الجر تكون حرف جرّ.. فإذا اقترنتْ (ما) ب (عدا) وَجَب نصب الاسم بعدها على المفعولية.\n        <suggestion>عدا</suggestion>\n        <suggestion>ماعدا</suggestion>\n      	عدا|ماعدا
L	96	يوجد 50 رجلاً عدا الأطفالَ / الأطفالِ
M	96	typo_000_tanwin_nasb	1	8	13	Other	لأنه من الأخطاء الشائعة كتابة التنوين على الألف، والصحيح أن تُكتب على الحرف الذي قبل الألف؛ لأن التنوين نون ساكنة والألف ساكنة، فلا يجتمع ساكنان\n: <suggestion>رجلًا</suggestion>\n      	رجلًا
L	97	يوجد 50 رجلاً ماعدا الأطفالَ
M	97	typo_000_tanwin_nasb	1	8	13	Other	لأنه من الأخطاء الشائعة كتابة التنوين على الألف، والصحيح أن تُكتب على الحرف الذي قبل الألف؛ لأن التنوين نون ساكنة والألف ساكنة، فلا يجتمع ساكنان\n: <suggestion>رجلًا</suggestion>\n      	رجلًا
M	97	typo_000_tanwin_nasb2	5	14	19	Hint	يستحسن وضع علامة التنوين أو الفتح للتفريق بين الاسم المنوّن وغيره\n: <suggestion>ماعدًا</suggestion>\n: <suggestion>ماعدَا</suggestion>\n      	ماعدًا|ماعدَا
L	98	جعله على حدى
M	98	collo_0043_3ala_hida	9	5	12	Other	يفضل أن يقال:\n        <suggestion>على حِدَةٍ</suggestion>\n      	على حِدَةٍ
L	99	جعله على حِدَةٍ
L	100	لا تستعن غير بالله
M	100	collo_0045_ghyr_bi	10	9	18	Other	يفضل أن يقال:\n        <suggestion>بغير الله</suggestion>\n      	بغير الله
L	101	لا تستعِنْ بغير الله
L	102	يحمل في ثناياه كل خير
M	102	collo_0046_thanaiaHu	11	5	14	Other	يفضل أن يقال:\n        <suggestion>في أثنائه</suggestion>\n        <suggestion>في تضاعيفه</suggestion>\n        <suggestion>في طياته</suggestion>\n        <suggestion>في أطوائه</suggestion>\n        <suggestion>في مطاويه</suggestion>\n      	في أثنائه|في تضاعيفه|في طياته|في أطوائه|في مطاويه
L	103	يَحمل في أثنائه / تضاعيفه / طياته / أطوائه / مطاويه كلَّ خير
M	103	HUNSPELL_RULE_AR		36	42	UnknownWord	وُجد خطأ إملائي محتمل	أجوائه|أطوائع|أطواه|أطوائفه|أطوائعه|أطوائله|أطوائشه|أطوارئه|أواطئه|أضوائه|أطواقه|أقوائه|أطوائف|أطوافه|أهوائه
L	104	يحمل في ثنايا قلبه كل خير
M	104	collo_0046_thanaia	12	5	13	Other	يفضل أن يقال:\n        <suggestion>في أثناء</suggestion>\n        <suggestion>في تضاعيف</suggestion>\n        <suggestion>في طيات</suggestion>\n        <suggestion>في أطواء</suggestion>\n        <suggestion>في مطاوي</suggestion>\n      	في أثناء|في تضاعيف|في طيات|في أطواء|في مطاوي
L	105	كان للجهاز أثر كبير ...، كما أن استخدامه سيزداد ...
M	105	collo_0049_kma_anna	13	25	31	Other	كما = (ك) التشبيه+ (ما) المصدرية. ولا تستعمل (كما) للعطف والاستئناف\n        <suggestion>ثم أن</suggestion>\n      	ثم أن
L	106	كان للجهاز أثر كبير ...، ثم إن استخدامه سيزداد ...
L	107	المطالعة ممتعة كما وأنها تثري ثقافة القارئ
M	107	collo_0049_kma_wa_anna	14	19	24	Other	\n        ويفضل أن يقال: كما\n        <suggestion>أنها</suggestion>\n        لأن "كما" في هذا السياق، تفيد معنى العطف، والواو حرف عطف. وعطفان لا يجتمعان.\n      	أنها
L	108	يعمل الحاسوب في ...، كما يمكن أن تحتاج تجهيزاته إلى...
M	108	collo_0050_kma_yumkin_an	15	21	32	Other	يفضل أن يقال:\n        <suggestion>ويمكن أن</suggestion>\n      	ويمكن أن
L	109	يعمل الحاسوب في ...، ويمكن أن تحتاج تجهيزاته إلى...
L	110	لابد وأن تتغير الحال
M	110	collo_0051_labudda_wa_ann	16	0	8	Other	لا تدخل الواوُ بين اسم (لا) و(أن) المصدرية. الأصل: (لا بد من أن...) ويجوز إسقاط الجار قبل (أن)\n        <suggestion>لابدَّ أن</suggestion>\n      	لابدَّ أن
L	111	لا بدَّ أن تتغير الحال
M	111	syntax_1111_La_fa3ala_1	1	0	7	Other	لأنه عند نفي الفعل الماضي يُنفى بـ "ما" ولا يصح استخدام "لا" إلا إذا تكررت، مثل قوله تعالى: "فلا صدق ولا صلى ولكن كذب وتولى" أو كانت معطوفة على نفي سابق، مثل: "ما جاء الضيف ولا اعتذر" وإذا نُفي في غير هاتين الحالتين فإنه يفيد الدعاء، كما في: لا زال فضلُك غامرًا\n            : <suggestion>ما بدَّ</suggestion>\n\n      	ما بدَّ
L	112	لا يجب أن تذهب
M	112	collo_0053_la_yajibu_an	17	0	9	Other	(لا يجب أن تذهب) تعني أن الذهاب ليس واجباً عليك، فيمكنك الذهاب وعدمه\n        <suggestion>يَجِبُ ألاّ</suggestion>\n      	يَجِبُ ألاّ
L	113	يَجِبُ ألاّ تذهبَ
L	114	لنفرض أن س أكبر من ع
M	114	collo_0054_linafridh_an	18	0	8	Other	(فَرَض الأمرَ): أوجبه، و(افترض الباحثُ): اتّخذ فَرْضاً ليصل إلى حلّ مسألة.\n        <suggestion>لنفترض أن</suggestion>\n      	لنفترض أن
L	115	لنفترض أن س أكبر من ع
L	116	ما تمالك نفسه أن بكى
M	116	collo_0055_ma_tamalaka	19	0	13	Other	 (تمالك) فعلٌ لازم، يفضل أن يقال:\n        <suggestion>ما تَمَالَكَ</suggestion>\n        <suggestion>لم يَمْلِكْ نفسَه</suggestion>\n\n      	ما تَمَالَكَ|لم يَمْلِكْ نفسَه
L	117	ما تَمَالَكَ أن بكى
L	118	لم يَمْلِكْ نفسَه أن بكى
L	119	مشهد ملفت للنظر
M	119	collo_0056_mulfitun_llnaZar	20	5	15	Other	الفعل هو: (لَفَت)، لا: (ألْفَتَ)\n        <suggestion>لافت للنظر</suggestion>\n      	لافت للنظر
L	120	مشهدٌ لافِتٌ للنظر
L	121	كلفني وألح علي، مما يدعو إلى القلق
M	121	collo_0057_mimma_da3a	21	16	28	Other	يفضل أن يقال:\n        <suggestion>وهذا يدعو إلى</suggestion>\n      	وهذا يدعو إلى
L	122	كلّفني وألحّ عليّ، وهذا ما دعاني إلى..
M	122	ARABIC_DOUBLE_PUNCTUATION		36	38	Other	نقطتان متتابعتان	.|…
L	123	يجيد لغتين، ناهيك عن لغته الأصلية
M	123	collo_0058_nahika_3an	22	12	20	Other	(ناهيك) كلمة تعجب واستعظام، نحو: ناهيك بخالدٍ كاتباً\n        <suggestion>بَلْهَ</suggestion>\n        <suggestion>فضلاً على</suggestion>\n\n      	بَلْهَ|فضلاً على
L	124	يجيد لغتين، بَلْهَ لغتَه الأصلية
L	125	يجيد لغتين، فضلاً على لغته الأصلية
M	125	typo_000_tanwin_nasb	1	12	17	Other	لأنه من الأخطاء الشائعة كتابة التنوين على الألف، والصحيح أن تُكتب على الحرف الذي قبل الألف؛ لأن التنوين نون ساكنة والألف ساكنة، فلا يجتمع ساكنان\n: <suggestion>فضلًا</suggestion>\n      	فضلًا
L	126	نوه إلى الشيء
M	126	syntax_125_mobtadaa_nakira_2	2	0	13	Other	لا يجوز الابتداء بنكرة، فيتقدم الخبر شبه الجملة مثلا "كتاب  في البيت" تصبح "في البيت كتاب"\n\n: <suggestion>إلى الشيء نوه</suggestion>\n\n      	إلى الشيء نوه
L	127	أشار إلى الشيء
L	128	جاء نيف ومئة رجل
M	128	collo_0060_nif_wa_mi2a	24	4	12	Other	(النَّيِّف): الأعداد من واحد إلى ثلاثة، ويأتي بعد العقود والمئات والآلاف\n        <suggestion>مئةُ ونَيِّفٌ</suggestion>\n      	مئةُ ونَيِّفٌ
L	129	جاء مئةُ رجلٍ ونَيِّفٌ
L	130	إن هكذا أشياء
M	130	collo_0062_hakadha_Ashyaa	25	3	13	Other	يفضل أن يقال:\n        <suggestion>مثل هذه الأشياء</suggestion>\n        <suggestion>أشياء كهذه</suggestion>\n      	مثل هذه الأشياء|أشياء كهذه
L	131	إن مثل هذه الأشياء / إن أشياء كهذه
L	132	هل إن غبت عن العمل أعاقب؟
M	132	collo_0063_hal_in	26	0	5	Other	(هل) لا تدخل على الشرط\n        <suggestion>أإن</suggestion>\n      	أإن
L	133	أإن غبتُ عن العمل أعاقب؟
L	134	هل إنه نجح فيما سعى إليه؟
M	134	collo_0064_hal_inna	27	0	6	Other	(هل) للاستفهام، و(إنّ) للتوكيد، وهما لا يجتمعان\n        <suggestion>هل</suggestion>\n      	هل
M	134	typo_000_tanwin_nasb2	5	11	15	Hint	يستحسن وضع علامة التنوين أو الفتح للتفريق بين الاسم المنوّن وغيره\n: <suggestion>فيمًا</suggestion>\n: <suggestion>فيمَا</suggestion>\n      	فيمًا|فيمَا
L	135	هل نجح فيما سعى إليه
M	135	typo_000_tanwin_nasb2	5	7	11	Hint	يستحسن وضع علامة التنوين أو الفتح للتفريق بين الاسم المنوّن وغيره\n: <suggestion>فيمًا</suggestion>\n: <suggestion>فيمَا</suggestion>\n      	فيمًا|فيمَا
L	136	هل لم يباشر فلان؟
M	136	collo_0065_hal_lam	28	0	5	Other	(هل) لا تدخل على الكلام المنفي\n        <suggestion>أمَا</suggestion>\n        <suggestion>ألم</suggestion>\n      	أمَا|ألم
L	137	أما باشر فلان؟ / ألم يباشر فلان؟
L	138	والأدهى من ذلك أن ...
M	138	collo_0066_al_adha	29	0	14	Other	أفعل التفضيل إذا دخلت عليه [أل] لا تلحقه [من]\n        <suggestion>والأدهى</suggestion>\n        <suggestion>وأدهى من ذلك</suggestion>\n      	والأدهى|وأدهى من ذلك
L	139	والأدهى أن .. / وأدهى من ذلك أن ..
M	139	ARABIC_DOUBLE_PUNCTUATION		11	13	Other	نقطتان متتابعتان	.|…
M	139	ARABIC_DOUBLE_PUNCTUATION		32	34	Other	نقطتان متتابعتان	.|…
L	140	والأعجب من ذلك قوله...
M	140	collo_0067_a3jabu	30	0	14	Other	أفعل التفضيل المحلّى ب (أل) لا يجوز فيه ذكر (مِن) مع المفضَّل عليه\n        <suggestion>والأعجب</suggestion>\n        <suggestion>وأعجب من ذلك</suggestion>\n      	والأعجب|وأعجب من ذلك
L	141	والأعجب قولُه.../وأعجب من ذلك قولُه...
L	142	وهو الأحسن من كل هذا
M	142	collo_0069_wahuwa_alahsanu	31	0	13	Other	أفعل التفضيل المحلّى ب (أل) لا يجوز فيه ذكر (مِن) مع المفضَّل عليه\n        <suggestion>وهو أَحْسَنُ مِن</suggestion>\n      	وهو أَحْسَنُ مِن
L	143	وهو أَحْسَنُ مِن كلِّ هذا
L	144	يتمحور هذا الأمر حول كذا
M	144	collo_0070_tamahwara_hawla	32	0	6	Other	يفضل أن يقال:\n        <suggestion>دار</suggestion>\n        <suggestion>يدور</suggestion>\n      	دار|يدور
L	145	يدور هذا الأمرُ حول كذا
L	146	ينبغي عليك ألا تكذب
M	146	collo_0071_yanbaghy_alla	33	0	14	Other	يفضل أن يقال:\n        <suggestion>يجب عليك ألاّ</suggestion>\n      	يجب عليك ألاّ
L	147	يجب عليك ألاّ تكذب
L	148	لا تستعن سوى بالله
M	148	collo_0072_sewa_bi	34	9	18	Other	يفضل أن يقال:\n        <suggestion>بسوى الله</suggestion>\n      	بسوى الله
L	149	لا تستعن بسوى الله
L	150	أخلوا السكان من المنزل
M	150	collo_0073_Akhla_manzil	35	0	22	Other	(الإخلاء) يكون للمنزل لا للسكان, و(الإجلاء) يكون للسكان\n        <suggestion>أخلوا المنزل من السكان</suggestion>\n        <suggestion>أجلوا السكان من المنزل</suggestion>\n      	أخلوا المنزل من السكان|أجلوا السكان من المنزل
L	151	أخْلَوْا المنْزلَ من السكان
L	152	‎أنا ‎‎ على أهبة الاستعداد للقيام بهذا الأمر
M	152	collo_0074_3ala_Auhbati	36	8	26	Other	 استعمل  <suggestion>مستعد</suggestion><suggestion>متأهب</suggestion>\n        لا تقل:\n        بل قل: أنا مستعد أو متأهب للقيام بهذا الأمر\n        إذ أن الأهبة تعني "العدة"، وبناءً عليه يصبح معنى الجملة الأولى: "أنا على عُدّة الاستعداد للقيام بكذا"، والأصح أن تقول مثلاً، "أخذ فلان للسفر أهبته".\n      	مستعد|متأهب
L	153	‎أنا ‎‎ على أهبة الاستعداد للقيام بهذا الأمر
M	153	collo_0074_3ala_Auhbati	36	8	26	Other	 استعمل  <suggestion>مستعد</suggestion><suggestion>متأهب</suggestion>\n        لا تقل:\n        بل قل: أنا مستعد أو متأهب للقيام بهذا الأمر\n        إذ أن الأهبة تعني "العدة"، وبناءً عليه يصبح معنى الجملة الأولى: "أنا على عُدّة الاستعداد للقيام بكذا"، والأصح أن تقول مثلاً، "أخذ فلان للسفر أهبته".\n      	مستعد|متأهب
L	154	‎تماثل العليل للشفاء أي أقبل وقارب البرء
M	154	collo_0075_tamathal_lishifaa	37	14	20	Other	 قل تماثل العليل  <suggestion>من علته</suggestion> فالفعل "تماثل" يتعدى بـ "من"، لا باللام؛ وهو يحمل معنى "الشفاء" ضمناً.	من علته
L	155	‎ تماثل للشفاء أي أقبل وقارب البرء
M	155	collo_0075_tamathal_lishifaa	37	8	14	Other	 قل تماثل العليل  <suggestion>من علته</suggestion> فالفعل "تماثل" يتعدى بـ "من"، لا باللام؛ وهو يحمل معنى "الشفاء" ضمناً.	من علته
L	156	‎تأكد الباحث ‎‎من خلال أبحاثه أنّ الدواء نافع.
M	156	collo_0076_min_khilal	38	15	22	Other	 الأصوب أن يُختار - عوضًا عن (من خلال) - ما يناسب المقام مما يلي:\n        <suggestion>ب</suggestion>\n        <suggestion>في</suggestion>\n        <suggestion>من طريق</suggestion>\n        <suggestion>بواسطة</suggestion>\n        <suggestion>أثناء</suggestion>\n        <suggestion>باستعراض</suggestion>\n        <suggestion>انطلاقًا من</suggestion>\n        <suggestion>باستعمال</suggestion>\n        <suggestion>بممارسة</suggestion>\n        <suggestion>بفضل</suggestion>\n        <suggestion>بسبب</suggestion>\n        <suggestion>نتيجة لـِ</suggestion>\n        <suggestion>بالاستفادة من</suggestion>\n        <suggestion>وذلك أن</suggestion>\n        <suggestion>بإجراء</suggestion>\n        <suggestion>بالرجوع إلى</suggestion>\n      	ب|في|من طريق|بواسطة|أثناء|باستعراض|انطلاقًا من|باستعمال|بممارسة|بفضل|بسبب|نتيجة لـِ|بالاستفادة من|وذلك أن|بإجراء|بالرجوع إلى
M	156	AR_INFLECTED_ONE_WORD		23	29	Other	' الكلمة خاطئة أبحاثه ' ،بحوث أفصح وأصحّ. استعمل  <suggestion>بحوثياته</suggestion>&nbsp;<suggestion>بحوثته</suggestion>&nbsp;<suggestion>بحوثه</suggestion>&nbsp;<suggestion>بحوثاته</suggestion>&nbsp;	بحوثياته|بحوثته|بحوثه|بحوثاته
L	157	‎لست متحققا أنك تستطيع‎‎ من خلالها الإدعاء صراحة.
M	157	typo_000_tanwin_nasb2	5	5	11	Hint	يستحسن وضع علامة التنوين أو الفتح للتفريق بين الاسم المنوّن وغيره\n: <suggestion>متحققًا</suggestion>\n: <suggestion>متحققَا</suggestion>\n      	متحققًا|متحققَا
M	157	collo_0076_min_khilal	38	25	34	Other	 الأصوب أن يُختار - عوضًا عن (من خلال) - ما يناسب المقام مما يلي:\n        <suggestion>ب</suggestion>\n        <suggestion>في</suggestion>\n        <suggestion>من طريق</suggestion>\n        <suggestion>بواسطة</suggestion>\n        <suggestion>أثناء</suggestion>\n        <suggestion>باستعراض</suggestion>\n        <suggestion>انطلاقًا من</suggestion>\n        <suggestion>باستعمال</suggestion>\n        <suggestion>بممارسة</suggestion>\n        <suggestion>بفضل</suggestion>\n        <suggestion>بسبب</suggestion>\n        <suggestion>نتيجة لـِ</suggestion>\n        <suggestion>بالاستفادة من</suggestion>\n        <suggestion>وذلك أن</suggestion>\n        <suggestion>بإجراء</suggestion>\n        <suggestion>بالرجوع إلى</suggestion>\n      	ب|في|من طريق|بواسطة|أثناء|باستعراض|انطلاقًا من|باستعمال|بممارسة|بفضل|بسبب|نتيجة لـِ|بالاستفادة من|وذلك أن|بإجراء|بالرجوع إلى
M	157	HUNSPELL_RULE_AR		35	42	UnknownWord	وُجد خطأ إملائي محتمل	الادعاء|ألادعاء|آلادعاء|الإعداء|الإدعاس|الدعاء|الإدعاص|الإدعاث|الإدعاق|الإقعاء|الإدفاء|الإدجاء|الجدعاء|الإدماء|الإدناء
L	158	على الرغم من أنّ المسألة صعبة
M	158	collo_0077_a3la_raghmi_min	39	0	12	Other	لأن كلمة (الرغم) لا تستعمل في غير التراكيب التي يكون معنى القَسْرِ وعدم الرغبة ملحوظًا غالبًا. وهي ترجمة سيئة لـ "Although"\n        <suggestion>مع أنّ</suggestion>\n      	مع أنّ
L	159	على الرغم من كون البلوتونيوم مادة سامة
M	159	syntax_0002_as_ka_1	1	0	16	Other	استخدام الكاف للصفة استخدام أجنبي أدخله المترجمون، إذ يستعملون\n            "as"\n            بمعنى الكاف، فالأَوْلَى النصب على الحالية مثل  " أعمل مديرًا " أو على الاختصاص في: "نحن المسلمين".\n        <suggestion>على الرغم من ون</suggestion>\n        <suggestion>على الرغم من بصفة ون</suggestion>\n\n      	على الرغم من ون|على الرغم من بصفة ون
M	159	HUNSPELL_RULE_AR		17	28	UnknownWord	وُجد خطأ إملائي محتمل	البلوتونيون|بلوتوني
L	160	‎‎ يتوجب علينا أن نفعل كذا
M	160	collo_0078_tawajaba_3ala	40	3	8	Other	\n        ويفضل أن يقال:\n        <suggestion>يجب</suggestion>\n        <suggestion>ينبغي ل</suggestion>\n        جاء في (المعجم الوسيط): «تَوَجَّب فلانٌ: أكل في اليوم والليلة أكلةً واحدةً.»\n      	يجب|ينبغي ل
L	161	الخيار‎‎ الآنف الذكر .
M	161	AR_DIACRITICS_REPLACE		0	6	Other	'الخيار' كلمة يشيع نطقها نطقا خاطئا لذا نقترح تشكيلها كالآتي: <suggestion>الخِيار</suggestion>	الخِيار
M	161	collo_0079_Anif_aldhikr	41	9	20	Other	\n        ويفضل أن يقال:\n        <suggestion>المذكور آنفا</suggestion>\n        <suggestion>المتقدّم ذكره</suggestion>\n        لأن آنفًا جاء في كلام العرب ظرف زمان، ولم يشتق من فعل (أَنِفَ) الذي يعني استنكف وتَنَزَّه (واسم الفاعل منه آنِف)\n      	المذكور آنفا|المتقدّم ذكره
M	161	ARABIC_SC_WHITESPACE		20	22	Other	لا تضع فراغا قبل النقطة.	.
L	162	محاربة ‎‎غسيل الأموال.
M	162	collo_0080_money_laundring	42	9	13	Other	\n        ويفضل أن يقال:\n        <suggestion>تبييض</suggestion> الأموال.\n        لأنها ترجمة مبتذلة لـ (Money laundering)\n      	تبييض
L	163	محاربة ‎‎لغسيل أموالهم.
M	163	collo_0080_money_laundring	42	9	14	Other	\n        ويفضل أن يقال:\n        <suggestion>لتبييض</suggestion> أموالهم.\n        لأنها ترجمة مبتذلة لـ (Money laundering)\n      	لتبييض
L	164	‎الأمر مستقر بشكل عام في البلاد.
M	164	collo_0081_shkl_3am	43	13	21	Other	 الأصوب أن تقول:\n        <suggestion>عمومًا</suggestion>\n        من الشائع أن يقال: ... بشكل عام، أو تتباين بشكل ملحوظ، أو يؤكد بشكل قوي، أو حلّ المشكلة بالشكل المناسب، أو تعالج بشكل فعّال\n        ويفضل أن يقال: بوجهٍ عام/عمومًا، تتباين تبايناً ملحوظاً، يؤكد بقوة، حلّ المشكلة على الوجه المناسب، تعالج بفاعلية.\n        الأصوب أن توضع محل (بشكل) إحدى الكلمات الآتية: بطريقة، بأسلوب، بصفة، بصيغة، بوجه، بدرجة، بكيفية، الخ…. (مصدر)\n      	عمومًا
L	165	‎ستحل المشكلة بشكل مناسب في وقتها.
M	165	collo_0081_shkl_mnasb	44	14	24	Other	 الأصوب أن تقول:\n        <suggestion>على الوجه المناسب</suggestion>\n        من الشائع أن يقال: ... بشكل عام، أو تتباين بشكل ملحوظ، أو يؤكد بشكل قوي، أو حلّ المشكلة بالشكل المناسب، أو تعالج بشكل فعّال\n        ويفضل أن يقال: بوجهٍ عام/عمومًا، تتباين تبايناً ملحوظاً، يؤكد بقوة، حلّ المشكلة على الوجه المناسب، تعالج بفاعلية.\n        الأصوب أن توضع محل (بشكل) إحدى الكلمات الآتية: بطريقة، بأسلوب، بصفة، بصيغة، بوجه، بدرجة، بكيفية، الخ…. (مصدر)\n      	على الوجه المناسب
L	166	‎يؤكد بشكل قوي أن الأمر محسوم.
M	166	collo_0081_shkl_qwi	45	6	14	Other	 الأصوب أن تقول:<suggestion>بقوة</suggestion>\n        من الشائع أن يقال: ... بشكل عام، أو تتباين بشكل ملحوظ، أو يؤكد بشكل قوي، أو حلّ المشكلة بالشكل المناسب، أو تعالج بشكل فعّال\n        ويفضل أن يقال: بوجهٍ عام/عمومًا، تتباين تبايناً ملحوظاً، يؤكد بقوة، حلّ المشكلة على الوجه المناسب، تعالج بفاعلية.\n        الأصوب أن توضع محل (بشكل) إحدى الكلمات الآتية: بطريقة، بأسلوب، بصفة، بصيغة، بوجه، بدرجة، بكيفية، الخ…. (مصدر)\n      	بقوة
L	167	أشعة غاما هي فوتونات. عبارة عن فوتونات
M	167	collo_0082_3ibara_3an	46	22	30	Other	\n        ويفضل أن تحذف "عبارة عن"\n        <suggestion></suggestion>\n        (حشو لا ضرورة له)\n        يتضح فساد المعنى في هذه النماذج إذا عُوِّض عن (عبارة عن) بـ (تعبير عن)...\n        هذا الكلام عبارة عن كذا ≈ تعبير عن كذا ≈ معناه كذا ≈ ذو دَلالة على كذا\n      	
L	168	هذا الجهاز. عبارة عن صندوق فيه
M	168	collo_0082_3ibara_3an	46	12	20	Other	\n        ويفضل أن تحذف "عبارة عن"\n        <suggestion></suggestion>\n        (حشو لا ضرورة له)\n        يتضح فساد المعنى في هذه النماذج إذا عُوِّض عن (عبارة عن) بـ (تعبير عن)...\n        هذا الكلام عبارة عن كذا ≈ تعبير عن كذا ≈ معناه كذا ≈ ذو دَلالة على كذا\n      	
L	169	أشعة غاما هي فوتونات. علاوة على ذلك
M	169	syntax_125_mobtadaa_nakira_2	2	22	35	Other	لا يجوز الابتداء بنكرة، فيتقدم الخبر شبه الجملة مثلا "كتاب  في البيت" تصبح "في البيت كتاب"\n\n: <suggestion>على ذلك علاوة</suggestion>\n\n      	على ذلك علاوة
L	170	‎يقام في دمشق معرض المخطوطات . لأول مرة
M	170	AR_DIACRITICS_REPLACE		14	18	Other	مَعْرِض بكسر الراء اسم المكان من "عرض، يَعْرِض" على وزن "مَفْعِل"	مَعْرِض
M	170	ARABIC_SC_WHITESPACE		28	30	Other	لا تضع فراغا قبل النقطة.	.
M	170	collo_0084_lawal_marra	48	31	35	Other	\n        ويفضل أن يقال:\n        <suggestion>أول</suggestion>\n        مرة\n      	أول
L	171	‎نتابع الأمر . عن كثب
M	171	ARABIC_SC_WHITESPACE		12	14	Other	لا تضع فراغا قبل النقطة.	.
M	171	collo_0085_3an_kathab	49	15	17	Other	\n        ويفضل أن يقال:\n        <suggestion>من</suggestion> كثب\n        لأن الكثب هو القرب\n      	من
L	172	الزيارة . أثناء العمل، تحرج الموظف
M	172	ARABIC_SC_WHITESPACE		7	9	Other	لا تضع فراغا قبل النقطة.	.
M	172	collo_0086_fi_athnaa	50	10	15	Other	\n        ويفضل أن يقال:\n        <suggestion>في أثناء</suggestion>\n        <suggestion>خلال</suggestion>\n        لأن "أثناء" ليست ظرفًا ولا مضافة إلى ما تكسب منه الظرفية، ولهذا يجب أن تقترن بحرف الجر، أما خلال فهي ظرفية. جاء في القرآن ﴿فجاسوا خلال الديار﴾[17:5].\n      	في أثناء|خلال
L	173	يا أبتي
M	173	collo_0087_ya_abati	1	0	7	Other	يفضل أن يقال:\n        <suggestion>يا أبَتِ</suggestion>\nالتاء عِوَضٌ من الياء المحذوفة	يا أبَتِ
L	174	يبكي من شدة التأثير
M	174	collo_0088_baka_min_shidati_ta2athuri	2	12	19	Other	يفضل أن يقال:\n        <suggestion>التأثُّر</suggestion>\n(أثـّر فيه تأثيراً): ترك فيه أثراً	التأثُّر
L	175	أكد بأنه صادق
M	175	collo_0089_akkada_bianna	3	4	8	Other	يفضل أن يقال:\n        <suggestion>أنه</suggestion>\nلا حاجة لحرف الجر باء	أنه
L	176	يبدو ذلك غامضا لأول وهلة
M	176	typo_000_tanwin_nasb2	5	9	14	Hint	يستحسن وضع علامة التنوين أو الفتح للتفريق بين الاسم المنوّن وغيره\n: <suggestion>غامضًا</suggestion>\n: <suggestion>غامضَا</suggestion>\n      	غامضًا|غامضَا
M	176	collo_0093_liawal_wahla	4	15	24	Other	يفضل أن يقال:\n        <suggestion>أول وهلة</suggestion>\n      	أول وهلة
L	177	سأحقق ما تريد سيما الراتب
M	177	collo_0094_la_syama	5	14	18	Other	يفضل أن يقال:\n        <suggestion>لا سيّما</suggestion>\n      	لا سيّما
L	178	سأحقِّقُ ما تريد ولا سيّما../سأحقِّقُ ما تريد لا سيّما..
M	178	syntax_1111_La_fa3ala_1	1	46	54	Other	لأنه عند نفي الفعل الماضي يُنفى بـ "ما" ولا يصح استخدام "لا" إلا إذا تكررت، مثل قوله تعالى: "فلا صدق ولا صلى ولكن كذب وتولى" أو كانت معطوفة على نفي سابق، مثل: "ما جاء الضيف ولا اعتذر" وإذا نُفي في غير هاتين الحالتين فإنه يفيد الدعاء، كما في: لا زال فضلُك غامرًا\n            : <suggestion>ما سيّما</suggestion>\n\n      	ما سيّما
M	178	ARABIC_DOUBLE_PUNCTUATION		54	56	Other	نقطتان متتابعتان	.|…
L	179	هل سيباشر فلان؟
M	179	expression_2106_hl_s	6	0	9	Other	(هل) يخصِّص المضارع بالاستقبال\n        <suggestion>هل يباشر</suggestion>\n      	هل يباشر
L	180	هل يستوطن القطيع البراري
L	181	أمسى المساء
M	181	exp_219_Amsa_AlmsA2	7	0	11	Other	يفضل أن يقال:\n        <suggestion>وافَى</suggestion>\n        <suggestion>دخل</suggestion>\n      	وافَى|دخل
L	182	وافَى المساء / دخل المساء
L	183	هذا العمل لا يتمشى مع الأخلاق
M	183	expression_2270_lA_ytmsha_mE	8	10	21	Other	يفضل أن يقال:\n        <suggestion>ينافي</suggestion>\n        <suggestion>تنافي</suggestion>\n      	ينافي|تنافي
L	184	هذا العمل ينافي الأخلاق
L	185	ينوف العدد على كذا
M	185	verb_291_ynwf_AlEdd_Ela	9	0	4	Other	(ناف الشيءُ): علا وارتفع وأشرَف\n        <suggestion>يُنِيفُ</suggestion>\n        <suggestion>يُنَيِّفُ</suggestion>\n      	يُنِيفُ|يُنَيِّفُ
L	186	يُنِيفُ / يُنَيِّفُ العددُ على كذا
L	187	ضربه بالأرض
M	187	exp_454_Drbh_bAlArD	10	0	11	Other	الأرضُ لا تُحملُ ليُضْرَبَ بها\n        <suggestion>ضرب به الأرض</suggestion>\n      	ضرب به الأرض
L	188	يضربونه بالأرض
M	188	exp_454_Drbh_bAlArD	10	0	14	Other	الأرضُ لا تُحملُ ليُضْرَبَ بها\n        <suggestion>يضربون به الأرض</suggestion>\n      	يضربون به الأرض
L	189	ضربوه بالأرض
M	189	exp_454_Drbh_bAlArD	10	0	12	Other	الأرضُ لا تُحملُ ليُضْرَبَ بها\n        <suggestion>ضربوا به الأرض</suggestion>\n      	ضربوا به الأرض
L	190	ضربت البنت به الأرض
L	191	ما انفك عن اللعب
M	191	exp_477_mA_Anfk_En	11	0	16	Other	 نقول ما انفكّ يلعب أو ما انفكّ لاعبًا، أي: مازال يلعب، وهي من أخوات كان\n        <suggestion>ما انْفَكَّ (يفعل)</suggestion>\n        <suggestion>ما انفك (فاعلا)</suggestion>\n      	ما انْفَكَّ (يفعل)|ما انفك (فاعلا)
L	192	ما انفك يلعب
L	193	ما انفك لاعبا
L	194	يقارب عددهم من ألف
M	194	trans_489_yqArb_Eddhm_mn	12	0	14	Other	يفضل أن يقال: قارب العدد ألفا بدلا من قارب العدد من ألف\n        <suggestion>يقارب عددهم</suggestion>\n      	يقارب عددهم
L	195	يقاربُ عددُهم ألف
L	196	اعتذر عن الحضور
M	196	trans_509_AEtdhr_En_AlHDwr	13	0	15	Other	يفضل أن يقال:\n        <suggestion>اعتذر عن عدم الحضور</suggestion>\n        <suggestion>اعتذر عن التخلّف</suggestion>\n        <suggestion>اعتذر عن الغياب</suggestion>\n      	اعتذر عن عدم الحضور|اعتذر عن التخلّف|اعتذر عن الغياب
L	197	اعتذر عن عدم حضور الندوة
L	198	أغلق الباب بالرتاج
M	198	trans_510_Aglq_AlbAb_bAlrtAj	14	0	18	Other	(الرِّتاج): الباب\n        <suggestion>أغلق بالمِرْتَاج</suggestion>\n      	أغلق بالمِرْتَاج
L	199	أغلق الباب بالمرتاج
L	200	ألقى عليهم خطابا
M	200	typo_000_tanwin_nasb2	5	11	16	Hint	يستحسن وضع علامة التنوين أو الفتح للتفريق بين الاسم المنوّن وغيره\n: <suggestion>خطابًا</suggestion>\n: <suggestion>خطابَا</suggestion>\n      	خطابًا|خطابَا
L	201	ألقى خطبة
M	201	AR_HOMOPHONES_REPLACE		5	9	Other	الخِطْبة -بالكسر- طلب الزواج. الخُطبة:-بالضم- كلام موجّه لجمهور.	خُطْبة|خِطْبَة
L	202	رأى مناما
M	202	typo_000_tanwin_nasb2	5	4	9	Hint	يستحسن وضع علامة التنوين أو الفتح للتفريق بين الاسم المنوّن وغيره\n: <suggestion>منامًا</suggestion>\n: <suggestion>منامَا</suggestion>\n      	منامًا|منامَا
L	203	رأيت حلما
L	204	صدر الحكم بحق فلان
M	204	exp_542_Sdr_AlHkm_bHq_2	18	10	13	Other	 يقال صدر الحكم على(إذا كان في غير مصلحته) . أو له إذا كان لمصلحته\n        <suggestion>علي</suggestion>\n        <suggestion>ل</suggestion>\n      	علي|ل
L	205	صدر الحق لفلان
L	206	صدر الحكم بحقها
M	206	exp_542_Sdr_AlHkm_bHq_2	18	10	15	Other	 يقال صدر الحكم على(إذا كان في غير مصلحته) . أو له إذا كان لمصلحته\n        <suggestion>عليها</suggestion>\n        <suggestion>لها</suggestion>\n      	عليها|لها
L	207	صدر الحكم بحقي
M	207	exp_542_Sdr_AlHkm_bHq_2	18	10	14	Other	 يقال صدر الحكم على(إذا كان في غير مصلحته) . أو له إذا كان لمصلحته\n        <suggestion>علي</suggestion>\n        <suggestion>لي</suggestion>\n      	علي|لي
L	208	صدق الحق لنا
L	209	عارض بين الكتاب وأصله المخطوط
M	209	exp_548_EArD_byn_AlktAb_wASlh_AlmkhTwT	19	5	21	Other	يفضل أن يقال:\n        <suggestion>الكتاب بأصلِه</suggestion>\n      	الكتاب بأصلِه
L	210	عارض الكتاب بأصله
L	211	على جميع الأصعدة
M	211	exp_550_Ela_jmyE_AlASEdt	20	9	16	Other	يفضل أن يقال:\n        <suggestion>الصُّعُد</suggestion>\n      	الصُّعُد
L	212	على جميع الصعد
L	213	رأيك لا يتناسب ورأيه
M	213	exp_527_ytnAsb_wgHruhu	21	8	20	Other	ومِثل يتناسب: يتلاءم ويتنافى...\nنقول يتناسب مع أو يتناسب هو وغيره.\n        <suggestion>يتناسب هو ورأيه</suggestion>\n        <suggestion>يتناسب مع رأيه</suggestion>\n      	يتناسب هو ورأيه|يتناسب مع رأيه
L	214	رأيُك لا يَتَناسَبُ هو ورأيُه
M	214	grammar_0011_notjazem_lam_nafia	4	6	19	Other	\nالفرق بين لا الناهية ولا النافية، لا الناهية تأتي مع ضمائر المخاطب فقط. لذا فإن لا النافية لا تجزم الفعل المضارع أتقصد؟\n\n        <suggestion>لا يتناسب</suggestion>\n\n      	لا يتناسب
L	215	رأيك لا يتنافى ورأيه
M	215	exp_527_ytnAsb_wgHruhu_2	22	8	20	Other	ومِثل يتناسب: يتلاءم ويتنافى...\nنقول يتنافى مع أو يتنافى هو وغيره.\n        <suggestion>يتنافى هو ورأيه</suggestion>\n        <suggestion>يتنافى مع رأيه</suggestion>\n      	يتنافى هو ورأيه|يتنافى مع رأيه
L	216	رأيُك لا يَتَنافى هو ورأيُه
L	217	رأيك لا يتلاءم ورأيه
M	217	exp_527_ytnAsb_wgHruhu_3	23	8	20	Other	ومِثل يتناسب: يتنافى ويتلاءم...\nنقول يتلاءم مع أو يتلاءم هو وغيره.\n        <suggestion>يتلاءم هو ورأيه</suggestion>\n        <suggestion>يتلاءم مع رأيه</suggestion>\n      	يتلاءم هو ورأيه|يتلاءم مع رأيه
L	218	رأيُك لا يَتَلاءم هو ورأيُه
M	218	grammar_0011_notjazem_lam_nafia	4	6	17	Other	\nالفرق بين لا الناهية ولا النافية، لا الناهية تأتي مع ضمائر المخاطب فقط. لذا فإن لا النافية لا تجزم الفعل المضارع أتقصد؟\n\n        <suggestion>لا يتلاءم</suggestion>\n\n      	لا يتلاءم
L	219	نظر إليه شذرا
M	219	syntax_125_mobtadaa_nakira_1	1	0	8	Other	لا يجوز الابتداء بنكرة، فيتقدم الخبر شبه الجملة مثلا "كتابان عندك" تصبح "عندك كتابان"\n\n: <suggestion>إليه نظر</suggestion>\n\n      	إليه نظر
M	219	exp_563_nzhr_2lyh_shdhrA	24	9	13	Other	(الشَّذْر): صغار اللؤلؤ، واحدته: شَذْرَة\n        <suggestion>شَزْراً</suggestion>\n      	شَزْراً
L	220	ينظر الرجل إليه شذرا
M	220	exp_563_nzhr_2lyh_shdhrA	24	16	20	Other	(الشَّذْر): صغار اللؤلؤ، واحدته: شَذْرَة\n        <suggestion>شَزْراً</suggestion>\n      	شَزْراً
L	221	ينظر الرجل إلى السجان شذرا
M	221	exp_563_nzhr_2lyh_shdhrA	24	22	26	Other	(الشَّذْر): صغار اللؤلؤ، واحدته: شَذْرَة\n        <suggestion>شَزْراً</suggestion>\n      	شَزْراً
L	222	نَظَرَ إليه شَزْراً
M	222	syntax_125_mobtadaa_nakira_1	1	0	11	Other	لا يجوز الابتداء بنكرة، فيتقدم الخبر شبه الجملة مثلا "كتابان عندك" تصبح "عندك كتابان"\n\n: <suggestion>إليه نَظَرَ</suggestion>\n\n      	إليه نَظَرَ
M	222	typo_000_tanwin_nasb	1	12	19	Other	لأنه من الأخطاء الشائعة كتابة التنوين على الألف، والصحيح أن تُكتب على الحرف الذي قبل الألف؛ لأن التنوين نون ساكنة والألف ساكنة، فلا يجتمع ساكنان\n: <suggestion>شزرًا</suggestion>\n      	شزرًا
L	223	الأمر موكل إليه
M	223	exp_565_Awkl_AlAmr_2la_mwkl_2lyh	25	6	15	Other	يفضل أن يقال: أوْكَلَ الأمرَ على فلان، فهو مُوكَلٌ عليه أو وكل الأمر إليه فهو موكول إليه\n        <suggestion>موكل عليه</suggestion>\n        <suggestion>موكول إليه</suggestion>\n      	موكل عليه|موكول إليه
L	224	الأمر موكل إلى فلان
M	224	grammar_0000_jar_dual	3	11	19	Other	انتبه لحرف الجر فالمثنى يجر بالياء\n\n        <suggestion>إلى فلانين</suggestion>, <suggestion>إلى فلين</suggestion>\n      	إلى فلانين|إلى فلين
L	225	أوْكَلَ الأمرَ على فلان، فهو مُوكَلٌ عليه
M	225	grammar_0000_jar_dual	3	15	23	Other	انتبه لحرف الجر فالمثنى يجر بالياء\n\n        <suggestion>على فلانين</suggestion>, <suggestion>على فلين</suggestion>\n      	على فلانين|على فلين
L	226	أصابه كلل
M	226	exp_507_ASAbh_kll	26	6	9	Other	(الكَلَل): الحالة. يقال: مات بكَلَلِ سوءٍ\n        <suggestion>كَلال</suggestion>\n        <suggestion>الكَلال</suggestion>\n      	كَلال|الكَلال
L	227	أصابه الكلال
L	228	يقف مذهولا لا يدري ما يفعل
M	228	typo_000_tanwin_nasb2	5	4	10	Hint	يستحسن وضع علامة التنوين أو الفتح للتفريق بين الاسم المنوّن وغيره\n: <suggestion>مذهولًا</suggestion>\n: <suggestion>مذهولَا</suggestion>\n      	مذهولًا|مذهولَا
L	229	وقف ذاهِلاً / مدهوشاً لا يدري ما يفعل
M	229	typo_000_tanwin_nasb	1	4	11	Other	لأنه من الأخطاء الشائعة كتابة التنوين على الألف، والصحيح أن تُكتب على الحرف الذي قبل الألف؛ لأن التنوين نون ساكنة والألف ساكنة، فلا يجتمع ساكنان\n: <suggestion>ذاهلًا</suggestion>\n      	ذاهلًا
M	229	typo_000_tanwin_nasb	1	14	21	Other	لأنه من الأخطاء الشائعة كتابة التنوين على الألف، والصحيح أن تُكتب على الحرف الذي قبل الألف؛ لأن التنوين نون ساكنة والألف ساكنة، فلا يجتمع ساكنان\n: <suggestion>مدهوشًا</suggestion>\n      	مدهوشًا
L	230	وقع مغشى عليه
M	230	syntax_0201_mughashan_3layh	2	4	8	Other	الفعل هو: (غُشِيَ عليه)، لا: (أُغْشِيَ عليه)  <suggestion>مَغْشِيّاً</suggestion>\n      	مَغْشِيّاً
L	231	وقَعَ مَغْشِيّاً عليه
M	231	typo_000_tanwin_nasb	1	6	16	Other	لأنه من الأخطاء الشائعة كتابة التنوين على الألف، والصحيح أن تُكتب على الحرف الذي قبل الألف؛ لأن التنوين نون ساكنة والألف ساكنة، فلا يجتمع ساكنان\n: <suggestion>مغشيًا</suggestion>\n      	مغشيًا
L	232	عبدالملك بن مروان
M	232	syntax_0300_3abd_allah	1	0	8	Other	  ضع فراغا بعد كلمة عبد وأسماء الله الحسنى\n        <suggestion>عبد الملك</suggestion>\n      	عبد الملك
L	233	عبد الملك بن مروان
L	234	هذا الأمر في غاية الوضاحة
M	234	syntax_0400_wadhaha	1	18	25	Other	قل غاية الوضوح بدلا من غاية الوضاحة<suggestion>الوضوح</suggestion>؟\n      	الوضوح
L	235	‎‎لم يستطع ‎‎ التأقلم مع المحيط الجديد
M	235	syntax_0401_ta2aqlum_ma3a	2	14	24	Other	 استعمل  <suggestion>الاندماج في</suggestion>\n        أي يدخل ويستحكم أو التَّعايُش في المحيط، العيش مع الآخرين بألفة. أما الفعل "تأقلم" فلم يرد في المعاجم\n      	الاندماج في
L	236	بلغ الإنتاج سوية عالية
M	236	adj_533_swyt_EAlyt	3	12	16	Other	يفضل أن يقال:\n        <suggestion>مرتبة</suggestion>\n        <suggestion>درجة</suggestion>\n      	مرتبة|درجة
L	237	بلغ الإنتاج السوية العالية
M	237	adj_533_swyt_EAlyt	3	12	18	Other	يفضل أن يقال:\n        <suggestion>المرتبة</suggestion>\n        <suggestion>الدرجة</suggestion>\n      	المرتبة|الدرجة
L	238	بلغ الإنتاج الدرجة العالية
L	239	هذا الرجل المنوه عنه
M	239	syntax_0500_munawwah	1	10	20	Other	يفضل أن يقال:\n        <suggestion>المنوّه به</suggestion>\n      	المنوّه به
L	240	هذا الرجلُ المُنَوَّهُ به
L	241	تحسبا من كل طارئ
M	241	syntax_0201_thasuban_min	2	0	11	Other	يفضل أن يقال:\n        <suggestion>تَحَسُّباً لكل</suggestion>\n      	تَحَسُّباً لكل
L	242	تَحَسُّباً لكل طارئ
M	242	typo_000_tanwin_nasb	1	0	10	Other	لأنه من الأخطاء الشائعة كتابة التنوين على الألف، والصحيح أن تُكتب على الحرف الذي قبل الألف؛ لأن التنوين نون ساكنة والألف ساكنة، فلا يجتمع ساكنان\n: <suggestion>تحسبًا</suggestion>\n      	تحسبًا
L	243	فلان موشك على الإفلاس
M	243	syntax_0202_mwshik_3ala	3	5	13	Other	يفضل أن يقال:\n        <suggestion>مشرف على</suggestion>\n        <suggestion>على وشْك</suggestion>\n      	مشرف على|على وشْك
L	244	فلان مشرف على الإفلاس
L	245	‎بدأ الاستفتاء على قانون الانتخاب الجديد
M	245	syntax_05001_istftaa	4	5	18	Other	        الفعل "استَفْتَاه" أي سأله رأيه في مسألة و "أفتى في المسألة": أبان الحكم فيها. وهو لا يتعدى بـ "على".\n      	الاستفتاء في
L	246	عادات متعارف عليها في البلاد
M	246	syntax_0502_muta3aref_3alYah	5	6	18	Other	\n        ويفضل أن يقال:\n        <suggestion>متعارفة</suggestion>\n      	متعارفة
L	247	شرط متعارف عليه في البلاد
M	247	syntax_0502_muta3aref_3alyh	6	4	15	Other	\n        ويفضل أن يقال:\n        <suggestion>متعارف</suggestion>\n      	متعارف
L	248	آراء القراء حول الكتاب
M	248	syntax_0503_hawla	7	12	15	Other	يفضل أن يقال:\n        <suggestion>في</suggestion>\n      	في
L	249	آراء القراء في الكتاب
L	250	دراسات حول اللغة
M	250	syntax_125_mobtadaa_nakira_2	2	0	16	Other	لا يجوز الابتداء بنكرة، فيتقدم الخبر شبه الجملة مثلا "كتاب  في البيت" تصبح "في البيت كتاب"\n\n: <suggestion>حول اللغة دراسات</suggestion>\n\n      	حول اللغة دراسات
L	251	دراسات في اللغة
M	251	syntax_125_mobtadaa_nakira_2	2	0	15	Other	لا يجوز الابتداء بنكرة، فيتقدم الخبر شبه الجملة مثلا "كتاب  في البيت" تصبح "في البيت كتاب"\n\n: <suggestion>في اللغة دراسات</suggestion>\n\n      	في اللغة دراسات
L	252	تقرير حول الجلسة
M	252	syntax_125_mobtadaa_nakira_2	2	0	16	Other	لا يجوز الابتداء بنكرة، فيتقدم الخبر شبه الجملة مثلا "كتاب  في البيت" تصبح "في البيت كتاب"\n\n: <suggestion>حول الجلسة تقرير</suggestion>\n\n      	حول الجلسة تقرير
L	253	تقرير عن الجلسة
M	253	syntax_125_mobtadaa_nakira_2	2	0	15	Other	لا يجوز الابتداء بنكرة، فيتقدم الخبر شبه الجملة مثلا "كتاب  في البيت" تصبح "في البيت كتاب"\n\n: <suggestion>عن الجلسة تقرير</suggestion>\n\n      	عن الجلسة تقرير
L	254	توضيح حول فتوى ...
M	254	syntax_0508_tawdhih_hawla	9	6	9	Other	يفضل أن يقال:\n        <suggestion></suggestion>\n        <suggestion>ل</suggestion>\n      	|ل
L	255	توضيحُ فتوى ... / توضيحٌ لفتوى ...
L	256	إرشادات حول كذا ...
M	256	syntax_0504_hawla	10	8	11	Other	يفضل أن يقال:\n        <suggestion>ذات صلة</suggestion>\n        <suggestion>ذو صلة</suggestion>\n        <suggestion>تتعلق ب</suggestion>\n        <suggestion>يتعلق ب</suggestion>\n\n      	ذات صلة|ذو صلة|تتعلق ب|يتعلق ب
L	257	إرشادات ذات صلة / تتعلق بكذا...
L	258	تعقيب حول الأسباب ...
M	258	syntax_125_mobtadaa_nakira_2	2	0	17	Other	لا يجوز الابتداء بنكرة، فيتقدم الخبر شبه الجملة مثلا "كتاب  في البيت" تصبح "في البيت كتاب"\n\n: <suggestion>حول الأسباب تعقيب</suggestion>\n\n      	حول الأسباب تعقيب
L	259	تعقيب يتعلق بالأسباب ...
L	260	ملاحظات حوله ...
M	260	syntax_125_mobtadaa_nakira_1	1	0	12	Other	لا يجوز الابتداء بنكرة، فيتقدم الخبر شبه الجملة مثلا "كتابان عندك" تصبح "عندك كتابان"\n\n: <suggestion>حوله ملاحظات</suggestion>\n\n      	حوله ملاحظات
L	261	ملاحظات حول الأسباب ...
M	261	syntax_125_mobtadaa_nakira_2	2	0	19	Other	لا يجوز الابتداء بنكرة، فيتقدم الخبر شبه الجملة مثلا "كتاب  في البيت" تصبح "في البيت كتاب"\n\n: <suggestion>حول الأسباب ملاحظات</suggestion>\n\n      	حول الأسباب ملاحظات
L	262	ملاحظات على الأسباب ...
M	262	syntax_125_mobtadaa_nakira_2	2	0	19	Other	لا يجوز الابتداء بنكرة، فيتقدم الخبر شبه الجملة مثلا "كتاب  في البيت" تصبح "في البيت كتاب"\n\n: <suggestion>على الأسباب ملاحظات</suggestion>\n\n      	على الأسباب ملاحظات
L	263	استدراك حول الأسباب ...
M	263	syntax_125_mobtadaa_nakira_2	2	0	19	Other	لا يجوز الابتداء بنكرة، فيتقدم الخبر شبه الجملة مثلا "كتاب  في البيت" تصبح "في البيت كتاب"\n\n: <suggestion>حول الأسباب استدراك</suggestion>\n\n      	حول الأسباب استدراك
L	264	استدراك على الأسباب...
M	264	syntax_125_mobtadaa_nakira_2	2	0	19	Other	لا يجوز الابتداء بنكرة، فيتقدم الخبر شبه الجملة مثلا "كتاب  في البيت" تصبح "في البيت كتاب"\n\n: <suggestion>على الأسباب استدراك</suggestion>\n\n      	على الأسباب استدراك
L	265	المشرف اللغوي لبرنامج إذاعي.
M	265	syntax_0505_mushrif_li	13	14	21	Other	يفضل أن يقال:  مشرف على.\n      	على برنامج
L	266	المشرف اللغوي على البرنامج
M	266	AR_DIACRITICS_REPLACE		18	26	Other	فارسية "برنامة" عُرِّبت إلى برنامَج بفتح الميم	البرنامَج
L	267	تأمين ضد جميع الأخطار
M	267	syntax_0506_ta2min_dhida	14	6	8	Other	يفضل أن يقال: تأمين\n        <suggestion>من</suggestion>\n      	من
L	268	تأمين من جميع الأخطار
L	269	مناعة ضد المرض
M	269	syntax_0506_ta2min_dhida	14	6	8	Other	يفضل أن يقال: مناعة\n        <suggestion>من</suggestion>\n      	من
L	270	مناعة من المرض
M	270	syntax_125_mobtadaa_nakira_2	2	0	14	Other	لا يجوز الابتداء بنكرة، فيتقدم الخبر شبه الجملة مثلا "كتاب  في البيت" تصبح "في البيت كتاب"\n\n: <suggestion>من المرض مناعة</suggestion>\n\n      	من المرض مناعة
L	271	ساعة ضد الصدمات
M	271	syntax_0509_dhida_sadamat	15	5	15	Other	يفضل أن يقال:\n        <suggestion>تتحمل الصدمات</suggestion>\n        <suggestion>لا تتأثر بالصدمات</suggestion>\n      	تتحمل الصدمات|لا تتأثر بالصدمات
L	272	ساعة تتحمل الصدمات/ ساعة لا تتأثر بالصدمات
L	273	عاطل عن العمل
M	273	syntax_125_mobtadaa_nakira_2	2	0	13	Other	لا يجوز الابتداء بنكرة، فيتقدم الخبر شبه الجملة مثلا "كتاب  في البيت" تصبح "في البيت كتاب"\n\n: <suggestion>عن العمل عاطل</suggestion>\n\n      	عن العمل عاطل
L	274	عَاطِلٌ من العمل
M	274	syntax_125_mobtadaa_nakira_2	2	0	16	Other	لا يجوز الابتداء بنكرة، فيتقدم الخبر شبه الجملة مثلا "كتاب  في البيت" تصبح "في البيت كتاب"\n\n: <suggestion>من العمل عَاطِلٌ</suggestion>\n\n      	من العمل عَاطِلٌ
L	275	له علاقة حميمة مع ابنه
M	275	AR_HOMOPHONES_REPLACE		3	8	Other	العِلاقة -بالكسر- هي ما يعلق به السيف، والعُلاقة -بالضم-: لم يرد استعمال العرب لها. العَلاقة -بالفتح-: الرابط	عِلاقة|عُلاقة|عَلاقة
M	275	syntax_0511_3alaqa_ma3a	17	15	17	Other	يفضل أن يقال: علاقة\n        <suggestion>ب</suggestion>\n      	ب
L	276	له علاقةٌ حميمةٌ بابنه
L	277	لمحة عن حياة المؤلف
M	277	syntax_125_mobtadaa_nakira_5	3	0	19	Other	لا يجوز الابتداء بنكرة، فيتقدم الخبر شبه الجملة مثلا "كتاب  في بيت الولد" تصبح "في بيت الولد كتاب"\n\n: <suggestion>عن حياة المؤلف لمحة</suggestion>\n\n      	عن حياة المؤلف لمحة
L	278	لَمحَة إلى حياة المؤلف
M	278	syntax_125_mobtadaa_nakira_5	3	0	22	Other	لا يجوز الابتداء بنكرة، فيتقدم الخبر شبه الجملة مثلا "كتاب  في بيت الولد" تصبح "في بيت الولد كتاب"\n\n: <suggestion>إلى حياة المؤلف لَمحَة</suggestion>\n\n      	إلى حياة المؤلف لَمحَة
L	279	متضلع في اللغة
M	279	syntax_125_mobtadaa_nakira_2	2	0	14	Other	لا يجوز الابتداء بنكرة، فيتقدم الخبر شبه الجملة مثلا "كتاب  في البيت" تصبح "في البيت كتاب"\n\n: <suggestion>في اللغة متضلع</suggestion>\n\n      	في اللغة متضلع
L	280	مُتَضَلِّعٌ من اللغة
M	280	syntax_125_mobtadaa_nakira_2	2	0	20	Other	لا يجوز الابتداء بنكرة، فيتقدم الخبر شبه الجملة مثلا "كتاب  في البيت" تصبح "في البيت كتاب"\n\n: <suggestion>من اللغة مُتَضَلِّعٌ</suggestion>\n\n      	من اللغة مُتَضَلِّعٌ
L	281	معصوم عن الخطأ
M	281	syntax_125_mobtadaa_nakira_2	2	0	14	Other	لا يجوز الابتداء بنكرة، فيتقدم الخبر شبه الجملة مثلا "كتاب  في البيت" تصبح "في البيت كتاب"\n\n: <suggestion>عن الخطأ معصوم</suggestion>\n\n      	عن الخطأ معصوم
L	282	معصومٌ من الخطأ
M	282	syntax_125_mobtadaa_nakira_2	2	0	15	Other	لا يجوز الابتداء بنكرة، فيتقدم الخبر شبه الجملة مثلا "كتاب  في البيت" تصبح "في البيت كتاب"\n\n: <suggestion>من الخطأ معصومٌ</suggestion>\n\n      	من الخطأ معصومٌ
L	283	يجب أن يتأكد من حدوث كذا
M	283	verb_0090_takkada_min	1	7	12	Hint	يفضل أن يقال:\n        <suggestion>يتحقق</suggestion>\n        <suggestion>يتيقن</suggestion>\n      	يتحقق|يتيقن
L	284	قام بأوده
M	284	syntax_0000_Qam_bi_test	2	0	9	Other	تعبير "القيام بـالأمر" ركيك يستحسن تجنبه إلى تصريف المصدر الموالي، قل ضربت بدلا من القيام بالضرب.	أود
L	285	فشلت في حياتها الزوجية
M	285	use_0001_fashila_fi	3	0	7	Hint	\n        ويفضل أن يقال:\n        <suggestion>أخفق</suggestion>\n        لا تقل: فشلت في حياتها الزوجية، وفشل في دراسته\n        بل قل: أخفقت في حياتها الزوجية، وأخفق في دراسته\n        فَشِل: كَسِلَ وضعُف وتراخَى وجَبُن. جاء في القرآن: ﴿وَلاَ تَنَازَعُواْ فَتَفْشَلُواْ وَتَذْهَبَ رِيحُكُمْ﴾[الأنفال:46]\n      	أخفق
L	286	فشل في دراسته
M	286	syntax_125_mobtadaa_nakira_2	2	0	13	Other	لا يجوز الابتداء بنكرة، فيتقدم الخبر شبه الجملة مثلا "كتاب  في البيت" تصبح "في البيت كتاب"\n\n: <suggestion>في دراسته فشل</suggestion>\n\n      	في دراسته فشل
L	287	فتحت الشرطة الرصاص على المتظاهرين.
M	287	use_0081_open_fire	4	0	4	Hint	\n        ويفضل أن يقال:\n        <suggestion>أطلق</suggestion>\n\n        لأنها ترجمة مبتذلة لـ (opened fire).\n      	أطلق
M	287	AR_DIACRITICS_REPLACE		12	18	Other	الرّصاص بفتح الراء أو كسرها	الرَّصاص|الرِّصاص
L	288	تأمل خيرا
M	288	verb_0010_ta2amala	5	0	4	Hint	يفضل أن يقال:\n        <suggestion>أمّل</suggestion>\n\n(تأمَّل): تدبّر	أمّل
L	289	أحنى رأسه
M	289	verb_201_AHna_rAs	6	0	4	Hint	(أَحْنَى عليه): عطف عليه\n        <suggestion>حنى</suggestion>\n      	حنى
L	290	أحنيت رأسي
M	290	verb_201_AHna_rAs	6	0	5	Hint	(أَحْنَى عليه): عطف عليه\n        <suggestion>حنيت</suggestion>\n      	حنيت
L	291	يحني رأسه
L	292	حَنَى رأسَهُ
L	293	استقرضت المال
M	293	verb_204_AstqrD_mAl	7	0	7	Hint	(الاستقراض): طلب القرض\n        <suggestion>اقترضت</suggestion>\n      	اقترضت
L	294	اقترضتُ مالاً
M	294	typo_000_tanwin_nasb	1	8	13	Other	لأنه من الأخطاء الشائعة كتابة التنوين على الألف، والصحيح أن تُكتب على الحرف الذي قبل الألف؛ لأن التنوين نون ساكنة والألف ساكنة، فلا يجتمع ساكنان\n: <suggestion>مالًا</suggestion>\n      	مالًا
L	295	استقل فلان السيارة
M	295	verb_205_Astql_syArt	8	0	5	Hint	(استقلَّ الشيءَ): حَمَلَه ورفعه\n        <suggestion>ركب</suggestion>\n      	ركب
L	296	يستقل فلان السيارة
M	296	verb_205_Astql_syArt	8	0	5	Hint	(استقلَّ الشيءَ): حَمَلَه ورفعه\n        <suggestion>يركب</suggestion>\n      	يركب
L	297	ركبَ فلانٌ السيارةَ
L	298	استلفت ببلاغته الأنظار
M	298	verb_207_Astlft_AnzhAr	10	0	6	Hint	يفضل أن يقال:\n        <suggestion>لفت</suggestion>\n      	لفت
L	299	اسْتَرْعَى ببلاغتِه الأنظارَ
L	300	استلفت ببلاغته الأنظار
M	300	verb_207_Astlft_AnzhAr	10	0	6	Hint	يفضل أن يقال:\n        <suggestion>لفت</suggestion>\n      	لفت
L	301	ويستلفت ببلاغته الأنظار
M	301	verb_207_Astlft_AnzhAr	10	0	7	Hint	يفضل أن يقال:\n        <suggestion>ويلفت</suggestion>\n      	ويلفت
L	302	لَفَتَ ببلاغتِه الأنظارَ
M	302	syntax_125_mobtadaa_nakira_3	4	0	15	Other	لا يجوز الابتداء بنكرة، فيتقدم الخبر شبه الجملة مثلا "كتاب  بالبيت" تصبح "بالبيت كتاب"\n\n: <suggestion>ببلاغتِه لَفَتَ</suggestion>\n\n      	ببلاغتِه لَفَتَ
L	303	استلم الرسالة
M	303	verb_208_Astlm_rsAlt	11	0	5	Hint	(الاستلام) خاص بالحجر الأسود\n        <suggestion>تسلّم</suggestion>\n      	تسلّم
L	304	تَسَلَّمَ الرسالةَ
L	305	استمزج رأيه
M	305	verb_209_Astmzj_rAy	12	0	6	Hint	يفضل أن يقال:\n        <suggestion>التمس</suggestion>\n        <suggestion>طلب</suggestion>\n      	التمس|طلب
L	306	الْتَمَسَ رأيَه / طَلَبَ رأيَه
L	307	استنسب الشيء
M	307	verb_210_Astnsb_shy2	13	0	6	Hint	(استنسبَ الرجُلُ): ذَكَرَ نسبَه. (استنسبَ الرجُلَ): سأله أن يذكر نسبه\n        <suggestion>استحسن</suggestion>\n      	استحسن
L	308	اسْتَحْسَنَ الشيءَ
L	309	أسعفه إلى المستشفى
M	309	verb_211_AsEf_2la_Almstshfa	14	0	5	Hint	(أسعَفَ فلاناً بحاجته): قضاها له\n        <suggestion>حمله</suggestion>\n      	حمله
L	310	حَمَلَهُ إلى المستشفى
L	311	أطلق سراحه
M	311	verb_212_ATlqfk_srAH	15	0	10	Hint	يفضل أن يقال:\nأُطْلِقَ من أَسْرِهِ/ خٌلِّيَ سبيلُهُ.\n        <suggestion>أطلق من أسره</suggestion>\n        <suggestion>خلّى سبيله</suggestion>\n      	أطلق من أسره|خلّى سبيله
L	312	أُطْلِقَ من أَسْرِهِ/ خٌلِّيَ سبيلُهُ
L	313	فكّ سراحه
M	313	verb_212_ATlqfk_srAH_2	16	0	9	Hint	يفضل أن يقال:\nأُطْلِقَ من أَسْرِهِ/ خٌلِّيَ سبيلُهُ.\n        <suggestion>أطلق من أسره</suggestion>\n        <suggestion>خلّى سبيله</suggestion>\n      	أطلق من أسره|خلّى سبيله
L	314	أُطْلِقَ من أَسْرِهِ/ خٌلِّيَ سبيلُهُ
L	315	أغدق الخير عليهم
M	315	verb_213_Agdq_khyr	17	0	4	Hint	(أغدق) فعلٌ لازم؛ تقول: (أغدقتِ الأرضُ): أخصبت\n        <suggestion>أسبغ</suggestion>\n        <suggestion>أفاض يفيض</suggestion>\n      	أسبغ|أفاض يفيض
L	316	أسبغ / أفاضَ الخيرَ عليهم
M	316	AR_VERB_TRANSITIVE_IINDIRECT		7	12	Other	قل <suggestion>أفاض في</suggestion> بدلا من 'أفاضَ' لأنّ الفعل  متعد بحرف  .	أفاض في
L	317	أفدحه الدين
M	317	verb_214_AfdHh_dyn	18	0	5	Hint	الفعل هو: (فَدح)، لا: (أفدح)\n        <suggestion>فدحه</suggestion>\n      	فدحه
L	318	فَدَحَه الدَّيْنُ
L	319	أفسح له في المجلس
M	319	verb_215_AfsH_lh_fy_Almjls	19	0	4	Hint	يفضل أن يقال: فَسَح له في المجلس، بدلا من أَفْسح له.\n        <suggestion>فسح</suggestion>\n      	فسح
L	320	فَسَحَ له في المجلس
M	320	syntax_125_mobtadaa_nakira_1	1	0	9	Other	لا يجوز الابتداء بنكرة، فيتقدم الخبر شبه الجملة مثلا "كتابان عندك" تصبح "عندك كتابان"\n\n: <suggestion>له فَسَحَ</suggestion>\n\n      	له فَسَحَ
L	321	اقتصدت مبلغا من المال
M	321	verb_216_AqtSd_mblg	20	0	6	Hint	(اقتصد في النفقة): لم يسرف ولم يقتِّر\n        <suggestion>ادَّخرت</suggestion>\n      	ادَّخرت
M	321	typo_000_tanwin_nasb2	5	7	12	Hint	يستحسن وضع علامة التنوين أو الفتح للتفريق بين الاسم المنوّن وغيره\n: <suggestion>مبلغًا</suggestion>\n: <suggestion>مبلغَا</suggestion>\n      	مبلغًا|مبلغَا
L	322	ادَّخرتُ مبلغاً من المال
M	322	typo_000_tanwin_nasb	1	9	15	Other	لأنه من الأخطاء الشائعة كتابة التنوين على الألف، والصحيح أن تُكتب على الحرف الذي قبل الألف؛ لأن التنوين نون ساكنة والألف ساكنة، فلا يجتمع ساكنان\n: <suggestion>مبلغًا</suggestion>\n      	مبلغًا
L	323	أقلع المعمل
M	323	verb_217_AqlE_mEml	21	0	4	Hint	يفضل أن يقال:\n    \n        <suggestion>انطلق</suggestion>\n    \n      	انطلق
L	324	انطلق المعملُ
L	325	أكربه الغم
M	325	verb_218_Akrb_gm	22	0	5	Hint	(أَكْرَبَ الرجلُ): عَدَا. (أَكْرَبَ السِّقاءَ): ملأَه\n        <suggestion>كربه</suggestion>\n      	كربه
L	326	كَرَبَهُ الغَمُّ
L	327	أملأت الوعاء بالماء
M	327	verb_220_AmlA_AlwEA2_bAlmA2	23	0	5	Hint	(أَمْلأهُ): سبّب له الزكام\n        <suggestion>ملأت</suggestion>\n      	ملأت
L	328	ملأتُ الوعاءَ بالماء
L	329	انطلت عليه الحيلة
M	329	verb_221_AnTla_Elyh_AlHylt	24	0	5	Hint	يفضل أن يقال: جازت عليه الحيلة.\n        <suggestion>جَازَت</suggestion>\n      	جَازَت
L	330	جَازَتْ عليه الحيلة
L	331	أهاجه الأمر
M	331	verb_222_AhAj_AlAmr	25	0	5	Hint	(أهاجتِ الريحُ النبتَ): أَيْبَسَتْهُ\n        <suggestion>هاجه</suggestion>\n      	هاجه
L	332	هَاجَهُ الأمرُ
L	333	أوكل الأمر إلى فلان، فهو موكل إليه
M	333	verb_224_Awkl_AlAmr_2lamwkl_2lyh	26	0	14	Hint	يفضل أن يقال: أوْكَلَ الأمرَ على فلان، فهو مُوكَلٌ عليه\nأو وَكَلَ الأمرَ إلى فلان، فهو مَوْكُولٌ إليه.\n        <suggestion>أوكل على</suggestion>\n        <suggestion>وكل إلى</suggestion>\n      	أوكل على|وكل إلى
M	333	exp_565_Awkl_AlAmr_2la_mwkl_2lyh	25	25	34	Other	يفضل أن يقال: أوْكَلَ الأمرَ على فلان، فهو مُوكَلٌ عليه أو وكل الأمر إليه فهو موكول إليه\n        <suggestion>موكل عليه</suggestion>\n        <suggestion>موكول إليه</suggestion>\n      	موكل عليه|موكول إليه
L	334	أوْكَلَ الأمرَ على فلان، فهو مُوكَلٌ عليه
M	334	grammar_0000_jar_dual	3	15	23	Other	انتبه لحرف الجر فالمثنى يجر بالياء\n\n        <suggestion>على فلانين</suggestion>, <suggestion>على فلين</suggestion>\n      	على فلانين|على فلين
L	335	وَكَلَ الأمرَ إلى فلان، فهو مَوْكُولٌ إليه
M	335	grammar_0000_jar_dual	3	14	22	Other	انتبه لحرف الجر فالمثنى يجر بالياء\n\n        <suggestion>إلى فلانين</suggestion>, <suggestion>إلى فلين</suggestion>\n      	إلى فلانين|إلى فلين
L	336	برش الصابون
M	336	verb_225_brsh_SAbwn	27	0	3	Hint	(بَرِشَ الشيءُ): اختلف لونُه\n        <suggestion>بشر</suggestion>\n      	بشر
L	337	بَشَرَ الصابونَ
L	338	تحصل على الشيء
M	338	syntax_125_mobtadaa_nakira_2	2	0	14	Other	لا يجوز الابتداء بنكرة، فيتقدم الخبر شبه الجملة مثلا "كتاب  في البيت" تصبح "في البيت كتاب"\n\n: <suggestion>على الشيء تحصل</suggestion>\n\n      	على الشيء تحصل
L	339	حَصَلَ على الشيءِ
M	339	syntax_125_mobtadaa_nakira_2	2	0	17	Other	لا يجوز الابتداء بنكرة، فيتقدم الخبر شبه الجملة مثلا "كتاب  في البيت" تصبح "في البيت كتاب"\n\n: <suggestion>على الشيءِ حَصَلَ</suggestion>\n\n      	على الشيءِ حَصَلَ
L	340	ترأس الوزير اللجان
M	340	verb_229_trAs	29	0	4	Hint	(ترأَّسَ) فعلٌ لازم\n        <suggestion>رأس</suggestion>\n      	رأس
L	341	رَأَسَ الوزيرُ اللجانَ
L	342	تستر فلان على فلان
M	342	verb_230_tstr_Ela	30	0	4	Hint	(تستَّرَ): احتجب\n        <suggestion>ستر</suggestion>\n      	ستر
M	342	grammar_0000_jar_dual	3	10	18	Other	انتبه لحرف الجر فالمثنى يجر بالياء\n\n        <suggestion>على فلانين</suggestion>, <suggestion>على فلين</suggestion>\n      	على فلانين|على فلين
L	343	سَتَرَ فلانٌ على فلان
M	343	grammar_0000_jar_dual	3	13	21	Other	انتبه لحرف الجر فالمثنى يجر بالياء\n\n        <suggestion>على فلانين</suggestion>, <suggestion>على فلين</suggestion>\n      	على فلانين|على فلين
L	344	تعطش إلى لقائه فهو متعطش
M	344	syntax_125_mobtadaa_nakira_2	2	0	14	Other	لا يجوز الابتداء بنكرة، فيتقدم الخبر شبه الجملة مثلا "كتاب  في البيت" تصبح "في البيت كتاب"\n\n: <suggestion>إلى لقائه تعطش</suggestion>\n\n      	إلى لقائه تعطش
L	345	عَطِش إلى لقائه فهو عَطِشٌ وعاطِش
M	345	syntax_125_mobtadaa_nakira_2	2	0	15	Other	لا يجوز الابتداء بنكرة، فيتقدم الخبر شبه الجملة مثلا "كتاب  في البيت" تصبح "في البيت كتاب"\n\n: <suggestion>إلى لقائه عَطِش</suggestion>\n\n      	إلى لقائه عَطِش
L	346	تعهد له بدفع هذا المبلغ
M	346	syntax_125_mobtadaa_nakira_1	1	0	7	Other	لا يجوز الابتداء بنكرة، فيتقدم الخبر شبه الجملة مثلا "كتابان عندك" تصبح "عندك كتابان"\n\n: <suggestion>له تعهد</suggestion>\n\n      	له تعهد
L	347	تكفَّل بدفع هذا المبلغ
L	348	تفتقد قريتنا إلى كثير من الخدمات
M	348	verb_233_Aftqd_2la	33	0	5	Hint	يفضل أن يقال:\n        <suggestion>تفتقر</suggestion>\n      	تفتقر
M	348	AR_DIACRITICS_REPLACE		25	32	Other	"خِدْمَات" بسكون الدال جمع "خِدْمَة"	الخِدْمَات
L	349	تفتقر قريتُنا إلى كثير من الخدمات
M	349	AR_DIACRITICS_REPLACE		26	33	Other	"خِدْمَات" بسكون الدال جمع "خِدْمَة"	الخِدْمَات
L	350	تقطب الرجل
M	350	verb_234_tqTb_rjl	34	0	4	Hint	الفعل هو: (قَطَب) أو (قَطَّب)، لا: (تقطَّب)\n        <suggestion>قطب</suggestion>\n        <suggestion>قطّب</suggestion>\n      	قطب|قطّب
L	351	قَطَبَ / قَطَّبَ الرجُلُ
L	352	تلهف على الطعام
M	352	syntax_125_mobtadaa_nakira_2	2	0	15	Other	لا يجوز الابتداء بنكرة، فيتقدم الخبر شبه الجملة مثلا "كتاب  في البيت" تصبح "في البيت كتاب"\n\n: <suggestion>على الطعام تلهف</suggestion>\n\n      	على الطعام تلهف
L	353	تلهف عليهما
M	353	syntax_125_mobtadaa_nakira_1	1	0	11	Other	لا يجوز الابتداء بنكرة، فيتقدم الخبر شبه الجملة مثلا "كتابان عندك" تصبح "عندك كتابان"\n\n: <suggestion>عليهما تلهف</suggestion>\n\n      	عليهما تلهف
L	354	يتلهفون إليه
M	354	verb_235_tlhf_Ela__tlhf_2la	35	0	12	Hint	(التلهُّف): التحسّر والتوجع\n        <suggestion>يتشوّقون إليه</suggestion>\n      	يتشوّقون إليه
L	355	تشوَّقَ إليه
M	355	syntax_125_mobtadaa_nakira_1	1	0	12	Other	لا يجوز الابتداء بنكرة، فيتقدم الخبر شبه الجملة مثلا "كتابان عندك" تصبح "عندك كتابان"\n\n: <suggestion>إليه تشوَّقَ</suggestion>\n\n      	إليه تشوَّقَ
L	356	تمادى فلان على فلان
M	356	verb_236_tmAda_Ela	36	0	5	Hint	يفضل أن يقال:\n        <suggestion>تطاول</suggestion>\n      	تطاول
M	356	grammar_0000_jar_dual	3	11	19	Other	انتبه لحرف الجر فالمثنى يجر بالياء\n\n        <suggestion>على فلانين</suggestion>, <suggestion>على فلين</suggestion>\n      	على فلانين|على فلين
L	357	تماديت على فلان
M	357	verb_236_tmAda_Ela	36	0	6	Hint	يفضل أن يقال:\n        <suggestion>تطاولت</suggestion>\n      	تطاولت
M	357	grammar_0000_jar_dual	3	7	15	Other	انتبه لحرف الجر فالمثنى يجر بالياء\n\n        <suggestion>على فلانين</suggestion>, <suggestion>على فلين</suggestion>\n      	على فلانين|على فلين
L	358	تمادوا على فلان
M	358	verb_236_tmAda_Ela	36	0	6	Hint	يفضل أن يقال:\n        <suggestion>تطاولوا</suggestion>\n      	تطاولوا
M	358	grammar_0000_jar_dual	3	7	15	Other	انتبه لحرف الجر فالمثنى يجر بالياء\n\n        <suggestion>على فلانين</suggestion>, <suggestion>على فلين</suggestion>\n      	على فلانين|على فلين
L	359	تطاول فلان على فلان
M	359	grammar_0000_jar_dual	3	11	19	Other	انتبه لحرف الجر فالمثنى يجر بالياء\n\n        <suggestion>على فلانين</suggestion>, <suggestion>على فلين</suggestion>\n      	على فلانين|على فلين
L	360	تمعن في الامر
M	360	syntax_125_mobtadaa_nakira_1	1	0	7	Other	لا يجوز الابتداء بنكرة، فيتقدم الخبر شبه الجملة مثلا "كتابان عندك" تصبح "عندك كتابان"\n\n: <suggestion>في تمعن</suggestion>\n\n      	في تمعن
M	360	HUNSPELL_RULE_AR		8	13	UnknownWord	وُجد خطأ إملائي محتمل	الأمر|الآمر|ألامز|ألأمز|ألأمر|ألآمر|آلأمر|آلآمر|المار|التمر|الغمر|المر|الذامر|الضامر|الثامر
L	361	أنعم النظر في الأمر = أطال الفِكرة فيه
L	362	أَمْعَنَ النظر في الأمر = بالَغَ في استقصائه
L	363	تنازل فلان عن حقه
M	363	verb_239_tnAzl_En	38	0	5	Hint	يفضل أن يقال:\n        <suggestion>نزل</suggestion>\n      	نزل
L	364	نزل فلانٌ عن حقِّه
L	365	هو عالم فذ ولكن تنقصه التجارب
M	365	verb_240_nqS_tjArb	39	16	21	Hint	يفضل أن يقال: تعوزه التجارب والخبرة بدلا من تنقصه.\n        <suggestion>تُعْوِزُه</suggestion>\n      	تُعْوِزُه
M	365	AR_DIACRITICS_REPLACE		22	29	Other	'التجارب' كلمة يشيع نطقها نطقا خاطئا لذا نقترح تشكيلها كالآتي: <suggestion>التجارِب</suggestion>	التجارِب
L	366	هو عالِمٌ فذ ولكن تُعْوِزُهُ التجارب
M	366	AR_DIACRITICS_REPLACE		29	36	Other	'التجارب' كلمة يشيع نطقها نطقا خاطئا لذا نقترح تشكيلها كالآتي: <suggestion>التجارِب</suggestion>	التجارِب
L	367	توازعوه فيما بينهم
M	367	verb_241_twAzE_fymA_bynhm	40	0	7	Hint	ليس في العربية (توازع) بل توزّع\n        <suggestion>توزّعوه</suggestion>\n      	توزّعوه
M	367	typo_000_tanwin_nasb2	5	8	12	Hint	يستحسن وضع علامة التنوين أو الفتح للتفريق بين الاسم المنوّن وغيره\n: <suggestion>فيمًا</suggestion>\n: <suggestion>فيمَا</suggestion>\n      	فيمًا|فيمَا
L	368	توزَّعوه فيما بينهم
M	368	HUNSPELL_RULE_AR		0	8	UnknownWord	وُجد خطأ إملائي محتمل	ووزعته|توزعنه|توزعون|توزعه|متوزعوه|وتوزعه|موزعوه|توزعته|توزعوا|توزعاه|توزعيه|توزع وه|توزع
M	368	typo_000_tanwin_nasb2	5	9	13	Hint	يستحسن وضع علامة التنوين أو الفتح للتفريق بين الاسم المنوّن وغيره\n: <suggestion>فيمًا</suggestion>\n: <suggestion>فيمَا</suggestion>\n      	فيمًا|فيمَا
L	369	تولج الأمر بنفسه
M	369	verb_242_twlj_Amr_bnfsh	41	0	4	Hint	(تولّج): دخل\n        <suggestion>تولّى</suggestion>\n    \n        <suggestion>تقلّد</suggestion>\n      	تولّى|تقلّد
L	370	تولّى / تقلّد / الأمرَ بنفسه
L	371	جرد لون القميص
M	371	syntax_125_mobtadaa_nakira_4	5	0	14	Other	لا يجوز الابتداء بنكرة، فيتقدم الخبر شبه الجملة مثلا "كتاب ببيت العالم" تصبح  "ببيت  العالم كتاب"\n\n: <suggestion>لون القميص جرد</suggestion>\n\n      	لون القميص جرد
L	372	نَصَلَ لونُه
M	372	syntax_125_mobtadaa_nakira_3	4	0	12	Other	لا يجوز الابتداء بنكرة، فيتقدم الخبر شبه الجملة مثلا "كتاب  بالبيت" تصبح "بالبيت كتاب"\n\n: <suggestion>لونُه نَصَلَ</suggestion>\n\n      	لونُه نَصَلَ
L	373	حلقت ذقني
M	373	verb_244_HlqAHlq_dhqn	43	0	4	Hint	(الذقَن): مجتمع اللَّحْيَيْن من أسفلهما. (اللِّحية): شعر الخدَّين والذقَن\n        <suggestion>لِحية</suggestion>\n    \n      	لِحية
L	374	حلقتُ لِحيتي
L	375	داهمنا العدو
M	375	verb_245_dAhm_Edw	44	0	6	Hint	يفضل أن يقال:\n        <suggestion>دهمنا</suggestion>\n      	دهمنا
L	376	دَهَمَنا العدوُّ
L	377	داوله في الأمر
M	377	verb_246_dAwl_fy_Amr	45	0	5	Hint	(داوَل الشيءَ بينهم): جعله متداولاً، تارة لهؤلاء وتارة لهؤلاء\n        <suggestion>شاوره</suggestion>\n        <suggestion>باحثه</suggestion>\n      	شاوره|باحثه
L	378	شَاوَرَهُ / باحثَه في الأمرِ
L	379	دلف السقف
M	379	verb_247_dlf_sqf	46	0	3	Hint	(دَلَفَ الشيخُ): مشى مَشْياً بَطيئاً كمَن يَزحَف\n        <suggestion>وَكَفَ</suggestion>\n      	وَكَفَ
L	380	وَكَفَ السقفُ
L	381	دهسته السيارة
M	381	verb_248_dhs_syArt	47	0	5	Hint	يفضل أن يقال:\n        <suggestion>دعسته</suggestion>\n      	دعسته
L	382	دَعَسَتْهُ السيارةُ
L	383	رتا الثوب
M	383	verb_249_rtA_rthA_thwb	48	0	3	Hint	(رَتا الرجُلُ): خَطَا. (رَثاه): بَكاهُ وعَدَّدَ مَحاسِنَه\n        <suggestion>رفا</suggestion>\n        <suggestion>رفأ</suggestion>\n      	رفا|رفأ
L	384	رثا الثوب
M	384	verb_249_rtA_rthA_thwb	48	0	3	Hint	(رَتا الرجُلُ): خَطَا. (رَثاه): بَكاهُ وعَدَّدَ مَحاسِنَه\n        <suggestion>رفا</suggestion>\n        <suggestion>رفأ</suggestion>\n      	رفا|رفأ
L	385	رتوت الثوب
M	385	verb_249_rtA_rthA_thwb	48	0	4	Hint	(رَتا الرجُلُ): خَطَا. (رَثاه): بَكاهُ وعَدَّدَ مَحاسِنَه\n        <suggestion>رفوت</suggestion>\n        <suggestion>رفأت</suggestion>\n      	رفوت|رفأت
L	386	رثوت الثوب
M	386	verb_249_rtA_rthA_thwb	48	0	4	Hint	(رَتا الرجُلُ): خَطَا. (رَثاه): بَكاهُ وعَدَّدَ مَحاسِنَه\n        <suggestion>رفوت</suggestion>\n        <suggestion>رفأت</suggestion>\n      	رفوت|رفأت
L	387	يرتو الثوب
M	387	verb_249_rtA_rthA_thwb	48	0	4	Hint	(رَتا الرجُلُ): خَطَا. (رَثاه): بَكاهُ وعَدَّدَ مَحاسِنَه\n        <suggestion>يرفو</suggestion>\n        <suggestion>يرفأ</suggestion>\n      	يرفو|يرفأ
L	388	يرثو الثوب
M	388	verb_249_rtA_rthA_thwb	48	0	4	Hint	(رَتا الرجُلُ): خَطَا. (رَثاه): بَكاهُ وعَدَّدَ مَحاسِنَه\n        <suggestion>يرفو</suggestion>\n        <suggestion>يرفأ</suggestion>\n      	يرفو|يرفأ
L	389	يرت الثوب
M	389	verb_249_rtA_rthA_thwb	48	0	3	Hint	(رَتا الرجُلُ): خَطَا. (رَثاه): بَكاهُ وعَدَّدَ مَحاسِنَه\n        <suggestion>يرف</suggestion>\n        <suggestion>يرفأ</suggestion>\n      	يرف|يرفأ
L	390	يرث الثوب
M	390	verb_249_rtA_rthA_thwb	48	0	3	Hint	(رَتا الرجُلُ): خَطَا. (رَثاه): بَكاهُ وعَدَّدَ مَحاسِنَه\n        <suggestion>يرف</suggestion>\n        <suggestion>يرفأ</suggestion>\n      	يرف|يرفأ
L	391	رَفا الثوب أو رَفأَ الثوبَ
L	392	يرضخ لمشيئته
M	392	verb_251_rDkh_l	49	0	4	Hint	(رَضَخَ الشيءَ): كَسَرَه\n        <suggestion>يخضع</suggestion>\n        <suggestion>أذعن يذعن</suggestion>\n        <suggestion>عَنَا يَعْنو</suggestion>\n    \n      	يخضع|أذعن يذعن|عَنَا يَعْنو
L	393	خَضَعَ / أَذْعَنَ / عَنَا لمشيئته
L	394	سحب شكواه
M	394	verb_252_sHb_shkwa	50	0	3	Hint	(سحب الشيءَ): جَرَّهُ على وجه الأرض\n        <suggestion>اسْتَرَدّ</suggestion>\n    \n      	اسْتَرَدّ
L	395	اسْتَرَدَّ شكواه
L	396	شحنت البضاعة إلى السفينة
M	396	verb_254_shHn_bDAEt_2la	51	0	4	Hint	(شُحِنت السفينةُ بالبضاعة): مُلِئت بالبضاعة\n        <suggestion>حملت</suggestion>\n        <suggestion>نقلت</suggestion>\n      	حملت|نقلت
L	397	حُمِلَتْ البضاعةُ إلى السفينة
L	398	نُقِلَتْ البضاعةُ إلى السفينة
L	399	شعت الشمس
M	399	verb_255_shE_shms	52	0	3	Hint	(شعَّ): تفرَّق وانتشر\n        <suggestion>أَشَعّت</suggestion>\n      	أَشَعّت
L	400	أَشَعَّتِ الشمسُ
L	401	صلح أخطاء الكتاب
M	401	verb_256_SlH_AkhTA2	53	0	3	Hint	يفضل أن يقال:\n        <suggestion>صحّح</suggestion>\n      	صحّح
L	402	صَحَّحَ أخطاءَ الكتاب
L	403	صلح السيارة
M	403	verb_257_SlH_AlsyArt	95	0	3	Hint	يفضل أن يقال: أصلح السيارة بدلا من صلّحها.\n        <suggestion>أصلح</suggestion>\n      	أصلح
L	404	صلحتم السيارة
M	404	verb_257_SlH_AlsyArt	95	0	5	Hint	يفضل أن يقال: أصلح السيارة بدلا من صلّحها.\n        <suggestion>أصلحتم</suggestion>\n      	أصلحتم
L	405	أَصْلَحَ السيارةَ
L	406	يُصْلحون السيارةَ
L	407	غافل اللص الحارس ودخل البيت
M	407	verb_261_gAfl_lS	55	0	4	Hint	يفضل أن يقال:\n        <suggestion>تغفّل</suggestion>\n      	تغفّل
L	408	تغفَّلَ اللصُّ الحارسَ ودخلَ البيتَ
L	409	غطى المقال النقاط المطلوبة
M	409	verb_262_gTa_mqAl	56	0	3	Hint	يفضل أن يقال:\n        <suggestion>شمل</suggestion>\n      	شمل
M	409	AR_DIACRITICS_REPLACE		11	17	Other	نُقَط بضم النون|نِقَاط بكسر النون	النُّقَط|النِّقَاط
L	410	يغطي المقال النقاط المطلوبة
M	410	verb_262_gTa_mqAl	56	0	4	Hint	يفضل أن يقال:\n        <suggestion>يشمل</suggestion>\n      	يشمل
M	410	AR_DIACRITICS_REPLACE		12	18	Other	نُقَط بضم النون|نِقَاط بكسر النون	النُّقَط|النِّقَاط
L	411	لم يغط المقال النقاط المطلوبة
M	411	verb_262_gTa_mqAl	56	3	6	Hint	يفضل أن يقال:\n        <suggestion>يشمل</suggestion>\n      	يشمل
M	411	AR_DIACRITICS_REPLACE		14	20	Other	نُقَط بضم النون|نِقَاط بكسر النون	النُّقَط|النِّقَاط
L	412	شمل المقالُ النِّقاطَ المطلوبة
L	413	أحاطه علما
M	413	verb_200_AHATh_ElmA	57	0	5	Hint	(أحاط) فعلٌ لازم\n        <suggestion>أعلمه</suggestion>\n      	أعلمه
L	414	أَعْلَمَهُ
L	415	يحيطه علما
M	415	verb_200_AHATh_ElmA_2	58	0	5	Hint	(أحاط) فعلٌ لازم\n        <suggestion>يعلمه</suggestion>\n      	يعلمه
L	416	لم يحطه علما
M	416	verb_200_AHATh_ElmA_2	58	3	7	Hint	(أحاط) فعلٌ لازم\n        <suggestion>يعلمه</suggestion>\n      	يعلمه
L	417	يعْلَمَهُ
L	418	رشيت فلانا
M	418	verb_250_rshyt_flAnA	59	0	4	Hint	يفضل أن يقال:\n        <suggestion>رَشَوْت</suggestion>\n      	رَشَوْت
L	419	رَشَوْتُ فلاناً
M	419	typo_000_tanwin_nasb	1	9	15	Other	لأنه من الأخطاء الشائعة كتابة التنوين على الألف، والصحيح أن تُكتب على الحرف الذي قبل الألف؛ لأن التنوين نون ساكنة والألف ساكنة، فلا يجتمع ساكنان\n: <suggestion>فلانًا</suggestion>\n      	فلانًا
L	420	فلس التاجر
M	420	verb_265_fls_AltAjr	60	0	3	Hint	(فَلَّسَ القاضي التاجرَ): حَكَمَ بإفلاسه\n        <suggestion>أفلس</suggestion>\n      	أفلس
L	421	أَفْلَسَ التاجرُ
L	422	يفلس التاجرُ
L	423	قرف منه
M	423	syntax_125_mobtadaa_nakira_1	1	0	7	Other	لا يجوز الابتداء بنكرة، فيتقدم الخبر شبه الجملة مثلا "كتابان عندك" تصبح "عندك كتابان"\n\n: <suggestion>منه قرف</suggestion>\n\n      	منه قرف
L	424	اشْمَأَزَّ منه
L	425	يقرف منه
M	425	verb_266_qrf_mn_2	62	0	4	Hint	(قَرِفَ فلانٌ): دَانَى المرضَ\n        <suggestion>يشْمَئِزّ</suggestion>\n      	يشْمَئِزّ
L	426	يشمئز منه
L	427	قفل الباب، فهو مقفول
M	427	verb_267_qfl_AlbAb	63	0	3	Hint	(قَفَل): رجع من سَفره. (أقْفَلَ البابَ): أغْلَقَه بالقفل\n        <suggestion>أَقْفَل</suggestion>\n      	أَقْفَل
M	427	HUNSPELL_RULE_AR		11	20	UnknownWord	وُجد خطأ إملائي محتمل	فهوم قفول
L	428	أَقْفَلَ البابَ، فهو مُقْفَلٌ
L	429	يُقْفل البابَ، فهو مُقْفَلٌ
L	430	كرى البيت
M	430	verb_269_kra_Albyt	64	0	3	Hint	(كَرَى الأرضَ): حَفَرَهَا. (كَرِيَ الرجلُ): نَعَسَ أو نامَ\n        <suggestion>أكرى</suggestion>\n      	أكرى
L	431	كريت البيت
M	431	verb_269_kra_Albyt	64	0	4	Hint	(كَرَى الأرضَ): حَفَرَهَا. (كَرِيَ الرجلُ): نَعَسَ أو نامَ\n        <suggestion>أكريت</suggestion>\n      	أكريت
L	432	أَكْرَى البيتَ
L	433	كسر القانون
M	433	verb_270_ksr_AlqAnwn	65	0	3	Hint	يفضل أن يقال:\n        <suggestion>خالف</suggestion>\n      	خالف
L	434	خَالفَ القانونَ
L	435	لجم الجواد
M	435	verb_272_ljm_AljwAd	66	0	3	Hint	(لَجَمَ الثوبَ): خاطَه\n        <suggestion>ألجم</suggestion>\n      	ألجم
L	436	ألْجَمَ الجوادَ باللجام
L	437	لصق الورق بالصمغ
M	437	verb_273_lSq_Alwrq_bAlSmg	67	0	3	Hint	(لَصِقَ الشيءُ بغيره): لَزِقَ به. وهو فعلٌ لازم\n        <suggestion>أَلْصَق</suggestion>\n      	أَلْصَق
L	438	أَلْصَقَ الورقَ بالصمغِ
L	439	لغا خالد المشروع، فالمشروع لاغ
M	439	verb_274_lgA_AlmshrwE	68	0	3	Hint	(لغا الشيءُ): بَطَلَ، وهو فعلٌ لازم.. يقال: (بَطَلَ البيعُ، فالبيع باطلٌ/لاغٍ)\n        <suggestion>أَلْغَى</suggestion>\n      	أَلْغَى
L	440	أَلْغَى خالدٌ المشروعَ، فالمشروعُ مُلْغًى
L	441	لفظ فلان أنفاسه
M	441	verb_275_lfzh_AnfAsh	69	0	15	Hint	يفضل أن يقال:\n        <suggestion>انقضت أنفاسه</suggestion>\n        <suggestion>انقطعت أنفاسه</suggestion>\n      	انقضت أنفاسه|انقطعت أنفاسه
L	442	لفظت أنفاسي
M	442	verb_275_lfzh_AnfAsh	69	0	11	Hint	يفضل أن يقال:\n        <suggestion>انقضت أنفاسي</suggestion>\n        <suggestion>انقطعت أنفاسي</suggestion>\n      	انقضت أنفاسي|انقطعت أنفاسي
L	443	انقضتْ أنفاسُ فلان
L	444	انقطعتْ أنفاسُ فلان
L	445	نغز الدابة بعصاه
M	445	verb_277_ngz_AldAbt	70	0	3	Hint	يفضل أن يقال:\n        <suggestion>نخز</suggestion>\n      	نخز
L	446	نخز الدابةَ بعصاه
L	447	نفذ صبره
M	447	verb_278_nfdh_Sbrh	71	0	3	Hint	يفضل أن يقال:\n        <suggestion>نفد</suggestion>\n      	نفد
L	448	نَفِدَ صَبْرُهُ
L	449	هدس في الأمر
M	449	verb_280_hds_fy_AlAmr	72	0	12	Hint	يفضل أن يقال:\n        <suggestion>هجس الأمر في</suggestion>\n      	هجس الأمر في
L	450	هَجَسَ الأمرُ في صدره
L	451	وجد عليه
M	451	syntax_125_mobtadaa_nakira_1	1	0	8	Other	لا يجوز الابتداء بنكرة، فيتقدم الخبر شبه الجملة مثلا "كتابان عندك" تصبح "عندك كتابان"\n\n: <suggestion>عليه وجد</suggestion>\n\n      	عليه وجد
L	452	حَزِنَ عليه
M	452	syntax_125_mobtadaa_nakira_1	1	0	11	Other	لا يجوز الابتداء بنكرة، فيتقدم الخبر شبه الجملة مثلا "كتابان عندك" تصبح "عندك كتابان"\n\n: <suggestion>عليه حَزِنَ</suggestion>\n\n      	عليه حَزِنَ
L	453	وفى الكيل
M	453	verb_282_wfa_Alkyl	74	0	3	Hint	يفضل أن يقال:\n        <suggestion>أوفى</suggestion>\n      	أوفى
L	454	أَوْفَى الكيلَ
L	455	وقدت الحطب
M	455	verb_283_wqdt_AlHTb	75	0	4	Hint	يفضل أن يقال:\n        <suggestion>أوقدت</suggestion>\n      	أوقدت
L	456	أوْقَدْتُ الحطبَ
L	457	ولع النار
M	457	verb_284_wlE_AlnAr_2	77	0	3	Hint	(وَلَّع فلاناً به): أغراه\n        <suggestion>شعل</suggestion>\n        <suggestion>وقد</suggestion>\n      	شعل|وقد
L	458	أَشْعَلَ / أَوْقَدَ النارَ
L	459	يولع النار
M	459	verb_284_wlE_AlnAr_2	77	0	4	Hint	(وَلَّع فلاناً به): أغراه\n        <suggestion>يشعل</suggestion>\n        <suggestion>يوقد</suggestion>\n      	يشعل|يوقد
L	460	يشْعل النار/ يوْقَدَ النارَ
L	461	هذا العمل لا يتماشى مع القانون
M	461	grammar_0000_jar_plural	4	20	30	Other	:انتبه لحرف الجر فالجمع المذكر السالم  يُجَرّ بالياء\n        <suggestion>مع القانين</suggestion>\n      	مع القانين
L	462	هذا العمل لا يطابق / يجاري القانون هذا العمل لا يساير / يشايع القانون
M	462	grammar_0011_notjazem_lam_nafia	4	10	18	Other	\nالفرق بين لا الناهية ولا النافية، لا الناهية تأتي مع ضمائر المخاطب فقط. لذا فإن لا النافية لا تجزم الفعل المضارع أتقصد؟\n\n        <suggestion>لا يطابق</suggestion>\n\n      	لا يطابق
M	462	grammar_0011_notjazem_lam_nafia	4	45	53	Other	\nالفرق بين لا الناهية ولا النافية، لا الناهية تأتي مع ضمائر المخاطب فقط. لذا فإن لا النافية لا تجزم الفعل المضارع أتقصد؟\n\n        <suggestion>لا يساير</suggestion>\n\n      	لا يساير
L	463	يسري الحكم من أول الشهر
M	463	verb_286_ysry_AlHkm_mn	79	0	4	Hint	(سرى): سار ليلاً، دبّ تحت الأرض . قل نفُذ الحكم\n        <suggestion>ينفذ</suggestion>\n      	ينفذ
L	464	يَنْفُذُ الحُكْمُ من أول الشهر
L	465	هذه جرائم يطالها القانون
M	465	HUNSPELL_RULE_AR		4	16	UnknownWord	وُجد خطأ إملائي محتمل	جرائمي طالها
L	466	هذه جرائمُ يَطولُها القانون
L	467	يطهي الطعام
M	467	verb_288_yThy_AlTEAm	81	0	4	Hint	يفضل أن يقال:\n        <suggestion>يطهو</suggestion>\n      	يطهو
L	468	يَطْهُو الطعامَ طَهْواً وطَهْياً
M	468	typo_000_tanwin_nasb	1	16	23	Other	لأنه من الأخطاء الشائعة كتابة التنوين على الألف، والصحيح أن تُكتب على الحرف الذي قبل الألف؛ لأن التنوين نون ساكنة والألف ساكنة، فلا يجتمع ساكنان\n: <suggestion>طهوًا</suggestion>\n      	طهوًا
M	468	typo_000_tanwin_nasb	1	24	32	Other	لأنه من الأخطاء الشائعة كتابة التنوين على الألف، والصحيح أن تُكتب على الحرف الذي قبل الألف؛ لأن التنوين نون ساكنة والألف ساكنة، فلا يجتمع ساكنان\n: <suggestion>وطهيًا</suggestion>\n      	وطهيًا
L	469	يلعب دورا رئيسيا
M	469	verb_289_ylEb_dwrA_r2ysyA	82	0	4	Hint	يفضل أن يقال:\n        <suggestion>أدّى</suggestion>\n        <suggestion>يؤدّي</suggestion>\n        <suggestion>أدّت</suggestion>\n\n      	أدّى|يؤدّي|أدّت
M	469	typo_000_tanwin_nasb2	5	10	16	Hint	يستحسن وضع علامة التنوين أو الفتح للتفريق بين الاسم المنوّن وغيره\n: <suggestion>رئيسيًا</suggestion>\n: <suggestion>رئيسيَا</suggestion>\n      	رئيسيًا|رئيسيَا
L	470	يؤدي دوراً رئيسياً
M	470	typo_000_tanwin_nasb	1	5	10	Other	لأنه من الأخطاء الشائعة كتابة التنوين على الألف، والصحيح أن تُكتب على الحرف الذي قبل الألف؛ لأن التنوين نون ساكنة والألف ساكنة، فلا يجتمع ساكنان\n: <suggestion>دورًا</suggestion>\n      	دورًا
M	470	typo_000_tanwin_nasb	1	11	18	Other	لأنه من الأخطاء الشائعة كتابة التنوين على الألف، والصحيح أن تُكتب على الحرف الذي قبل الألف؛ لأن التنوين نون ساكنة والألف ساكنة، فلا يجتمع ساكنان\n: <suggestion>رئيسيًا</suggestion>\n      	رئيسيًا
L	471	العمل جيد لا ينقصه شيء
M	471	verb_290_ynqSh_shy2	83	13	18	Hint	يفضل أن يقال:  يُعْوِزٌه شيء\n        <suggestion>يُعْوِز</suggestion>\n        <suggestion>يعوزه</suggestion>\n      	يُعْوِز|يعوزه
L	472	العمل جيد لا يُعْوِزُهُ شيء
L	473	اختلى بها
M	473	verb_292_Akhtla_bhA	84	0	9	Hint	(اختلى البقلَ): احتشَّه؛ أي: انتزعه\n        <suggestion>خلا بها</suggestion>\n        <suggestion>خلا إليها</suggestion>\n        <suggestion>خلا معها</suggestion>\n\n      	خلا بها|خلا إليها|خلا معها
L	474	خَلا بها / إليها / معها
L	475	أخطره بالأمر
M	475	verb_293_AkhTr_b	85	0	5	Hint	يفضل أن يقال: أَنْذر بدلا من أخطر\n        <suggestion>أنذره</suggestion>\n      	أنذره
L	476	أنْذَرَهُ بكذا
L	477	صادق المجلس على القرار
M	477	verb_294_SAdq_Almjls_Ela_AlqrAr	86	0	4	Hint	يفضل أن يقال:\n        <suggestion>صدّق</suggestion>\n        <suggestion>أقرّ*</suggestion>\n        <suggestion>أجاز*</suggestion>\n      	صدّق|أقرّ*|أجاز*
L	478	صدّق / أقرّ / أجاز المجلسُ القرارَ
L	479	تاجر بالبضاعة
M	479	syntax_125_mobtadaa_nakira_3	4	0	13	Other	لا يجوز الابتداء بنكرة، فيتقدم الخبر شبه الجملة مثلا "كتاب  بالبيت" تصبح "بالبيت كتاب"\n\n: <suggestion>بالبضاعة تاجر</suggestion>\n\n      	بالبضاعة تاجر
L	480	اتَّجر في كذا
L	481	تاجر بها
M	481	syntax_125_mobtadaa_nakira_1	1	0	8	Other	لا يجوز الابتداء بنكرة، فيتقدم الخبر شبه الجملة مثلا "كتابان عندك" تصبح "عندك كتابان"\n\n: <suggestion>بها تاجر</suggestion>\n\n      	بها تاجر
L	482	اتَّجر في كذا
L	483	نخر السوس الخشب
M	483	verb_561_nkhr_Alsws_Alkhshb	89	0	9	Hint	(نَخِرَ) فعلٌ لازم. (نَخَر): صَوَّتَ بخياشيمه. (نَخَرَ الحالبُ الناقَةَ): دَلَكَ مَنْخِرَها بيدِهِ لِتَدِرّ\n        <suggestion>نَخِر</suggestion>\n      	نَخِر
L	484	نَخِرَ الخشبُ
L	485	نزف فلان
M	485	verb_562_nzf_flAn	90	0	8	Hint	(نَزَفَ الشيءُ): نَفِدَ وفَني. (نَزَفَ الدمُ فلاناً): أضعفَهُ بكثرة خروجه منه\n        <suggestion>نزف فلان دمًا</suggestion>\n      	نزف فلان دمًا
L	486	نَزَفَ فلانٌ دماً
M	486	typo_000_tanwin_nasb	1	13	17	Other	لأنه من الأخطاء الشائعة كتابة التنوين على الألف، والصحيح أن تُكتب على الحرف الذي قبل الألف؛ لأن التنوين نون ساكنة والألف ساكنة، فلا يجتمع ساكنان\n: <suggestion>دمًا</suggestion>\n      	دمًا
L	487	نعى وفاة صديقه
M	487	verb_564_nEa_wfAt	91	0	8	Hint	يفضل أن يقال: نعى فقط بدلا من نعى وفاة\n        <suggestion>نعى</suggestion>\n      	نعى
L	488	نَعَى صديقَه
L	489	عفاه من الوظيفة
M	489	verb_260_EfAh_mn_Alwzhyft	92	0	4	Hint	(عفا عنه): صَفَحَ عنه. (عفا الأثرُ): زال\n        <suggestion>أَعْفَى</suggestion>\n      	أَعْفَى
L	490	أَعْفَاهُ من الوظيفة
L	491	مزحت معه
M	491	verb_276_mzH_mE_2	94	0	8	Hint	(مزح خالدٌ مع سعيد) تعني أنهما مزحا معاً، لا أنّ خالداً هو المازِح. ولو شارك سعيدٌ في المزح لقلنا: تمازَحَا\n        <suggestion>مازحته</suggestion>\n      	مازحته
L	492	مَازَحْته
L	493	مزح خالد مع سعيد
M	493	verb_276_mzH_mE_2	94	0	11	Hint	(مزح خالدٌ مع سعيد) تعني أنهما مزحا معاً، لا أنّ خالداً هو المازِح. ولو شارك سعيدٌ في المزح لقلنا: تمازَحَا\n        <suggestion>مازح خالد</suggestion>\n      	مازح خالد
L	494	مزح معه سعيد
M	494	syntax_125_mobtadaa_nakira_1	1	0	7	Other	لا يجوز الابتداء بنكرة، فيتقدم الخبر شبه الجملة مثلا "كتابان عندك" تصبح "عندك كتابان"\n\n: <suggestion>معه مزح</suggestion>\n\n      	معه مزح
L	495	مَازَحَ خالدٌ سعيداً
M	495	typo_000_tanwin_nasb	1	14	20	Other	لأنه من الأخطاء الشائعة كتابة التنوين على الألف، والصحيح أن تُكتب على الحرف الذي قبل الألف؛ لأن التنوين نون ساكنة والألف ساكنة، فلا يجتمع ساكنان\n: <suggestion>سعيدًا</suggestion>\n      	سعيدًا
L	496	صلح السيارة
M	496	verb_257_SlH_AlsyArt	95	0	3	Hint	يفضل أن يقال: أصلح السيارة بدلا من صلّحها.\n        <suggestion>أصلح</suggestion>\n      	أصلح
L	497	أَصْلَحَ السيارةَ
L	498	يصلح السيارةَ
L	499	عداه بالمرض
M	499	verb_258_EdAh_bAlmrD	96	0	4	Hint	(عدا): جَرَى، وسَرَق، وجَاوَزَ وتَرَك، لذا قل:\n        <suggestion>أعدى*</suggestion>\n        <suggestion>أعداه*</suggestion>\n      	أعدى*|أعداه*
L	500	أَعْدَاهُ بالمرض
L	501	سرع العمل
M	501	verb_253_srE_AlEml	97	0	3	Hint	قل أسْرَعَ العمل بدلا من سرّعه.\n        <suggestion>أسرع</suggestion>\n      	أسرع
L	502	أسرَعَ العملَ
L	503	احتار في أمره
M	503	trans_383_AHtAr_fy	98	0	8	Hint	يفضل أن يقال:\n    \n\n        <suggestion>حار</suggestion>\n        <suggestion>تحير في</suggestion>\n\n\n      	حار|تحير في
L	504	تحيّرت في أمره
L	505	كبده عناء شديدا
M	505	verb_268_kbdh_EnA2_shdydA	99	0	4	Hint	(كبَّدَتِ الشمسُ السماءَ): صارت في وَسَطها\n        <suggestion>حمّله</suggestion>\n        <suggestion>جشّمه</suggestion>\n      	حمّله|جشّمه
M	505	typo_000_tanwin_nasb2	5	10	15	Hint	يستحسن وضع علامة التنوين أو الفتح للتفريق بين الاسم المنوّن وغيره\n: <suggestion>شديدًا</suggestion>\n: <suggestion>شديدَا</suggestion>\n      	شديدًا|شديدَا
L	506	جَشَّمَهُ عناءً شديداً
M	506	typo_000_tanwin_nasb	1	16	22	Other	لأنه من الأخطاء الشائعة كتابة التنوين على الألف، والصحيح أن تُكتب على الحرف الذي قبل الألف؛ لأن التنوين نون ساكنة والألف ساكنة، فلا يجتمع ساكنان\n: <suggestion>شديدًا</suggestion>\n      	شديدًا
L	507	حَمَّلَهُ عناءً شديداً
M	507	typo_000_tanwin_nasb	1	16	22	Other	لأنه من الأخطاء الشائعة كتابة التنوين على الألف، والصحيح أن تُكتب على الحرف الذي قبل الألف؛ لأن التنوين نون ساكنة والألف ساكنة، فلا يجتمع ساكنان\n: <suggestion>شديدًا</suggestion>\n      	شديدًا
L	508	ثلاثة طاولات
M	508	number_under_10_feminin	1	0	5	Other	أتقصد <suggestion>ثلاث</suggestion>؟\nالأعداد المفردة من ثلاثة إلى تسعة، تكون مذكرة قبل الأسماء المؤنثة.      قل ثلاث طالبات ولا تقل ثلاثة طالبات.\n      	ثلاث
L	509	أربعة طاولات
M	509	number_under_10_feminin	1	0	5	Other	أتقصد <suggestion>أربع</suggestion>؟\nالأعداد المفردة من ثلاثة إلى تسعة، تكون مذكرة قبل الأسماء المؤنثة.      قل ثلاث طالبات ولا تقل ثلاثة طالبات.\n      	أربع
L	510	أحد الطاولات
M	510	number_one_feminin	2	0	3	Other	أتقصد <suggestion>إحدى</suggestion>؟\nهل تقصد؟\n      	إحدى
L	511	أحد الشركات
M	511	number_one_feminin	2	0	3	Other	أتقصد <suggestion>إحدى</suggestion>؟\nهل تقصد؟\n      	إحدى
L	512	إحدى الشركات
L	513	إحدى المسافرون
M	513	number_one_masculine	3	0	4	Other	أتقصد <suggestion>أحد</suggestion>؟\n      	أحد
L	514	إحدى مدرسون
M	514	number_one_masculine	3	0	4	Other	أتقصد <suggestion>أحد</suggestion>؟\n      	أحد
L	515	أحد الأمور
M	515	number_one_feminin	2	0	3	Other	أتقصد <suggestion>إحدى</suggestion>؟\nهل تقصد؟\n      	إحدى
L	516	ثلاث عاملين
M	516	number_under_10_masculine	4	0	4	Other	أتقصد <suggestion>ثلاثة</suggestion>؟\nالأعداد المفردة من ثلاثة إلى تسعة، تكون مؤنثة قبل الأسماء المذكرة.  قل ثلاثة رجال، ولا تقل ثلاث رجال.\n      	ثلاثة
L	517	أربع سائلين
M	517	number_under_10_masculine	4	0	4	Other	أتقصد <suggestion>أربعة</suggestion>؟\nالأعداد المفردة من ثلاثة إلى تسعة، تكون مؤنثة قبل الأسماء المذكرة.  قل ثلاثة رجال، ولا تقل ثلاث رجال.\n      	أربعة
L	518	ثلاث عشر رجلا
M	518	number_13_19_masculine	5	0	8	Other	أتقصد <suggestion>ثلاثة عشر</suggestion>؟\nالأعداد المركبة من ثلاثة عشر إلى تسعة عشر، تكون مؤنثة الجزء الأول قبل الأسماء المذكرة.  قل ثلاثة عشر رجلا، ولا تقل ثلاث عشر رجلا.\n      	ثلاثة عشر
L	519	أربع عشرة أسدا
M	519	number_13_19_masculine	5	0	9	Other	أتقصد <suggestion>أربعة عشر</suggestion>؟\nالأعداد المركبة من ثلاثة عشر إلى تسعة عشر، تكون مؤنثة الجزء الأول قبل الأسماء المذكرة.  قل ثلاثة عشر رجلا، ولا تقل ثلاث عشر رجلا.\n      	أربعة عشر
L	520	ثلاثة عشرة رجلا
M	520	number_13_19_ten_masculine	6	0	10	Other	أتقصد <suggestion>ثلاثة عشر</suggestion>؟\nالأعداد المركبة من ثلاثة عشر إلى تسعة عشر، تكون مذكرة الجزء الثاني  قبل الأسماء المذكرة.    قل ثلاثة عشر رجلا، ولا تقل ثلاثة عشرة رجلا.\n      	ثلاثة عشر
L	521	إحدى عشر رجلا
M	521	number_11_masculine	7	0	8	Other	أتقصد <suggestion>أحد عشر</suggestion>؟\n\nالأعداد المركبة أحد عشر تطابق في النوع الأسماء المذكرة.     قل أحد عشر رجلا.\n      	أحد عشر
L	522	أحد عشرة طالبة
M	522	number_11_feminin	8	0	8	Other	أتقصد <suggestion>إحدى عشرة</suggestion>؟\n\nالأعداد المركبة إحدى عشرة تطابق في النوع الأسماء المؤنثة.   قل إحدى عشرة طالبة.\n      	إحدى عشرة
L	523	اثنتا عشر رجلا
M	523	number_12_masculine	9	0	9	Other	أتقصد <suggestion>اثنا عشر</suggestion><suggestion>اثني عشر</suggestion>؟\n\nالأعداد المركبة اثنا عشر تطابق في النوع الأسماء المذكرة.    قل اثنا عشر رجلا.\n      	اثنا عشر|اثني عشر
L	524	اثنتا عشرة أسدا
M	524	number_12_masculine	9	0	10	Other	أتقصد <suggestion>اثنا عشر</suggestion><suggestion>اثني عشر</suggestion>؟\n\nالأعداد المركبة اثنا عشر تطابق في النوع الأسماء المذكرة.    قل اثنا عشر رجلا.\n      	اثنا عشر|اثني عشر
L	525	اثنا عشرة طالبة
M	525	number_12_feminin	10	0	9	Other	أتقصد <suggestion>اثنتا عشرة</suggestion><suggestion>اثنتي عشرة</suggestion>؟\n\nالأعداد المركبة اثنتا عشرة تطابق في النوع الأسماء المؤنثة.  قل اثنتا عشرة طالبة.\n      	اثنتا عشرة|اثنتي عشرة
L	526	ثلاثة عشر طالبة
M	526	number_13_19_feminin	11	0	9	Other	أتقصد <suggestion>ثلاث عشرة</suggestion>؟\nالأعداد المركبة من ثلاثة عشر إلى تسعة عشر، تكون مذكرة الجزء الأول قبل الأسماء المؤنثة.  قل ثلاث عشرة طالبة، ولا تقل ثلاثة عشر طالبة.\n      	ثلاث عشرة
L	527	أربعة عشرة مكتبة
M	527	number_13_19_feminin	11	0	10	Other	أتقصد <suggestion>أربع عشرة</suggestion>؟\nالأعداد المركبة من ثلاثة عشر إلى تسعة عشر، تكون مذكرة الجزء الأول قبل الأسماء المؤنثة.  قل ثلاث عشرة طالبة، ولا تقل ثلاثة عشر طالبة.\n      	أربع عشرة
L	528	ثلاث عشر طالبة
M	528	number_13_19_ten_feminin	12	0	8	Other	أتقصد <suggestion>ثلاث عشرة</suggestion>؟\nالأعداد المركبة من ثلاثة عشر إلى تسعة عشر، تكون مؤنثة الجزء الثاني  قبل الأسماء المؤنثة.    قل ثلاث عشرة طالبة، ولا تقل ثلاث عشر طالبة.\n      	ثلاث عشرة
L	529	ثلاثة وعشرون رجلا
M	529	number_21to99_masculine	13	0	12	Other	أتقصد <suggestion>ثلاث وعشرون</suggestion>؟\nالأعداد المعطوفة من 21 إلى 99، تكون مطابقة في التأنيث والتذكير للمعدود.\n      	ثلاث وعشرون
L	530	تسعة وأربعين أسدا
M	530	number_21to99_masculine	13	0	12	Other	أتقصد <suggestion>تسع وأربعين</suggestion>؟\nالأعداد المعطوفة من 21 إلى 99، تكون مطابقة في التأنيث والتذكير للمعدود.\n      	تسع وأربعين
M	530	number_number_accord	1	13	17	Other	أتقصد <suggestion></suggestion>؟\nالأعداد المركبة والمعطوفة من 11 إلى 19 من 21 إلى 99، معدودها مفرد، قل  "خمسة وعشرون رجلا" ولا تقل  "خمسة وعشرون رجالا".\n      	
L	531	اثنتان وعشرون رجلا
M	531	number_22to92_masculine	14	0	13	Other	أتقصد <suggestion>اثنان وعشرون</suggestion><suggestion>اثنين وعشرين</suggestion>؟\nالأعداد المعطوفة من 21 إلى 99، تكون مطابقة في التأنيث والتذكير للمعدود.\n      	اثنان وعشرون|اثنين وعشرين
L	532	ثلاث وعشرون طالبة
M	532	number_21to99_feminin	15	0	11	Other	أتقصد <suggestion>ثلاثة وعشرون</suggestion>؟\nالأعداد المعطوفة من 21 إلى 99، تكون مطابقة في التأنيث والتذكير للمعدود.\n      	ثلاثة وعشرون
L	533	تسع وأربعين طاولة
M	533	number_21to99_feminin	15	0	11	Other	أتقصد <suggestion>تسعة وأربعين</suggestion>؟\nالأعداد المعطوفة من 21 إلى 99، تكون مطابقة في التأنيث والتذكير للمعدود.\n      	تسعة وأربعين
L	534	اثنان وعشرون طالبة
M	534	number_22to92_feminin	16	0	12	Other	أتقصد <suggestion>اثنتان وعشرون</suggestion><suggestion>اثنتين وعشرين</suggestion>؟\nالأعداد المعطوفة من 21 إلى 99، تكون مطابقة في التأنيث والتذكير للمعدود.\n      	اثنتان وعشرون|اثنتين وعشرين
L	535	بثلاث وعشرون طالبة
M	535	number_21to99_majrour	17	0	12	Other	أتقصد <suggestion>بثلاث وعشرين</suggestion>؟\nالأعداد المعطوفة من 21 إلى 99، تجر العقود بالياء والنون قل بخمسة وعشرين ولا تقل بخمسة وعشرون.\n      	بثلاث وعشرين
L	536	لتسعة وأربعون طاولة
M	536	number_21to99_majrour	17	0	13	Other	أتقصد <suggestion>لتسعة وأربعين</suggestion>؟\nالأعداد المعطوفة من 21 إلى 99، تجر العقود بالياء والنون قل بخمسة وعشرين ولا تقل بخمسة وعشرون.\n      	لتسعة وأربعين
L	537	من ثلاث وعشرون طالبة
M	537	number_21to99_majrour_separate_jar	1	3	14	Other	أتقصد <suggestion>ثلاث وعشرين</suggestion>؟\nالأعداد المعطوفة من 21 إلى 99، تجر العقود بالياء والنون قل  "في خمسة وعشرين" ولا تقل  "في خمسة وعشرون".\n      	ثلاث وعشرين
L	538	على تسعة وأربعون طاولة
M	538	number_21to99_majrour_separate_jar	1	4	16	Other	أتقصد <suggestion>تسعة وأربعين</suggestion>؟\nالأعداد المعطوفة من 21 إلى 99، تجر العقود بالياء والنون قل  "في خمسة وعشرين" ولا تقل  "في خمسة وعشرون".\n      	تسعة وأربعين
L	539	من ثلاث وعشرين طالبات
M	539	number_number_accord	1	15	21	Other	أتقصد <suggestion></suggestion>؟\nالأعداد المركبة والمعطوفة من 11 إلى 19 من 21 إلى 99، معدودها مفرد، قل  "خمسة وعشرون رجلا" ولا تقل  "خمسة وعشرون رجالا".\n      	
L	540	يبدو في الثلاثينات من عمره
M	540	worduse_0001	1	8	18	Other	يفضل أن يقال:\n        <suggestion>الثلاثينيات</suggestion>\n      	الثلاثينيات
L	541	والثلاثينات من عمره
M	541	worduse_0001	1	0	11	Other	يفضل أن يقال:\n        <suggestion>والثلاثينيات</suggestion>\n      	والثلاثينيات
L	542	وقع مؤخرا
M	542	typo_000_tanwin_nasb2	5	4	9	Hint	يستحسن وضع علامة التنوين أو الفتح للتفريق بين الاسم المنوّن وغيره\n: <suggestion>مؤخرًا</suggestion>\n: <suggestion>مؤخرَا</suggestion>\n      	مؤخرًا|مؤخرَا
L	543	إمارة الشيء
M	543	worduse_0003_إمارة	3	0	5	Other	يفضل أن يقال:\n        <suggestion>أمارة</suggestion> إذا تقصد العلامة مثل أمارة الشيء. أمّا (الإمارة): منصب الأمير، والأرض التي يملكها الأمير	أمارة
L	544	هل أنت متأكد؟
M	544	word_use_0005_muta2akid	4	7	12	Other	يفضل أن يقال:\n        <suggestion>متحقِّق</suggestion>\n        <suggestion>متيقِّن</suggestion>\nمتيقن أو متحقق بدلا من متأكد	متحقِّق|متيقِّن
L	545	هاتان المرأتان ذاتا مكانة عالية
M	545	worduse_0006_dhata	5	15	19	Other	(ذاتا) لا تصح إلا في الشعر\n        <suggestion>ذواتا</suggestion>\n      	ذواتا
L	546	هاتان المرأتان ذواتا مكانةٍ عالية
L	547	موقف خطير
M	547	worduse_0007_khatir	6	5	9	Other	(الخطير): الرفيعُ المقام. (الخطورة): عِظَمُ الشَّأْن والمنزلة\n        <suggestion>شديد الْخَطَر</suggestion>\n        <suggestion>يُنذِرُ بالخطر</suggestion>\n        <suggestion>محفوف بالخطر</suggestion>\n      	شديد الْخَطَر|يُنذِرُ بالخطر|محفوف بالخطر
L	548	موقفٌ يُنْذِرُ / محفوف بالْخَطَر
L	549	موقف ذو خطورة
M	549	worduse_0008_dho_khotora	7	5	13	Other	(الخطير): الرفيعُ المقام. (الخطورة): عِظَمُ الشَّأْن والمنزلة\n        <suggestion>شديد الْخَطَر</suggestion>\n        <suggestion>يُنذِرُ بالخطر</suggestion>\n        <suggestion>محفوف بالخطر</suggestion>\n      	شديد الْخَطَر|يُنذِرُ بالخطر|محفوف بالخطر
L	550	موقفٌ يُنْذِرُ / محفوف بالْخَطَر
L	551	خمارة
M	551	worduse_0009_khammara	8	0	5	Other	(الخمّارة): بائعةُ الخمر\n        <suggestion>مَخْمَرَة</suggestion>\n        <suggestion>حانة</suggestion>\n      	مَخْمَرَة|حانة
L	552	الْمَخْمَرَة / الحانة
L	553	انذهل فلان
M	553	worduse_0013_indhahala	9	0	5	Other	يفضل أن يقال:\n        <suggestion>ذهل</suggestion>\n      	ذهل
L	554	ذَهِلَ فلانٌ
L	555	وهذه الأرقام تبين انعكاس فقدان الأمن على الحالة الاقتصادية
M	555	worduse_0014_in3ikas	10	18	24	Other	يفضل أن يقال:\n        <suggestion>أثر</suggestion>\n      	أثر
L	556	وهذه الأرقام تبيّن أثر فقدان الأمن على الحالة الاقتصادية
L	557	اشتراه بأكمله
M	557	worduse_0016_biAkmalihi	11	7	13	Other	يفضل أن يقال:\n        <suggestion>كُلََّه</suggestion>\n        <suggestion>جميعه</suggestion>\n        <suggestion>بِرُمَّته</suggestion>\n      	كُلََّه|جميعه|بِرُمَّته
L	558	اشتراهُ كُلَّه / جَميعَه / برُمَّته
L	559	تحمم فلان
M	559	worduse_0017_tahammama	12	0	4	Other	(تَحَمَّمَ): اسودَّ\n        <suggestion>استَحَمَّ</suggestion>\n      	استَحَمَّ
L	560	استَحَمَّ فلانٌ
L	561	هذه القواعد تشكل محور البحث
M	561	worduse_0042_yushakilu	30	12	16	Other	(شَكَّل): صَوَّرَ، وألَّفَ، وقَيَّدَ\n        <suggestion></suggestion>\n      	
L	562	هذه القواعد هي محور البحث
L	563	تصامم عن الحديث
M	563	worduse_0019_tasamama	14	0	5	Other	يلازم الفعلُ المضعَّفُ الإدغامَ ما لم يتصلْ بضميرِ رفعٍ متحرِّك، نحو: تَصَامَمْتُ\n        <suggestion>تَصَامَّ عن الحديث</suggestion>\n      	تَصَامَّ عن الحديث
L	564	تَصَامَّ عن الحديث
L	565	تطمين الناس
M	565	worduse_0020_tatmin	15	0	5	Other	الفعل هو: (طمأن)، لا: (طَمَّنَ)\n        <suggestion>طَمأَنَة</suggestion>\n      	طَمأَنَة
L	566	طَمأَنَةُ الناسِ
L	567	ثم إن الرقابة تعكس خوف السلطة
M	567	AR_DIACRITICS_REPLACE		6	13	Other	الرِّقابة بكسر الرّاء معناها الحراسة والمراقبة	الرِّقابة
M	567	worduse_0021_ta3kisu	16	14	18	Other	يفضل أن يقال:\n        <suggestion>تظهر</suggestion>\n        <suggestion>تفضح</suggestion>\n      	تظهر|تفضح
L	568	ثم إن الرقابة تُظهِر خوف السلطة/ ثم إن الرقابة تفضح خوف السلطة
M	568	AR_DIACRITICS_REPLACE		6	13	Other	الرِّقابة بكسر الرّاء معناها الحراسة والمراقبة	الرِّقابة
M	568	AR_DIACRITICS_REPLACE		39	46	Other	الرِّقابة بكسر الرّاء معناها الحراسة والمراقبة	الرِّقابة
L	569	تقع دمشق جنوبي حلب
M	569	worduse_0022_janobi	17	9	14	Other	(جنوبيّ المدينة): في الجهة الجنوبية داخل المدينة. (جنوب المدينة): في الجهة الجنوبية خارج المدينة\n        <suggestion>جنوبَ</suggestion>\n      	جنوبَ
L	570	تقع دمشقُ جنوبَ حلب
L	571	فعله خصيصا لك
M	571	worduse_0023_khessisan	18	5	10	Other	يفضل أن يقال:\n        <suggestion>خِصِّيصَى</suggestion>\n        <suggestion>خاصاً</suggestion>\n      	خِصِّيصَى|خاصاً
L	572	فَعَلَهُ خِصِّيصَى لك / فَعَلَهُ خاصاً بك
M	572	HUNSPELL_RULE_AR		9	18	UnknownWord	وُجد خطأ إملائي محتمل	خصيصي|حضيضي|جصيصي|خصيصة|خصيصا|خصيص|خصيصه|خصيصك
M	572	typo_000_tanwin_nasb	1	33	38	Other	لأنه من الأخطاء الشائعة كتابة التنوين على الألف، والصحيح أن تُكتب على الحرف الذي قبل الألف؛ لأن التنوين نون ساكنة والألف ساكنة، فلا يجتمع ساكنان\n: <suggestion>خاصًا</suggestion>\n      	خاصًا
L	573	فلان خلوق
M	573	worduse_0025_khalooq	19	5	9	Other	(الخَلُوق): الطِّيب\n        <suggestion>حَسَنُ الخُلُق</suggestion>\n      	حَسَنُ الخُلُق
L	574	فلانٌ حَسَنُ الخُلُق
L	575	يحبها رغم كرهها له
M	575	worduse_0027_raghma	20	6	9	Other	يفضل أن يقال:\n        <suggestion>على الرغْم</suggestion>\n        <suggestion>بالرغْم</suggestion>\n        <suggestion>على</suggestion>\n        <suggestion>مع</suggestion>\n      	على الرغْم|بالرغْم|على|مع
L	576	يحبها على الرغْم / بالرغْم من كرهها له
L	577	نقلت رفاة الجندي
M	577	worduse_0028_rafah	21	5	9	Other	(رفات) اسمٌ مفردٌ مذَّكر\n        <suggestion>رُفاتُ</suggestion>\n      	رُفاتُ
L	578	نُقِلَ رُفاتُ الجندي
L	579	شوى اللحم شويا
M	579	worduse_0029_shawyan	22	10	14	Other	تُقْلَبُ الواوُ في مصدر اللفيف المقرون ياءً، وتُدْغَمُ في الياءِ التي تليها\n        <suggestion>شَيًّا</suggestion>\n      	شَيًّا
L	580	شَوَى اللحمَ شَيًّا
L	581	عرايا
M	581	worduse_0030_3araya	23	0	5	Other	(عارٍ) جَمْعُهُ (عُراة)، و(عارية) جمعُها (عاريات)، و(عُرْيانة) جمعُها (عُرْيانات)\n        <suggestion>عُرْيانُون</suggestion>\n      	عُرْيانُون
L	582	عُرْيانُون
M	582	HUNSPELL_RULE_AR		0	10	UnknownWord	وُجد خطأ إملائي محتمل	عيانون|عريانهن|عريانكن|عريانان|عريانين|عري انون|عريا نون|عريان ون|عريان
L	583	سافر لوحده
M	583	syntax_125_mobtadaa_nakira_3	4	0	10	Other	لا يجوز الابتداء بنكرة، فيتقدم الخبر شبه الجملة مثلا "كتاب  بالبيت" تصبح "بالبيت كتاب"\n\n: <suggestion>لوحده سافر</suggestion>\n\n      	لوحده سافر
L	584	سَافَرَ وَحْدَهُ
L	585	محلات
M	585	worduse_0033_mahalat	25	0	5	Other	(مَحَلاَّت) جَمْعُ (مَحَلَّة)، لا جَمْع (مَحَلّ)\n        <suggestion>مَحَالّ</suggestion>\n      	مَحَالّ
L	586	مَحَالّ
L	587	ضربه على نافوخه
M	587	worduse_0037_nafoukh	26	9	15	Other	يفضل أن يقال:\n        <suggestion>يَافُوخه</suggestion>\n      	يَافُوخه
L	588	ضَرَبَهُ على يَافُوخِه
L	589	فلان نشط
M	589	worduse_0038_nashet	27	5	8	Other	يفضل أن يقال:\n        <suggestion>نشيطٌ</suggestion>\n        <suggestion>ناشطٌ</suggestion>\n      	نشيطٌ|ناشطٌ
L	590	فلانٌ نشيطٌ / ناشطٌ
L	591	سنتبع سياسة الترغيب والتي ستكون..
M	591	worduse_0040_wallati	28	20	25	Other	يفضل أن يقال:\n        <suggestion>التي</suggestion>\n      	التي
M	591	ARABIC_DOUBLE_PUNCTUATION		31	33	Other	نقطتان متتابعتان	.|…
L	592	سنتبع سياسة الترغيب التي ستكون..
M	592	gender_0010_alladhi	1	12	24	Other	هل تقصد <suggestion>الترغيب الذي</suggestion>?\n      	الترغيب الذي
M	592	ARABIC_DOUBLE_PUNCTUATION		30	32	Other	نقطتان متتابعتان	.|…
L	593	سيبدأ قريبا الفصل الدراسي الثاني والذي مدته ثلاثة أشهر
M	593	typo_000_tanwin_nasb2	5	6	11	Hint	يستحسن وضع علامة التنوين أو الفتح للتفريق بين الاسم المنوّن وغيره\n: <suggestion>قريبًا</suggestion>\n: <suggestion>قريبَا</suggestion>\n      	قريبًا|قريبَا
M	593	worduse_0041_walladhi	29	33	38	Other	يفضل أن يقال:\n        <suggestion>الذي</suggestion>\n      	الذي
M	593	number_under_10_feminin	1	44	49	Other	أتقصد <suggestion>ثلاث</suggestion>؟\nالأعداد المفردة من ثلاثة إلى تسعة، تكون مذكرة قبل الأسماء المؤنثة.      قل ثلاث طالبات ولا تقل ثلاثة طالبات.\n      	ثلاث
L	594	سيبدأ قريباً الفصل الدراسي الثاني الذي مدته ثلاثة أشهر
M	594	typo_000_tanwin_nasb	1	6	12	Other	لأنه من الأخطاء الشائعة كتابة التنوين على الألف، والصحيح أن تُكتب على الحرف الذي قبل الألف؛ لأن التنوين نون ساكنة والألف ساكنة، فلا يجتمع ساكنان\n: <suggestion>قريبًا</suggestion>\n      	قريبًا
M	594	number_under_10_feminin	1	44	49	Other	أتقصد <suggestion>ثلاث</suggestion>؟\nالأعداد المفردة من ثلاثة إلى تسعة، تكون مذكرة قبل الأسماء المؤنثة.      قل ثلاث طالبات ولا تقل ثلاثة طالبات.\n      	ثلاث
L	595	الفدائيون يشكلون خطرا عليهم
M	595	worduse_0042_yushakilu	30	10	16	Other	(شَكَّل): صَوَّرَ، وألَّفَ، وقَيَّدَ\n        <suggestion></suggestion>\n      	
L	596	الفدائيون خطرٌ عليهم
L	597	يرجى الإطلاع
M	597	worduse_0043_ittila3	31	5	12	Other	يفضل أن يقال:\n        <suggestion>الاطّلاع</suggestion>\n      	الاطّلاع
L	598	يرجى الاطّلاع
L	599	اضطرد الأمر
M	599	worduse_0044_idhTarada	32	0	5	Other	الفعل هو: (طرد)، لا: (ضرد)\n        <suggestion>اطَّرَدَ</suggestion>\n      	اطَّرَدَ
L	600	اطَّرَدَ الأمرُ
L	601	أنا ممتن لك
M	601	worduse_0047_mumtan_mamnoun	33	4	8	Other	(الممنون): المقطوع.(امْتنَّ عليه): ذكّره بنعمته عليه وآذاه بمَنِّهِ\n        <suggestion>شَاكِر</suggestion> لك\n      	شَاكِر
L	602	أنا ممنون لك
M	602	worduse_0047_mumtan_mamnoun	33	4	9	Other	(الممنون): المقطوع.(امْتنَّ عليه): ذكّره بنعمته عليه وآذاه بمَنِّهِ\n        <suggestion>شَاكِر</suggestion> لك\n      	شَاكِر
L	603	أنا شَاكِرٌ لك
L	604	الضرائب المجباة
M	604	worduse_0050_mujbat	34	8	15	Other	الفعل هو: (جَبَى)، لا: (أجْبَى)\n        <suggestion>المَجْبِيَّة</suggestion>\n      	المَجْبِيَّة
L	605	الضرائبُ المَجْبِيَّةُ
L	606	الموظفون المندبون
M	606	worduse_0051_mundaboun	35	9	17	Other	يفضل أن يقال:\n        <suggestion>المَنْدُوبون</suggestion>\n        <suggestion>المُنْتدَبون</suggestion>\n      	المَنْدُوبون|المُنْتدَبون
L	607	الموظفون الْمَنْدُوبون / الْمُنْتدَبون
L	608	باب موصود
M	608	worduse_0053_mousoud	36	4	9	Other	(وَصَدَ الشيءُ): ثَبَتَ\n        <suggestion>مُوصَد</suggestion>\n      	مُوصَد
L	609	بابٌ مُوصَدٌ
L	610	حلية مصاغة
M	610	worduse_0055_misaghat	37	5	10	Other	الفعل هو: (صاغ)، لا: (أصاغ)\n        <suggestion>مَصُوغَة</suggestion>\n      	مَصُوغَة
L	611	حليةٌ مَصُوغَةٌ
L	612	فلان مشبوه .
M	612	oneword_0559_mshbwh___mshbwh_fyh	38	5	10	Other	يفضل أن يقال:\n        <suggestion>مُشْتَبَه فيه</suggestion>\n      	مُشْتَبَه فيه
M	612	ARABIC_SC_WHITESPACE		10	12	Other	لا تضع فراغا قبل النقطة.	.
L	613	فلان مشتبه فيه
L	614	فلان مشبوه فيه .
M	614	oneword_0559_mshbwh_mshbwh_fyh_2	39	5	14	Other	يفضل أن يقال:\n        <suggestion>مُشْتَبَه فيه</suggestion>\n      	مُشْتَبَه فيه
M	614	ARABIC_SC_WHITESPACE		14	16	Other	لا تضع فراغا قبل النقطة.	.
L	615	فلان مشتبه فيه
L	616	‎هذه التصرفات هي ‎‎ مؤشرات لكذا
M	616	worduse_0056_muAshirat	1	20	26	Other	 إذ أن "المُؤّشَّر" تعني: كل شيء مرقق.\n        <suggestion>إشارات</suggestion>\n        <suggestion>علامات</suggestion>\n        <suggestion>شواهد</suggestion>\n        <suggestion>دلائل</suggestion>\n      	إشارات|علامات|شواهد|دلائل
L	617	‎إن‎ مشوار العلم طويل
M	617	worduse_0057_mishwar	2	5	10	Other	 كلمة مشوار لم ترد بهذا المعنى،\n        من الشائع التلفظ: بكلمة مشوار\n        وينبغي أن يحل محلها: طريق، أو مسار، أو نزهة، أو ما يقوم مقامها\n        كلمة مشوار لأنها لم ترد عن العرب بهذا المعنى.\n        <suggestion>طريق</suggestion>\n        <suggestion>مسار</suggestion>\n        <suggestion>نزهة</suggestion>\n      	طريق|مسار|نزهة
L	618	‎ذهبنا في ‎ مشوار
M	618	worduse_0057_mishwar	2	12	17	Other	 كلمة مشوار لم ترد بهذا المعنى،\n        من الشائع التلفظ: بكلمة مشوار\n        وينبغي أن يحل محلها: طريق، أو مسار، أو نزهة، أو ما يقوم مقامها\n        كلمة مشوار لأنها لم ترد عن العرب بهذا المعنى.\n        <suggestion>طريق</suggestion>\n        <suggestion>مسار</suggestion>\n        <suggestion>نزهة</suggestion>\n      	طريق|مسار|نزهة
L	619	‎إن‎ المشوار طويل
M	619	worduse_0057_mishwar	2	5	12	Other	 كلمة مشوار لم ترد بهذا المعنى،\n        من الشائع التلفظ: بكلمة مشوار\n        وينبغي أن يحل محلها: طريق، أو مسار، أو نزهة، أو ما يقوم مقامها\n        كلمة مشوار لأنها لم ترد عن العرب بهذا المعنى.\n        <suggestion>الطريق</suggestion>\n        <suggestion>المسار</suggestion>\n        <suggestion>النزهة</suggestion>\n      	الطريق|المسار|النزهة
L	620	‎اشترت أمي ‎‎ ماكينة خياطة
M	620	worduse_0058_machine	3	14	20	Other	\n        المكنة: جهاز تديره اليد أو الرِّجل أو قوة خارجية كالكهرباء، وجمعها "مَكِنات"\n        <suggestion>مَكِنَة</suggestion>\n      	مَكِنَة
L	621	للبلاد إمكانيات هائلة.
M	621	worduse_0059_Imkaniyat	4	7	15	Other	\n        ويفضل أن يقال إمكانات بدلا عن إمكانيات.\n\n        <suggestion>إمكانات</suggestion>\n      	إمكانات
L	622	تتواجد المادة في الكون
M	622	worduse_0060_twajd	5	0	6	Other	\n        ويفضل أن يقال: وجد يوجد،\n        لأن تَواجَدَ فلانٌ: أي تظاهر بالوجْد. والوجْد: هو الحُب الشديد أو الحزن. (مصدر)\n\n        <suggestion>توجد</suggestion>\n      	توجد
L	623	فعل ذلك‎‎ مسبقا
M	623	typo_000_tanwin_nasb2	5	10	15	Hint	يستحسن وضع علامة التنوين أو الفتح للتفريق بين الاسم المنوّن وغيره\n: <suggestion>مسبقًا</suggestion>\n: <suggestion>مسبقَا</suggestion>\n      	مسبقًا|مسبقَا
L	624	‎أنا أكلت، ‎‎ وبالتالي أنا شبعت.
M	624	worduse_0062_wabittali	7	14	22	Other	 (بالتالي) هي جملة ركيكة، ومن الأفضل أن يحلّ محلّها ما يناسب المقام مما يلي:\n\n        <suggestion>ثَمّ</suggestion>\n        <suggestion>لذا</suggestion>\n        <suggestion>وعلى هذا</suggestion>\n        <suggestion>وبذلك</suggestion>\n        <suggestion>إذن</suggestion>\n        <suggestion>أيْ</suggestion>\n        <suggestion>ثَمَّ يتّضح</suggestion>\n        <suggestion>نجد أنّ</suggestion>\n        <suggestion> نرى أنّ</suggestion>\n      	ثَمّ|لذا|وعلى هذا|وبذلك|إذن|أيْ|ثَمَّ يتّضح|نجد أنّ| نرى أنّ
L	625	أنت بمثابة أبي.
M	625	worduse_0063_bmathabati	8	4	10	Other	\n        ويفضل أن يقال بمنزلة، تقوم مقام.\n\n        <suggestion>بمنزلة</suggestion>\n        <suggestion>تقوم مقام</suggestion>\n        <suggestion></suggestion>\n      	بمنزلة|تقوم مقام|
L	626	هذه الأداة بمثابة حاسوب.
M	626	worduse_0063_bmathabati	8	11	17	Other	\n        ويفضل أن يقال بمنزلة، تقوم مقام.\n\n        <suggestion>بمنزلة</suggestion>\n        <suggestion>تقوم مقام</suggestion>\n        <suggestion></suggestion>\n      	بمنزلة|تقوم مقام|
L	627	د عدم إجابتكم بمثابة موافقةٍ.
M	627	worduse_0063_bmathabati	8	14	20	Other	\n        ويفضل أن يقال بمنزلة، تقوم مقام.\n\n        <suggestion>بمنزلة</suggestion>\n        <suggestion>تقوم مقام</suggestion>\n        <suggestion></suggestion>\n      	بمنزلة|تقوم مقام|
L	628	a كانت نتيجة الاستبيان مخيبة.
M	628	HUNSPELL_RULE_AR		0	1	UnknownWord	وُجد خطأ إملائي محتمل	ذ|ض|ص|ث|ق|ف|غ|ع|ه|خ|ح|ج|د|ط|ك
M	628	worduse_0064_istbyan	9	13	22	Other	\n        ويفضل أن يقال استبانة بدلا من استبيان.\n\n        لأن مصدر استبان استبانة، مثل استقام استقامة.\n\n        <suggestion>الاستبانة</suggestion>\n      	الاستبانة
L	629	كان الطبيب الأخصائي ماهرا
M	629	worduse_0065_akhiSaI	10	11	19	Other	\n        ويفضل أن يقال اختصاصي.\n        <suggestion>الاختصاصي</suggestion>\n      	الاختصاصي
L	630	الطقوس الدينية
M	630	worduse_0066_toqos	11	0	6	Other	\n        ويفضل أن يقال: شعائر فلا وجود لطقوس في اللغة العربية.\n        <suggestion>الشعائر</suggestion>\n\n      	الشعائر
L	631	تصنف هذه الأنواع بحسب مصادر الطاقة
M	631	worduse_0067_bihasabi	12	17	21	Other	\n        ويفضل أن يقال:\n        <suggestion>حَسَبَ</suggestion>\n        <suggestion>تَبَعاً لـِ</suggestion>\n        <suggestion>طِبْقاً لـِ</suggestion>\n        <suggestion>وَفْقاً لـِ</suggestion>\n        <suggestion>بمقتضى</suggestion>\n        <suggestion>بمُوْجب</suggestion>\n        <suggestion>بناءً على</suggestion>\n        <suggestion>استناداً إلى</suggestion>\n        <suggestion>عملاً بـ</suggestion>\n        <suggestion>انطلاقاً من</suggestion>\n        (ترجمة غير صحيحة لـ According to)\n        حَسَبُ الشيءِ: قَدْرُه وعددُه، فيقال على الصواب:حَسَبَ ما ذُكر. وليكن عملك بحَسَبِ ذلك: أي على وفاقه وعدده.\n      	حَسَبَ|تَبَعاً لـِ|طِبْقاً لـِ|وَفْقاً لـِ|بمقتضى|بمُوْجب|بناءً على|استناداً إلى|عملاً بـ|انطلاقاً من
L	632	كان التعديل لصالحك
M	632	worduse_0068_lisalihika	13	12	18	Other	\n        ويفضل أن يقال لمصلحة          لأن (صالح) اسم الفاعل من (صَلَحَ). يقال: صَلَح الشيءُ فهو صالح\n\n\n        <suggestion>لمصلحتك</suggestion>\n      	لمصلحتك
L	633	كان التعديل لصالح الشركة
M	633	worduse_0068_lisalihi	14	12	17	Other	\n        ويفضل أن يقال لمصلحة          لأن (صالح) اسم الفاعل من (صَلَحَ). يقال: صَلَح الشيءُ فهو صالح\n\n\n        <suggestion>لمصلحة</suggestion>\n\n      	لمصلحة
L	634	اعتبر زيدًا صديقه
M	634	worduse_0069_i3tabar	15	0	5	Other	\n        ويفضل أن يقال: عدّ.  لأن "اعتبرت" تعني اتخذته عبرة وعظة والصواب عددته. جاء في القرآن: ﴿وَقَالُواْ مَا لَنَا لاَ نَرَىٰ رِجَالاً كُنَّا نَعُدُّهُمْ مِّنَ ٱلأَشْرَارِ﴾[ص:62]. ولم يقل نعتبرهم.\n        <suggestion>عدّ</suggestion>\n\n      	عدّ
L	635	غادر زيد قبل برهة
M	635	worduse_0070_burha	16	13	17	Other	\n        ويفضل أن يقال: هنيهة.\n        جاء في (لسان العرب): «البرهة: الحِينُ الطويل من الدهر، وقيل: الزمانُ. يقال: أَقمت عنده بُرْهَةً من الدهر كقولك أَقمت عنده سنة من الدهر.»\n        <suggestion>هُنيهة</suggestion>\n\n      	هُنيهة
L	636	بين. آونة وأخرى
M	636	worduse_0071_َAwina	17	5	9	Other	\n        ويفضل أن يقال:  أوان         لأن الآونة جمع أوان، مثل أزمنة وزمان.\n\n        <suggestion>أوان</suggestion>\n\n      	أوان
L	637	فرسان بواسل
M	637	worduse_0072_َbawasil	18	6	11	Other	\n        ويفضل أن يقال: بسلاء وبواسل\n\n        لأن البواسل جمع باسلة للمرأة، وباسل للحيوان كالأسد.\n        <suggestion>بسلاء</suggestion>\n        <suggestion>باسلون</suggestion>\n      	بسلاء|باسلون
L	638	‎فلان . مستهتر بالقانون
M	638	ARABIC_SC_WHITESPACE		5	7	Other	لا تضع فراغا قبل النقطة.	.
M	638	syntax_125_mobtadaa_nakira_3	4	8	23	Other	لا يجوز الابتداء بنكرة، فيتقدم الخبر شبه الجملة مثلا "كتاب  بالبيت" تصبح "بالبيت كتاب"\n\n: <suggestion>بالقانون مستهتر</suggestion>\n\n      	بالقانون مستهتر
L	639	‎هؤلاء . سواح أجانب
M	639	ARABIC_SC_WHITESPACE		6	8	Other	لا تضع فراغا قبل النقطة.	.
M	639	worduse_0074_suwah	20	9	13	Other	\n        ويفضل أن يقال:  سياح.\n        <suggestion>سيّاح</suggestion>\n      	سيّاح
L	640	‎ عند النظر إلى الموضوع ككل
M	640	worduse_0075_kakull	21	24	27	Other	\n        ويفضل أن يقال\n        <suggestion>كليًّا</suggestion>\n\n        لأن ككل لا أصل لها في اللغة، وهي ترجمة سيئة لعبارة as a whole.\n      	كليًّا
L	641	‎ أقضي الصيفية في شواطئ تونس
M	641	worduse_0076_saifia	22	7	14	Other	\n        ويفضل أن يقال\n        <suggestion>الصيفة</suggestion>\n        <suggestion>الصيف</suggestion>\n\n        وذلك لأن الصيفية منسوبة إلى الصيف\n\n      	الصيفة|الصيف
L	642	‎ أقضي الصيفة في شواطئ تونس
M	642	HUNSPELL_RULE_AR		7	13	UnknownWord	وُجد خطأ إملائي محتمل	الضيقة|ألضيفه|ألضيقة|ألضيقه|ألصيفه|ألصيقة|ألصيقه|آلضيقة|الصفية|الصيغة|الصيف|الصفة|العصيفة|الخصيفة|الصحيفة
L	643	‎ يقضي الصيف في شواطئ تونس
L	644	‎هذا أمر هام
M	644	adj_0001_Amr_Ham	1	5	12	Other	قل\n        <suggestion>أمر مهم</suggestion> لأن "هامٌّ" هو اسم الفاعل من الفعل "هَمَّ" فنقول هَمَّهُ الأمرُ أي أَقْلَقَهُ وأَحْزَنَهُ.\n      	أمر مهم
L	645	‎هذا الأمر هام
M	645	adj_0001_Amr_Ham	1	5	14	Other	قل\n        <suggestion>الأمر مهم</suggestion> لأن "هامٌّ" هو اسم الفاعل من الفعل "هَمَّ" فنقول هَمَّهُ الأمرُ أي أَقْلَقَهُ وأَحْزَنَهُ.\n      	الأمر مهم
L	646	‎انشغلت بالأمر الهام
M	646	adj_0001_Amr_Ham	1	8	20	Other	قل\n        <suggestion>بالأمر المهم</suggestion> لأن "هامٌّ" هو اسم الفاعل من الفعل "هَمَّ" فنقول هَمَّهُ الأمرُ أي أَقْلَقَهُ وأَحْزَنَهُ.\n      	بالأمر المهم
L	647	يختلف البحث إلى حد كبير عن...
M	647	adj_0002_had_kabir	2	16	23	Other	يفضل أن يقال:\n        <suggestion>حد بعيد</suggestion>\n      	حد بعيد
L	648	يختلف البحث إلى حدّ بعيد عن...
M	648	AR_SIMPLE_REPLACE		20	27	Other	الفعل "بَعُدَ" يتعدّى بحرف الجر "من"	بعيد من
L	649	حصل على النتائج الأفضل
M	649	syntax_125_mobtadaa_nakira_2	2	0	15	Other	لا يجوز الابتداء بنكرة، فيتقدم الخبر شبه الجملة مثلا "كتاب  في البيت" تصبح "في البيت كتاب"\n\n: <suggestion>على النتائج حصل</suggestion>\n\n      	على النتائج حصل
L	650	حصل على النتائج الفُضْلى/حصل على أفضل النتائج
M	650	syntax_125_mobtadaa_nakira_2	2	0	15	Other	لا يجوز الابتداء بنكرة، فيتقدم الخبر شبه الجملة مثلا "كتاب  في البيت" تصبح "في البيت كتاب"\n\n: <suggestion>على النتائج حصل</suggestion>\n\n      	على النتائج حصل
L	651	شيء بسيط
M	651	unsorted5143	4	0	8	Other	(أرض بسيطة): أرض منبسطة، مستوية. (ثوبٌ بسيط): مبسوط منشور.\n        <suggestion>شيء قليل</suggestion>\n        <suggestion>شيء يسير</suggestion>\n      	شيء قليل|شيء يسير
L	652	بالشيء البسيط
M	652	unsorted5143	4	0	13	Other	(أرض بسيطة): أرض منبسطة، مستوية. (ثوبٌ بسيط): مبسوط منشور.\n        <suggestion>بالشيء القليل</suggestion>\n        <suggestion>بالشيء اليسير</suggestion>\n      	بالشيء القليل|بالشيء اليسير
L	653	شيء قليل / يسير
L	654	أحداث مريعة
M	654	unsorted5144	5	0	11	Other	يفضل أن يقال:\n        <suggestion>أحداث مُرَوِّعة</suggestion>\n      	أحداث مُرَوِّعة
L	655	أحداثٌ مُرَوِّعة
L	656	الدولتان الأعظم
M	656	unsorted5148	6	9	15	Other	الصفة تتبع موصوفها في الإفراد والتثنية والجمع\n               الدولتان <suggestion>العُظْمَيانِ</suggestion>\n      	العُظْمَيانِ
L	657	الدَّوْلتانِ العُظْمَيانِ
L	658	في المرتبة الأعلى
M	658	unsorted5150	7	11	17	Other	يفضل أن يقال:\n            المرتبة <suggestion>العليا</suggestion>\n      	العليا
L	659	في المرتبة العليا
L	660	بساط داكن
M	660	unsorted5154	8	5	9	Other	يفضل أن يقال:\n            بساط <suggestion>أدْكن</suggestion>\n      	أدْكن
L	661	بساط أدْكن
L	662	سجادة داكنة
M	662	AR_DIACRITICS_REPLACE		0	5	Other	السَّجادة بفتح السين	سَجادة|سَجادات|سجاجيد
M	662	unsorted5154b	9	6	11	Other	يفضل أن يقال:\n            سجادة <suggestion>دكناء</suggestion>\n      	دكناء
L	663	سجادة دكناء
M	663	AR_DIACRITICS_REPLACE		0	5	Other	السَّجادة بفتح السين	سَجادة|سَجادات|سجاجيد
L	664	هذا بلد مزار
M	664	unsorted5155	10	8	12	Other	الفعل هو: (زار)، لا: (أزار)\n            بلد <suggestion>مَزُور</suggestion>\n      	مَزُور
L	665	هذا بلدٌ مَزُور
L	666	ثوب محاك
M	666	unsorted5157	11	4	8	Other	الفعل هو: (حاك)، لا: (أحاك)\nثوب <suggestion>مَحُوك</suggestion>\n        <suggestion>مَحِيك</suggestion>\n      	مَحُوك|مَحِيك
L	667	ثوبٌ مَحُوكٌ / مَحِيكٌ
L	668	حديث شيق
M	668	unsorted5160	12	5	8	Other	(الشَّيِّقُ): المشتاق\nحديث            <suggestion>شَائِق</suggestion>\n        <suggestion>مُشَوِّق</suggestion>\n      	شَائِق|مُشَوِّق
L	669	حديثٌ شَائِقٌ / مُشَوِّق
L	670	حديثه قاصر على الشعر
M	670	unsorted5161	13	6	10	Other	يفضل أن يقال:\nحديثه <suggestion>مَقْصُور</suggestion>\n      	مَقْصُور
L	671	حديثُهُ مَقْصُور على الشعر
L	672	هذا ثوب مخاط في المصنع
M	672	unsorted5158	14	8	12	Other	الفعل هو: (خاط)، لا: (أخاط)\nثوب            <suggestion>مَخِيطٌ</suggestion>\n      	مَخِيطٌ
L	673	هذا ثوبُ مَخِيطٌ في المصنع
L	674	ثوب مفتخر
M	674	unsorted5159	15	4	9	Other	يفضل أن يقال:\nثوب            <suggestion>فاخِر</suggestion>\n      	فاخِر
L	675	ثوبٌ فاخِر
L	676	رجل بسيط
M	676	unsorted5165	16	4	8	Other	(رجلٌ بسيط): منبسط اللسان. (رجلٌ بسيط الوجه): إذا كان متهلّلاً منشرحاً. (رجلٌ بسيط اليدين): إذا كان كريماً مِسْماحاً\nرجل            <suggestion>غِرّ</suggestion>\n        <suggestion>ساذَج</suggestion>\n        <suggestion>مُغَفَّل</suggestion>\n      	غِرّ|ساذَج|مُغَفَّل
L	677	رجلٌ غِرٌّ / ساذَج / مُغَفَّل
L	678	قاضينا رجل مهاب
M	678	unsorted5166	17	11	15	Other	(أهاب): دعا، وصاح\nرجل <suggestion>مَهِيب</suggestion>\n      	مَهِيب
L	679	قاضِينا رَجُلٌ مَهِيبٌ
L	680	سر مصان
M	680	unsorted5168	18	3	7	Other	الفعل هو: (صان)، لا: (أصان)\nسر            <suggestion>مَصُونٌ</suggestion>\n      	مَصُونٌ
L	681	سِرٌّ مَصُونٌ
L	682	ضوء مبهر
M	682	unsorted5172	19	4	8	Other	(أبْهَرَ الرجلُ): جاء بالعَجَب\nضوء            <suggestion>باهِر</suggestion>\n      	باهِر
L	683	ضوءٌ باهِرٌ
L	684	عطاء نذر
M	684	unsorted5173	20	5	8	Other	(النذْر): ما يوجبه المرء على نفسه من صدقة أو نحوها\nعطاء            <suggestion>نَزْر</suggestion>\n      	نَزْر
L	685	عطاءٌ نَزْرٌ
L	686	عمل محط بشرفه
M	686	unsorted5174	21	4	7	Other	الفعل هو: (حَطَّ)، لا: (أحَطَّ)\nعمل            <suggestion>حاطّ</suggestion>\n      	حاطّ
L	687	عملٌ حاطٌّ بشرفه
L	688	فتاة مصون
M	688	unsorted5177	22	5	9	Other	(مصون) على وزن (مفعول)، لا على وزن (فَعُول)\nفتاة            <suggestion>مَصُونَة</suggestion>\n      	مَصُونَة
L	689	فتاةٌ مَصُونَةٌ
L	690	كلام جذل
M	690	unsorted5181	23	5	8	Other	يفضل أن يقال:\nكلام            <suggestion>جَزْل</suggestion>\n      	جَزْل
L	691	كلامٌ جَزْلٌ
L	692	كلام مقال
M	692	unsorted5182	24	5	9	Other	(أقالَ البيعَ): فسَخَهُ. (أقالَ عثْرَتَه): تجاوز عنه. (أقالَه من عمله): نحّاه عنه\nكلام            <suggestion>مَقُول</suggestion>\n      	مَقُول
L	693	كلامٌ مَقُولٌ
L	694	في المرتبة الأدنى
M	694	unsorted5183	25	11	17	Other	يفضل أن يقال:\nالمرتبة            <suggestion>الدنيا</suggestion>\n      	الدنيا
L	695	في المرتبة الدنيا
L	696	الحال المعاش فيها
M	696	unsorted5184	26	6	12	Other	الفعل هو: (عاش)، لا: (أعاش)\n            الحال <suggestion>المَعِيش</suggestion>\n      	المَعِيش
L	697	الحالُ المَعِيشٌ فيها
L	698	السلعة المعفية من الحسم.
M	698	unsorted5185	27	7	14	Other	الفعل هو: (أعفى)، لا: (عفا)\nالسلعة <suggestion>المُعْفاة</suggestion>\n      	المُعْفاة
L	699	السلعة المعفوة من الحسم.
M	699	unsorted5185	27	7	14	Other	الفعل هو: (أعفى)، لا: (عفا)\nالسلعة <suggestion>المُعْفاة</suggestion>\n      	المُعْفاة
L	700	السلعة المُعْفاةٌ من الحسم
L	701	هذا الجهاز المقاد من بعد
M	701	unsorted5186	28	11	17	Other	(أقادَ القاتلَ بالقتيل): قتَلَهُ به قَوْداً. (أقادَهُ خيلاً): أعطاهُ إيّاها ليقودَها\nالجهاز <suggestion>المَقُود</suggestion>\n      	المَقُود
L	702	هذا الجهاز المَقُودٌ من بُعد
L	703	موضع واطئ
M	703	unsorted5192	29	5	9	Other	(الواطئ) اسم فاعل من (وطئ)\nموضع <suggestion>وَطِيء</suggestion>\n        <suggestion>منخفض</suggestion>\n      	وَطِيء|منخفض
L	704	مَوْضعٌ وَطِيء / منخفض
L	705	نصل مدبب
M	705	unsorted5193	30	4	8	Other	(دَبَّبَهُ): جَعَلَهُ يَدِبّ\nنصل <suggestion>مُذَبَّب</suggestion>\n        <suggestion>حادّ</suggestion>\n      	مُذَبَّب|حادّ
L	706	نَصْلٌ مُذَبَّب / حادٌّ
M	706	HUNSPELL_RULE_AR		7	15	UnknownWord	وُجد خطأ إملائي محتمل	مدبب|نذبب|كذبب|مذيب|ذبب|مذبذب|مقبب|فذبب|مذهب|مهبب|مذبح|محبب|مطبب|مذنب|تذبب
L	707	وجه صبوح
M	707	unsorted5194	31	4	8	Other	(الصَّبُوح): ما يشرب أو يؤكل في الصباح، ويقابله (الغَبُوق) في المساء\nوجه <suggestion>صَبِيح</suggestion>\n      	صَبِيح
L	708	وجْهٌ صَبِيحٌ
L	709	وحش كاسر
M	709	unsorted5195	32	4	8	Other	(الكاسِر) صفة للطائر الجارح، يقال: نَسْرٌ كاسِرٌ\nوحش            <suggestion>ضار</suggestion>\n        <suggestion>مُفْتَرِس</suggestion>\n      	ضار|مُفْتَرِس
L	710	وحشٌ ضارٍ / مُفْتَرِس
L	711	هذا يوم عتيد
M	711	unsorted5198	33	8	12	Other	(العتيد): المُهَيَّأُ والحاضرُ والمُعَدُّ\nيوم            <suggestion>مُنتَظَر</suggestion>\n      	مُنتَظَر
L	712	هذا يومٌ مُنتَظَرٌ
L	713	رجل مهووس
M	713	unsorted5167	34	4	9	Other	(هَاسَ فلانٌ): أكل شديداً، وطاف بالليل في جُرْأ، (هَوَّسَ اللّهُ فلاناً): جَعَلَهُ ذا هَوَس، (الهَوَس): طَرَفٌ من الجنون.\nرجل            <suggestion>مُهَوَّس</suggestion>\n      	مُهَوَّس
L	714	رجلٌ مُهَوَّس
L	715	شر مهاج
M	715	unsorted5169	35	3	7	Other	يفضل أن يقال:\nشر            <suggestion>مَهِيج</suggestion>\n      	مَهِيج
L	716	شرٌّ مَهِيج
L	717	شراب مثلج
M	717	unsorted5170	36	5	9	Other	يفضل أن يقال:\nشراب            <suggestion>مَثْلُوجٌ</suggestion>\n      	مَثْلُوجٌ
L	718	شرابٌ مَثْلُوجٌ
M	718	HUNSPELL_RULE_AR		6	15	UnknownWord	وُجد خطأ إملائي محتمل	متلوح|مثلجو|كثلوج|مثلج|ثلوج|ومثلج|مفلوج|فثلوج|محلوج|مثلوا|لثلوج|بثلوج|وثلوج|أثلوج|م ثلوج
L	719	مشروع لاغ
M	719	adj_274_mshrwE_lAg	37	6	9	Other	(لغا الشيءُ): بَطَلَ، وهو فعلٌ لازم.. يقال: (بَطَلَ البيعُ، فالبيع باطلٌ/لاغٍ)\n        <suggestion>ملغى</suggestion>\n      	ملغى
L	720	مشروع ملغى
L	721	‎الصفحة الرئيسية
M	721	wrong_adj_use	1	8	16	Other	لا تقل  شيء رئيسي  أو حاجة رئيسية بل قل شيء  رئيس و حاجة رئيسة،\n        أن كلمة "رئيس" أو "رئيسة" من الصفات وياء النسبة لا تُنسب للصفات فلا يصح مثلًا قول "(رأيتُ الرجل العظيمي)" أو "(رأيتُ المرأة العظيمية)"\n        <suggestion>الرئيسة</suggestion>\n      	الرئيسة
L	722	‎الطبق الرئيسي
M	722	wrong_adj_use	1	7	14	Other	لا تقل  شيء رئيسي  أو حاجة رئيسية بل قل شيء  رئيس و حاجة رئيسة،\n        أن كلمة "رئيس" أو "رئيسة" من الصفات وياء النسبة لا تُنسب للصفات فلا يصح مثلًا قول "(رأيتُ الرجل العظيمي)" أو "(رأيتُ المرأة العظيمية)"\n        <suggestion>الرئيس</suggestion>\n      	الرئيس
L	723	‎صفحة رئيسية
M	723	wrong_adj_use	1	6	12	Other	لا تقل  شيء رئيسي  أو حاجة رئيسية بل قل شيء  رئيس و حاجة رئيسة،\n        أن كلمة "رئيس" أو "رئيسة" من الصفات وياء النسبة لا تُنسب للصفات فلا يصح مثلًا قول "(رأيتُ الرجل العظيمي)" أو "(رأيتُ المرأة العظيمية)"\n        <suggestion>رئيسة</suggestion>\n      	رئيسة
L	724	‎الصفحتان الرئيسيتان
M	724	wrong_adj_use	1	10	20	Other	لا تقل  شيء رئيسي  أو حاجة رئيسية بل قل شيء  رئيس و حاجة رئيسة،\n        أن كلمة "رئيس" أو "رئيسة" من الصفات وياء النسبة لا تُنسب للصفات فلا يصح مثلًا قول "(رأيتُ الرجل العظيمي)" أو "(رأيتُ المرأة العظيمية)"\n        <suggestion>الرئيستان</suggestion>\n      	الرئيستان
L	725	‎طبقان رئيسيان
M	725	wrong_adj_use	1	7	14	Other	لا تقل  شيء رئيسي  أو حاجة رئيسية بل قل شيء  رئيس و حاجة رئيسة،\n        أن كلمة "رئيس" أو "رئيسة" من الصفات وياء النسبة لا تُنسب للصفات فلا يصح مثلًا قول "(رأيتُ الرجل العظيمي)" أو "(رأيتُ المرأة العظيمية)"\n        <suggestion>رئيسان</suggestion>\n      	رئيسان
L	726	‎يقول رئيسي في العمل أنني مجتهد
L	727	aaهذا الإناء ‎‎ مليء بالشراب
M	727	HUNSPELL_RULE_AR		0	5	UnknownWord	وُجد خطأ إملائي محتمل	
M	727	wrong_adj_use	2	16	20	Other	 قل   <suggestion>المملوء</suggestion>\n        <suggestion>مملوء</suggestion>\n        <suggestion>مَلآن</suggestion>\n        <suggestion>المَلآن</suggestion>\n        <suggestion>مُمتلِئ</suggestion>\n        <suggestion>المُمتلِئ</suggestion>\n        من الفعل (مَلأ) الإناء بالماء، أي وضع فيه من الماء قدر ما يأخذه. أما (المليء) فتعني: الغني المقتدر، الحسن القضاء.\n      	المملوء|مملوء|مَلآن|المَلآن|مُمتلِئ|المُمتلِئ
L	728	الماء المغلي بالشراب
M	728	adj_00012_maa_maghli	3	6	12	Other	 قل    ماء <suggestion>المُغلّى</suggestion>\n      	المُغلّى
L	729	غصن يانع
M	729	adj_275_ghosn_yani3	4	0	8	Other	 يقال "غصن غض"، ولأن اليانع وصف للثمر، أي الناضج\n        <suggestion>غصن غض</suggestion>\n      	غصن غض
L	730	غصن غض
L	731	فلان كثير الشراهة إلى الطعام
M	731	unsorted5179	1	10	17	Other	يفضل أن يقال:\n                  كثير<suggestion>الشَّرَه</suggestion>\n\n      	الشَّرَه
L	732	فلانٌ كثير الشَّرَه إلى الطعام
L	733	أرض كثيرة المخاطر
M	733	unsorted5180	2	10	17	Other	يفضل أن يقال:\n                    كثيرة<suggestion>الأخْطار</suggestion>\n      	الأخْطار
L	734	أرضٌ كثيرةُ الأخْطار
L	735	فلان حسن المعشر
M	735	unsorted5162	3	9	15	Other	(المَعْشَر): كلُّ جماعةٍ أمرُهم واحد\nحسن<suggestion>العِشْرَة</suggestion>\n      	العِشْرَة
L	736	فلانٌ حَسَنُ العِشْرَة
L	737	فلان غاو للموسيقى, وهم غواة
M	737	unsorted5176	4	5	8	Other	(الغاوي): الضال\n        <suggestion>هَاوٍ</suggestion> للموسيقى\n      	هَاوٍ
L	738	فلانٌ هَاوٍ للموسيقى, وهم هواة
L	739	مقاس بالمتر
M	739	syntax_125_mobtadaa_nakira_3	4	0	11	Other	لا يجوز الابتداء بنكرة، فيتقدم الخبر شبه الجملة مثلا "كتاب  بالبيت" تصبح "بالبيت كتاب"\n\n: <suggestion>بالمتر مقاس</suggestion>\n\n      	بالمتر مقاس
L	740	مَقِيسٌ بالمتر
M	740	HUNSPELL_RULE_AR		0	7	UnknownWord	وُجد خطأ إملائي محتمل	مقسي|سقيم|نقيس|كقيس|مقبس|مقي|مقس|ميس|قيس|مقياس|مسقي|سمقي|مقيض|فقيس|مقيه
L	741	يدل إلى حسن خلق
M	741	common_errors_indirect_transitive_verbs	1	4	7	Other	أتقصد <suggestion>على</suggestion>؟\n      	على
L	742	دلت إلى الطريق
M	742	common_errors_indirect_transitive_verbs	1	4	7	Other	أتقصد <suggestion>على</suggestion>؟\n      	على
L	743	تمادى على الباطل
M	743	verb_236_tmAda_Ela	36	0	5	Hint	يفضل أن يقال:\n        <suggestion>تطاول</suggestion>\n      	تطاول
M	743	common_errors_indirect_transitive_verbs	2	6	9	Other	قل تمادى في ولا تقل تمادى على <suggestion>في</suggestion>؟\n      	في
L	744	تمادت على الباطل
M	744	verb_236_tmAda_Ela	36	0	5	Hint	يفضل أن يقال:\n        <suggestion>تطاولت</suggestion>\n      	تطاولت
M	744	common_errors_indirect_transitive_verbs	2	6	9	Other	قل تمادى في ولا تقل تمادى على <suggestion>في</suggestion>؟\n      	في
L	745	أوشك على
M	745	common_errors_indirect_transitive_verbs	3	5	8	Other	قل أوشك أن ولا تقل أوشك على <suggestion>أن</suggestion>؟\n      	أن
L	746	أوشكنا على
M	746	common_errors_indirect_transitive_verbs	3	7	10	Other	قل أوشك أن ولا تقل أوشك على <suggestion>أن</suggestion>؟\n      	أن
L	747	نتج عن هذا الدواء أعراض جانبية
M	747	نتج_عن	4	4	6	Other	\n        ويفضل أن يحذف عن\n        <suggestion></suggestion>\n\n        لأن نتج فعل متعدٍ، فلا حاجة لوجود حرف الجر.\n      	
L	748	أيقنت من الأمر
M	748	unsorted_0073_ayqana_min	5	0	8	Other	(أيقن) يتعدى بنفسه أو بالباء\n        <suggestion>كان من الأمر على يقين</suggestion>\n      	كان من الأمر على يقين
L	749	كان من الأمر على يقين
L	750	تعالوا عندنا
M	750	AR_DIACRITICS_REPLACE		0	6	Other	'تعالوا' كلمة يشيع نطقها نطقا خاطئا لذا نقترح تشكيلها كالآتي: <suggestion>تعالَوا</suggestion>	تعالَوا
M	750	trans_417_tEAlwA_EndnA	1	7	12	Other	يفضل أن يقال:\n        <suggestion>إلينا</suggestion>\n      	إلينا
L	751	تعالوا إلينا للإفطار
M	751	AR_DIACRITICS_REPLACE		0	6	Other	'تعالوا' كلمة يشيع نطقها نطقا خاطئا لذا نقترح تشكيلها كالآتي: <suggestion>تعالَوا</suggestion>	تعالَوا
L	752	تعالوا عند المطعم
M	752	AR_DIACRITICS_REPLACE		0	6	Other	'تعالوا' كلمة يشيع نطقها نطقا خاطئا لذا نقترح تشكيلها كالآتي: <suggestion>تعالَوا</suggestion>	تعالَوا
M	752	trans_417_tEAlwA_EndnA	1	7	10	Other	يفضل أن يقال:\n        <suggestion>إلى</suggestion>\n      	إلى
L	753	تعالوا إلى المطعم للإفطار
M	753	AR_DIACRITICS_REPLACE		0	6	Other	'تعالوا' كلمة يشيع نطقها نطقا خاطئا لذا نقترح تشكيلها كالآتي: <suggestion>تعالَوا</suggestion>	تعالَوا
L	754	تعصب ضده فلان
M	754	trans_420_tESb_Dd	2	5	8	Other	(تعصَّب لفلان وتعصّب معه): نَصَرَه. (تعصّب على عدُوِّه): قاومَه وكان مع عصبته ضدّه\n        <suggestion>عليه</suggestion>\n      	عليه
L	755	تعصبت الفتاة على الطبيب
L	756	تعصب ضد فلان
M	756	trans_420_tESb_Dd_2	3	5	7	Other	(تعصَّب لفلان وتعصّب معه): نَصَرَه. (تعصّب على عدُوِّه): قاومَه وكان مع عصبته ضدّه\n        <suggestion>على</suggestion>\n      	على
L	757	تعصبت الفتاة على الطبيب
L	758	ذكر بأنه مريض
M	758	trans_438_dhkr_bAn	4	0	8	Other	يفضل أن يقال:\n        <suggestion>ذكر أنه</suggestion>\n      	ذكر أنه
L	759	ذكرت أنه مريض
L	760	علم بأنه مريض
M	760	trans_438_3alima_bAn	5	0	8	Other	يفضل أن يقال:\n        <suggestion>علم أنه</suggestion>\n      	علم أنه
L	761	علمت أنه مريض
L	762	علم إنه مريض
M	762	trans_438_3alima_Inna	6	0	7	Other	يفضل أن يقال:\n        <suggestion>علم أنه</suggestion>\n      	علم أنه
L	763	علمت أنه مريض
L	764	قال بأنه مريض
M	764	trans_438_Qal_bAn	7	0	8	Other	يفضل أن يقال:\n        <suggestion>قال أنه</suggestion>\n      	قال أنه
L	765	قالت أنه مريض
L	766	لديه رغبة شديدة لكتابة الروايات
M	766	syntax_0515_raghba_li	8	16	22	Other	يفضل أن يقال: رغبة\n        <suggestion>في كتابة</suggestion>\n        <suggestion>بكتابة</suggestion>\n      	في كتابة|بكتابة
L	767	لديه رغبة شديدة لكتابتها
M	767	syntax_0515_raghba_li	8	16	24	Other	يفضل أن يقال: رغبة\n        <suggestion>في كتابتها</suggestion>\n        <suggestion>بكتابتها</suggestion>\n      	في كتابتها|بكتابتها
L	768	لديه رَغْبَةٌ شديدة في كتابة الرواية
L	769	لديه رغبة شديدة للكتابة
M	769	syntax_0515_raghba_li_2	9	16	23	Other	يفضل أن يقال: رغبة\n        <suggestion>في الكتابة</suggestion>\n        <suggestion>بالكتابة</suggestion>\n      	في الكتابة|بالكتابة
L	770	لديه رَغْبَةٌ شديدة في الكتابة
L	771	زعم بأنه صادق
M	771	trans_444_zEm_bAn	10	0	8	Other	يفضل أن يقال:\n        <suggestion>زعم أنه</suggestion>\n      	زعم أنه
L	772	زعم أنه صادق
L	773	ظهر بأنه مريض
M	773	trans_457_zhhr_bAn	11	0	8	Other	يفضل أن يقال:\n        <suggestion>ظهر أنه</suggestion>\n      	ظهر أنه
L	774	ظَهَرَ أنّه مريض
L	775	لا ينبغي عليك
M	775	trans_473_lA_ynbgy_Elyk	12	9	13	Other	(ما ينبغي لك): لا يليق بك، ولا يَحْسُن منك\n        <suggestion>لك</suggestion>\n      	لك
L	776	لا ينبغي لك
L	777	قذف الحجارة على القلعة
M	777	trans_469_qdhf_AlHjArt_Ela	1	0	3	Other	يفضل أن يقال:\n        <suggestion>قذف ب</suggestion>\n      	قذف ب
L	778	قذفه
M	778	trans_469_qdhf_AlHjArt_Ela	1	0	4	Other	يفضل أن يقال:\n        <suggestion>قذف به</suggestion>\n      	قذف به
L	779	قذف بالحجارة
M	779	syntax_125_mobtadaa_nakira_3	4	0	12	Other	لا يجوز الابتداء بنكرة، فيتقدم الخبر شبه الجملة مثلا "كتاب  بالبيت" تصبح "بالبيت كتاب"\n\n: <suggestion>بالحجارة قذف</suggestion>\n\n      	بالحجارة قذف
L	780	لم ينفعه أن توسل الحجج لتبرئته
M	780	trans_429_twsl	2	12	16	Other	(توسَّل) لا يتعدى بنفسه, وإنما يتوصل إلى ما يستعين به بالباء\n    \n        <suggestion>توسل ب</suggestion>\n\n      	توسل ب
L	781	توسّل بالرسول
M	781	syntax_125_mobtadaa_nakira_3	4	0	13	Other	لا يجوز الابتداء بنكرة، فيتقدم الخبر شبه الجملة مثلا "كتاب  بالبيت" تصبح "بالبيت كتاب"\n\n: <suggestion>بالرسول توسّل</suggestion>\n\n      	بالرسول توسّل
L	782	أصحبه به
M	782	trans_395_ASHb_b	1	0	8	Other	(أصحب) يتعدّى بنفسه إلى مفعولين\n    \n        <suggestion>أصحبه ه</suggestion>\n      	أصحبه ه
L	783	أصحب القافلة
L	784	أصحبها برسالة
M	784	trans_395_ASHb_b_2	2	0	13	Other	(أصحب) يتعدّى بنفسه إلى مفعولين\n    \n        <suggestion>أصحبها رسالة</suggestion>\n\n      	أصحبها رسالة
L	785	أصحب القافلة
L	786	أعطى لصاحبه كتابا
M	786	trans_401_AETa_2la_AETa_l	3	0	11	Other	(أعطى) يتعدّى بنفسه إلى مفعولين\n        <suggestion>أعطى صاحبه</suggestion>\n      	أعطى صاحبه
M	786	typo_000_tanwin_nasb2	5	12	17	Hint	يستحسن وضع علامة التنوين أو الفتح للتفريق بين الاسم المنوّن وغيره\n: <suggestion>كتابًا</suggestion>\n: <suggestion>كتابَا</suggestion>\n      	كتابًا|كتابَا
L	787	أعطى له كتابا
M	787	trans_401_AETa_2la_AETa_l	3	0	7	Other	(أعطى) يتعدّى بنفسه إلى مفعولين\n        <suggestion>أعطى ه</suggestion>\n      	أعطى ه
M	787	typo_000_tanwin_nasb2	5	8	13	Hint	يستحسن وضع علامة التنوين أو الفتح للتفريق بين الاسم المنوّن وغيره\n: <suggestion>كتابًا</suggestion>\n: <suggestion>كتابَا</suggestion>\n      	كتابًا|كتابَا
L	788	أعطى أخاه مالا
L	789	أعطى إليه كتابا
M	789	trans_401_AETa_2la_AETa_l_2	4	0	9	Other	(أعطى) يتعدّى بنفسه إلى مفعولين\n        <suggestion>أعطى ه</suggestion>\n      	أعطى ه
M	789	typo_000_tanwin_nasb2	5	10	15	Hint	يستحسن وضع علامة التنوين أو الفتح للتفريق بين الاسم المنوّن وغيره\n: <suggestion>كتابًا</suggestion>\n: <suggestion>كتابَا</suggestion>\n      	كتابًا|كتابَا
L	790	أعطى إلى صاحبه كتابا
M	790	trans_401_AETa_2la_AETa_l_2	4	0	8	Other	(أعطى) يتعدّى بنفسه إلى مفعولين\n        <suggestion>أعطى</suggestion>\n      	أعطى
M	790	typo_000_tanwin_nasb2	5	15	20	Hint	يستحسن وضع علامة التنوين أو الفتح للتفريق بين الاسم المنوّن وغيره\n: <suggestion>كتابًا</suggestion>\n: <suggestion>كتابَا</suggestion>\n      	كتابًا|كتابَا
L	791	أعطى أخاه مالا
L	792	صدق المجلس على القرار
M	792	trans_453_Sdq_Almjls_Ela_AlqrAr	5	0	14	Other	الفعل صدّق يتعدى بنفسه إلى مفعولين\n    \n        <suggestion>صدق</suggestion>\n      	صدق
L	793	لن يصدق المجلس القرار
L	794	عوده على الأمر
M	794	trans_461_Ewdh_Ela	6	0	8	Other	الفعل عوّد يتعدى بنفسه إلى مفعولين\n    \n        <suggestion>عوده</suggestion>\n      	عوده
L	795	عّوده الأمر
L	796	غرمه بالدين
M	796	trans_462_grm_b	7	0	11	Other	(غرّم) يتعدّى بنفسه إلى مفعولين\n        <suggestion>غرمه الدين</suggestion>\n      	غرمه الدين
L	797	غرمه به
M	797	trans_462_grm_b	7	0	7	Other	(غرّم) يتعدّى بنفسه إلى مفعولين\n        <suggestion>غرمه ه</suggestion>\n      	غرمه ه
L	798	غرمه الدين
L	799	كلفه بالعمل
M	799	trans_471_klf_b	8	0	11	Other	(كلّف) فعل متعدّ بنفسه إلى مفعولين\n        <suggestion>كلفه العمل</suggestion>\n      	كلفه العمل
L	800	كلفه به
M	800	trans_471_klf_b	8	0	7	Other	(كلّف) فعل متعدّ بنفسه إلى مفعولين\n        <suggestion>كلفه ه</suggestion>\n      	كلفه ه
L	801	كلفه العمل
L	802	‎سوف لن أفعل هذا الأمر
M	802	redund_0001_sawfa_lan	1	1	7	Other	لا تقل "سوف لن" بل قل <suggestion>لن</suggestion>\n                    لأن "سوف" تدل على المستقبل و"لن" أيضا تدل على المستقبل ,والمعنى تام بدون هذا الحشو\n      	لن
L	803	وأخيرا وليس آخرا ، أختم كلامي بكذا
M	803	AR_WORDINESS_REPLACE		0	16	Other	'وأخيرا وليس آخرا' تعبير فيه حشو يفضل أن يقال <suggestion>وأخيرا</suggestion>	وأخيرا
M	803	ARABIC_COMMA_PARENTHESIS_WHITESPACE		16	18	Other	ضع فراغا بعد الفاصلة، وليس قبلها.	،
M	803	syntax_0002_as_ka_1	1	19	29	Other	استخدام الكاف للصفة استخدام أجنبي أدخله المترجمون، إذ يستعملون\n            "as"\n            بمعنى الكاف، فالأَوْلَى النصب على الحالية مثل  " أعمل مديرًا " أو على الاختصاص في: "نحن المسلمين".\n        <suggestion>أختم كلامي</suggestion>, <suggestion>أختم كلاميا</suggestion>, <suggestion>أختم لامي</suggestion>, <suggestion>أختم لاميا</suggestion>\n        <suggestion>أختم بصفة لامي</suggestion>\n\n      	أختم كلامي|أختم كلاميا|أختم لامي|أختم لاميا|أختم بصفة لامي
L	804	حصل على حق اللجوء السياسي
M	804	syntax_125_mobtadaa_nakira_5	3	0	17	Other	لا يجوز الابتداء بنكرة، فيتقدم الخبر شبه الجملة مثلا "كتاب  في بيت الولد" تصبح "في بيت الولد كتاب"\n\n: <suggestion>على حق اللجوء حصل</suggestion>\n\n      	على حق اللجوء حصل
L	805	عودة الأطراف إلى طاولة المداولات
M	805	redend_0004_tawilat_mofawadhat	4	17	22	Other	\n        ويفضل أن تقول المداولات بدلا من طاولة المداولات لأن طاولة هنا لا لزوم لها في التعبير.\n      	
L	806	ذهبت إلى عند فلان
M	806	redund_0005_ila_3inda	5	5	12	Other	يفضل أن يقال:\n        <suggestion>عند</suggestion>\n      	عند
L	807	ذهبت عند فلان
L	808	شرب الطفل لبناً
M	808	typo_000_tanwin_nasb	1	10	15	Other	لأنه من الأخطاء الشائعة كتابة التنوين على الألف، والصحيح أن تُكتب على الحرف الذي قبل الألف؛ لأن التنوين نون ساكنة والألف ساكنة، فلا يجتمع ساكنان\n: <suggestion>لبنًا</suggestion>\n      	لبنًا
L	809	انتفخت بطني من الأكل ليلة البارحة
L	810	هذا قميص قديمة
L	811	هذا قميص جديدة
L	812	لا بد من حرق وقود كافية
M	812	syntax_1111_La_fa3ala_1	1	0	5	Other	لأنه عند نفي الفعل الماضي يُنفى بـ "ما" ولا يصح استخدام "لا" إلا إذا تكررت، مثل قوله تعالى: "فلا صدق ولا صلى ولكن كذب وتولى" أو كانت معطوفة على نفي سابق، مثل: "ما جاء الضيف ولا اعتذر" وإذا نُفي في غير هاتين الحالتين فإنه يفيد الدعاء، كما في: لا زال فضلُك غامرًا\n            : <suggestion>ما بد</suggestion>\n\n      	ما بد
L	813	ميناء أمينة
L	814	خنصري مجروح
L	815	ضبع مفترس
M	815	gender_0102	3	0	9	Other	(الضبع) اسمٌ مؤنث\n        <suggestion>ضبع مفترسة</suggestion>\n      	ضبع مفترسة
L	816	ضَبُعٌ مفترسة
L	817	تشكل هذه الطريقة إنجازا ...
M	817	worduse_0042_yushakilu	30	0	4	Other	(شَكَّل): صَوَّرَ، وألَّفَ، وقَيَّدَ\n        <suggestion></suggestion>\n      	
M	817	typo_000_tanwin_nasb2	5	17	23	Hint	يستحسن وضع علامة التنوين أو الفتح للتفريق بين الاسم المنوّن وغيره\n: <suggestion>إنجازًا</suggestion>\n: <suggestion>إنجازَا</suggestion>\n      	إنجازًا|إنجازَا
L	818	تُعدُّ هذه الطريقة إنجازاً ...
M	818	typo_000_tanwin_nasb	1	19	26	Other	لأنه من الأخطاء الشائعة كتابة التنوين على الألف، والصحيح أن تُكتب على الحرف الذي قبل الألف؛ لأن التنوين نون ساكنة والألف ساكنة، فلا يجتمع ساكنان\n: <suggestion>إنجازًا</suggestion>\n      	إنجازًا
L	819	تبلغ فلان الأمر
L	820	أُبْلِغَ فلانٌ الأمرَ / بُلِّغَ فلانٌ الأمرَ
L	821	صيف 20222
M	821	semantic_0000	1	4	9	Other	هل تقصد سنة من أربعة أرقام?	
L	822	صيف 20222
M	822	semantic_0000	1	4	9	Other	هل تقصد سنة من أربعة أرقام?	
L	823	لسنة 20222
M	823	semantic_0000	1	5	10	Other	هل تقصد سنة من أربعة أرقام?	
L	824	لعام 20222
M	824	semantic_0000	1	5	10	Other	هل تقصد سنة من أربعة أرقام?	
L	825	عام 20222
M	825	semantic_0000	1	4	9	Other	هل تقصد سنة من أربعة أرقام?	
L	826	صيف 2022
L	827	الخميس 25 مارس 2022.
M	827	DATE_IN_WORD_DAY	1	0	19	Other	التاريخ « 25 مارس 2022 » لا يوافق يوم  الخميس بل هو يوم الجمعة.	
L	828	الجمعة 25 مارس 2022
L	829	الإثنين 13 مارس 2022.
M	829	DATE_IN_WORD_DAY	1	0	20	Other	التاريخ « 13 مارس 2022 » لا يوافق يوم  الإثنين بل هو يوم الأحد.	
L	830	الأحد 13 مارس 2022.
L	831	يوم الإثنين 13 آذار 2022.
M	831	DATE_IN_WORD_DAY	1	4	24	Other	التاريخ « 13 آذار 2022 » لا يوافق يوم  الإثنين بل هو يوم الأحد.	
L	832	يوم السبت 01 نيسان 2022.
M	832	DATE_IN_WORD_DAY	1	4	23	Other	التاريخ « 01 نيسان 2022 » لا يوافق يوم  السبت بل هو يوم الجمعة.	
L	833	يوم الجمعة 1 نيسان 2022.
L	834	يوم الجمعة 1 أبريل 2022.
L	835	يوم الجمعة 1 أفريل 2022.
M	835	HUNSPELL_RULE_AR		13	18	UnknownWord	وُجد خطأ إملائي محتمل	أفزيل|أرفلي|أيرفل|ألريف|أفبيل|أفرسل|أفربل|أفريب|أفريا|أفريف|أفري|أفيل|أفرذيل|أفرعيل|أفرحيل
L	836	الخميس 25/03/2022.
M	836	DATE_IN_DIGIT_DAY	2	0	17	Other	التاريخ «25/03/2022» لا يوافق يوم  الخميس بل هو يوم الجمعة.	
L	837	الخميس 25-03-2022.
M	837	DATE_IN_DIGIT_DAY	2	0	17	Other	التاريخ «25-03-2022» لا يوافق يوم  الخميس بل هو يوم الجمعة.	
L	838	الجمعة 25/03/2022
L	839	الإثنين 13-03-2022.
M	839	DATE_IN_DIGIT_DAY	2	0	18	Other	التاريخ «13-03-2022» لا يوافق يوم  الإثنين بل هو يوم الأحد.	
L	840	الأحد 13-03-2022.
L	841	يوم السبت 01/04/2022.
M	841	DATE_IN_DIGIT_DAY	2	4	20	Other	التاريخ «01/04/2022» لا يوافق يوم  السبت بل هو يوم الجمعة.	
L	842	ولدت في 31 سبتمبر.
M	842	DATE_MONTH_LAST_DAY_3	5	8	17	Other	الشهر « سبتمبر » ليس فيه 31 يوما.	
L	843	وُلد 31 أكتوبر.
L	844	وُلد في 30 سبتمبر.
M	844	syntax_125_mobtadaa_nakira_1	1	0	7	Other	لا يجوز الابتداء بنكرة، فيتقدم الخبر شبه الجملة مثلا "كتابان عندك" تصبح "عندك كتابان"\n\n: <suggestion>في وُلد</suggestion>\n\n      	في وُلد
L	845	وُلد في 31/سبتمبر/1969.
M	845	syntax_125_mobtadaa_nakira_1	1	0	7	Other	لا يجوز الابتداء بنكرة، فيتقدم الخبر شبه الجملة مثلا "كتابان عندك" تصبح "عندك كتابان"\n\n: <suggestion>في وُلد</suggestion>\n\n      	في وُلد
M	845	DATE_MONTH_LAST_DAY_2	4	8	22	Other	الشهر « سبتمبر » ليس فيه 31 يوما.	
L	846	توفي في 31/09/1969.
M	846	DATE_MONTH_LAST_DAY_2	4	8	18	Other	الشهر « 09 » ليس فيه 31 يوما.	
L	847	ولد يوم 31/9/1969.
M	847	DATE_MONTH_LAST_DAY_2	4	8	17	Other	الشهر « 9 » ليس فيه 31 يوما.	
L	848	استشهد في 31/10/1969.
L	849	وُلد في 31-سبتمبر-1969.
M	849	syntax_125_mobtadaa_nakira_1	1	0	7	Other	لا يجوز الابتداء بنكرة، فيتقدم الخبر شبه الجملة مثلا "كتابان عندك" تصبح "عندك كتابان"\n\n: <suggestion>في وُلد</suggestion>\n\n      	في وُلد
M	849	DATE_MONTH_LAST_DAY_3	5	8	17	Other	الشهر « سبتمبر » ليس فيه 31 يوما.	
L	850	وُلد في 31-09-1969.
M	850	syntax_125_mobtadaa_nakira_1	1	0	7	Other	لا يجوز الابتداء بنكرة، فيتقدم الخبر شبه الجملة مثلا "كتابان عندك" تصبح "عندك كتابان"\n\n: <suggestion>في وُلد</suggestion>\n\n      	في وُلد
M	850	DATE_MONTH_LAST_DAY_3	5	8	13	Other	الشهر « 09 » ليس فيه 31 يوما.	
L	851	وُلد في 31-9-69.
M	851	syntax_125_mobtadaa_nakira_1	1	0	7	Other	لا يجوز الابتداء بنكرة، فيتقدم الخبر شبه الجملة مثلا "كتابان عندك" تصبح "عندك كتابان"\n\n: <suggestion>في وُلد</suggestion>\n\n      	في وُلد
M	851	DATE_MONTH_LAST_DAY_3	5	8	12	Other	الشهر « 9 » ليس فيه 31 يوما.	
L	852	وُلد في 31-8-69.
M	852	syntax_125_mobtadaa_nakira_1	1	0	7	Other	لا يجوز الابتداء بنكرة، فيتقدم الخبر شبه الجملة مثلا "كتابان عندك" تصبح "عندك كتابان"\n\n: <suggestion>في وُلد</suggestion>\n\n      	في وُلد
L	853	وُلد في 31-أغسطس-1969.
M	853	syntax_125_mobtadaa_nakira_1	1	0	7	Other	لا يجوز الابتداء بنكرة، فيتقدم الخبر شبه الجملة مثلا "كتابان عندك" تصبح "عندك كتابان"\n\n: <suggestion>في وُلد</suggestion>\n\n      	في وُلد
L	854	وُلد في 30 فبراير.
M	854	syntax_125_mobtadaa_nakira_1	1	0	7	Other	لا يجوز الابتداء بنكرة، فيتقدم الخبر شبه الجملة مثلا "كتابان عندك" تصبح "عندك كتابان"\n\n: <suggestion>في وُلد</suggestion>\n\n      	في وُلد
M	854	DATE_MONTH_FAB_1	6	8	17	Other	شهر شباط/فبراير به 28 يومًا أو 29 يوما في السنوات الكبيسة.	
L	855	وُلد في 28 شباط.
M	855	syntax_125_mobtadaa_nakira_1	1	0	7	Other	لا يجوز الابتداء بنكرة، فيتقدم الخبر شبه الجملة مثلا "كتابان عندك" تصبح "عندك كتابان"\n\n: <suggestion>في وُلد</suggestion>\n\n      	في وُلد
L	856	وُلد في 30/فبراير/1969.
M	856	syntax_125_mobtadaa_nakira_1	1	0	7	Other	لا يجوز الابتداء بنكرة، فيتقدم الخبر شبه الجملة مثلا "كتابان عندك" تصبح "عندك كتابان"\n\n: <suggestion>في وُلد</suggestion>\n\n      	في وُلد
M	856	DATE_MONTH_FAB_2	7	8	22	Other	شهر شباط/فبراير به 28 يومًا أو 29 يوما في السنوات الكبيسة.	
L	857	وُلد في 30-02-1969.
M	857	syntax_125_mobtadaa_nakira_1	1	0	7	Other	لا يجوز الابتداء بنكرة، فيتقدم الخبر شبه الجملة مثلا "كتابان عندك" تصبح "عندك كتابان"\n\n: <suggestion>في وُلد</suggestion>\n\n      	في وُلد
M	857	DATE_MONTH_FAB_2	7	8	18	Other	شهر شباط/فبراير به 28 يومًا أو 29 يوما في السنوات الكبيسة.	
L	858	وُلد في 28-02-1969.
M	858	syntax_125_mobtadaa_nakira_1	1	0	7	Other	لا يجوز الابتداء بنكرة، فيتقدم الخبر شبه الجملة مثلا "كتابان عندك" تصبح "عندك كتابان"\n\n: <suggestion>في وُلد</suggestion>\n\n      	في وُلد
L	859	وُلد في 28 شباط.
M	859	syntax_125_mobtadaa_nakira_1	1	0	7	Other	لا يجوز الابتداء بنكرة، فيتقدم الخبر شبه الجملة مثلا "كتابان عندك" تصبح "عندك كتابان"\n\n: <suggestion>في وُلد</suggestion>\n\n      	في وُلد
L	860	يوم 29 فبراير 2000.
L	861	يوم 29/فبراير/2000.
L	862	يوم 29/02/2000.
L	863	يوم 29/2/2000.
L	864	يوم 29 فبراير 2001.
M	864	DATE_MONTH_FAB_29	8	4	18	Other	شهر شباط/فبراير  2001 به 28 يومًا فقط لأن 2001 ليست سنة كبيسة.	
L	865	يوم 29 فبراير 2002.
M	865	DATE_MONTH_FAB_29	8	4	18	Other	شهر شباط/فبراير  2002 به 28 يومًا فقط لأن 2002 ليست سنة كبيسة.	
L	866	يوم 29 فبراير 2003.
M	866	DATE_MONTH_FAB_29	8	4	18	Other	شهر شباط/فبراير  2003 به 28 يومًا فقط لأن 2003 ليست سنة كبيسة.	
L	867	يوم 29 فبراير 2004.
L	868	يوم 29 فبراير 2005.
M	868	DATE_MONTH_FAB_29	8	4	18	Other	شهر شباط/فبراير  2005 به 28 يومًا فقط لأن 2005 ليست سنة كبيسة.	
L	869	يوم 29 فبراير 2006.
M	869	DATE_MONTH_FAB_29	8	4	18	Other	شهر شباط/فبراير  2006 به 28 يومًا فقط لأن 2006 ليست سنة كبيسة.	
L	870	يوم 29 فبراير 2007.
M	870	DATE_MONTH_FAB_29	8	4	18	Other	شهر شباط/فبراير  2007 به 28 يومًا فقط لأن 2007 ليست سنة كبيسة.	
L	871	يوم 29 فبراير 2008.
L	872	يوم 29 فبراير 2009.
M	872	DATE_MONTH_FAB_29	8	4	18	Other	شهر شباط/فبراير  2009 به 28 يومًا فقط لأن 2009 ليست سنة كبيسة.	
L	873	يوم 29 فبراير 2010.
M	873	DATE_MONTH_FAB_29	8	4	18	Other	شهر شباط/فبراير  2010 به 28 يومًا فقط لأن 2010 ليست سنة كبيسة.	
L	874	يوم 29 فبراير 2011.
M	874	DATE_MONTH_FAB_29	8	4	18	Other	شهر شباط/فبراير  2011 به 28 يومًا فقط لأن 2011 ليست سنة كبيسة.	
L	875	يوم 29 فبراير 2012.
L	876	يوم 29 فبراير 2014.
M	876	DATE_MONTH_FAB_29	8	4	18	Other	شهر شباط/فبراير  2014 به 28 يومًا فقط لأن 2014 ليست سنة كبيسة.	
L	877	يوم 29 فبراير 2016.
L	878	يوم 29 فبراير 2018.
M	878	DATE_MONTH_FAB_29	8	4	18	Other	شهر شباط/فبراير  2018 به 28 يومًا فقط لأن 2018 ليست سنة كبيسة.	
L	879	يوم 29 فبراير 2020.
L	880	يوم 29 فبراير 2100.
M	880	DATE_MONTH_FAB_29	8	4	18	Other	شهر شباط/فبراير  2100 به 28 يومًا فقط لأن 2100 ليست سنة كبيسة.	
L	881	يوم 29-02-1900
M	881	DATE_MONTH_FAB_29	8	4	14	Other	شهر شباط/فبراير  1900 به 28 يومًا فقط لأن 1900 ليست سنة كبيسة.	
L	882	يوم 29-فبراير-2005
M	882	DATE_MONTH_FAB_29	8	4	18	Other	شهر شباط/فبراير  2005 به 28 يومًا فقط لأن 2005 ليست سنة كبيسة.	
L	883	يوم 29-فبراير-2004
L	884	تاريخ الدورة هو 2022 ديسمبر 22.
M	884	DATE_WORD_ORDER	9	16	30	Other	عليك ترتيب  أقسام التاريخ.	22 ديسمبر 2022
L	885	سيقدم أحمد في 2022 ديسمبر.
M	885	DATE_WORD_ORDER_2	10	14	25	Other	عليك ترتيب  أقسام التاريخ.	ديسمبر 2022
L	886	في يوم ديسمبر 22 الجمعة.
M	886	DATE_WORD_ORDER_3	11	7	23	Other	عليك ترتيب  أقسام التاريخ	الجمعة 22 ديسمبر
L	887	اجتمع في يوم ديسمبر 22 1999.
M	887	DATE_WORD_ORDER_4	12	13	27	Other	عليك ترتيب  أقسام التاريخ.	22 ديسمبر 1999
L	888	‎الأمر مستقر يعمل بأسلوب عام في البلاد.
M	888	collo_0081_shkl_3am_Test	1	13	28	Other	 الأصوب أن تقول:\n    \n        من الشائع أن يقال: ... بشكل عام، أو تتباين بشكل ملحوظ، أو يؤكد بشكل قوي، أو حلّ المشكلة بالشكل المناسب، أو تعالج بشكل فعّال\n        ويفضل أن يقال:  تتباين تبايناً ملحوظاً، يؤكد  تأكيدًا قويا، حلّ المشكلة حلًا مناسبًا، تعالج  علاجا فعّالًا.\n        الأصوب أن توضع محل (بشكل) إحدى الكلمات الآتية: بطريقة، بأسلوب، بصفة، بصيغة، بوجه، بدرجة، بكيفية، الخ…. (مصدر)\n      	يعمل إعمالًا عامًا|يعمل عملةً عامةً|يعمل عملًا عامًا
L	889	لا يضربه بأسلوب جيّد في البلاد.
M	889	collo_0081_shkl_3am_Test	1	3	20	Other	 الأصوب أن تقول:\n    \n        من الشائع أن يقال: ... بشكل عام، أو تتباين بشكل ملحوظ، أو يؤكد بشكل قوي، أو حلّ المشكلة بالشكل المناسب، أو تعالج بشكل فعّال\n        ويفضل أن يقال:  تتباين تبايناً ملحوظاً، يؤكد  تأكيدًا قويا، حلّ المشكلة حلًا مناسبًا، تعالج  علاجا فعّالًا.\n        الأصوب أن توضع محل (بشكل) إحدى الكلمات الآتية: بطريقة، بأسلوب، بصفة، بصيغة، بوجه، بدرجة، بكيفية، الخ…. (مصدر)\n      	يضربه إضرابًا جيّدًا|يضربه ضربةً جيّدةً|يضربه ضربًا جيّدًا
L	890	قمت بالعمل في الامتحان
M	890	syntax_0000_Qam_bi_test	2	0	10	Other	تعبير "القيام بـالأمر" ركيك يستحسن تجنبه إلى تصريف المصدر الموالي، قل ضربت بدلا من القيام بالضرب.	عملت
L	891	يقومون بالعمل في الامتحان
M	891	syntax_0000_Qam_bi_test	2	0	13	Other	تعبير "القيام بـالأمر" ركيك يستحسن تجنبه إلى تصريف المصدر الموالي، قل ضربت بدلا من القيام بالضرب.	يعملون
L	892	وسيقومون بالأكل في الامتحان
M	892	syntax_0000_Qam_bi_test	2	0	15	Other	تعبير "القيام بـالأمر" ركيك يستحسن تجنبه إلى تصريف المصدر الموالي، قل ضربت بدلا من القيام بالضرب.	وسيأكلون
L	893	قامت بالإعمال في الامتحان
M	893	syntax_0000_Qam_bi_test	2	0	13	Other	تعبير "القيام بـالأمر" ركيك يستحسن تجنبه إلى تصريف المصدر الموالي، قل ضربت بدلا من القيام بالضرب.	أعملت
L	894	قمن بالسؤال في الامتحان
M	894	syntax_125_mobtadaa_nakira_3	4	0	11	Other	لا يجوز الابتداء بنكرة، فيتقدم الخبر شبه الجملة مثلا "كتاب  بالبيت" تصبح "بالبيت كتاب"\n\n: <suggestion>بالسؤال قمن</suggestion>\n\n      	بالسؤال قمن
L	895	عجوزا في الغابران.
M	895	typo_000_tanwin_nasb2	5	0	5	Hint	يستحسن وضع علامة التنوين أو الفتح للتفريق بين الاسم المنوّن وغيره\n: <suggestion>عجوزًا</suggestion>\n: <suggestion>عجوزَا</suggestion>\n      	عجوزًا|عجوزَا
M	895	grammar_0000_jar_dual	3	6	17	Other	انتبه لحرف الجر فالمثنى يجر بالياء\n\n        <suggestion>في الغابرين</suggestion>\n      	في الغابرين
L	896	نظرت في الكتابان.
M	896	grammar_0000_jar_dual	3	5	16	Other	انتبه لحرف الجر فالمثنى يجر بالياء\n\n        <suggestion>في الكتابين</suggestion>\n      	في الكتابين
L	897	نظرت في صفحتان.
M	897	grammar_0000_jar_dual	3	5	14	Other	انتبه لحرف الجر فالمثنى يجر بالياء\n\n        <suggestion>في صفحتين</suggestion>\n      	في صفحتين
L	898	نظرت في صفحتين.
L	899	نظرت في الصفحتين.
L	900	قرأت في كتابيها.
L	901	قرأت في كتابي.
L	902	نظرت والصفحتان.
L	903	عجوزا في الغابرون.
M	903	typo_000_tanwin_nasb2	5	0	5	Hint	يستحسن وضع علامة التنوين أو الفتح للتفريق بين الاسم المنوّن وغيره\n: <suggestion>عجوزًا</suggestion>\n: <suggestion>عجوزَا</suggestion>\n      	عجوزًا|عجوزَا
M	903	grammar_0000_jar_plural	4	6	17	Other	:انتبه لحرف الجر فالجمع المذكر السالم  يُجَرّ بالياء\n        <suggestion>في الغابرين</suggestion>\n      	في الغابرين
L	904	نظرت في العائدون.
M	904	grammar_0000_jar_plural	4	5	16	Other	:انتبه لحرف الجر فالجمع المذكر السالم  يُجَرّ بالياء\n        <suggestion>في العائدين</suggestion>\n      	في العائدين
L	905	نظرت في صادقون.
M	905	grammar_0000_jar_plural	4	5	14	Other	:انتبه لحرف الجر فالجمع المذكر السالم  يُجَرّ بالياء\n        <suggestion>في صادقين</suggestion>\n      	في صادقين
L	906	نظرت في صفحتين.
L	907	نظرت في الصفحتين.
L	908	قرأت في فلاحيها.
L	909	قرأت في كاتبي.
L	910	نظرت والمدرسون.
L	911	هرولت إلى مسافرون.
M	911	grammar_0000_jar_plural	4	6	17	Other	:انتبه لحرف الجر فالجمع المذكر السالم  يُجَرّ بالياء\n        <suggestion>إلى مسافرين</suggestion>\n      	إلى مسافرين
L	912	عجوزا مع المسافرون.
M	912	typo_000_tanwin_nasb2	5	0	5	Hint	يستحسن وضع علامة التنوين أو الفتح للتفريق بين الاسم المنوّن وغيره\n: <suggestion>عجوزًا</suggestion>\n: <suggestion>عجوزَا</suggestion>\n      	عجوزًا|عجوزَا
M	912	grammar_0000_jar_plural	4	6	18	Other	:انتبه لحرف الجر فالجمع المذكر السالم  يُجَرّ بالياء\n        <suggestion>مع المسافرين</suggestion>\n      	مع المسافرين
L	913	استعمله استعمالا
M	913	typo_000_tanwin_nasb2	5	8	16	Hint	يستحسن وضع علامة التنوين أو الفتح للتفريق بين الاسم المنوّن وغيره\n: <suggestion>استعمالًا</suggestion>\n: <suggestion>استعمالَا</suggestion>\n      	استعمالًا|استعمالَا
L	914	فعلوا
L	915	عجوزان إن الغابران.
M	915	grammar_0002_nawasikh_dual	6	7	18	Other	 انتبه لأخوات إنّ التي تنصب المبتدأ، إذا كان مثنى ينصب بالياء\n\n        <suggestion>إن الغابرين</suggestion>\n      	إن الغابرين
L	916	في الدرج كأن الكتابان.
M	916	grammar_0002_nawasikh_dual	6	9	21	Other	 انتبه لأخوات إنّ التي تنصب المبتدأ، إذا كان مثنى ينصب بالياء\n\n        <suggestion>كأن الكتابين</suggestion>\n      	كأن الكتابين
L	917	كافيتان لعل صفحتان.
M	917	grammar_0002_nawasikh_dual	6	8	18	Other	 انتبه لأخوات إنّ التي تنصب المبتدأ، إذا كان مثنى ينصب بالياء\n\n        <suggestion>لعل صفحتين</suggestion>\n      	لعل صفحتين
L	918	إنّ صفحتين.
L	919	لكن الصفحتين.
L	920	كأن كتابيها.
L	921	لعل كتابي.
L	922	لكن والصفحتان.
L	923	رحلوا إن الغابرون.
M	923	grammar_0002_nawasikh_plural	7	6	17	Other	 انتبه لأخوات إنّ التي تنصب المبتدأ، إذا كان جمعا مذكرا سالما ينصب بالياء\n\n        <suggestion>إن الغابرين</suggestion>\n      	إن الغابرين
L	924	مرضى كأن العائدون.
M	924	grammar_0002_nawasikh_plural	7	5	17	Other	 انتبه لأخوات إنّ التي تنصب المبتدأ، إذا كان جمعا مذكرا سالما ينصب بالياء\n\n        <suggestion>كأن العائدين</suggestion>\n      	كأن العائدين
L	925	فازوا لعل صادقون.
M	925	grammar_0002_nawasikh_plural	7	6	16	Other	 انتبه لأخوات إنّ التي تنصب المبتدأ، إذا كان جمعا مذكرا سالما ينصب بالياء\n\n        <suggestion>لعل صادقين</suggestion>\n      	لعل صادقين
L	926	لعل صفحتين.كافيتان
L	927	ليت الصفحتين.كافيتان
L	928	كأن فلاحيها. شجعان
L	929	قال أنّ كاتبي. صادقان
L	930	لكن والمدرسون.
L	931	وصلوا كأن مسافرون.
M	931	grammar_0002_nawasikh_plural	7	6	17	Other	 انتبه لأخوات إنّ التي تنصب المبتدأ، إذا كان جمعا مذكرا سالما ينصب بالياء\n\n        <suggestion>كأن مسافرين</suggestion>\n      	كأن مسافرين
L	932	وصلوا لعل المسافرون.
M	932	grammar_0002_nawasikh_plural	7	6	19	Other	 انتبه لأخوات إنّ التي تنصب المبتدأ، إذا كان جمعا مذكرا سالما ينصب بالياء\n\n        <suggestion>لعل المسافرين</suggestion>\n      	لعل المسافرين
L	933	ما زرته أبدا
M	933	syntax_154_AbaDAn_1	1	8	12	Other	لأن "أبدًا" ظرف زمان للمستقبل، فلا يأتي مع الماضي\n: <suggestion>قَطُّ</suggestion>\n\n      	قَطُّ
L	934	ما زرته قط
L	935	ما زرته لا جاء أحمد
M	935	syntax_1111_La_fa3ala_1	1	8	14	Other	لأنه عند نفي الفعل الماضي يُنفى بـ "ما" ولا يصح استخدام "لا" إلا إذا تكررت، مثل قوله تعالى: "فلا صدق ولا صلى ولكن كذب وتولى" أو كانت معطوفة على نفي سابق، مثل: "ما جاء الضيف ولا اعتذر" وإذا نُفي في غير هاتين الحالتين فإنه يفيد الدعاء، كما في: لا زال فضلُك غامرًا\n            : <suggestion>ما جاء</suggestion>\n\n      	ما جاء
L	936	لا ضرب ظهرك
M	936	AR_HOMOPHONES_REPLACE		3	6	Other	قل <suggestion>ظرب</suggestion>	ظرب
L	937	فلا صدق ولا صلى
L	938	لا صدق ولا صلى
L	939	"ما جاء الضيف ولا اعتذر
L	940	لم ينجح إلا طالبان فقط
M	940	syntax_153_Illa_faqat	1	8	22	Other	استخدام "فقط" بعد الحصر بأدوات الاستثناء حشو لا فائدة منه،\n    \n: <suggestion>إلا طالبان</suggestion>\n\n      	إلا طالبان
L	941	لم ينجح إلا عشرون طالبا فقط
M	941	syntax_153_Illa_faqat	1	8	27	Other	استخدام "فقط" بعد الحصر بأدوات الاستثناء حشو لا فائدة منه،\n    \n: <suggestion>إلا عشرون طالبا</suggestion>\n\n      	إلا عشرون طالبا
L	942	لم ينجح إلا عشرون طالب مدرسة فقط
M	942	syntax_153_Illa_faqat	1	8	32	Other	استخدام "فقط" بعد الحصر بأدوات الاستثناء حشو لا فائدة منه،\n    \n: <suggestion>إلا عشرون طالب مدرسة</suggestion>\n\n      	إلا عشرون طالب مدرسة
L	943	لم ينجح إلا طالبان
L	944	فإن ما تَرَيِنّ من البشر أحدًا
M	944	syntax_132_in_maa	1	0	15	Other	حذف النون من إن الشرطية إذا جاء بعدها ما الزائدة، نحو قوله تعالى: "إمّا يبلغنّ عندك الكبر"\n: <suggestion>فإمّا تَرَيِنّ</suggestion>\n\n      	فإمّا تَرَيِنّ
L	945	فإن لا تثبتوا تهزموا
M	945	syntax_132_in_maa	1	0	13	Other	حذف النون من إن الشرطية إذا جاء بعدها ما الزائدة، نحو قوله تعالى: "إمّا يبلغنّ عندك الكبر"\n: <suggestion>فإلّا تثبتوا</suggestion>\n\n      	فإلّا تثبتوا
L	946	إمّا يبلغنّ عندك الكبر
L	947	إلا تثبتوا تُهزموا
L	948	هذا حقك، فأما أن تحفظه، وأما أن تضيعه
M	948	syntax_125_in_maa	1	9	28	Other	 "إما" حرف لتعليق الحكم بأحد الشيئين، وتلازم التكرار\n\n: <suggestion>فإمّا أن تحفظه، وإمّا</suggestion>\n\n      	فإمّا أن تحفظه، وإمّا
L	949	هذا حقك، فإما أن تحفظه، وإما أن تضيعه
L	950	كتابان عندك
M	950	syntax_125_mobtadaa_nakira_1	1	0	11	Other	لا يجوز الابتداء بنكرة، فيتقدم الخبر شبه الجملة مثلا "كتابان عندك" تصبح "عندك كتابان"\n\n: <suggestion>عندك كتابان</suggestion>\n\n      	عندك كتابان
L	951	قال أحمد. كتابان عندك
M	951	syntax_125_mobtadaa_nakira_1	1	10	21	Other	لا يجوز الابتداء بنكرة، فيتقدم الخبر شبه الجملة مثلا "كتابان عندك" تصبح "عندك كتابان"\n\n: <suggestion>عندك كتابان</suggestion>\n\n      	عندك كتابان
L	952	قال أحمد, كتابان عندك
L	953	قال أحمد: كتابان عندك
L	954	عندك كتابان
L	955	كتاب في البيت
M	955	syntax_125_mobtadaa_nakira_2	2	0	13	Other	لا يجوز الابتداء بنكرة، فيتقدم الخبر شبه الجملة مثلا "كتاب  في البيت" تصبح "في البيت كتاب"\n\n: <suggestion>في البيت كتاب</suggestion>\n\n      	في البيت كتاب
L	956	قال أحمد. كتاب في بيتنا
M	956	syntax_125_mobtadaa_nakira_2	2	10	23	Other	لا يجوز الابتداء بنكرة، فيتقدم الخبر شبه الجملة مثلا "كتاب  في البيت" تصبح "في البيت كتاب"\n\n: <suggestion>في بيتنا كتاب</suggestion>\n\n      	في بيتنا كتاب
L	957	قال أحمد, كتاب في بيتنا
L	958	قال أحمد: كتاب في المكتبة
L	959	في المدرسة رجل
L	960	كتاب في بيت الولد
M	960	syntax_125_mobtadaa_nakira_5	3	0	17	Other	لا يجوز الابتداء بنكرة، فيتقدم الخبر شبه الجملة مثلا "كتاب  في بيت الولد" تصبح "في بيت الولد كتاب"\n\n: <suggestion>في بيت الولد كتاب</suggestion>\n\n      	في بيت الولد كتاب
L	961	قال أحمد. مزهرية في رواق بيتنا
M	961	syntax_125_mobtadaa_nakira_5	3	10	30	Other	لا يجوز الابتداء بنكرة، فيتقدم الخبر شبه الجملة مثلا "كتاب  في بيت الولد" تصبح "في بيت الولد كتاب"\n\n: <suggestion>في رواق بيتنا مزهرية</suggestion>\n\n      	في رواق بيتنا مزهرية
L	962	قال أحمد, كتاب في بيت والدنا
L	963	قال أحمد: كتاب في مكتبة الحي
L	964	من أهل الزوجة رجل
L	965	كتاب بالبيت
M	965	syntax_125_mobtadaa_nakira_3	4	0	11	Other	لا يجوز الابتداء بنكرة، فيتقدم الخبر شبه الجملة مثلا "كتاب  بالبيت" تصبح "بالبيت كتاب"\n\n: <suggestion>بالبيت كتاب</suggestion>\n\n      	بالبيت كتاب
L	966	قال أحمد. رجل لبيتنا
M	966	syntax_125_mobtadaa_nakira_3	4	10	20	Other	لا يجوز الابتداء بنكرة، فيتقدم الخبر شبه الجملة مثلا "كتاب  بالبيت" تصبح "بالبيت كتاب"\n\n: <suggestion>لبيتنا رجل</suggestion>\n\n      	لبيتنا رجل
L	967	قال أحمد. شجاع كالأسد
M	967	syntax_125_mobtadaa_nakira_3	4	10	21	Other	لا يجوز الابتداء بنكرة، فيتقدم الخبر شبه الجملة مثلا "كتاب  بالبيت" تصبح "بالبيت كتاب"\n\n: <suggestion>كالأسد شجاع</suggestion>\n\n      	كالأسد شجاع
L	968	قال أحمد, كتاب لمدرستنا
L	969	قال أحمد: كتاب في المكتبة
L	970	للمدرسة رجل
L	971	كتاب ببيت العالم
M	971	syntax_125_mobtadaa_nakira_4	5	0	16	Other	لا يجوز الابتداء بنكرة، فيتقدم الخبر شبه الجملة مثلا "كتاب ببيت العالم" تصبح  "ببيت  العالم كتاب"\n\n: <suggestion>ببيت العالم كتاب</suggestion>\n\n      	ببيت العالم كتاب
L	972	قال أحمد. رجل لبيت عالمنا
M	972	syntax_125_mobtadaa_nakira_4	5	10	25	Other	لا يجوز الابتداء بنكرة، فيتقدم الخبر شبه الجملة مثلا "كتاب ببيت العالم" تصبح  "ببيت  العالم كتاب"\n\n: <suggestion>لبيت عالمنا رجل</suggestion>\n\n      	لبيت عالمنا رجل
L	973	قال أحمد. شجاع كشجاعة الأسد
M	973	syntax_125_mobtadaa_nakira_4	5	10	27	Other	لا يجوز الابتداء بنكرة، فيتقدم الخبر شبه الجملة مثلا "كتاب ببيت العالم" تصبح  "ببيت  العالم كتاب"\n\n: <suggestion>كشجاعة الأسد شجاع</suggestion>\n\n      	كشجاعة الأسد شجاع
L	974	قال أحمد, كتاب لمدرسة حينا
L	975	قال أحمد: كتاب في درج المكتب
L	976	في مدرسة الحي رجل
L	977	يسأل عن ما أصابك
M	977	syntax_158_3n_maa	1	5	16	Other	.\n            "ما" الاسم الموصول إذا سُبق بـ "عن" حرف الجر، فإنهما يدغمان معًا "عمّا"، الأمر نفسه مع "ما" الزائدة غير الكافّة بـ "من" و"عن"\n\n\n: <suggestion>عمّا أصابك</suggestion>\n\n      	عمّا أصابك
L	978	بحثت عن ما سألت عنه
M	978	syntax_158_3n_maa	1	5	15	Other	.\n            "ما" الاسم الموصول إذا سُبق بـ "عن" حرف الجر، فإنهما يدغمان معًا "عمّا"، الأمر نفسه مع "ما" الزائدة غير الكافّة بـ "من" و"عن"\n\n\n: <suggestion>عمّا سألت</suggestion>\n\n      	عمّا سألت
L	979	سلمت من ما أصابك عنه
M	979	syntax_158_3n_maa	1	5	16	Other	.\n            "ما" الاسم الموصول إذا سُبق بـ "عن" حرف الجر، فإنهما يدغمان معًا "عمّا"، الأمر نفسه مع "ما" الزائدة غير الكافّة بـ "من" و"عن"\n\n\n: <suggestion>ممّا أصابك</suggestion>\n\n      	ممّا أصابك
L	980	بحثت عمّا تسأل عنه
L	981	بحثت عن ما وتسأل عنه
L	982	سألت عمّا أصابك
L	983	سلمت ممّا أصابك
L	984	مادام الله معنا، فإن النصر لنا
M	984	syntax_216_madama_sent_start	1	0	20	Other	ربما تحتاج الجملة إلى إعادة صياغة لأن "مادام" لا تأتي في أول الكلام، نقول: "إنّ النصر لنا مادام الله معنا"\n      	
L	985	إن النصر لنا مادام الله معنا
L	986	اختر بين هذين الأمرين
M	986	syntax_206_ikhtar_1	1	0	8	Other	لا تستعمل "بين " مع الاختيار، هذا غير معروف"\n        <suggestion>اختر أحد</suggestion>\n        <suggestion>اختر إحدى</suggestion>\n\n      	اختر أحد|اختر إحدى
L	987	اختر أحد الأمرين
L	988	أحسن إليك، بينما أسأت إليه
M	988	syntax_125_mobtadaa_nakira_1	1	0	9	Other	لا يجوز الابتداء بنكرة، فيتقدم الخبر شبه الجملة مثلا "كتابان عندك" تصبح "عندك كتابان"\n\n: <suggestion>إليك أحسن</suggestion>\n\n      	إليك أحسن
M	988	syntax_456_bynama_sent_start_1	1	11	16	Other	ربما تحتاج الجملة إلى إعادة صياغة لأن بينما لها الصدارة، أي يجب أن تكون في بدء الجملة"\n        <suggestion></suggestion>\n        <suggestion>حين</suggestion>\n        <suggestion>في حين</suggestion>\n        <suggestion>و</suggestion>\n        <suggestion>مع أنّ</suggestion>\n      	|حين|في حين|و|مع أنّ
L	989	بينما كان الركاب يهمّون بالركوب، تحرك القطار
M	989	AR_SIMPLE_REPLACE		0	9	Other	قل <suggestion>حين كان</suggestion>	حين كان
L	990	بين ما كنت عائدًا التقيت صديقي
M	990	syntax_456_bynama_sent_start_2	2	0	6	Other	تُوصل "ما" الزائدة غير الكافّة بالظرف "بين"\n        <suggestion>بينما</suggestion>  	بينما
L	991	بينما كنت عائدًا التقيت صديقي
L	992	جلس بين محمد وبين علي
M	992	syntax_1528_byna_wa_bayna_1	1	4	17	Other	لا داعي لتكرار "بين" لأن تكرارها لا يعطي معنى جديدًا\n\n: <suggestion>بين محمد و</suggestion>\n\n      	بين محمد و
L	993	حال بينه وبين علي
M	993	syntax_1528_byna_wa_bayna_1	1	4	13	Other	لا داعي لتكرار "بين" لأن تكرارها لا يعطي معنى جديدًا\n\n: <suggestion>بينه و</suggestion>\n\n      	بينه و
L	994	حال بين أحمد وعلي
L	995	جلس بيني وبينه علي
M	995	syntax_1528_byna_wa_bayna_2	2	4	14	Other	لا داعي لتكرار "بين" لأن تكرارها لا يعطي معنى جديدًا\n\n: <suggestion>بيننا</suggestion>\n\n      	بيننا
L	996	حال بيننا وبينكما علي
M	996	syntax_1528_byna_wa_bayna_2	2	4	17	Other	لا داعي لتكرار "بين" لأن تكرارها لا يعطي معنى جديدًا\n\n: <suggestion>بيننا</suggestion>\n\n      	بيننا
L	997	جلس بيننا
L	998	جلس بينك وبينه
M	998	AR_SIMPLE_REPLACE		4	14	Other	لا داعي لتكرار "بين" لأن تكرارها لا يعطي معنى جديدًا	بينكما
L	999	'جلس بينك وبينه علي
M	999	AR_SIMPLE_REPLACE		5	15	Other	لا داعي لتكرار "بين" لأن تكرارها لا يعطي معنى جديدًا	بينكما
L	1000	جلس بينكم وبينه علي
M	1000	syntax_1528_byna_wa_bayna_3	3	4	15	Other	لا داعي لتكرار "بين" لأن تكرارها لا يعطي معنى جديدًا\n\n: <suggestion>بينكم</suggestion>\n\n      	بينكم
L	1001	حال بينكما وبينهما علي
M	1001	syntax_1528_byna_wa_bayna_3	3	4	18	Other	لا داعي لتكرار "بين" لأن تكرارها لا يعطي معنى جديدًا\n\n: <suggestion>بينكم</suggestion>\n\n      	بينكم
L	1002	جلس بينكم
L	1003	جلس بينها وبينه علي
M	1003	syntax_1528_byna_wa_bayna_4	4	4	15	Other	لا داعي لتكرار "بين" لأن تكرارها لا يعطي معنى جديدًا\n\n: <suggestion>بينهما</suggestion>\n\n      	بينهما
L	1004	حال بينها وبينها علي
M	1004	syntax_1528_byna_wa_bayna_4	4	4	16	Other	لا داعي لتكرار "بين" لأن تكرارها لا يعطي معنى جديدًا\n\n: <suggestion>بينهما</suggestion>\n\n      	بينهما
L	1005	جلس بينكم
L	1006	جلس بينهما وبينه علي
M	1006	syntax_1528_byna_wa_bayna_5	5	4	16	Other	لا داعي لتكرار "بين" لأن تكرارها لا يعطي معنى جديدًا\n\n: <suggestion>بينهم</suggestion>\n\n      	بينهم
L	1007	حال بينهما وبينها علي
M	1007	syntax_1528_byna_wa_bayna_5	5	4	17	Other	لا داعي لتكرار "بين" لأن تكرارها لا يعطي معنى جديدًا\n\n: <suggestion>بينهم</suggestion>\n\n      	بينهم
L	1008	جلس بينكم
L	1009	جلس بينك وبينهم علي
M	1009	syntax_1528_byna_wa_bayna_6	6	4	15	Other	لا داعي لتكرار "بين" لأن تكرارها لا يعطي معنى جديدًا\n\n: <suggestion>بينكم</suggestion>\n\n      	بينكم
L	1010	حال بينك وبينهما علي
M	1010	syntax_1528_byna_wa_bayna_6	6	4	16	Other	لا داعي لتكرار "بين" لأن تكرارها لا يعطي معنى جديدًا\n\n: <suggestion>بينكم</suggestion>\n\n      	بينكم
L	1011	جلس بينكم
L	1012	يعمل أخي كمدير
M	1012	syntax_0002_as_ka_1	1	0	14	Other	استخدام الكاف للصفة استخدام أجنبي أدخله المترجمون، إذ يستعملون\n            "as"\n            بمعنى الكاف، فالأَوْلَى النصب على الحالية مثل  " أعمل مديرًا " أو على الاختصاص في: "نحن المسلمين".\n        <suggestion>يعمل أخي مدير</suggestion>\n        <suggestion>يعمل أخي بصفة مدير</suggestion>\n\n      	يعمل أخي مدير|يعمل أخي بصفة مدير
L	1013	يعمل أخي مديرا
M	1013	typo_000_tanwin_nasb2	5	9	14	Hint	يستحسن وضع علامة التنوين أو الفتح للتفريق بين الاسم المنوّن وغيره\n: <suggestion>مديرًا</suggestion>\n: <suggestion>مديرَا</suggestion>\n      	مديرًا|مديرَا
L	1014	يتصرفون كمدرسين
M	1014	syntax_0002_as_ka_2	2	0	15	Other	استخدام الكاف للصفة استخدام أجنبي أدخله المترجمون، إذ يستعملون\n            "as"\n            بمعنى الكاف، فالأَوْلَى النصب على الحالية مثل  " أعمل مديرًا " أو على الاختصاص في: "نحن المسلمين".\n        <suggestion>يتصرفون مدرسين</suggestion>\n        <suggestion>يتصرفون بصفة مدرسين</suggestion>\n\n      	يتصرفون مدرسين|يتصرفون بصفة مدرسين
L	1015	يعمل أخي مديرا
M	1015	typo_000_tanwin_nasb2	5	9	14	Hint	يستحسن وضع علامة التنوين أو الفتح للتفريق بين الاسم المنوّن وغيره\n: <suggestion>مديرًا</suggestion>\n: <suggestion>مديرَا</suggestion>\n      	مديرًا|مديرَا
L	1016	نحن كمدرسين
M	1016	syntax_0002_as_ka_3	3	0	11	Other	استخدام الكاف للصفة استخدام أجنبي أدخله المترجمون، إذ يستعملون\n            "as"\n            بمعنى الكاف، فالأَوْلَى النصب على الحالية مثل  " أعمل مديرًا " أو على الاختصاص في: "نحن المسلمين".\n        <suggestion>نحن المدرسين</suggestion>\n      	نحن المدرسين
L	1017	نحن المسلمين
L	1018	عملت لساعتين
M	1018	syntax_1492_L_modda_1	1	0	12	Other	\n            التعبير بالظرفية "ساعتين، ثلاث ساعات" هو المراد، وليس بالجار والمجرور"\nاللام تحذف فلا ضرورة لها، قبل الظرف\n            : <suggestion>عملت ساعتين</suggestion>\n\n      	عملت ساعتين
L	1019	عملت الطالبة لأسابيع
M	1019	syntax_1492_L_modda_1	1	0	20	Other	\n            التعبير بالظرفية "ساعتين، ثلاث ساعات" هو المراد، وليس بالجار والمجرور"\nاللام تحذف فلا ضرورة لها، قبل الظرف\n            : <suggestion>عملت الطالبة أسابيع</suggestion>\n\n      	عملت الطالبة أسابيع
L	1020	عملت الطالبة لفترة طويلة
M	1020	syntax_1492_L_modda_1	1	0	18	Other	\n            التعبير بالظرفية "ساعتين، ثلاث ساعات" هو المراد، وليس بالجار والمجرور"\nاللام تحذف فلا ضرورة لها، قبل الظرف\n            : <suggestion>عملت الطالبة فترة</suggestion>\n\n      	عملت الطالبة فترة
L	1021	يجتهد ليال طويلة
L	1022	يجتهد فترة
M	1022	AR_SIMPLE_REPLACE		6	10	Other	الفترة في اللغة العربية الضعف والسكون وانكسار الحدة والنشاط، وتطلق على ما بين نبيين	مدّة|حقبة|زمن
L	1023	عملت ليوم
M	1023	syntax_1492_L_modda_2	2	0	9	Other	\n            التعبير بالظرفية "ساعتين، ثلاث ساعات" هو المراد، وليس بالجار والمجرور"\nاللام تحذف فلا ضرورة لها، قبل الظرف\n            : <suggestion>عملت يومًا</suggestion>\n\n      	عملت يومًا
L	1024	عملت الطالبة لأسبوع
M	1024	syntax_1492_L_modda_2	2	0	19	Other	\n            التعبير بالظرفية "ساعتين، ثلاث ساعات" هو المراد، وليس بالجار والمجرور"\nاللام تحذف فلا ضرورة لها، قبل الظرف\n            : <suggestion>عملت الطالبة أسبوعًا</suggestion>\n\n      	عملت الطالبة أسبوعًا
L	1025	عملت الطالبة لأعوام طويلة
M	1025	syntax_1492_L_modda_2	2	0	19	Other	\n            التعبير بالظرفية "ساعتين، ثلاث ساعات" هو المراد، وليس بالجار والمجرور"\nاللام تحذف فلا ضرورة لها، قبل الظرف\n            : <suggestion>عملت الطالبة أعوامًا</suggestion>\n\n      	عملت الطالبة أعوامًا
L	1026	يجتهد أعواما طويلة
L	1027	يجتهد أسبوعا
M	1027	typo_000_tanwin_nasb2	5	6	12	Hint	يستحسن وضع علامة التنوين أو الفتح للتفريق بين الاسم المنوّن وغيره\n: <suggestion>أسبوعًا</suggestion>\n: <suggestion>أسبوعَا</suggestion>\n      	أسبوعًا|أسبوعَا
L	1028	هذا حقك، كلما زاد الألم، كلما زاد البكاء
M	1028	exp_1343_kullama_kullama	1	9	29	Other	استعمال "كلما.. كلما" مأخوذ من ترجمة حرفية عن اللغة الإنجليزية "the more ... the more"، لا داعي للتكرار\n\n: <suggestion>كلما زاد الألم،</suggestion>\n\n      	كلما زاد الألم،
L	1029	كلما زاد الألم، زاد البكاء
L	1030	في مليونان ومئتان وخمسة وأربعون ألفاً وسبعمائة وواحد صندوق.
M	1030	syntax_numeric_0003	1	0	52	Other	التحقق من الأعداد\n      	في مليونين ومئتين وخمسة وأربعين ألفا وسبعمائة وواحد
L	1031	في مليونين ومئتان وخمسة وأربعون ألفاً وسبعمائة وواحد صندوق.
M	1031	syntax_numeric_0003	1	0	52	Other	التحقق من الأعداد\n      	في مليونين ومئتين وخمسة وأربعين ألفا وسبعمائة وواحد
L	1032	في مليونين ومئتين وخمسة وأربعون ألفاً وسبعمائة وواحد صندوق.
M	1032	syntax_numeric_0003	1	0	52	Other	التحقق من الأعداد\n      	في مليونين ومئتين وخمسة وأربعين ألفا وسبعمائة وواحد
L	1033	في ثلاثون صندوقا.
M	1033	syntax_numeric_0003	1	0	9	Other	التحقق من الأعداد\n      	في ثلاثين
M	1033	typo_000_tanwin_nasb2	5	10	16	Hint	يستحسن وضع علامة التنوين أو الفتح للتفريق بين الاسم المنوّن وغيره\n: <suggestion>صندوقًا</suggestion>\n: <suggestion>صندوقَا</suggestion>\n      	صندوقًا|صندوقَا
L	1034	في خمسة وثلاثون صندوقا.
M	1034	syntax_numeric_0003	1	0	15	Other	التحقق من الأعداد\n      	في خمسة وثلاثين
M	1034	typo_000_tanwin_nasb2	5	16	22	Hint	يستحسن وضع علامة التنوين أو الفتح للتفريق بين الاسم المنوّن وغيره\n: <suggestion>صندوقًا</suggestion>\n: <suggestion>صندوقَا</suggestion>\n      	صندوقًا|صندوقَا
L	1035	في خمسمئة واثنان وثلاثون صندوقا.
M	1035	syntax_numeric_0003	1	0	24	Other	التحقق من الأعداد\n      	في خمسمائة واثنين وثلاثين
M	1035	typo_000_tanwin_nasb2	5	25	31	Hint	يستحسن وضع علامة التنوين أو الفتح للتفريق بين الاسم المنوّن وغيره\n: <suggestion>صندوقًا</suggestion>\n: <suggestion>صندوقَا</suggestion>\n      	صندوقًا|صندوقَا
L	1036	في ألف وخمسمئة واثنين وثلاثون صندوقا.
M	1036	syntax_numeric_0003	1	0	29	Other	التحقق من الأعداد\n      	في ألف وخمسمائة واثنين وثلاثين
M	1036	typo_000_tanwin_nasb2	5	30	36	Hint	يستحسن وضع علامة التنوين أو الفتح للتفريق بين الاسم المنوّن وغيره\n: <suggestion>صندوقًا</suggestion>\n: <suggestion>صندوقَا</suggestion>\n      	صندوقًا|صندوقَا
L	1037	في خمسمئة وتسعة وثلاثين مليون وتسعة وتسعون ألفا وستمئة وسبعة وثلاثين صندوقا.
M	1037	syntax_numeric_0003	1	0	68	Other	التحقق من الأعداد\n      	في خمسمائة وتسعة وثلاثين مليونا وتسعة وتسعين ألفا وستمائة وسبعة وثلاثين
M	1037	typo_000_tanwin_nasb2	5	69	75	Hint	يستحسن وضع علامة التنوين أو الفتح للتفريق بين الاسم المنوّن وغيره\n: <suggestion>صندوقًا</suggestion>\n: <suggestion>صندوقَا</suggestion>\n      	صندوقًا|صندوقَا
L	1038	في خمسمئة وتسعة وثلاثون مليون وتسعة وتسعون ألفا وستمئة وسبعة وثلاثين صندوقا.
M	1038	syntax_numeric_0003	1	0	68	Other	التحقق من الأعداد\n      	في خمسمائة وتسعة وثلاثين مليونا وتسعة وتسعين ألفا وستمائة وسبعة وثلاثين
M	1038	typo_000_tanwin_nasb2	5	69	75	Hint	يستحسن وضع علامة التنوين أو الفتح للتفريق بين الاسم المنوّن وغيره\n: <suggestion>صندوقًا</suggestion>\n: <suggestion>صندوقَا</suggestion>\n      	صندوقًا|صندوقَا
L	1039	في خمسمئة وتسعة وثلاثين مليون وتسعة وتسعون ألفا وستمئة وسبعة وثلاثين صندوقا.
M	1039	syntax_numeric_0003	1	0	68	Other	التحقق من الأعداد\n      	في خمسمائة وتسعة وثلاثين مليونا وتسعة وتسعين ألفا وستمائة وسبعة وثلاثين
M	1039	typo_000_tanwin_nasb2	5	69	75	Hint	يستحسن وضع علامة التنوين أو الفتح للتفريق بين الاسم المنوّن وغيره\n: <suggestion>صندوقًا</suggestion>\n: <suggestion>صندوقَا</suggestion>\n      	صندوقًا|صندوقَا
L	1040	قابلته بعد أن عامل المسكين بالحسنى.
L	1041	رأيت التقوى في من عامل المسكين بالحسنى.
L	1042	-رأيته قد عامل المسكين بالحسنى.
L	1043	-رأيت التفاني في عامل النظافة.
L	1044	ثلاثة وثلاثون.
L	1045	ثلاثون ألف.
