L	1	LA semana pasada no vino.
M	1	MAYUSCULAS_INICIO_FRASE	1	0	2	Other	Revise las mayúsculas a principio de frase.	La
L	2	EL 2 de diciembre.
M	2	MAYUSCULAS_INICIO_FRASE	1	0	2	Other	Revise las mayúsculas a principio de frase.	El
L	3	UN 2 de diciembre.
M	3	MAYUSCULAS_INICIO_FRASE	1	0	2	Other	Revise las mayúsculas a principio de frase.	Un
L	4	NO lo veo.
M	4	MAYUSCULAS_INICIO_FRASE	1	0	2	Other	Revise las mayúsculas a principio de frase.	No
L	5	ES lo más importante.
M	5	MAYUSCULAS_INICIO_FRASE	1	0	2	Other	Revise las mayúsculas a principio de frase.	Es
L	6	EL 2 DE DICIEMBRE.
L	7	LA SEMANA PASADA NO VINO.
L	8	BBC, 3-4-2019
L	9	XXXI Olimpiadas.
L	10	AL-FAHARES COMPLEJO SOCIEDAD LIMITADA.
M	10	AGREEMENT_ADJ_NOUN	6	11	28	Other	Posible error de concordancia.	COMPLEJA SOCIEDAD|COMPLEJAS SOCIEDADES|COMPLEJO, SOCIEDAD
L	11	DE-JONS
L	12	¿QUÉ?
L	13	¡SÍ, ME PARECE BIEN!
L	14	¡¡¡SÍ!!!
L	15	XVI
L	16	QUE A SU AMADO HIJO.
L	17	NI 22023340-013984
L	18	NI: 2240340-013984
L	19	SÍ, Y ÉL ES COMO
L	20	NFT
L	21	· NFT
L	22	• (LO 8/2015, de 22 de enero.)
L	23	LOS 8 TEMAS
L	24	MIS P A D R E S.
L	25	UN (01) PASAPORTE
L	26	LAS 3 LEYES
L	27	HOY A LAS 7 PM.
L	28	LA 1ª PERSONA.
L	29	LOS E-BOOKS
L	30	SOS Albaicín asegura que llega para solucionar los problemas del barrio
L	31	VI Coloquio de Historia de la Educación
L	32	VI edición
L	33	En la eso lo aprobó todo.
M	33	ESO	1	6	9	Other	¿Quería decir <suggestion>ESO</suggestion> (Educación Secundaria Obligatoria)?	ESO
L	34	Le dio a esa eso que piensas.
L	35	Le he enviado un whatsapp.
M	35	WHATSAPP	1	17	25	Other	Escribimos <suggestion>WhatsApp</suggestion> (aplicación) o <suggestion>wasap</suggestion> (mensajes enviados con esta aplicación).	WhatsApp|wasap
L	36	WHATSAPP: 555 4444 3333
L	37	Le he enviado varios whatsapps.
M	37	WHATSAPP	2	21	30	Other	Escribimos <suggestion>WhatsApp</suggestion> (aplicación) o <suggestion>wasaps</suggestion> (mensajes enviados con esta aplicación).	WhatsApp|wasaps
L	38	Ha venido la sra. García.
M	38	MAY_ABREVIATURA	1	13	16	Other	Esta abreviatura se escribe con mayúscula inicial.	Sra
L	39	Y Agosto.
M	39	MIN_MESES	1	2	8	Other	Los meses del año se escriben en minúsculas, excepto si forman parte de un nombre propio.	agosto
L	40	Pero Abril es un buen mes.
M	40	MIN_MESES	1	5	10	Other	Los meses del año se escriben en minúsculas, excepto si forman parte de un nombre propio.	abril
L	41	El 4 de Julio.
M	41	MIN_MESES	1	8	13	Other	Los meses del año se escriben en minúsculas, excepto si forman parte de un nombre propio.	julio
L	42	En Julio del año pasado.
M	42	MIN_MESES	1	3	8	Other	Los meses del año se escriben en minúsculas, excepto si forman parte de un nombre propio.	julio
L	43	De Julio del 2020.
M	43	MIN_MESES	1	3	8	Other	Los meses del año se escriben en minúsculas, excepto si forman parte de un nombre propio.	julio
L	44	De Julio es un buen mes.
M	44	MIN_MESES	1	3	8	Other	Los meses del año se escriben en minúsculas, excepto si forman parte de un nombre propio.	julio
L	45	Pero Abril Hernández no.
L	46	Con Julio voy al parque.
L	47	Con Julio Manrique y Julio Iglesias.
L	48	¡Noviembre está cada vez más cerca!
L	49	Pero Julio es una buena persona.
M	49	MIN_MESES	1	5	10	Other	Los meses del año se escriben en minúsculas, excepto si forman parte de un nombre propio.	julio
L	50	Hola, Julio.
L	51	Gianni Rodari 4 de Abril de 2020.
M	51	MIN_MESES	2	19	24	Other	Los meses del año se escriben en minúsculas, excepto si forman parte de un nombre propio.	abril
L	52	Todos los Lunes son tristes.
M	52	MIN_DIAS_SEMANA	1	10	15	Other	Los días de la semana se escriben en minúsculas, excepto si forman parte de un nombre propio.	lunes
L	53	Los martes juego un partido de tenis.
L	54	Este Viernes de Dolores estaremos fuera.
L	55	El Jueves Santo habrá procesión.
L	56	Juan Domingo Perón.
L	57	García Domingo.
L	58	de F. Domingo, s. XX
M	58	UPPERCASE_SENTENCE_START		0	2	Other	Esta frase no empieza con mayúscula.	De
L	59	- Domingos y feriados sin atención.
L	60	Este Verano me voy de vacaciones.
M	60	MIN_ESTACIONES	1	5	11	Other	Las estaciones del año se escriben en minúsculas, excepto si forman parte de un nombre propio.	verano
L	61	Ha sido el invierno más frío que recuerdo.
L	62	Feria de Primavera.
L	63	Palacio de Invierno.
L	64	Plan de Invierno
L	65	Festival de Primavera
L	66	Juegos Olímpicos de Verano
L	67	Nos veremos en el Primavera Sound.
L	68	¿Primavera u otoño?
L	69	Es propio del homo sapiens Sapiens.
M	69	HOMO	1	14	34	Other	Nombre científico: la primera palabra en mayúscula y el resto en minúscula.	Homo sapiens sapiens
L	70	Es propio del Homo sapiens Idaltu.
M	70	HOMO	1	14	33	Other	Nombre científico: la primera palabra en mayúscula y el resto en minúscula.	Homo sapiens idaltu
L	71	Es propio del homo sapiens.
M	71	HOMO	2	14	26	Other	Nombre científico: la primera palabra en mayúscula y la segunda en minúscula.	Homo sapiens
L	72	Es propio del Homo Habilis.
M	72	HOMO	2	14	26	Other	Nombre científico: la primera palabra en mayúscula y la segunda en minúscula.	Homo habilis
L	73	Se me ha rompido la camisa.
M	73	ROMPIDO_ROTO	1	9	16	Other	El participio adecuado del verbo 'romper' es <suggestion>roto</suggestion>.	roto
L	74	El ordenador estaba rompido.
M	74	ROMPIDO_ROTO	2	20	27	Other	Como participio o adjetivo, hay que decir <suggestion>roto</suggestion>. "Rompido" es la tierra que se rompe para cultivarla.	roto
L	75	Los coches estaban rompidos.
M	75	ROMPIDO_ROTO	3	19	27	Other	Como participio o adjetivo, hay que decir <suggestion>rotos</suggestion>. "Rompido" es la tierra que se rompe para cultivarla.	rotos
L	76	Participa en la categoría de moto gp.
M	76	MOTO_GP	1	29	36	Other	La escritura adecuada es <suggestion>MotoGP</suggestion> (categoría de motociclismo).	MotoGP
L	77	Ir contracorriente
M	77	CONTRACORRIENTE	1	3	18	Other	Expresión incorrecta.	contra corriente|a contracorriente
L	78	a contracorriente
M	78	UPPERCASE_SENTENCE_START		0	1	Other	Esta frase no empieza con mayúscula.	A
L	79	Ir a contra corriente
M	79	CONTRACORRIENTE	2	3	21	Other	Expresión incorrecta.	contra corriente|a contracorriente
L	80	Es muy austero en relación a su indumentaria
M	80	EN_RELACION_A	1	15	28	Other	Es preferible usar otra expresión.	en relación con|con relación a|en lo que se refiere a|sobre
L	81	Es muy austero en relación con su indumentaria
L	82	Es muy austero en relación al vestir.
M	82	EN_RELACION_AL	1	15	29	Other	Es preferible usar otra expresión.	en relación con el|con relación al|en lo que se refiere al
L	83	Esa canción está relacionada a los Beatles.
M	83	RELACIONADO_A	1	29	30	Other	La preposición adecuada es <suggestion>con</suggestion>.	con
L	84	Esa canción está relacionada con los Beatles.
L	85	Es relacinado a menudo con el punto medio.
M	85	MORFOLOGIK_RULE_ES		3	13	UnknownWord	Se ha encontrado un posible error ortográfico.	relacionado|relaminado
L	86	Han relacionado a los agujeros negros y su entropía con la teoría de la información.
L	87	Esa canción está relacionada al amor.
M	87	RELACIONADO_A	2	29	31	Other	La preposición adecuada es 'con'.	con el
L	88	Esa canción está relacionada con el amor.
L	89	Entraron en loor de multitudes
M	89	LOOR	1	12	30	Other	Se prefiere la expresión <suggestion>olor de multitudes</suggestion>.	olor de multitudes
L	90	Entraron en olor de multiitudes
M	90	MORFOLOGIK_RULE_ES		20	31	UnknownWord	Se ha encontrado un posible error ortográfico.	multitudes
L	91	Aún no me ha respuesto.
M	91	RESPUESTO	1	13	22	Other	El participio de responder es <suggestion>respondido</suggestion>.	respondido
L	92	Su respuesto es absurda.
M	92	RESPUESTO	2	3	12	Other	¿Quería decir <suggestion>respuesta</suggestion> (sustantivo femenino)?	respuesta
L	93	Piezas de respuesto.
M	93	RESPUESTO	3	10	19	Other	¿Quería decir <suggestion>repuesto</suggestion>?	repuesto
L	94	Respuesto
M	94	RESPUESTO	4	0	9	Other	¿Quería decir <suggestion>respondido</suggestion> (participio) o <suggestion>respuesta</suggestion> (sustantivo femenino)?	Respondido|Respuesta
L	95	Está enmedio.
M	95	ENMEDIO	1	5	12	Other	Se escribe siempre separado.	en medio
L	96	Enmedio de la plaza.
M	96	ENMEDIO	1	0	7	Other	Se escribe siempre separado.	En medio
L	97	Moraleja de Enmedio.
L	98	Vengo de Sao Paulo.
M	98	SAO_PAULO	1	9	18	Other	¿Quería decir <suggestion>São Paulo</suggestion>?	São Paulo
L	99	Me pilló a contra pie
M	99	A_CONTRAPIE	1	9	21	Other	Grafía incorrecta.	a contrapié
L	100	La obediencia de vida es una situación en la que una persona tiene la obligación de obedecer a otra.
M	100	OBEDIENCIA_DEBIDA	1	3	21	Other	Expresión incorrecta.	obediencia debida|obediencia jerárquica
L	101	10 litros por metros cuadrados
M	101	LITROS_POR_METRO	1	14	30	Other	Para indicar intensidades o proporciones el segundo elemento se escribe en singular.	metro cuadrado
L	102	10 mililitros por centímetros cúbicos
M	102	LITROS_POR_METRO	1	18	37	Other	Para indicar intensidades o proporciones el segundo elemento se escribe en singular.	centímetro cúbico
L	103	1000 habitantes por kilómetros cuadrados
M	103	LITROS_POR_METRO	1	20	40	Other	Para indicar intensidades o proporciones el segundo elemento se escribe en singular.	kilómetro cuadrado
L	104	Tiene sentido en la medida de que se entienda.
M	104	EN_LA_MEDIDA_EN_QUE	1	14	33	Other	Expresión incorrecta.	en la medida en que|en la medida que
L	105	Tiene sentido en medida de que se entienda.
M	105	EN_LA_MEDIDA_EN_QUE	1	14	30	Other	Expresión incorrecta.	en la medida en que|en la medida que
L	106	Tiene sentido en medida que se entienda.
M	106	EN_LA_MEDIDA_EN_QUE	1	14	27	Other	Expresión incorrecta.	en la medida en que|en la medida que
L	107	Tiene sentido en medida en que se entienda.
M	107	EN_LA_MEDIDA_EN_QUE	1	14	30	Other	Expresión incorrecta.	en la medida en que|en la medida que
L	108	La cuota de nieve está en 2000 metros.
M	108	CUOTA_COTA	1	3	8	Other	En este contexto se usa otra palabra.	cota
L	109	Lo hizo al igual de Corea.
M	109	AL_IGUAL_QUE	1	8	19	Other	Expresión desaconsejable.	al igual que
L	110	Al igual a mi papito y mis hermanos
L	111	Lo hizo al igual a otros.
L	112	Lo hizo al igual del otro.
M	112	AL_IGUAL_QUE	2	8	20	Other	Expresión desaconsejable.	al igual que el
L	113	Lo hizo al igual a lo que hizo el otro.
M	113	AL_IGUAL_QUE	3	8	25	Other	Expresión desaconsejable.	al igual que
L	114	hola que tal, amigos?
M	114	HOLA_QUE_TAL	1	0	12	Other	Error de ortografía.	Hola, ¿qué tal
L	115	hola que tal estás amigo?
M	115	HOLA_QUE_TAL	1	0	12	Other	Error de ortografía.	Hola, ¿qué tal
L	116	hola que tal amigos?
M	116	HOLA_QUE_TAL	2	0	12	Other	Error de ortografía.	Hola, ¿qué tal,
L	117	hola que tal.
M	117	HOLA_QUE_TAL	3	0	13	Other	Error de ortografía.	Hola, ¿qué tal?
L	118	hola que tal
M	118	HOLA_QUE_TAL	4	0	12	Other	Error de ortografía.	Hola, ¿qué tal?
L	119	hola que tal amigos?
M	119	HOLA_QUE_TAL	2	0	12	Other	Error de ortografía.	Hola, ¿qué tal,
L	120	"Ola como estais?
M	120	ES_UNPAIRED_BRACKETS		0	1	Other	Símbolo desparejado: Parece que falta un ‘"’.	""|
M	120	HOLA_COMO_ESTAS	1	1	17	Other	Error de ortografía.	Hola, ¿cómo estáis?
L	121	¡Hola! ¿Cómo estás?
L	122	Hola, ¿cómo estáis?
L	123	"Ola como estais amigos?
M	123	ES_UNPAIRED_BRACKETS		0	1	Other	Símbolo desparejado: Parece que falta un ‘"’.	""|
M	123	HOLA_COMO_ESTAS	2	1	16	Other	Error de ortografía.	Hola, ¿cómo estáis,
L	124	"Ola, ¿cómo estas Jorge?
M	124	ES_UNPAIRED_BRACKETS		0	1	Other	Símbolo desparejado: Parece que falta un ‘"’.	""|
M	124	HOLA_COMO_ESTAS	2	1	17	Other	Error de ortografía.	Hola, ¿cómo estás,
L	125	"Ola como estais hoy?
M	125	ES_UNPAIRED_BRACKETS		0	1	Other	Símbolo desparejado: Parece que falta un ‘"’.	""|
M	125	HOLA_COMO_ESTAS	3	1	16	Other	Error de ortografía.	Hola, ¿cómo estáis
L	126	"Ola, ¿cómo estas ahora?
M	126	ES_UNPAIRED_BRACKETS		0	1	Other	Símbolo desparejado: Parece que falta un ‘"’.	""|
M	126	HOLA_COMO_ESTAS	3	1	17	Other	Error de ortografía.	Hola, ¿cómo estás
L	127	"Ola como estais, amigos?
M	127	ES_UNPAIRED_BRACKETS		0	1	Other	Símbolo desparejado: Parece que falta un ‘"’.	""|
M	127	HOLA_COMO_ESTAS	4	1	17	Other	Error de ortografía.	Hola, ¿cómo estáis,
L	128	"Ola, ¿cómo estas, Jorge?
M	128	ES_UNPAIRED_BRACKETS		0	1	Other	Símbolo desparejado: Parece que falta un ‘"’.	""|
M	128	HOLA_COMO_ESTAS	4	1	18	Other	Error de ortografía.	Hola, ¿cómo estás,
L	129	"Como estais amigos?
M	129	ES_UNPAIRED_BRACKETS		0	1	Other	Símbolo desparejado: Parece que falta un ‘"’.	""|
M	129	HOLA_COMO_ESTAS	5	1	12	Other	Faltan tildes y coma.	¿Cómo estáis,
L	130	¿Cómo estas Jorge?
M	130	HOLA_COMO_ESTAS	5	0	11	Other	Faltan tildes y coma.	¿Cómo estás,
L	131	¿Cómo esta, Jorge?
M	131	HOLA_COMO_ESTAS	5	0	11	Other	Faltan tildes y coma.	¿Cómo está,
L	132	¿Cómo está hecho?
L	133	¿Cómo está diseñado?
L	134	"Ola como estais queridos amigos
M	134	HOLA_COMO_ESTAS	6	1	32	Other	Error de ortografía.	Hola, ¿cómo estáis, queridos amigos?
L	135	"Ola, ¿cómo estas amigo Jorge
M	135	HOLA_COMO_ESTAS	6	1	29	Other	Error de ortografía.	Hola, ¿cómo estás, amigo Jorge?
L	136	Hola, ¿cómo estás, amigo Jorge?
L	137	"Ola como estais amigos
M	137	HOLA_COMO_ESTAS	7	1	23	Other	Error de ortografía.	Hola, ¿cómo estáis, amigos?
L	138	"Ola, ¿cómo estas Jorge
M	138	HOLA_COMO_ESTAS	7	1	23	Other	Error de ortografía.	Hola, ¿cómo estás, Jorge?
L	139	Hola, ¿cómo estás, Jorge?
L	140	"Ola como estais, queridos amigos
M	140	HOLA_COMO_ESTAS	8	1	33	Other	Error de ortografía.	Hola, ¿cómo estáis, queridos amigos?
L	141	"Ola, ¿cómo estas, amigo Jorge
M	141	HOLA_COMO_ESTAS	8	1	30	Other	Error de ortografía.	Hola, ¿cómo estás, amigo Jorge?
L	142	Hola, ¿cómo estás, amigo Jorge?
L	143	"Ola como estais, amigos
M	143	HOLA_COMO_ESTAS	9	1	24	Other	Error de ortografía.	Hola, ¿cómo estáis, amigos?
L	144	"Ola, ¿cómo estas, Jorge
M	144	HOLA_COMO_ESTAS	9	1	24	Other	Error de ortografía.	Hola, ¿cómo estás, Jorge?
L	145	Hola, ¿cómo estás, Jorge?
L	146	Hola amigo como estas?
M	146	ES_QUESTION_MARK		0	4	Other	Símbolo desparejado: Parece que falta un '¿'	¿Hola
M	146	HOLA_COMO_ESTAS	10	11	21	Other	Posible error ortográfico.	cómo estás
L	147	Hola amigo como esta?
M	147	ES_QUESTION_MARK		0	4	Other	Símbolo desparejado: Parece que falta un '¿'	¿Hola
M	147	HOLA_COMO_ESTAS	10	11	20	Other	Posible error ortográfico.	cómo está
L	148	Hola amigo como esta hoy?
M	148	ES_QUESTION_MARK		0	4	Other	Símbolo desparejado: Parece que falta un '¿'	¿Hola
M	148	HOLA_COMO_ESTAS	10	11	20	Other	Posible error ortográfico.	cómo está
L	149	Hola, amigos como están hoy?
M	149	ES_QUESTION_MARK		0	4	Other	Símbolo desparejado: Parece que falta un '¿'	¿Hola
M	149	HOLA_COMO_ESTAS	10	13	23	Other	Posible error ortográfico.	cómo están
L	150	¿Quieres manzanas verdes como estas?
L	151	¿Quieres manzanas verdes, como estas?
M	151	ESTAS_TILDE2	5	31	36	Other	Si es del verbo 'estar', se escribe con tilde.	estás
L	152	¿Te gustan las naranjas como estas?
L	153	¿Quieres una manzana como esta?
L	154	¿No se puede dejar como está?
L	155	¿No se pueden dejar ahora como están?
L	156	Ola, Juan!
M	156	OLA_HOLA	2	0	3	Other	¿Quería decir <suggestion>hola,</suggestion> (saludo)?	Hola,
L	157	¿Ola, qué tal, Juan?
M	157	OLA_HOLA	2	1	4	Other	¿Quería decir <suggestion>hola,</suggestion> (saludo)?	Hola,
L	158	"¿Ola, quién es?"
M	158	OLA_HOLA	2	2	5	Other	¿Quería decir <suggestion>hola,</suggestion> (saludo)?	Hola,
L	159	¡Ola, quien va!
M	159	OLA_HOLA	2	1	4	Other	¿Quería decir <suggestion>hola,</suggestion> (saludo)?	Hola,
L	160	¡Ola!
M	160	OLA_HOLA	2	1	4	Other	¿Quería decir <suggestion>hola,</suggestion> (saludo)?	Hola,
L	161	ola como estas
M	161	HOLA_COMO_ESTAS	12	0	14	Other	Error de ortografía.	Hola, ¿cómo estás?
L	162	hola como estas
M	162	HOLA_COMO_ESTAS	12	0	15	Other	Error de ortografía.	Hola, ¿cómo estás?
L	163	Hola, ¿cómo estás, Pedro?
L	164	Hola, ¿cómo están ustedes?
L	165	Hola, ¿cómo están todos?
L	166	Cuando valla a comprar, coja la lista.
M	166	VALLA_VAYA	1	7	12	Other	Si es del v. 'ir', se escribe <suggestion>vaya</suggestion>.	vaya
L	167	Cuando vallas a comprar, coge la lista.
M	167	VALLA_VAYA	2	7	13	Other	Si es del v. 'ir', se escribe <suggestion>vayas</suggestion>.	vayas
L	168	En el caso de que vallas a comprar, coge la lista.
M	168	VALLA_VAYA	2	18	24	Other	Si es del v. 'ir', se escribe <suggestion>vayas</suggestion>.	vayas
L	169	para que lo vallan desarrollando
M	169	VALLA_VAYA	4	12	18	Other	Si es del v. 'ir', se escribe <suggestion>vayan</suggestion>.	vayan
L	170	Si podés contámelas.
M	170	PODER_VOSEO	1	3	19	Other	Construcción incorrecta.	podés contármelas|podés, contámelas
L	171	Si querés compartila.
M	171	PODER_VOSEO	2	3	20	Other	Construcción incorrecta.	querés compartirla|querés, compartila
L	172	¿Podés contámelas?
M	172	VOSEO	4	1	6	Hint	Forma correcta si se usa voseo. Si no, utilice una forma alternativa.	Puedes|Podéis
M	172	PODER_VOSEO	3	7	17	Other	Construcción incorrecta.	contármelas
L	173	Tienes que contámelo.
M	173	PODER_VOSEO	3	11	20	Other	Construcción incorrecta.	contármelo
L	174	No quiere compartila.
M	174	PODER_VOSEO	4	10	20	Other	Construcción incorrecta.	compartirla
L	175	Puedes registrate en la comunidad
M	175	PODER_VOSEO	4	7	17	Other	Construcción incorrecta.	registrarte
L	176	Así que terminala.
M	176	VOSEO	2	8	17	Hint	Forma correcta si se usa voseo. Si no, utilice una forma alternativa.	termínala|terminadla
L	177	Solo soy un niño que comete errores.
L	178	La calidad de las cerraduras que instala.
L	179	Hace un mes atrás no se conocía.
M	179	HACE_UN_MES_ATRAS	1	0	17	Other	Expresión incorrecta.	Hace un mes|Un mes atrás
L	180	hace dos años atrás
M	180	HACE_UN_MES_ATRAS	1	0	19	Other	Expresión incorrecta.	hace dos años|dos años atrás
L	181	Hace exactamente un mes atrás no se conocía.
M	181	HACE_UN_MES_ATRAS	2	0	29	Other	Expresión incorrecta.	Hace exactamente un mes|Exactamente un mes atrás
L	182	Hace un mes y medio atrás no se conocía.
M	182	HACE_UN_MES_ATRAS	3	0	25	Other	Expresión incorrecta.	Hace un mes y medio|Un mes y medio atrás
L	183	hace dos semanas y media atrás
M	183	HACE_UN_MES_ATRAS	3	0	30	Other	Expresión incorrecta.	hace dos semanas y media|dos semanas y media atrás
L	184	Hubo un exceso de aforo.
M	184	EXCESO_DE_AFORO	1	8	23	Other	Incorrecto en el sentido de <suggestion>exceso de asistentes</suggestion>.	exceso de asistentes|sobreaforo|sobrecupo|exceso del aforo
L	185	La regla d'Hondt.
M	185	DHONDT	1	9	16	Other	Error ortográfico.	D'Hondt
L	186	La regla d'Hont.
M	186	DHONDT	1	9	15	Other	Error ortográfico.	D'Hondt
L	187	La regla de Hondt.
M	187	DHONDT	1	9	17	Other	Error ortográfico.	D'Hondt
L	188	La fórmula D'Hondt.
L	189	El pret-a porter.
M	189	PRET_A_PORTER	1	3	16	Other	Error ortográfico.	prêt-à-porter
L	190	El prèt a porté.
M	190	PRET_A_PORTER	1	3	15	Other	Error ortográfico.	prêt-à-porter
L	191	El prêt- à-porter.
M	191	PRET_A_PORTER	1	3	17	Other	Error ortográfico.	prêt-à-porter
L	192	prêt-à-porter
M	192	UPPERCASE_SENTENCE_START		0	4	Other	Esta frase no empieza con mayúscula.	Prêt
L	193	Un menage a trois.
M	193	MENAGE_A_TROIS	1	3	17	Other	Error ortográfico.	ménage à trois
L	194	Un ménage a tróis.
M	194	MENAGE_A_TROIS	1	3	17	Other	Error ortográfico.	ménage à trois
L	195	Ménagé-â-trois.
M	195	MENAGE_A_TROIS	1	0	14	Other	Error ortográfico.	Ménage à trois
L	196	ménage à trois
M	196	UPPERCASE_SENTENCE_START		0	6	Other	Esta frase no empieza con mayúscula.	Ménage
L	197	El ataque a Perl Harbor.
M	197	PEARL_HARBOR	1	12	23	Other	Error ortográfico.	Pearl Harbor
L	198	El ataque a pearl harbor.
M	198	PEARL_HARBOR	1	12	24	Other	Error ortográfico.	Pearl Harbor
L	199	Pearl Harbor
L	200	dejà-vu.
M	200	DEJA_VU	1	0	7	Other	Error ortográfico.	déjà vu
L	201	Un déjà vu.
L	202	Estaba apunto de llegar.
M	202	A_PUNTO_DE	1	7	13	Other	Esta locución se escribe separada.	a punto
L	203	Estaba todo apunto de llegar.
M	203	A_PUNTO_DE	1	12	18	Other	Esta locución se escribe separada.	a punto
L	204	Apunto de manera inmediata
M	204	A_PUNTO_DE	4	0	6	Other	Con el sentido de 'a tiempo' o 'listo, dispuesto', se escribe separado. Correcto si es del v. 'apuntar'.	A punto
L	205	Me apunto de voluntario.
L	206	Lo tengo apunto de caramelo.
M	206	A_PUNTO_DE	1	9	15	Other	Esta locución se escribe separada.	a punto
L	207	Quiero ponerlo apunto.
M	207	A_PUNTO_DE	3	15	21	Other	Esta locución se escribe separada.	a punto
L	208	Aún no estaba apunto.
M	208	A_PUNTO_DE	3	14	20	Other	Esta locución se escribe separada.	a punto
L	209	La puesta apunto.
M	209	A_PUNTO_DE	3	10	16	Other	Esta locución se escribe separada.	a punto
L	210	Estaba todo apunto.
M	210	A_PUNTO_DE	4	12	18	Other	Con el sentido de 'a tiempo' o 'listo, dispuesto', se escribe separado. Correcto si es del v. 'apuntar'.	a punto
L	211	Me lo apunto.
L	212	Acércate a Apunto Let.
M	212	MORFOLOGIK_RULE_ES		18	21	UnknownWord	Se ha encontrado un posible error ortográfico.	Le|Les|Ley|Lee|Jet|Lea|Leo|Leí|LEC|Leti|Lot|PET|Set|Lat|Led|Lek|Leu|Lev|Leé|LT
L	213	Apunto al uso de las palabras que hacen muchos político.
M	213	AGREEMENT_DET_NOUN	1	40	55	Other	Error de concordancia.	mucho político|muchos políticos|mucha política|muchas políticas
L	214	Tal es así que los resultados fueron positivos.
M	214	TAL_ES_ASI	1	0	14	Other	Expresión incorrecta.	Tanto es así que|Tan es así que
L	215	Por tal de no verlo.
M	215	POR_TAL_DE	1	0	10	Other	Expresión arcaica.	Con tal de
L	216	La alta cargo del gobierno.
M	216	ALTO_CARGO	1	3	13	Other	Expresión incorrecta.	alto cargo
L	217	El plasma convaleciente.
M	217	PLASMA_CONVALECIENTE	1	3	23	Other	No es correcto eliminar la preposición 'de'.	plasma de convaleciente
L	218	los tiras y aflojas
M	218	TIRA_AFLOJA	1	0	19	Other	Plural mal formado.	los tira y afloja
L	219	Tuvo que afrentar muchos problemas con la mudanza.
M	219	AFRENTAR_DIFICULTADES	1	9	17	Other	Confusión entre «afrontar» y «afrentar».	afrontar
L	220	Afrontaron muchas dificultades en la travesía.
L	221	Con ese chiste, se destornilló de risa.
M	221	DESTORNILLAR_RISA	1	19	30	Other	El verbo adecuado es «desternillar».	desternilló
L	222	Casi te desternillas de risa el otro día.
L	223	Seguro que contra más estudias, más aprendes
M	223	CONTRA_MAS	1	11	21	Other	La forma correcta es <suggestion>cuanto más</suggestion> excepto en el contexto de litigar o luchar y no en el contexto de sumar.	cuanto más
L	224	Cuanto más insistas, menos caso te haré.
L	225	Para aprobar, la condición sin ecuánime es obtener un 5.
M	225	SIN_ECUANIME	1	17	39	Other	Confusión entre «sine qua non» y «sin ecuánime».	condición sine qua non
L	226	Es condición sine qua non tener permiso para entrar en el local.
L	227	Capitulo 3.
M	227	DIACRITICS_02	3	0	8	Other	Si es adjetivo o nombre, se escribe con tilde.	Capítulo
L	228	Capitulo 3.
M	228	DIACRITICS_02	3	0	8	Other	Si es adjetivo o nombre, se escribe con tilde.	Capítulo
L	229	Sin embargo, si capitulo, es en verdad por pura debilidad;
L	230	Mi biografía demuestra que nunca capitulo.
L	231	—Quedaos; no quiero que se suponga que capitulo con esos rebeldes.
L	232	Maquina de pelar patatas.
M	232	DIACRITICS_02	3	0	7	Other	Si es adjetivo o nombre, se escribe con tilde.	Máquina
L	233	Maquina la destrucción del planeta.
L	234	Critica de cine.
M	234	DIACRITICS_04	5	0	7	Other	Si es adjetivo o nombre, se escribe con tilde.	Crítica
L	235	Critica la destrucción del planeta.
L	236	Critica a todo el mundo.
L	237	Critica de cine.
M	237	DIACRITICS_04	5	0	7	Other	Si es adjetivo o nombre, se escribe con tilde.	Crítica
L	238	Critica la destrucción del planeta.
L	239	Critica que todo el mundo haga lo mismo.
L	240	La ultima.
M	240	DIACRITICS_05	6	3	9	Other	Si es adjetivo o nombre, se escribe con tilde.	última
L	241	Las ultimas.
M	241	DIACRITICS_05	6	4	11	Other	Si es adjetivo o nombre, se escribe con tilde.	últimas
L	242	Los arboles.
M	242	DIACRITICS_00	1	4	11	Other	Si es adjetivo o nombre, se escribe con tilde.	árboles
L	243	Mandela a nuestra dirección de correo.
M	243	MANDELA	1	0	7	Other	¿Quería decir <suggestion>Mándela</suggestion> (del verbo 'mandar').	Mándela
L	244	Empece a pensarlo.
M	244	EMPECE	1	0	6	Other	¿Quería decir "empecé" (pasado del v. 'empezar')? Correcto si es del v. 'empecer' (impedir, obstar).	Empecé
L	245	El colera hizo estragos
M	245	COLERA	1	3	9	Other	Si es el nombre de una enfermedad (el cólera) o sinónimo de "ira, enojo" (la cólera), se escribe con tilde. "Colera" (sin tilde) es sinónimo de "colista".	cólera
L	246	Se trataba de una situación critica.
M	246	DIACRITICS_OTHERS	37	28	35	Other	Si es adjetivo o nombre, se escribe con tilde.	crítica
L	247	Es una cuestión muy especifica.
M	247	DIACRITICS_VERB_N_ADJ	32	20	30	Other	Si es adjetivo o nombre, se escribe con tilde.	específica
L	248	Esto le trajo una dura critica al diario.
M	248	FALTA_ELEMENTO_ENTRE_VERBOS	1	23	30	Other	Si es adjetivo o nombre, se escribe con tilde.	crítica
L	249	Los deposito los hizo un cliente.
M	249	FALTA_ELEMENTO_ENTRE_VERBOS	2	4	12	Other	Si es adjetivo o nombre, se escribe con tilde.	depósito
L	250	Los medico pudieron devolverle la salud.
M	250	FALTA_ELEMENTO_ENTRE_VERBOS	2	4	10	Other	Si es adjetivo o nombre, se escribe con tilde.	médico
L	251	Páginas con nombres ridículos cómo esta.
M	251	COMO_COMPARATIVO	1	30	34	Other	Si es un comparativo, se escribe sin tilde.	como
M	251	ESTA_TILDE	10	35	39	Other	Si es del verbo 'estar', se escribe con tilde.	está
L	252	Estación de termino.
M	252	DIACRITICS_VERB_N_ADJ	1	12	19	Other	Si es adjetivo o nombre, se escribe con tilde.	término
L	253	Del termino.
M	253	DIACRITICS_VERB_N_ADJ	1	4	11	Other	Si es adjetivo o nombre, se escribe con tilde.	término
L	254	De la anima.
M	254	DIACRITICS_VERB_N_ADJ	1	6	11	Other	Si es adjetivo o nombre, se escribe con tilde.	ánima
L	255	Del anima.
M	255	DIACRITICS_VERB_N_ADJ	1	4	9	Other	Si es adjetivo o nombre, se escribe con tilde.	ánima
L	256	Del medico.
M	256	DIACRITICS_01	2	4	10	Other	Si es adjetivo o nombre, se escribe con tilde.	médico
L	257	No. de paginas 1.
M	257	PAGINA	8	7	14	Other	Si es sustantivo, lleva tilde. Correcto si es del verbo 'paginar'.	páginas
L	258	Entra en la pagina oficial.
M	258	PAGINA	8	12	18	Other	Si es sustantivo, lleva tilde. Correcto si es del verbo 'paginar'.	página
L	259	En el genero urbano.
M	259	DIACRITICS_VERB_N_ADJ	3	3	12	Other	Si es adjetivo o nombre, se escribe con tilde.	el género
L	260	Con numero de identificación.
M	260	NUMERO	11	4	10	Other	Si es sustantivo, lleva tilde. Correcto si es del verbo 'numerar'.	número
L	261	sin linea
M	261	DIACRITICS_00	1	4	9	Other	Si es adjetivo o nombre, se escribe con tilde.	línea
L	262	El 0234 entre lineas fijas
M	262	DIACRITICS_00	1	14	20	Other	Si es adjetivo o nombre, se escribe con tilde.	líneas
L	263	Por ultimo
M	263	ULTIMO	13	4	10	Other	Si es adjetivo, lleva tilde. Correcto si es del verbo 'ultimar'.	último
L	264	Del diagnostico
M	264	DIACRITICS_02	3	4	15	Other	Si es adjetivo o nombre, se escribe con tilde.	diagnóstico
L	265	Le espera en linea.
M	265	DIACRITICS_00	1	13	18	Other	Si es adjetivo o nombre, se escribe con tilde.	línea
L	266	De vapor a solido.
M	266	DIACRITICS_00	1	11	17	Other	Si es adjetivo o nombre, se escribe con tilde.	sólido
L	267	Con rallas blancas.
M	267	DIACRITICS_VERB_N_ADJ	1	4	10	Other	Si es adjetivo o nombre, se escribe de otra manera.	rayas
L	268	Nos vamos a parís.
M	268	DIACRITICS_VERB_N_ADJ	1	12	17	Other	Si es adjetivo o nombre, se escribe de otra manera.	París
L	269	El grupo PPE-DE solicita que se retire.
L	270	Vivió en Echo Park.
M	270	ECHO_HECHO	1	9	13	Other	Si es un nombre, se escribe con hache.	Hecho
L	271	Se describe prominencia de las folias cerebelosas del vermis.
L	272	del tristemente celebre episodio.
M	272	UPPERCASE_SENTENCE_START		0	3	Other	Esta frase no empieza con mayúscula.	Del
M	272	CELEBRE	1	16	23	Other	Si es un adjetivo, se escribe con tilde.	célebre
L	273	de la tristemente celebre ocasión.
M	273	UPPERCASE_SENTENCE_START		0	2	Other	Esta frase no empieza con mayúscula.	De
M	273	CELEBRE	1	18	25	Other	Si es un adjetivo, se escribe con tilde.	célebre
L	274	Al menos legitima una decisión.
L	275	El termino.
M	275	DIACRITICS_VERB_N_ADJ	3	0	10	Other	Si es adjetivo o nombre, se escribe con tilde.	El término
L	276	El ejercito.
M	276	DIACRITICS_VERB_N_ADJ	3	0	11	Other	Si es adjetivo o nombre, se escribe con tilde.	El ejército
L	277	En el dialogo.
M	277	DIACRITICS_VERB_N_ADJ	3	3	13	Other	Si es adjetivo o nombre, se escribe con tilde.	el diálogo
L	278	El petroleo.
M	278	DIACRITICS_VERB_N_ADJ	3	0	11	Other	Si es adjetivo o nombre, se escribe con tilde.	El petróleo
L	279	El limite.
M	279	DIACRITICS_VERB_N_ADJ	3	0	9	Other	Si es adjetivo o nombre, se escribe con tilde.	El límite
L	280	Y adoptar el termino «compartir la responsabilidad».
M	280	DIACRITICS_VERB_N_ADJ	3	10	20	Other	Si es adjetivo o nombre, se escribe con tilde.	el término
L	281	Y de entrada el medico diagnosticó que era esto.
M	281	DIACRITICS_VERB_N_ADJ	3	13	22	Other	Si es adjetivo o nombre, se escribe con tilde.	el médico
L	282	Es el critico más conocido.
M	282	DIACRITICS_VERB_N_ADJ	3	3	13	Other	Si es adjetivo o nombre, se escribe con tilde.	el crítico
L	283	El arbitro se equivocó.
M	283	DIACRITICS_VERB_N_ADJ	3	0	10	Other	Si es adjetivo o nombre, se escribe con tilde.	El árbitro
L	284	El publico deberá tener.
M	284	DIACRITICS_VERB_N_ADJ	3	0	10	Other	Si es adjetivo o nombre, se escribe con tilde.	El público
L	285	Se puede observar el autentico y sincero compromiso.
M	285	DIACRITICS_VERB_N_ADJ	3	18	30	Other	Si es adjetivo o nombre, se escribe con tilde.	el auténtico
L	286	Muchos abandonaban el Ejercito y se iban a buscar la vida.
M	286	DIACRITICS_VERB_N_ADJ	3	19	30	Other	Si es adjetivo o nombre, se escribe con tilde.	el Ejército
L	287	Si me das tu numero, te llamaré mañana.
M	287	DIACRITICS_VERB_N_ADJ	3	10	19	Other	Si es adjetivo o nombre, se escribe con tilde.	tu número
L	288	Indíqueme el camino hasta la estación.
L	289	Esto también pasa en el Echo Show.
L	290	Un termino.
M	290	DIACRITICS_VERB_N_ADJ	4	3	10	Other	Si es adjetivo o nombre, se escribe con tilde.	término
L	291	De este termino.
M	291	DIACRITICS_VERB_N_ADJ	4	8	15	Other	Si es adjetivo o nombre, se escribe con tilde.	término
L	292	Con una anima.
M	292	DIACRITICS_VERB_N_ADJ	1	8	13	Other	Si es adjetivo o nombre, se escribe con tilde.	ánima
L	293	De esta anima.
M	293	DIACRITICS_VERB_N_ADJ	4	8	13	Other	Si es adjetivo o nombre, se escribe con tilde.	ánima
L	294	Va con unos arboles.
M	294	DIACRITICS_00	1	12	19	Other	Si es adjetivo o nombre, se escribe con tilde.	árboles
L	295	Detrás de estos arboles.
M	295	DIACRITICS_00	1	16	23	Other	Si es adjetivo o nombre, se escribe con tilde.	árboles
L	296	Se reconforta con unas autocriticas.
M	296	DIACRITICS_VERB_N_ADJ	1	23	35	Other	Si es adjetivo o nombre, se escribe con tilde.	autocríticas
L	297	Huye de estas autocriticas.
M	297	DIACRITICS_VERB_N_ADJ	4	14	26	Other	Si es adjetivo o nombre, se escribe con tilde.	autocríticas
L	298	Organizar un modulo sobre capacitación.
M	298	DIACRITICS_02	3	13	19	Other	Si es adjetivo o nombre, se escribe con tilde.	módulo
L	299	Salía de esas fabricas a un precio bajo.
M	299	DIACRITICS_VERB_N_ADJ	4	14	22	Other	Si es adjetivo o nombre, se escribe con tilde.	fábricas
L	300	Fue un filosofo estrambótico
M	300	DIACRITICS_VERB_N_ADJ	4	7	15	Other	Si es adjetivo o nombre, se escribe con tilde.	filósofo
L	301	¿Por qué le pondría ese titulo?
M	301	DIACRITICS_02	3	24	30	Other	Si es adjetivo o nombre, se escribe con tilde.	título
L	302	Me duele mi estomago.
M	302	DIACRITICS_00	1	12	20	Other	Si es adjetivo o nombre, se escribe con tilde.	estómago
L	303	una diatonica y no una tremolo
M	303	UPPERCASE_SENTENCE_START		0	3	Other	Esta frase no empieza con mayúscula.	Una
M	303	MORFOLOGIK_RULE_ES		4	13	UnknownWord	Se ha encontrado un posible error ortográfico.	diatónica|diatónico|diatómica|diatónicas|diatópica
M	303	DIACRITICS_02	3	23	30	Other	Si es adjetivo o nombre, se escribe con tilde.	trémolo
L	304	Este opera desde el domingo pasado.
L	305	¿Por qué decimos esto?
L	306	La enmienda n.º 4 duplica gran parte.
L	307	¿Dónde está tu mama, niño?
M	307	MAMA	4	15	19	Other	¿Quería decir <suggestion>mamá</suggestion> (más habitual en el sentido de 'madre')?	mamá
L	308	Tu vienes de Suecia.
M	308	TU_TILDE	5	0	2	Other	El pronombre personal <suggestion>tú</suggestion> lleva tilde.	Tú
L	309	Todos lo aman.
L	310	Su abuela lo crio.
L	311	Para gente que no la practica.
L	312	Esta legitima el dominio del mercado.
L	313	Un solo termino.
M	313	DIACRITICS_VERB_N_ADJ	5	8	15	Other	Si es adjetivo o nombre, se escribe con tilde.	término
L	314	La fabrica produjo lo necesario.
M	314	DIACRITICS_VERB_N_ADJ	6	3	10	Other	Si es adjetivo o nombre, se escribe con tilde.	fábrica
L	315	Las nauseas no se pasan solo con fuerza de voluntad.
M	315	DIACRITICS_VERB_N_ADJ	6	4	11	Other	Si es adjetivo o nombre, se escribe con tilde.	náuseas
L	316	Los arboles bloqueaban el paisaje.
M	316	DIACRITICS_00	1	4	11	Other	Si es adjetivo o nombre, se escribe con tilde.	árboles
L	317	Cuando lo casaron se sintió libre.
L	318	La extraña maquina produjo lo necesario.
M	318	DIACRITICS_02	3	11	18	Other	Si es adjetivo o nombre, se escribe con tilde.	máquina
L	319	Apple anunció que tal práctica invalida la garantía.
L	320	No es solo memorizar las formulas.
M	320	DIACRITICS_VERB_N_ADJ	8	25	33	Other	Si es adjetivo o nombre, se escribe con tilde.	fórmulas
L	321	Memorizarás las formulas.
M	321	DIACRITICS_VERB_N_ADJ	8	16	24	Other	Si es adjetivo o nombre, se escribe con tilde.	fórmulas
L	322	Espere unos segundos antes de parar la maquina para que quede bien.
M	322	DIACRITICS_05	6	39	46	Other	Si es adjetivo o nombre, se escribe con tilde.	máquina
L	323	Cuando lo casaron se sintió libre.
L	324	Así la llamaron los ingleses.
L	325	Ha memorizado las formulas.
M	325	DIACRITICS_VERB_N_ADJ	9	18	26	Other	Si es adjetivo o nombre, se escribe con tilde.	fórmulas
L	326	Ha parado la maquina para que quede bien.
M	326	DIACRITICS_05	6	13	20	Other	Si es adjetivo o nombre, se escribe con tilde.	máquina
L	327	Una nueva formula que fue descubierta.
M	327	DIACRITICS_OTHERS	16	10	17	Other	Si es sustantivo, lleva tilde. Correcto si es del v. 'formular'.	fórmula
L	328	Una maquina del tiempo.
M	328	DIACRITICS_02	3	4	11	Other	Si es adjetivo o nombre, se escribe con tilde.	máquina
L	329	La maquina del tiempo.
M	329	DIACRITICS_05	6	3	10	Other	Si es adjetivo o nombre, se escribe con tilde.	máquina
L	330	La formula de inspiración.
M	330	DIACRITICS_VERB_N_ADJ	11	3	10	Other	Si es adjetivo o nombre, se escribe con tilde.	fórmula
L	331	La critica que haces está fuera de lugar.
M	331	DIACRITICS_VERB_N_ADJ	11	3	10	Other	Si es adjetivo o nombre, se escribe con tilde.	crítica
L	332	Que nadie participe de ellos.
L	333	No puedo describir con palabras cuánto echo de menos a Tom.
L	334	Silencio o los echo de aquí.
L	335	Las disposiciones explicitas de la dirección
M	335	DIACRITICS_VERB_N_ADJ	12	18	28	Other	Si es adjetivo o nombre, se escribe con tilde.	explícitas
L	336	Hace tareas especificas.
M	336	DIACRITICS_04	5	12	23	Other	Si es adjetivo o nombre, se escribe con tilde.	específicas
L	337	dentro de seis meses decimos y hacemos
M	337	UPPERCASE_SENTENCE_START		0	6	Other	Esta frase no empieza con mayúscula.	Dentro
L	338	A su precio integro.
M	338	DIACRITICS_VERB_N_ADJ	13	12	19	Other	Si es adjetivo o nombre, se escribe con tilde.	íntegro
L	339	Un hombre adultero.
M	339	DIACRITICS_VERB_N_ADJ	13	10	18	Other	Si es adjetivo o nombre, se escribe con tilde.	adúltero
L	340	¿De qué país vienes?
L	341	Por este motivo solicito desde ahora.
L	342	Pero al mismo tiempo indico que no puede ser
L	343	En su lugar decimos esto.
L	344	El semáforo indica la luz amarilla.
L	345	Con gusto verifico su informe.
L	346	No te lo tomes a mal si critico tu trabajo.
L	347	No es el momento de que el equipo celebre una fiesta.
L	348	De forma integra.
M	348	DIACRITICS_VERB_N_ADJ	14	9	16	Other	Si es adjetivo o nombre, se escribe con tilde.	íntegra
L	349	De manera simultanea.
M	349	DIACRITICS_03	4	10	20	Other	Si es adjetivo o nombre, se escribe con tilde.	simultánea
L	350	Tu ultima intervención.
M	350	DIACRITICS_VERB_N_ADJ	15	0	9	Other	Si es adjetivo o nombre, se escribe con tilde.	Tu última
L	351	Mi solida intervención.
M	351	DIACRITICS_VERB_N_ADJ	15	0	9	Other	Si es adjetivo o nombre, se escribe con tilde.	Mi sólida
L	352	Su retrograda intervención.
M	352	DIACRITICS_VERB_N_ADJ	15	0	13	Other	Si es adjetivo o nombre, se escribe con tilde.	Su retrógrada
L	353	Aquella magnifica intervención.
M	353	DIACRITICS_VERB_N_ADJ	15	0	17	Other	Si es adjetivo o nombre, se escribe con tilde.	Aquella magnífica
L	354	La magnifica intervención.
M	354	DIACRITICS_VERB_N_ADJ	15	0	12	Other	Si es adjetivo o nombre, se escribe con tilde.	La magnífica
L	355	El magnifico caballo.
M	355	DIACRITICS_VERB_N_ADJ	3	0	12	Other	Si es adjetivo o nombre, se escribe con tilde.	El magnífico
L	356	Hizo una magnifica interpretación.
M	356	DIACRITICS_VERB_N_ADJ	15	5	18	Other	Si es adjetivo o nombre, se escribe con tilde.	una magnífica
L	357	La ultima consideración.
M	357	DIACRITICS_VERB_N_ADJ	15	0	9	Other	Si es adjetivo o nombre, se escribe con tilde.	La última
L	358	El magnifico trabajo realizado.
M	358	DIACRITICS_VERB_N_ADJ	3	0	12	Other	Si es adjetivo o nombre, se escribe con tilde.	El magnífico
L	359	Debe valer la celebre máxima de Voltaire.
M	359	DIACRITICS_VERB_N_ADJ	15	11	21	Other	Si es adjetivo o nombre, se escribe con tilde.	la célebre
L	360	Quiero que las ordenes recibidas se cumplan.
M	360	DIACRITICS_VERB_N_ADJ	16	15	22	Other	Si es adjetivo o nombre, se escribe con tilde.	órdenes
L	361	¿Por qué vienes atrasado?
L	362	Fue participe de la operación.
M	362	DIACRITICS_VERB_N_ADJ	17	4	13	Other	Si es adjetivo o nombre, se escribe con tilde.	partícipe
L	363	Va a ser participe de la operación.
M	363	DIACRITICS_VERB_N_ADJ	17	9	18	Other	Si es adjetivo o nombre, se escribe con tilde.	partícipe
L	364	FECHA LIMITE DE ENTREGA.
M	364	DIACRITICS_04	5	6	12	Other	Si es adjetivo o nombre, se escribe con tilde.	LÍMITE
L	365	Ha sido participe de la operación.
M	365	DIACRITICS_VERB_N_ADJ	18	8	17	Other	Si es adjetivo o nombre, se escribe con tilde.	partícipe
L	366	Ha sido más explicito que los otros.
M	366	DIACRITICS_VERB_N_ADJ	19	12	21	Other	Si es adjetivo o nombre, se escribe con tilde.	explícito
L	367	Fue explicito.
M	367	DIACRITICS_VERB_N_ADJ	19	4	13	Other	Si es adjetivo o nombre, se escribe con tilde.	explícito
L	368	Fue mucho más explicito.
M	368	DIACRITICS_VERB_N_ADJ	19	14	23	Other	Si es adjetivo o nombre, se escribe con tilde.	explícito
L	369	Ella es demasiado baja.
L	370	En el estado opera el nepotismo.
L	371	algo que hago sólo mientras termino mi doctorado
M	371	UPPERCASE_SENTENCE_START		0	4	Other	Esta frase no empieza con mayúscula.	Algo
M	371	SOLO	1	14	18	Other	La tilde es innecesaria según la norma actual. Con el sentido de "solamente" (adv.), cuando hay riesgo de ambigüedad con el adj. "solo", puede escribirse "sólo" (DRAE).	solo|solamente|únicamente
L	372	Los datos para que la fiscalía del estado tramite la orden para su detención.
L	373	Pedro Estala especifica que sus comedias de figurón no son en realidad comedias de carácter.
L	374	Alivia la nauseas matutinas.
M	374	DIACRITICS_VERB_N_ADJ	20	10	17	Other	Si es adjetivo o nombre, se escribe con tilde.	náuseas
L	375	Se rio feliz.
L	376	Ellos le llamaron cobarde.
L	377	Ellos llamaron pirata al presidente Roosevelt.
L	378	¿A quién le envió rosas?
L	379	Si prestramos atentos oídos.
M	379	MORFOLOGIK_RULE_ES		3	13	UnknownWord	Se ha encontrado un posible error ortográfico.	préstamos|prestamos|prestáramos|pres tramos
L	380	Es necesario que domines ciertos temas.
L	381	Tengo un poco lio con todo esto.
M	381	LIO	1	14	17	Other	Si es un nombre o una forma del v. 'liar' en presente (yo lío), se escribe con tilde. Correcto si es del v. 'liar' en pasado (él lio).	lío
L	382	Tengo lio con todo esto.
M	382	LIO	1	6	9	Other	Si es un nombre o una forma del v. 'liar' en presente (yo lío), se escribe con tilde. Correcto si es del v. 'liar' en pasado (él lio).	lío
L	383	Se lio con esto.
L	384	Un destacado interprete de música clásica.
M	384	DIACRITICS_VERB_N_ADJ	22	13	23	Other	Si es adjetivo o nombre, se escribe con tilde.	intérprete
L	385	Ahora mismo termino.
L	386	Con lo dicho termino el tema.
L	387	Excepcionales ordenes del general.
M	387	ORDENES	36	14	21	Other	Si es adjetivo o nombre, se escribe con tilde.	órdenes
L	388	Hasta la nausea.
M	388	DIACRITICS_VERB_N_ADJ	24	9	15	Other	Si es adjetivo o nombre, se escribe con tilde.	náusea
L	389	Tengo 2 practicas más.
M	389	DIACRITICS_VERB_N_ADJ	25	8	17	Other	Si es adjetivo o nombre, se escribe con tilde.	prácticas
L	390	Tengo dos practicas más.
M	390	DIACRITICS_VERB_N_ADJ	25	10	19	Other	Si es adjetivo o nombre, se escribe con tilde.	prácticas
L	391	En el año 2010 practicas más.
L	392	A toda maquina cada día.
M	392	DIACRITICS_VERB_N_ADJ	26	7	14	Other	Si es adjetivo o nombre, se escribe con tilde.	máquina
L	393	En primer termino.
M	393	DIACRITICS_06	1	10	17	Other	Si es adjetivo o nombre, se escribe con tilde.	término
L	394	En último termino.
M	394	DIACRITICS_06	1	10	17	Other	Si es adjetivo o nombre, se escribe con tilde.	término
L	395	Durarían nueve horas, a cuyo termino recobraría su tamaño.
M	395	DIACRITICS_VERB_N_ADJ	28	29	36	Other	Si es adjetivo o nombre, se escribe con tilde.	término
L	396	termino cuya acuñación se debe a este autor
M	396	DIACRITICS_VERB_N_ADJ	29	0	7	Other	Si es adjetivo o nombre, se escribe con tilde.	término
L	397	A su termino.
M	397	DIACRITICS_VERB_N_ADJ	4	5	12	Other	Si es adjetivo o nombre, se escribe con tilde.	término
L	398	En el "Deposito de Archivo".
M	398	DIACRITICS_VERB_N_ADJ	31	7	15	Other	Si es adjetivo o nombre, se escribe con tilde.	Depósito
L	399	Forma muy especifica.
M	399	DIACRITICS_VERB_N_ADJ	32	10	20	Other	Si es adjetivo o nombre, se escribe con tilde.	específica
L	400	Forma muy "especifica".
M	400	DIACRITICS_04	5	11	21	Other	Si es adjetivo o nombre, se escribe con tilde.	específica
L	401	La especie domestica derivada de la otra.
M	401	DIACRITICS_VERB_N_ADJ	33	11	20	Other	Si es adjetivo o nombre, se escribe con tilde.	doméstica
L	402	Daría animo a todos.
M	402	DIACRITICS_02	3	6	11	Other	Si es adjetivo o nombre, se escribe con tilde.	ánimo
L	403	Daría también animo a los demás.
M	403	ANIMO	1	14	19	Other	Si es un nombre, se escribe con tilde.	ánimo
L	404	La matricula ha aumentado.
M	404	LA_MATRICULA	1	3	12	Other	Si es adjetivo o nombre, se escribe con tilde.	matrícula
L	405	Su familia la matricula en la escuela.
L	406	Prorroga de tiempo.
M	406	DIACRITICS_04	5	0	8	Other	Si es adjetivo o nombre, se escribe con tilde.	Prórroga
L	407	Fue el más celebre.
M	407	EL_TILDE	2	4	6	Other	El pronombre personal <suggestion>él</suggestion> lleva tilde.	él
M	407	CELEBRE	1	11	18	Other	Si es un adjetivo, se escribe con tilde.	célebre
L	408	Fue la celebre "plegariá".
M	408	CELEBRE	2	7	14	Other	Si es un adjetivo, se escribe con tilde.	célebre
M	408	MORFOLOGIK_RULE_ES		16	24	UnknownWord	Se ha encontrado un posible error ortográfico.	plegaria|plegaría|llegaría|plegarias|plenaria|alejaría|legaría|alegaría|pegaría|plegara|plegarla|plegarían|plegará|plegarías|Legaria|Olegaria|plagaría
L	409	Celebre por su locura.
M	409	CELEBRE	3	0	7	Other	Si es un adjetivo, se escribe con tilde.	Célebre
L	410	Que celebre de forma espotánea la victoria.
M	410	MORFOLOGIK_RULE_ES		21	30	UnknownWord	Se ha encontrado un posible error ortográfico.	espontánea|espontanea|espontaneá
L	411	Que se celebre por su parte
L	412	Su obra más conocida y celebre es este cuadro.
M	412	CELEBRE	4	23	30	Other	Si es un adjetivo, se escribe con tilde.	célebre
L	413	que la conferencia invite solo a parlamentarios y celebre un debate
M	413	UPPERCASE_SENTENCE_START		0	3	Other	Esta frase no empieza con mayúscula.	Que
L	414	Hubo que poner termino a aquello.
M	414	TERMINO	1	15	22	Other	Si es adjetivo o nombre, se escribe con tilde.	término
L	415	Hubo que poner lamentable termino a aquello.
M	415	TERMINO	1	26	33	Other	Si es adjetivo o nombre, se escribe con tilde.	término
L	416	No había termino medio.
M	416	TERMINO	2	9	16	Other	Si es adjetivo o nombre, se escribe con tilde.	término
L	417	el uso del antigo termino "escena".
M	417	UPPERCASE_SENTENCE_START		0	2	Other	Esta frase no empieza con mayúscula.	El
M	417	MORFOLOGIK_RULE_ES		11	17	UnknownWord	Se ha encontrado un posible error ortográfico.	antiguo|antojo|antojó|Antiguo|antejo|antiguó|artigo|artigó
M	417	TERMINO	3	18	25	Other	Si es adjetivo o nombre, se escribe con tilde.	término
L	418	Marques de Utrillo.
M	418	MARQUES	1	0	7	Other	Si es un nombre, se escribe con tilde. Correcto si es una forma del v. 'marcar'.	Marqués
L	419	Quiero que marques las casillas rojas.
L	420	Quiero que las marques todas.
L	421	Cuando marques las casillas, recuerda la última.
L	422	No cojas el teléfono y marques el número.
L	423	Lorenzo Marques.
M	423	MARQUES	1	8	15	Other	Si es un nombre, se escribe con tilde. Correcto si es una forma del v. 'marcar'.	Marqués
L	424	Es un personaje muy pio.
M	424	PIO	1	20	23	Other	Si es adjetivo o nombre, se escribe con tile. Correcto como forma en pasado del v. 'piar'.	pío
L	425	El gorrión pio.
M	425	DIACRITICS_VERB_N_ADJ	13	11	14	Other	Si es adjetivo o nombre, se escribe con tilde.	pío
L	426	Practica núm. 12
M	426	PRACTICA	1	0	8	Other	Si es adjetivo o nombre, se escribe con tilde. Correcto si es del v. 'practicar'.	Práctica
L	427	Practicas
M	427	PRACTICA	1	0	9	Other	Si es adjetivo o nombre, se escribe con tilde. Correcto si es del v. 'practicar'.	Prácticas
L	428	Teoría y practica.
M	428	PRACTICA	1	9	17	Other	Si es adjetivo o nombre, se escribe con tilde. Correcto si es del v. 'practicar'.	práctica
L	429	Si lo practicas mucho, lo conseguirrás.
M	429	MORFOLOGIK_RULE_ES		26	38	UnknownWord	Se ha encontrado un posible error ortográfico.	conseguirlas|conseguirás|conseguirías
L	430	Si practicas mucho, lo conseguirrás.
M	430	MORFOLOGIK_RULE_ES		23	35	UnknownWord	Se ha encontrado un posible error ortográfico.	conseguirlas|conseguirás|conseguirías
L	431	Si practicas, le cogerás el tranquillo tarde o temprano.
L	432	Se practica con intensidad.
L	433	Entrena y practica escalada en hielo
L	434	Practica esquí con la familia.
L	435	Habitualmente practica yoga.
L	436	Practica igualmente el judo.
L	437	Practica también la caza.
L	438	Después practica y registra este comportamiento.
L	439	Es vegetariano y practica y enseña meditación trascendental.
L	440	También practica snowboarding.
M	440	MORFOLOGIK_RULE_ES		17	29	UnknownWord	Se ha encontrado un posible error ortográfico.	onboarding|snowboard|snowboards
L	441	Así practicas.
L	442	Practica tú misma.
L	443	Las maquinaciones ue la Iglesia practica a nivel mundial.
M	443	MORFOLOGIK_RULE_ES		18	20	UnknownWord	Se ha encontrado un posible error ortográfico.	UE|de|que|se|un|fue|e|le|me|u|ve|fe|qué|te|une|he|be|té|dé|sé|use|PE|uve|usé|Fe|UD|UER|UTE|UV|UX|Une|ce|ge|lúe|pe|re|rúe|uf|uh|ui|upe|upé|uy|ye|úes|u e|Vue|je
L	444	¿Qué clase de deportes practicas?
L	445	Soy la primera que no practico para nada este estilo.
L	446	Republica Checa
M	446	REPUBLICA	1	0	9	Other	Si es nombre, se escribe con tilde. Correcto si es del v. 'republicar'.	República
L	447	Concurrencia competitiva, que se inicia de oficio mediante convocatoria publica.
M	447	PUBLICO	1	72	79	Other	Si es adjetivo o nombre, se escribe con tilde. Correcto si es del v. 'publicar'.	pública
L	448	Se crea el Tribunal de Vigilancia y Seguridad Publica.
M	448	PUBLICO	1	46	53	Other	Si es adjetivo o nombre, se escribe con tilde. Correcto si es del v. 'publicar'.	Pública
L	449	Se preocupa de la res publica.
L	450	En el siguiente año, publica, junto con Javier Heraud, Ensayo a dos voces.
M	450	MORFOLOGIK_RULE_ES		47	53	UnknownWord	Se ha encontrado un posible error ortográfico.	Heras|Hérault|Heraldo|Gerald|Gerard|Hera|Herat|Erad|Helad|Herbad|Herid|Herrad|Hervid|Merad|Renaud
L	451	En 2006 la banda publica uno de sus álbumes.
L	452	En 1996 el trío publica Nove Luas
M	452	MORFOLOGIK_RULE_ES		29	33	UnknownWord	Se ha encontrado un posible error ortográfico.	Lúas|Las|Luis|Lunas|Púas|Loas|Lupas|Lusa|Leas|Lusas|Lías|Rúas|Lumas|Lúa|Guas|Lúes|Lucas|Lukas|Búas|Dúas|Lias|Loás|Lubas|Ludas|Luxas|Luxás|Uluas|Zúas|Lu as|LUKS|Lua
L	453	La Biblioteca Nacional publica, en formato impreso y digital, una agenda bimestral.
L	454	Benedicto XVI publica libro entrevista.
L	455	Libros que nadie publica.
L	456	En un amplio circulo a Madrid.
M	456	CIRCULO	1	13	20	Other	Si es un nombre, se escribe con tilde.	círculo
L	457	Fue una ceremonia intima.
M	457	INTIMA	1	18	24	Other	Si es un adjetivo, se escribe con tilde.	íntima
L	458	¿Con qué monstruos intima allá, en las profundidades?
L	459	Es una mirada intima al futuro.
M	459	INTIMA	2	14	20	Other	Si es un adjetivo, se escribe con tilde.	íntima
L	460	Nominas de octubre.
M	460	DIACRITICS_OTHERS	15	0	7	Other	Si es sustantivo, lleva tilde. Correcto si es del v. 'nominar'.	Nóminas
L	461	Ahora maquina otro plan.
L	462	Londres, el lugar donde habito, era antiguamente conocida por su niebla.
L	463	Hoy el abuelo naufraga en su memoria.
L	464	«Los hermanos Kocher», replica Norton.
L	465	las cosas que coso yo misma y publico en mi blog
M	465	UPPERCASE_SENTENCE_START		0	3	Other	Esta frase no empieza con mayúscula.	Las
L	466	Mi negocio prospera.
L	467	Calculo que ya es hora de que nos marchemos.
L	468	Especifica más.
L	469	El fondo monetario internacional critica severamente al manejo de la crisis en la Eurozona.
L	470	Marea Verde critica también que quiera hacernos creer que los millones se perderían
L	471	Él critica todo.
L	472	Faber-Castell fabrica más de 2,3 mil millones.
L	473	que se defina y limite, hacia delante y hacia atrás, la competencia temporal
M	473	UPPERCASE_SENTENCE_START		0	3	Other	Esta frase no empieza con mayúscula.	Que
L	474	María publica continuamente fotos de ella misma en Instagram.
L	475	Lee mucho y practica mucho.
L	476	¿Qué clase de deportes practicas?
L	477	Con frecuencia no prestamos ni atención.
L	478	Lineas de actuación.
M	478	DIACRITICS_00	1	0	6	Other	Si es adjetivo o nombre, se escribe con tilde.	Líneas
L	479	El usuario se autentica.
L	480	Capitulo 3.
M	480	DIACRITICS_02	3	0	8	Other	Si es adjetivo o nombre, se escribe con tilde.	Capítulo
L	481	El legitimo heredero.
M	481	DIACRITICS_VERB_N_ADJ	3	0	11	Other	Si es adjetivo o nombre, se escribe con tilde.	El legítimo
L	482	Sus pretensiones, si no legitimas, por lo menos eran pintorescas.
M	482	DIACRITICS_01	2	24	33	Other	Si es adjetivo o nombre, se escribe con tilde.	legítimas
L	483	Sin embargo, si capitulo, es en verdad por pura debilidad;
L	484	Mi biografía demuestra que nunca capitulo.
L	485	—Quedaos; no quiero que se suponga que capitulo con esos rebeldes.
L	486	Dejo de hacerlo totalmente y capitulo ante sus corrientes circulares y viscosas.
M	486	DIACRITICS_02	3	29	37	Other	Si es adjetivo o nombre, se escribe con tilde.	capítulo
L	487	El usuario se autentica.
L	488	Maquina de pelar patatas.
M	488	DIACRITICS_02	3	0	7	Other	Si es adjetivo o nombre, se escribe con tilde.	Máquina
L	489	Maquina para pelar patatas.
M	489	DIACRITICS_02	3	0	7	Other	Si es adjetivo o nombre, se escribe con tilde.	Máquina
L	490	Ejercito del aire.
M	490	DIACRITICS_02	3	0	8	Other	Si es adjetivo o nombre, se escribe con tilde.	Ejército
L	491	genero gramatical
M	491	DIACRITICS_02	3	0	6	Other	Si es adjetivo o nombre, se escribe con tilde.	género
L	492	CD Catalogo 2015.
M	492	DIACRITICS_02	3	3	11	Other	Si es adjetivo o nombre, se escribe con tilde.	Catálogo
L	493	Ejercito Nacional Mexicano.
M	493	DIACRITICS_02	3	0	8	Other	Si es adjetivo o nombre, se escribe con tilde.	Ejército
L	494	Ejercito la mente jugando al ajedrez.
L	495	Maquina la destrucción del planeta.
L	496	Battle maquina algo.
L	497	Y no genero nada específico para ellos.
L	498	Animo a todos a participar.
L	499	Animo encarecidamente a todos a participar.
L	500	Animo siempre encarecidamente a todos a participar.
L	501	Es incomoda.
M	501	DIACRITICS_03	4	3	11	Other	Si es adjetivo o nombre, se escribe con tilde.	incómoda
L	502	Incomodas a todo el mundo.
L	503	Simultanea varias carreras universitarias.
L	504	Critica de cine.
M	504	DIACRITICS_04	5	0	7	Other	Si es adjetivo o nombre, se escribe con tilde.	Crítica
L	505	La fecha limite es el viernes.
M	505	DIACRITICS_04	5	9	15	Other	Si es adjetivo o nombre, se escribe con tilde.	límite
L	506	LA FECHA LIMITE
M	506	DIACRITICS_04	5	9	15	Other	Si es adjetivo o nombre, se escribe con tilde.	LÍMITE
L	507	que piensa, siente y critica
M	507	UPPERCASE_SENTENCE_START		0	3	Other	Esta frase no empieza con mayúscula.	Que
L	508	El cínico critica y los ganadores analizan
L	509	La autora critica de arriba abajo a los jóvenes.
M	509	DIACRITICS_OTHERS	37	10	17	Other	Si es adjetivo o nombre, se escribe con tilde.	crítica
L	510	lloras, ríes, criticas, censuras
M	510	UPPERCASE_SENTENCE_START		0	6	Other	Esta frase no empieza con mayúscula.	Lloras
L	511	Quiere que se limite la participación.
L	512	Que se defina y limite, hacia delante y hacia atrás.
L	513	Y que el gobierno limite con otra medida los pesos.
L	514	Calculo que vendrá mañana.
L	515	Calculo la velocidad del viento.
L	516	Prorroga, sine die, la situación.
L	517	La ultima.
M	517	DIACRITICS_05	6	3	9	Other	Si es adjetivo o nombre, se escribe con tilde.	última
L	518	Las ultimas.
M	518	DIACRITICS_05	6	4	11	Other	Si es adjetivo o nombre, se escribe con tilde.	últimas
L	519	Lo llevo a feliz termino.
M	519	DIACRITICS_06	1	17	24	Other	Si es adjetivo o nombre, se escribe con tilde.	término
L	520	Qué es un mamífero, termino que no he oído nunca.
M	520	DIACRITICS_06	2	20	27	Other	Si es adjetivo o nombre, se escribe con tilde.	término
L	521	La caída y termino de todas las cosas.
M	521	DIACRITICS_06	3	11	18	Other	Si es adjetivo o nombre, se escribe con tilde.	término
L	522	Termino de verlos.
L	523	La termino de una vez
L	524	Termino de forma triste.
L	525	Lideres del campeonato.
M	525	LIDERES	1	0	7	Other	Si es un nombre y no un verbo, se escribe con tilde.	Líderes
L	526	Hija legitima.
M	526	LEGITIMA	1	5	13	Other	Si es un adjetivo y no un verbo, se escribe con tilde.	legítima
L	527	Legitima defensa.
M	527	LEGITIMA	2	0	8	Other	Si es un adjetivo y no un verbo, se escribe con tilde.	Legítima
L	528	Deposito externo.
M	528	DEPOSITO	1	0	8	Other	Si es adjetivo o nombre, se escribe con tilde.	Depósito
L	529	Este es el poder en el cual deposito mayor confianza.
L	530	Deposito a la vista.
M	530	DEPOSITO	2	0	8	Other	Si es adjetivo o nombre, se escribe con tilde.	Depósito
L	531	Deposito a plazo fijo.
M	531	DEPOSITO	2	0	8	Other	Si es adjetivo o nombre, se escribe con tilde.	Depósito
L	532	Le seria favorable
M	532	SERIA	1	3	8	Other	Si es del v. 'ser', se escribe con tilde. Correcto como adjetivo.	sería
L	533	Le tocaria la moral.
M	533	TOCARIA	32	3	10	Other	Si es condicional, se escribe con tilde. Correcto como adjetivo.	tocaría
L	534	La secundaria es la ESO.
L	535	Lo sentimos vividamente.
M	535	VIVIDAMENTE	1	12	23	Other	¿Quería decir <suggestion>vívidamente</suggestion> (derivado de 'vívido')?	vívidamente
L	536	No tengo a nadie en quién confiar.
M	536	RELATIVOS_SIN_TILDE	1	20	25	Other	Se escribe sin tilde porque es una construcción de relativo.	quien
L	537	No tengo nada qué hacer.
M	537	RELATIVOS_SIN_TILDE	2	14	17	Other	Se escribe sin tilde porque es una construcción de relativo.	que
L	538	No tengo nada de qué preocuparme.
M	538	RELATIVOS_SIN_TILDE	2	17	20	Other	Se escribe sin tilde porque es una construcción de relativo.	que
L	539	No tienes nada por qué preocuparte.
M	539	RELATIVOS_SIN_TILDE	2	19	22	Other	Se escribe sin tilde porque es una construcción de relativo.	que
L	540	No tengo nada con qué escribir.
M	540	RELATIVOS_SIN_TILDE	2	18	21	Other	Se escribe sin tilde porque es una construcción de relativo.	que
L	541	No hay nada con qué escribir.
M	541	RELATIVOS_SIN_TILDE	2	16	19	Other	Se escribe sin tilde porque es una construcción de relativo.	que
L	542	Hay algo con qué escribir.
M	542	RELATIVOS_SIN_TILDE	2	13	16	Other	Se escribe sin tilde porque es una construcción de relativo.	que
L	543	Nadie le preguntó a nadie a qué partido votaba.
L	544	No cuenta para nada de qué colegio egresó una persona.
L	545	¿Puede explicarme alguien por qué siempre pasa esto?
L	546	No le dije a nadie a qué hora llegaría.
L	547	¿Nada de qué?
L	548	Tom no le ha dicho a nadie por qué ha llegado tarde.
L	549	No hay lugar por dónde comenzar.
M	549	RELATIVOS_SIN_TILDE	3	17	22	Other	Se escribe sin tilde porque es una construcción de relativo.	donde
L	550	Nunca le diré a nadie dónde he escondido el tesoro.
L	551	No quiero que encuentre nadie dónde enterramos el tesoro.
L	552	Depende de la fecha cuándo empiece.
M	552	RELATIVOS_SIN_TILDE	4	20	26	Other	Se escribe sin tilde si es una construcción de relativo. Es correcto con tilde si es un interrogativo.	cuando
L	553	Depende del modo cómo se haga.
M	553	RELATIVOS_SIN_TILDE	5	17	21	Other	Se escribe sin tilde, porque es una construcción de relativo.	como
L	554	¿Quienes son?
M	554	QUIEN_TILDE	1	1	8	Other	Si es interrogativo, se escribe con tilde.	Quiénes
L	555	¿Pero para quien es?
M	555	QUIEN_TILDE	1	11	16	Other	Si es interrogativo, se escribe con tilde.	quién
L	556	¿Que quieres que te diga?
M	556	QUE_TILDE1	1	1	4	Other	Si es interrogativo (=qué cosa), se escribe con tilde. Correcto sin tilde si la respuesta es "sí" o "no".	Qué
L	557	¿Que vas a hacer?
M	557	QUE_TILDE1	1	1	4	Other	Si es interrogativo (=qué cosa), se escribe con tilde. Correcto sin tilde si la respuesta es "sí" o "no".	Qué
L	558	¿Que quieres esta vez?
M	558	QUE_TILDE1	1	1	4	Other	Si es interrogativo (=qué cosa), se escribe con tilde. Correcto sin tilde si la respuesta es "sí" o "no".	Qué
L	559	¿Que te has dejado en casa?
M	559	QUE_TILDE1	1	1	4	Other	Si es interrogativo (=qué cosa), se escribe con tilde. Correcto sin tilde si la respuesta es "sí" o "no".	Qué
L	560	¿A que está jugando aquel hombre alto?
M	560	QUE_TILDE1	1	3	6	Other	Si es interrogativo (=qué cosa), se escribe con tilde. Correcto sin tilde si la respuesta es "sí" o "no".	qué
L	561	¿Que nombre quieres para el niño?
M	561	QUE_TILDE1	1	1	4	Other	Si es interrogativo (=qué cosa), se escribe con tilde. Correcto sin tilde si la respuesta es "sí" o "no".	Qué
L	562	¿Que te has dejado las llaves en casa?
M	562	QUE_TILDE1	1	1	4	Other	Si es interrogativo (=qué cosa), se escribe con tilde. Correcto sin tilde si la respuesta es "sí" o "no".	Qué
L	563	¿Que me quiere?
M	563	QUE_TILDE2	23	1	4	Other	Como pronombre interrogativo (=qué cosa), se escribe con tilde.	Qué
L	564	¿A que hoy hace viento?
L	565	¡Que te diviertas!
L	566	¿A que no?
L	567	Tom es muy popular, ¿a que sí?
L	568	¿A que te he hecho reír?
L	569	¿A que ese estudiante corre mucho?
M	569	QUE_TILDE1	1	3	6	Other	Si es interrogativo (=qué cosa), se escribe con tilde. Correcto sin tilde si la respuesta es "sí" o "no".	qué
L	570	¿Que estás sufriendo?
M	570	QUE_TILDE1	1	1	4	Other	Si es interrogativo (=qué cosa), se escribe con tilde. Correcto sin tilde si la respuesta es "sí" o "no".	Qué
L	571	¿A que te has comprado un coche?
M	571	QUE_TILDE1	1	3	6	Other	Si es interrogativo (=qué cosa), se escribe con tilde. Correcto sin tilde si la respuesta es "sí" o "no".	qué
L	572	¿Que el vecino fue a verte?
M	572	QUE_TILDE1	1	1	4	Other	Si es interrogativo (=qué cosa), se escribe con tilde. Correcto sin tilde si la respuesta es "sí" o "no".	Qué
L	573	¿Que tienes que volver?
M	573	QUE_TILDE1	1	1	4	Other	Si es interrogativo (=qué cosa), se escribe con tilde. Correcto sin tilde si la respuesta es "sí" o "no".	Qué
L	574	¿Para que sirve?
M	574	QUE_TILDE1	2	6	9	Other	Si es interrogativo (=qué cosa), se escribe con tilde.	qué
L	575	¿Y de que servirá?
M	575	QUE_TILDE2	22	6	9	Other	Como pronombre interrogativo (=qué cosa), se escribe con tilde.	qué
L	576	¿Por que has venido?
M	576	QUE_TILDE1	2	5	8	Other	Si es interrogativo (=qué cosa), se escribe con tilde.	qué
L	577	¿Pero que le pasará a María mientras yo no esté?, dijo Georgina con ansiedad.
M	577	QUE_TILDE1	2	6	9	Other	Si es interrogativo (=qué cosa), se escribe con tilde.	qué
L	578	¿En que te podemos ayudar?
M	578	QUE_TILDE1	2	4	7	Other	Si es interrogativo (=qué cosa), se escribe con tilde.	qué
L	579	¿En que te podríamos ayudar?
M	579	QUE_TILDE1	2	4	7	Other	Si es interrogativo (=qué cosa), se escribe con tilde.	qué
L	580	¿Con que nombre quieres ser llamado?
M	580	QUE_TILDE2	6	5	8	Other	Como adjetivo exclamativo o interrogativo, se escribe con tilde.	qué
L	581	¡Que te diviertas!
L	582	¿A que no?
L	583	¿Que cuántos tengo?
L	584	¿A que hoy hace viento?
L	585	¡Que te diviertas!
L	586	¿A que no?
L	587	Tom es muy popular, ¿a que sí?
L	588	¿A que te he hecho reír?
L	589	No saben de que Esperanza se trata.
M	589	QUE_TILDE1	3	12	15	Other	Si es un pronombre interrogativo, se escribe con tilde.	qué
L	590	No sé a que estás esperando.
M	590	QUE_TILDE1	4	8	11	Other	Si equivale a 'qué cosa', se escribe con tilde.	qué
L	591	No sabe de que le hablas.
M	591	QUE_TILDE1	4	11	14	Other	Si equivale a 'qué cosa', se escribe con tilde.	qué
L	592	Me pregunto con que ideas vendrá.
M	592	QUE_TILDE1	3	16	19	Other	Si es un pronombre interrogativo, se escribe con tilde.	qué
L	593	Sé de que pie cojean.
M	593	QUE_TILDE2	24	6	9	Other	Como pronombre interrogativo (=qué cosa), se escribe con tilde.	qué
L	594	No lo supe hasta que leí el periódico.
L	595	Lo sabe desde que es adulto.
L	596	No sé que hacer ahora mismo.
M	596	QUE_TILDE2	8	6	9	Other	Como pronombre interrogativo (=qué cosa), se escribe con tilde.	qué
L	597	Ya no sabe que hacer para tener notoriedad.
M	597	QUE_TILDE2	8	11	14	Other	Como pronombre interrogativo (=qué cosa), se escribe con tilde.	qué
L	598	Sabe que partir de una única forma lo conduce necesariamente a la uniformidad.
L	599	No sé que pensaría él.
M	599	QUE_TILDE2	8	6	9	Other	Como pronombre interrogativo (=qué cosa), se escribe con tilde.	qué
L	600	No sé que pensaría.
M	600	QUE_TILDE2	8	6	9	Other	Como pronombre interrogativo (=qué cosa), se escribe con tilde.	qué
L	601	¿Alguien sabe que pasó?
M	601	QUE_TILDE2	8	14	17	Other	Como pronombre interrogativo (=qué cosa), se escribe con tilde.	qué
L	602	No sé que pensaría él.
M	602	QUE_TILDE2	8	6	9	Other	Como pronombre interrogativo (=qué cosa), se escribe con tilde.	qué
L	603	No hay duda que dicha causa se encuentra abierta.
L	604	Todos los delegados sabían que debían debatirlo.
L	605	Sabe que tiene que correr más rápido que el león.
L	606	Ya sé que traes buenas noticias.
L	607	Tom sabía que estaría allí.
L	608	Me pregunto que quería.
M	608	QUE_TILDE1	7	12	15	Other	Si equivale a 'qué cosa', se escribe con tilde.	qué
L	609	Estas no son las preguntas que pensábamos hacer.
L	610	¿Cuando vendrás?
M	610	INTERROGATIVOS_CON_TILDE_OS	1	1	7	Other	Si es interrogativo, se escribe con tilde.	Cuándo
L	611	¿Para cuando lo quieres?
M	611	INTERROGATIVOS_CON_TILDE_OS	1	6	12	Other	Si es interrogativo, se escribe con tilde.	cuándo
L	612	¿Y de cuales se trata?
M	612	CUAL_CON_TILDE	4	6	12	Other	Si es interrogativo, se escribe con tilde. Se escribe sin tilde (más raramente), si equivale a 'como, de la misma manera que'.	cuáles
L	613	¿Por cuanto lo vendes?
M	613	INTERROGATIVOS_CON_TILDE_OS	1	5	11	Other	Si es interrogativo, se escribe con tilde.	cuánto
L	614	¿Como son?
M	614	INTERROGATIVOS_CON_TILDE_OS	2	1	5	Other	Si es interrogativo o exclamativo, se escribe con tilde.	Cómo
L	615	¿Como estás?
M	615	HOLA_COMO_ESTAS	10	1	11	Other	Posible error ortográfico.	Cómo estás
L	616	¿Y de donde vienen?
M	616	INTERROGATIVOS_CON_TILDE_OS	2	6	11	Other	Si es interrogativo o exclamativo, se escribe con tilde.	dónde
L	617	¿Y a donde van?
M	617	INTERROGATIVOS_CON_TILDE_OS	2	5	10	Other	Si es interrogativo o exclamativo, se escribe con tilde.	dónde
L	618	¿Y adonde van?
M	618	INTERROGATIVOS_CON_TILDE_OS	2	3	9	Other	Si es interrogativo o exclamativo, se escribe con tilde.	adónde
L	619	¿Como un hombre tan valiente como tú puede llorar tanto?
M	619	INTERROGATIVOS_CON_TILDE_OS	2	1	5	Other	Si es interrogativo o exclamativo, se escribe con tilde.	Cómo
L	620	¿Como estas?
M	620	HOLA_COMO_ESTAS	10	1	11	Other	Posible error ortográfico.	Cómo estás
L	621	¿Como las que trajo él?
L	622	Pero ¿como para pagar por él tanto o más que por un SEAT León?
L	623	¿Como cuánto te gusta?
L	624	¿Como cuántas veces ves el espejo por día?
L	625	¿Como?
M	625	INTERROGATIVOS_CON_TILDE_OS	3	1	5	Other	Si es interrogativo o exclamativo, se escribe con tilde.	Cómo
L	626	¿Como estas?
M	626	HOLA_COMO_ESTAS	10	1	11	Other	Posible error ortográfico.	Cómo estás
L	627	—¡Que pregunta tan absurda!
M	627	QUE_TILDE2	4	2	5	Other	Como adjetivo exclamativo o interrogativo, se escribe con tilde.	Qué
L	628	¡Que grande que es!
M	628	QUE_TILDE2	4	1	4	Other	Como adjetivo exclamativo o interrogativo, se escribe con tilde.	Qué
L	629	¡Pero que bonito!
M	629	QUE_TILDE2	7	6	9	Other	Como adjetivo exclamativo o interrogativo, se escribe con tilde.	qué
L	630	¡Con que seriedad se comporta!
M	630	QUE_TILDE2	6	5	8	Other	Como adjetivo exclamativo o interrogativo, se escribe con tilde.	qué
L	631	¡Que ruido extraño!
M	631	QUE_TILDE2	4	1	4	Other	Como adjetivo exclamativo o interrogativo, se escribe con tilde.	Qué
L	632	¡Que te diviertas!
L	633	¡Que venga pronto!
L	634	¡Que empieze ya!
M	634	MORFOLOGIK_RULE_ES		5	12	UnknownWord	Se ha encontrado un posible error ortográfico.	empieza|empiece|empiezo
L	635	¡Que viva la república!
L	636	¡Que Dios afeite a la reina!
L	637	¡A que no!
L	638	¡Que Dios nos ayude!
L	639	¡Que Dios salve la reina!
L	640	¡Que Dios derrame sus bendiciones sobre esta familia!
L	641	El ladrón entró en la casa bajo el manto de la noche.
L	642	¡Que estúpido es!
M	642	QUE_TILDE2	4	1	4	Other	Como adjetivo exclamativo o interrogativo, se escribe con tilde.	Qué
L	643	¡Que bonito es!
M	643	QUE_TILDE2	7	1	4	Other	Como adjetivo exclamativo o interrogativo, se escribe con tilde.	Qué
L	644	¡Que suerte tienes!
M	644	QUE_TILDE2	4	1	4	Other	Como adjetivo exclamativo o interrogativo, se escribe con tilde.	Qué
L	645	¡Cuan grande que es!
M	645	EXCLAMATIVOS_TILDE	4	1	5	Other	Si es una exclamación, se escribe con tilde.	Cuán
L	646	¡Pero cuan bonito!
M	646	EXCLAMATIVOS_TILDE	4	6	10	Other	Si es una exclamación, se escribe con tilde.	cuán
L	647	¡Como me gusta!
M	647	EXCLAMATIVOS_TILDE	5	1	5	Other	Si es una exclamación, se escribe con tilde.	Cómo
L	648	¡Pero como me gusta!
M	648	EXCLAMATIVOS_TILDE	5	6	10	Other	Si es una exclamación, se escribe con tilde.	cómo
L	649	¡Pero como no le va a gustar!
M	649	EXCLAMATIVOS_TILDE	5	6	10	Other	Si es una exclamación, se escribe con tilde.	cómo
L	650	Ay, ¡como era de niña!
M	650	EXCLAMATIVOS_TILDE	5	5	9	Other	Si es una exclamación, se escribe con tilde.	cómo
L	651	¡Como si no la conocieras!
L	652	¡Como siempre, has oído mal!
L	653	¡Como yo pensaba, estaban equivocados!
L	654	Quiero saber a cambio de que.
M	654	QUE_TILDE2	1	25	28	Other	Si equivale a 'qué cosa', se escribe con tilde.	qué
L	655	Yo que sé, no me gusta nada.
M	655	QUE_TILDE2	2	3	6	Other	Si equivale a 'qué cosa', se escribe con tilde.	qué
L	656	¿Y tú que cuentas?
M	656	QUE_TILDE2	2	6	9	Other	Si equivale a 'qué cosa', se escribe con tilde.	qué
L	657	Me preguntaba que medidas tomar.
M	657	QUE_TILDE2	3	14	17	Other	Como adjetivo interrogativo, se escribe con tilde.	qué
L	658	Debes ser prudente al elegir que camino seguir.
M	658	QUE_TILDE2	3	29	32	Other	Como adjetivo interrogativo, se escribe con tilde.	qué
L	659	Tengo mi propia filosofía de vida, con muchos valores que intento potenciar (porque todavía me queda recorrido).
L	660	¿Por qué no logro acordarme del nombre de la chica que intento olvidar?
L	661	Más vale callar que mal hablar.
L	662	Nunca escucha lo que intento decirle.
L	663	Unos momentos que hay que saber capturar.
L	664	Que mujer tan inteligente.
M	664	QUE_TILDE2	4	0	3	Other	Como adjetivo exclamativo o interrogativo, se escribe con tilde.	Qué
L	665	¡Que suerte que te tocase la lotería!
M	665	QUE_TILDE2	4	1	4	Other	Como adjetivo exclamativo o interrogativo, se escribe con tilde.	Qué
L	666	Que 3/4 de Argentina y el MUNDO ENTERO se equivoca.
L	667	Que claro que no es por mí.
M	667	QUE_TILDE2	4	0	3	Other	Como adjetivo exclamativo o interrogativo, se escribe con tilde.	Qué
L	668	Que mujer tan inteligente.
M	668	QUE_TILDE2	4	0	3	Other	Como adjetivo exclamativo o interrogativo, se escribe con tilde.	Qué
L	669	Es para ver que resultados obtengo.
M	669	QUE_TILDE2	5	12	15	Other	Como adjetivo exclamativo o interrogativo, se escribe con tilde.	qué
L	670	Elegir que tipo de pago vas a realizar.
M	670	QUE_TILDE2	5	7	10	Other	Como adjetivo exclamativo o interrogativo, se escribe con tilde.	qué
L	671	¿Qué más hay que saber?
L	672	Prefiero leche que jugo.
L	673	José Teodoro de Souza, que años antes había estado interesado en ello.
L	674	Les recuerda que domingo tras domingo visten una camiseta que representa a un pueblo.
L	675	Vamos, que felicidades.
L	676	el lugar que merece en nuestra historia, que otros escritores e historiadores se animen
M	676	UPPERCASE_SENTENCE_START		0	2	Other	Esta frase no empieza con mayúscula.	El
L	677	hasta que otra mujer lo llame nuevamente para cumplir sus deseos
M	677	UPPERCASE_SENTENCE_START		0	5	Other	Esta frase no empieza con mayúscula.	Hasta
L	678	Intentalo allá que seguro que conseguirás algo.
M	678	VOSEO	2	0	9	Hint	Forma correcta si se usa voseo. Si no, utilice una forma alternativa.	Inténtalo|Intentadlo
L	679	Sé que es muy complicado y doloroso para vosotras, que otra madre, llamada de acogida disfrute, conviva con vuestros hijos.
L	680	Sin embargo, realizar sentadillas cerca del fallo muscular (fatiga) causó un aumento de la flexión lumbar inducido por el agotamiento y las cargas altas (peso) que combinado con esta flexión lumbar favorece el riesgo de hernia discal.
L	681	Qué bueno saber que personas como usted, que están iniciando un preescolar, se interesen por temas como estos
L	682	Es cierto que otros sectores han crecido mucho.
L	683	y que años después se encuentran envueltos en su asesinato
M	683	UPPERCASE_SENTENCE_START		0	1	Other	Esta frase no empieza con mayúscula.	Y
L	684	No es infrecuente tampoco que normas éticas se conviertan en legales.
L	685	Todos saben que dos más dos es cuatro.
L	686	Y sabemos que solos no podemos.
L	687	Es importante saber que dichos productos no son buenos.
L	688	Si no está de acuerdo, que presente reclamo.
L	689	¿A que hora viniste a casa?
M	689	QUE_TILDE2	6	3	6	Other	Como adjetivo exclamativo o interrogativo, se escribe con tilde.	qué
L	690	para que se vea hasta que punto es difícil demostrar la relación
M	690	UPPERCASE_SENTENCE_START		0	4	Other	Esta frase no empieza con mayúscula.	Para
M	690	QUE_TILDE2	6	22	25	Other	Como adjetivo exclamativo o interrogativo, se escribe con tilde.	qué
L	691	con la salvedad de que dicha comunicación de datos este amparada en una obligación legal
M	691	UPPERCASE_SENTENCE_START		0	3	Other	Esta frase no empieza con mayúscula.	Con
M	691	ESTE_TILDE	4	51	55	Other	Si es del verbo estar, se escribe <suggestion>esté</suggestion>.	esté
L	692	Ella tenía la esperanza de que otro muchacho la invitase a bailar.
L	693	Todos éramos felices, hasta que terceras personas irrumpieron en nuestra vida.
L	694	Que divertido.
M	694	QUE_TILDE2	7	0	3	Other	Como adjetivo exclamativo o interrogativo, se escribe con tilde.	Qué
L	695	Que divertido es verte alegre.
M	695	QUE_TILDE2	7	0	3	Other	Como adjetivo exclamativo o interrogativo, se escribe con tilde.	Qué
L	696	¡Y miren que lindo!
M	696	QUE_TILDE2	7	9	12	Other	Como adjetivo exclamativo o interrogativo, se escribe con tilde.	qué
L	697	Puede hacerme creer que cualquiera, hasta el fantasma.
L	698	en un trayecto que dura cerca de hora y media
M	698	UPPERCASE_SENTENCE_START		0	2	Other	Esta frase no empieza con mayúscula.	En
L	699	Es digno mencionar que chichimecas y tlaxcaltecas se conservaron independientes, sin mezclarse y manteniendo cada grupo sus usos y costumbres por mucho tiempo.
L	700	Su pérdida de memoria es más bien una discapacidad psíquica que física.
L	701	Ama de verdad a Elisabeth pero se encuentra siempre dividido entre ella y Venus, que insinuante y cercana, se le ofrece abiertamente.
M	701	COMMA_PERO	1	25	30	Other	En la mayoría de los casos la conjunción 'pero' va precedida de una coma.	, pero
L	702	Es algo que CMI va a proponer.
L	703	Si no está de acuerdo, que presente reclamo.
L	704	Explícame que ocurrió.
M	704	QUE_TILDE2	8	10	13	Other	Como pronombre interrogativo (=qué cosa), se escribe con tilde.	qué
L	705	No sé que piensas de él.
M	705	QUE_TILDE2	8	6	9	Other	Como pronombre interrogativo (=qué cosa), se escribe con tilde.	qué
L	706	No sé exactamente que quiere hacerle.
M	706	QUE_TILDE2	8	18	21	Other	Como pronombre interrogativo (=qué cosa), se escribe con tilde.	qué
L	707	Como yo no sabía que hacer, la llamé a ella.
M	707	QUE_TILDE2	8	17	20	Other	Como pronombre interrogativo (=qué cosa), se escribe con tilde.	qué
L	708	Tom no sabía que decirle a Mary.
M	708	QUE_TILDE2	8	13	16	Other	Como pronombre interrogativo (=qué cosa), se escribe con tilde.	qué
L	709	No sé que ha pasado, pero he recibido este email.
M	709	QUE_TILDE2	8	6	9	Other	Como pronombre interrogativo (=qué cosa), se escribe con tilde.	qué
L	710	quisiera saber que puedo hacer para aliviar el dolor.
M	710	UPPERCASE_SENTENCE_START		0	8	Other	Esta frase no empieza con mayúscula.	Quisiera
M	710	QUE_TILDE2	8	15	18	Other	Como pronombre interrogativo (=qué cosa), se escribe con tilde.	qué
L	711	No sé que pasa en esta ciudad.
M	711	QUE_TILDE2	8	6	9	Other	Como pronombre interrogativo (=qué cosa), se escribe con tilde.	qué
L	712	Alguien explíqueme que sucede aquí.
M	712	QUE_TILDE2	8	19	22	Other	Como pronombre interrogativo (=qué cosa), se escribe con tilde.	qué
L	713	No podía soportar que Mary no supiera que había pasado.
M	713	QUE_TILDE2	8	38	41	Other	Como pronombre interrogativo (=qué cosa), se escribe con tilde.	qué
L	714	No sé que pensáis vosotros
M	714	QUE_TILDE2	8	6	9	Other	Como pronombre interrogativo (=qué cosa), se escribe con tilde.	qué
L	715	Para saber que sucede el año próximo.
M	715	QUE_TILDE2	8	11	14	Other	Como pronombre interrogativo (=qué cosa), se escribe con tilde.	qué
L	716	Sé que lo haces de buena fe.
L	717	sin saber que lo están haciendo
M	717	UPPERCASE_SENTENCE_START		0	3	Other	Esta frase no empieza con mayúscula.	Sin
L	718	Que al menos sepa que está diciendo estupideces.
L	719	como sabemos que sucede,
M	719	UPPERCASE_SENTENCE_START		0	4	Other	Esta frase no empieza con mayúscula.	Como
M	719	QUE_TILDE2	8	13	16	Other	Como pronombre interrogativo (=qué cosa), se escribe con tilde.	qué
L	720	Sabía que pasaría.
M	720	QUE_TILDE2	8	6	9	Other	Como pronombre interrogativo (=qué cosa), se escribe con tilde.	qué
L	721	Sabes que haría cualquier cosa para ayudarte.
L	722	Ni siquiera sabía que había en la caja.
M	722	QUE_TILDE2	9	18	21	Other	Como pronombre interrogativo (=qué cosa), se escribe con tilde.	qué
L	723	Veamos que hay al otro lado.
M	723	QUE_TILDE2	9	7	10	Other	Como pronombre interrogativo (=qué cosa), se escribe con tilde.	qué
L	724	Me muero de curiosidad por saber que hay en aquella enorme caja azul.
M	724	QUE_TILDE2	9	33	36	Other	Como pronombre interrogativo (=qué cosa), se escribe con tilde.	qué
L	725	No sé que hay ahí dentro.
M	725	QUE_TILDE2	9	6	9	Other	Como pronombre interrogativo (=qué cosa), se escribe con tilde.	qué
L	726	Sabía que había cierta animadversión.
L	727	No quiero saber que haya nada desquiciado o nada loco.
L	728	No sabía que pensar de él.
M	728	QUE_TILDE2	8	9	12	Other	Como pronombre interrogativo (=qué cosa), se escribe con tilde.	qué
L	729	Debería decidir que hacer con él.
M	729	QUE_TILDE2	10	16	19	Other	Como pronombre interrogativo (=qué cosa), se escribe con tilde.	qué
L	730	Ella no sabía que regalarle a los niños para la navidad.
M	730	QUE_TILDE2	10	14	17	Other	Como pronombre interrogativo (=qué cosa), se escribe con tilde.	qué
L	731	Tom debe decidir que hacer en seguida.
M	731	QUE_TILDE2	10	17	20	Other	Como pronombre interrogativo (=qué cosa), se escribe con tilde.	qué
L	732	No sabía que sería capaz de hacer.
M	732	QUE_TILDE2	11	9	12	Other	Como pronombre interrogativo (=qué cosa), se escribe con tilde.	qué
L	733	No quería ni pensar que le gustaría.
L	734	No sabía que sería capaz de hacerlo.
L	735	No quería ni pensar que tendría que hacerlo
L	736	Sabes que haría cualquier cosa para ayudarte.
L	737	Sabía que te enfadarías.
L	738	Pienso que seré capaz de lidiar con eso.
L	739	Pienso que seré capaz de lidiarlo.
L	740	No sabía que problema sería el correcto.
M	740	QUE_TILDE2	5	9	12	Other	Como adjetivo exclamativo o interrogativo, se escribe con tilde.	qué
L	741	¿Sabes que libro le gustaría leer?
M	741	QUE_TILDE2	12	7	10	Other	Como pronombre interrogativo (=qué cosa), se escribe con tilde.	qué
L	742	Que más da.
M	742	QUE_TILDE2	13	0	3	Other	Como pronombre interrogativo (=qué cosa), se escribe con tilde.	Qué
L	743	Que va.
M	743	QUE_TILDE2	14	0	3	Other	Como pronombre interrogativo (=qué cosa), se escribe con tilde.	Qué
L	744	No sabe que tiene que ver con aquello.
M	744	QUE_TILDE2	15	8	11	Other	Como pronombre interrogativo (=qué cosa), se escribe con tilde.	qué
L	745	Me gustaría saber a que viene todo esto.
M	745	QUE_TILDE2	16	20	23	Other	Como pronombre interrogativo (=qué cosa), se escribe con tilde.	qué
L	746	¡A que esperas.
M	746	QUE_TILDE2	16	3	6	Other	Como pronombre interrogativo (=qué cosa), se escribe con tilde.	qué
M	746	ES_INITIAL_QUESTION_MARK	4	14	15	Other	Símbolo de exclamación desparejado.	!
L	747	Ya te puedes imaginar a que me refiero.
M	747	QUE_TILDE2	16	24	27	Other	Como pronombre interrogativo (=qué cosa), se escribe con tilde.	qué
L	748	¿A que viene todo esto?
M	748	QUE_TILDE2	16	3	6	Other	Como pronombre interrogativo (=qué cosa), se escribe con tilde.	qué
L	749	Los arrendamientos de bienes efectuados por las Entidades a que se refiere el presente apartado.
L	750	Estoy seguro de que vendrá.
L	751	¿A que lo he hecho yo?
L	752	Si te quieres asegurar de que estás haciendo la mejor compra, ven aquí.
L	753	Nos informaron de que vendrían.
L	754	No puedes esperar a que venga la inspiración.
L	755	Quíen era, en que o cómo influía.
M	755	MORFOLOGIK_RULE_ES		0	5	UnknownWord	Se ha encontrado un posible error ortográfico.	Quien|Quién|Quiten|Guíen|Queen
M	755	QUE_TILDE2	17	14	17	Other	Como pronombre interrogativo (=qué cosa), se escribe con tilde.	qué
L	756	Sin desconocer en que y cuanto nos afecta.
M	756	QUE_TILDE2	17	18	21	Other	Como pronombre interrogativo (=qué cosa), se escribe con tilde.	qué
L	757	Tenemos que llevarle al hospital antes de que sea demasiado tarde.
L	758	Llegó a la conclusión de que ni siquiera el anime era lo suficientemente expresivo.
L	759	Que y cómo influía.
M	759	QUE_TILDE2	18	0	3	Other	Como pronombre interrogativo (=qué cosa), se escribe con tilde.	Qué
L	760	Para hacer que.
M	760	QUE_TILDE2	19	11	14	Other	Como pronombre interrogativo (=qué cosa), se escribe con tilde.	qué
L	761	Pero no recordaba que.
M	761	QUE_TILDE2	19	18	21	Other	Como pronombre interrogativo (=qué cosa), se escribe con tilde.	qué
L	762	Disculpe, pero la verdad es que...
L	763	¿Sabías que...?
L	764	¿Y ahora que?
M	764	QUE_TILDE2	20	9	12	Other	Como pronombre interrogativo (=qué cosa), se escribe con tilde.	qué
L	765	Que harán, nadie lo sabe.
L	766	¿Y esto que es?
M	766	QUE_TILDE2	22	8	11	Other	Como pronombre interrogativo (=qué cosa), se escribe con tilde.	qué
L	767	¿Tú que miras?
M	767	QUE_TILDE2	22	4	7	Other	Como pronombre interrogativo (=qué cosa), se escribe con tilde.	qué
L	768	¿Y ahora que pasa?
M	768	QUE_TILDE2	22	9	12	Other	Como pronombre interrogativo (=qué cosa), se escribe con tilde.	qué
L	769	¿Ustedes que hacen?
M	769	QUE_TILDE2	22	9	12	Other	Como pronombre interrogativo (=qué cosa), se escribe con tilde.	qué
L	770	¿Y qué crees que es?
L	771	¿Y quién metería la mano, dados los tiempos que corren?
L	772	¿Quieres que conteste?
L	773	¿Hay algo que podamos hacer?
L	774	¿De verdad que quieres ir?
L	775	¿Algo más que necesite?
L	776	¿Y ahora de que te quejas?
M	776	QUE_TILDE2	23	12	15	Other	Como pronombre interrogativo (=qué cosa), se escribe con tilde.	qué
L	777	¿Y qué crees que es?
L	778	¿Y quién metería la mano, dados los tiempos que corren?
L	779	¿Quieres que conteste?
L	780	¿Hay algo que podamos hacer?
L	781	¿De verdad que quieres ir?
L	782	¿Cómo que se acabaron?
L	783	Y de que forma resultaba factible conseguirlo.
M	783	QUE_TILDE2	24	5	8	Other	Como pronombre interrogativo (=qué cosa), se escribe con tilde.	qué
L	784	Sé de que pie cojean.
M	784	QUE_TILDE2	24	6	9	Other	Como pronombre interrogativo (=qué cosa), se escribe con tilde.	qué
L	785	Me daba cuenta de que Negro había corrido mucho.
L	786	Estoy seguro de que mamá se enojará.
L	787	el hecho de que falta agua
M	787	UPPERCASE_SENTENCE_START		0	2	Other	Esta frase no empieza con mayúscula.	El
L	788	¿Crees que no sé que ha pasado?
M	788	QUE_TILDE2	8	17	20	Other	Como pronombre interrogativo (=qué cosa), se escribe con tilde.	qué
L	789	¿Crees que no sé que has hecho?
M	789	QUE_TILDE2	8	17	20	Other	Como pronombre interrogativo (=qué cosa), se escribe con tilde.	qué
L	790	¿Crees que no sé que has estado en París este verano?
M	790	QUE_TILDE2	25	17	20	Other	Como pronombre interrogativo (=qué cosa), se escribe con tilde.	qué
L	791	¿Crees que no sé que te has ido?
M	791	QUE_TILDE2	25	17	20	Other	Como pronombre interrogativo (=qué cosa), se escribe con tilde.	qué
L	792	No sé que tiene eso de leonés.
M	792	QUE_TILDE2	26	6	9	Other	Como pronombre interrogativo (=qué cosa), se escribe con tilde.	qué
L	793	No he sabido que decir en este caso.
M	793	QUE_TILDE2	8	13	16	Other	Como pronombre interrogativo (=qué cosa), se escribe con tilde.	qué
L	794	No voy a saber que decir en este caso.
M	794	QUE_TILDE2	8	15	18	Other	Como pronombre interrogativo (=qué cosa), se escribe con tilde.	qué
L	795	La persona de la qué te hablé.
M	795	QUE_SIN_TILDE	1	17	20	Other	Probablemente se escribe sin tilde. Correcto si equivale a 'qué cosa'.	que
L	796	No me preocupa nada el qué dirán.
L	797	El personaje del qué no se habla
M	797	QUE_SIN_TILDE	2	17	20	Other	Probablemente se escribe sin tilde. Correcto si equivale a 'qué cosa'.	que
L	798	No hay que preocuparse del qué dirán.
L	799	Yo no sé quien lo hizo.
M	799	QUIEN	1	9	14	Other	Se escribe con tilde si equivale a 'qué persona'.	quién
L	800	No sabía quienes lo hicieron.
M	800	QUIEN	1	9	16	Other	Se escribe con tilde si equivale a 'qué persona'.	quiénes
L	801	Yo no soy quien lo ha dicho.
L	802	No sé a quien estás esperando.
M	802	QUIEN	2	8	13	Other	Si equivale a 'qué persona', se escribe con tilde.	quién
L	803	No sabe de quien le hablas.
M	803	QUIEN	2	11	16	Other	Si equivale a 'qué persona', se escribe con tilde.	quién
L	804	Me pregunto con quien vendrá.
M	804	QUIEN	2	16	21	Other	Si equivale a 'qué persona', se escribe con tilde.	quién
L	805	Hola que tal estás, Juan?
M	805	HOLA_QUE_TAL	1	0	12	Other	Error de ortografía.	Hola, ¿qué tal
L	806	¿Te parece bien que tal persona se comporte así?
L	807	Hola que tal?
M	807	HOLA_QUE_TAL	3	0	13	Other	Error de ortografía.	Hola, ¿qué tal?
L	808	¿Crees que tal vez es más económico?
L	809	No importa el qué sino el quien.
M	809	INTERROGATIVAS_INDIRECTAS	1	26	31	Other	Si introduce una oración interrogativa indirecta (=qué persona), se escribe con tilde.	quién
L	810	No importa el qué sino el cuanto.
M	810	INTERROGATIVAS_INDIRECTAS	2	26	32	Other	Si introduce una oración interrogativa indirecta (=qué cantidad), se escribe con tilde.	cuánto
L	811	No importa el qué sino el cuando.
M	811	INTERROGATIVAS_INDIRECTAS	3	26	32	Other	Si introduce una oración interrogativa indirecta (=en qué momento), se escribe con tilde.	cuándo
L	812	No importa el qué sino el como.
M	812	INTERROGATIVAS_INDIRECTAS	4	26	30	Other	Si introduce una oración interrogativa indirecta (=de qué manera), se escribe con tilde.	cómo
L	813	No importa el qué sino el donde.
M	813	INTERROGATIVAS_INDIRECTAS	5	26	31	Other	Si introduce una oración interrogativa indirecta (=en qué lugar), se escribe con tilde.	dónde
L	814	No importa el qué sino el adonde.
M	814	INTERROGATIVAS_INDIRECTAS	6	26	32	Other	Si introduce una oración interrogativa indirecta (=a qué lugar), se escribe con tilde.	adónde
L	815	No importa el que sino el cuándo.
M	815	INTERROGATIVAS_INDIRECTAS	7	14	17	Other	Si introduce una oración interrogativa indirecta (=qué cosa), se escribe con tilde.	qué
L	816	No importa el cuándo sino el que.
M	816	INTERROGATIVAS_INDIRECTAS	8	29	32	Other	Si introduce una oración interrogativa indirecta (=qué cosa), se escribe con tilde.	qué
L	817	Se vengo
M	817	SE_CREO	1	3	8	Other	Si el verbo está en pasado, se escribe con tilde.	vengó|vino
L	818	Se creo
M	818	SE_CREO	1	3	7	Other	Si el verbo está en pasado, se escribe con tilde.	creyó|creó
L	819	Se determino
M	819	SE_CREO	1	3	12	Other	Si el verbo está en pasado, se escribe con tilde.	determinó
L	820	Se "determino".
M	820	SE_CREO	1	4	13	Other	Si el verbo está en pasado, se escribe con tilde.	determinó
L	821	Se le "determino".
M	821	SE_CREO	1	7	16	Other	Si el verbo está en pasado, se escribe con tilde.	determinó
L	822	Con ella hablo todos los días.
L	823	Él viene
L	824	No se como lo hizo.
M	824	SE	14	3	10	Other	Si es del v. 'saber' y un interrogativo se escriben con tilde.	sé cómo
L	825	Podía ser considerado per se digno de atención.
L	826	Se lo pregunto a él.
L	827	Él vengo la ofensa.
M	827	SE_CREO	2	3	8	Other	Si el verbo está en pasado, se escribe con tilde.	vengó|vino
L	828	Ella hablo.
M	828	SE_CREO	2	5	10	Other	Si el verbo está en pasado, se escribe con tilde.	habló
L	829	Usted hablo tarde.
M	829	SE_CREO	2	6	11	Other	Si el verbo está en pasado, se escribe con tilde.	habló
L	830	Él trabajo varias horas.
M	830	EL_NO_TILDE	1	0	10	Other	Si el verbo está en pasado, falta una tilde. Si es un artículo y un nombre, "el" no lleva tilde.	Él trabajó|El trabajo
L	831	Él limpio la herida.
M	831	EL_NO_TILDE	2	0	2	Other	No se escribe con tilde si no es un pronombre.	El
M	831	SE_CREO	2	3	9	Other	Si el verbo está en pasado, se escribe con tilde.	limpió
L	832	Él no le hablo claramente.
M	832	SE_CREO	2	9	14	Other	Si el verbo está en pasado, se escribe con tilde.	habló
L	833	Él no hablo claramente.
M	833	SE_CREO	2	6	11	Other	Si el verbo está en pasado, se escribe con tilde.	habló
L	834	Él le "hablo" claramente.
M	834	SE_CREO	2	7	12	Other	Si el verbo está en pasado, se escribe con tilde.	habló
L	835	Con ella hablo todos los días.
L	836	¿Qué estaba usted haciendo?
L	837	¿Tiene usted uno?
L	838	Él viene
L	839	Tanto él como yo.
L	840	¿Tiene usted empleo?
L	841	¿Tiene usted cambio?
L	842	No haga usted caso de sus caprichos.
L	843	Haga usted caso de las advertencias.
L	844	Ha causado usted daño en la casa.
L	845	Sé que está usted contento por eso.
L	846	él sereno y ella madre de 8 hijos
M	846	EL_NO_TILDE	2	0	2	Other	No se escribe con tilde si no es un pronombre.	el
L	847	Metió él la mano en el bolsillo.
L	848	Nos lo determino el resultado.
M	848	SE_CREO	3	7	16	Other	Si el verbo está en pasado, se escribe con tilde.	determinó
L	849	Nos determino el resultado.
M	849	SE_CREO	3	4	13	Other	Si el verbo está en pasado, se escribe con tilde.	determinó
L	850	La policía colaboro con el juez
M	850	SE_CREO2	1	11	19	Other	Si el verbo está en pasado, se escribe con tilde.	colaboró
L	851	Juan hablo con ella.
M	851	SE_CREO2	1	5	10	Other	Si el verbo está en pasado, se escribe con tilde.	habló
L	852	Mary tomo la píldora.
M	852	SE_CREO2	1	5	9	Other	Si el verbo está en pasado, se escribe con tilde.	tomó
L	853	Jesús nunca enseño esto.
M	853	SE_CREO2	1	12	18	Other	Si el verbo está en pasado, se escribe con tilde.	enseñó
L	854	El niño canto hoy.
M	854	SE_CREO2	1	8	13	Other	Si el verbo está en pasado, se escribe con tilde.	cantó
L	855	La misma revista también catalogo la campaña como loca.
M	855	SE_CREO2	1	25	33	Other	Si el verbo está en pasado, se escribe con tilde.	catalogó
L	856	Time Magazine llamo a su campaña "una comedia".
M	856	SE_CREO2	1	14	19	Other	Si el verbo está en pasado, se escribe con tilde.	llamó
L	857	Ernesto acepto la invitación.
M	857	SE_CREO2	1	8	14	Other	Si el verbo está en pasado, se escribe con tilde.	aceptó
L	858	Deja más espacio entre caracteres.
L	859	El estudio más profundo y la práctica más intensa.
L	860	Teorema segundo de Tales.
L	861	Un hombre tan honesto como John.
L	862	Siempre colaboro con la policía.
L	863	El jueves hablo con él.
L	864	Mañana hablo con ella.
L	865	El objetivo creo que ha quedado claro.
L	866	Un grande gozo siento en mí.
L	867	Su finado marido era violinista.
L	868	La enfermera promedio duerme menos de 5 horas por día.
L	869	El alfabeto paleo-hebraico proviene del fenicio.
L	870	El objeto modelo es cualquier representación esquemática de un objeto.
L	871	Su falda estilo cola.
L	872	Un gran gusto encontrarte aquí.
L	873	Adjunto facilito factura.
L	874	Adjunta facilito factura.
L	875	Cada mañana cruzo las vías férreas.
L	876	Un examen más profundo y detallado-
L	877	Total envío:
L	878	Silencio mientras termino.
L	879	Justo acabo de ver que en el otro equipo tiene el mismo problema.
L	880	La consulta objeto de análisis por la DGT analiza lo que ocurre cuando se adquieren a título lucrativo una serie de inmuebles.
L	881	La policía colaboro con el juez
M	881	SE_CREO2	1	11	19	Other	Si el verbo está en pasado, se escribe con tilde.	colaboró
L	882	Juan hablo con ella.
M	882	SE_CREO2	1	5	10	Other	Si el verbo está en pasado, se escribe con tilde.	habló
L	883	Mary tomo la píldora.
M	883	SE_CREO2	1	5	9	Other	Si el verbo está en pasado, se escribe con tilde.	tomó
L	884	Jesús nunca enseño esto.
M	884	SE_CREO2	1	12	18	Other	Si el verbo está en pasado, se escribe con tilde.	enseñó
L	885	El niño canto hoy.
M	885	SE_CREO2	1	8	13	Other	Si el verbo está en pasado, se escribe con tilde.	cantó
L	886	La misma revista también catalogo la campaña como loca.
M	886	SE_CREO2	1	25	33	Other	Si el verbo está en pasado, se escribe con tilde.	catalogó
L	887	Time Magazine llamo a su campaña "una comedia".
M	887	SE_CREO2	1	14	19	Other	Si el verbo está en pasado, se escribe con tilde.	llamó
L	888	Ernesto acepto la invitación.
M	888	SE_CREO2	1	8	14	Other	Si el verbo está en pasado, se escribe con tilde.	aceptó
L	889	Deja más espacio entre caracteres.
L	890	El estudio más profundo y la práctica más intensa.
L	891	Teorema segundo de Tales.
L	892	Un hombre tan honesto como John.
L	893	Siempre colaboro con la policía.
L	894	El jueves hablo con él.
L	895	Mañana hablo con ella.
L	896	El objetivo creo que ha quedado claro.
L	897	Un grande gozo siento en mí.
L	898	Su finado marido era violinista.
L	899	La enfermera promedio duerme menos de 5 horas por día.
L	900	El alfabeto paleo-hebraico proviene del fenicio.
L	901	El objeto modelo es cualquier representación esquemática de un objeto.
L	902	Su falda estilo cola.
L	903	Un gran gusto encontrarte aquí.
L	904	Adjunto facilito factura.
L	905	Adjunta facilito factura.
L	906	Cada mañana cruzo las vías férreas.
L	907	Un examen más profundo y detallado-
L	908	Total envío:
L	909	Silencio mientras termino.
L	910	Justo acabo de ver que en el otro equipo tiene el mismo problema.
L	911	La consulta objeto de análisis por la DGT analiza lo que ocurre cuando se adquieren a título lucrativo una serie de inmuebles.
L	912	"Time Magazine" llamo a su campaña "una comedia".
M	912	SE_CREO2	2	16	21	Other	Si el verbo está en pasado, se escribe con tilde.	llamó
L	913	"Time Magazine" llamo a su campaña "una comedia".
M	913	SE_CREO2	2	16	21	Other	Si el verbo está en pasado, se escribe con tilde.	llamó
L	914	Uber pago a reputados economistas.
M	914	SE_CREO2	3	5	9	Other	Si el verbo está en pasado, se escribe con tilde.	pagó
L	915	Acabo de encontrar por casualidad el anuncio.
L	916	Justo acabo de ver que en el otro equipo tiene el mismo problema.
L	917	La tristeza se reflejaba en su cara, y con un hilo de voz contesto.
L	918	Se alejaba de la puerta, cuando le abrazo.
L	919	Acabo de encontrar por casualidad el anuncio.
L	920	No contesto mientras la tristeza se reflejaba en su cara.
L	921	Cuando le abrazo se sintió mejor.
L	922	Acabo de encontrar por casualidad el anuncio.
L	923	Epi promedio 10 triples por partido.
M	923	MORFOLOGIK_RULE_ES		0	3	UnknownWord	Se ha encontrado un posible error ortográfico.	EPI|EPA|Pi|EEI|API|EPS|Eli|Elí|Espí|KPI|Pepi|SPI|Epa|Epo|E pi|El|En|Y|Es|E|Era|Muy|Así|Ese|Hay|Si|Él|Esa|Etc|Hoy|Ni|Rey|Sí|Eso|Ley|Mi|Ahí|Di|Eje|Pie|CPU|Eco|Mí|Soy|Ti|Pepe|Ego|Emir|Ene|Espía|pH|Sepa|Voy|Épica|Épico|Ése|CNI|CPC|Eloy|PBI|PCI|PE|Cepa|Edil|Espín|Fui|Opio|Ppm|Semi|Sexy|Ésa|GPU|IPC|PPT|Apio|Ay|Bey|Doy|Pin|Sepia|EAU|Enix|FP|PDI|VPN|Cepo|Ele|Epoxi|Eón|Hopi|Ji|Leí|Pío|Tupí|ERE|Caí|Ero|Lay|Oí|Pedí|Pía|Píe|Yeti|CPL|Debí|Eme|Espió|Metí|Pis|Tipi|Espíe|Huy|Pepa|Reí|Uní|Bebí|Ería|Espío|Expió|Expía|Roí|Cedí|Temí|Erío|Expíe|Herí|AI|AP|APA|Aly|Alí|Amy|Ani|Apa|Apia|Apía|BEI|Beni|Beti|Boí|COI|CP|CPA|CPE|CPM|Ceci|Celi|Cesi|DNI|DUI|Deni|Depp|Desi|EGM|ERC|ERP|ESA|ESO|ESS|ETT|EUA|EUR|Ea|Ebo|Edo|Edu|Ekhi|Elia|Elio|Eloi|Elvi|Elx|Elía|Emil|Emmy|Ena|Enri|Eric|Erik|Erin|Erni|Espe|Esti|Eva|FBI|FMI|FPS|Feli|Feñi|GP|GPID|GPL|GPS|GUI|Geni|Helí|I|II|III|IP|IPS|Ibi|JPG|Joy|Kai|Kepa|LI|LII|LP|LPO|LVI|LXI|Leli|Lepe|Leti|Leví|Lewy|Li|MP3|MP4|Mapi|Meli|Meni|Meri|Mery|Mey|Neli|Nesi|Neti|Orpí|PC|PD|PIB|PP|PPC|PRI|Pep|Pepín|ROI|RSI|Regi|Reni|Roi|Roy|Rui|SEP|SEPE|SMI|SPD|SPEI|Sipí|Spa|TPP|TPV|Tedi|Tefi|Tepic|Tui|Tuy|UCI|UPC|UPN|URI|UVI|Uri|VI|VII|VPH|Wei|Wii|XCI|XI|XII|XLI|XVI|XXI|Xevi|Xi|Yby|Yeli|Yesi|Yi|Ají|Ali|Ami|Apir|App|Bi|Boy|Cedi|Cení|Ceñí|Decí|Dey|eV|Ecu|Ees|Efe|Eh|Emú|Enuí|Epos|Ere|Erá|Eré|Eró|Espiá|Espié|Eta|Evo|Ex|Expiá|Expié|Expío|Eñe|Fi|Gay|Gemí|Hedí|Heñí|Hi|Hui|Ipil|Ipsi|Jai|Jedi|Jipi|Kip|Mecí|Medí|Nepe|Olí|Opa|Ope|Opo|Opá|Opé|Opó|Orí|Papi|Pe|Peli|Peri|Peí|Pia|Pio|Pipi|Pipí|Psi|Raí|Regí|Repo|Reps|Reví|Reñí|Sepe|Sexi|Tai|Tejí|Tepe|Teñí|Tip|Uci|Ui|Uni|Upa|Upe|Upo|Upá|Upé|Upó|Uvi|Uy|Uñi|Vení|Vi|Vip|Yip|Épila|AVI|BP|EPUB|EQC|EQS|ESPN|EXE|EXIF|EXR|Elo|Emby|Enya|Etsy|GPG|Gephi|HP|INI|NPM|NPR|Pepsi|PyPI|REPL|TPU|TUI|UPS|eBay|En.|xAI
M	923	PROMEDIO	1	4	12	Other	Si el verbo es en pasado, falta un acento.	promedió
L	924	La enfermera promedio duerme menos de 5 horas por día.
L	925	El número promedio de embarazos por mujer.
L	926	La temperatura promedio subió.
L	927	Metió de promedio 10 triples por partido.
L	928	No hay nadie que se fie de él
M	928	SE	7	17	23	Other	Posible falta de concordancia.	se fiaron|se fio
L	929	Necesitamos que él guie.
M	929	SE_FIE	2	19	23	Other	El verbo guie está en pasado, probablemente es presente de subjuntivo con tilde.	guíe
L	930	Necesitamos que él nos guie.
M	930	SE_FIE	3	23	27	Other	El verbo guie está en pasado, probablemente es presente de subjuntivo con tilde.	guíe
L	931	Necesitamos que el taxi guie.
M	931	SE_FIE	4	24	28	Other	El verbo guie está en pasado, probablemente es presente de subjuntivo con tilde.	guíe
L	932	Necesitamos que el taxi guie.
M	932	SE_FIE	4	24	28	Other	El verbo guie está en pasado, probablemente es presente de subjuntivo con tilde.	guíe
L	933	No se a quién pertenece.
M	933	SE_A	1	3	5	Other	Si es del v. 'saber' o 'ser' se escribe con tilde.	sé
L	934	Se té han caído las llaves.
M	934	SE	1	0	5	Other	Como pronombre, "te" se escribe sin tilde. Solo se escribe con tilde con el significado de infusión.	Se te
L	935	Yo también se hablar.
M	935	SE	2	11	20	Other	Posible confusión. Pronombre átono sin verbo.	sé hablar|de hablar|se habla|se hablará
L	936	El ayudar es un primer paso
L	937	En contraposición con lo solar.
L	938	Lo militar es otra cosa.
L	939	Un montón se series en casa.
M	939	SE	3	10	19	Other	Confusión. Si es del v. 'saber' o 'ser' se escribe con tilde.	de series|sé series|se serien|se serie
L	940	Se creo.
M	940	SE_CREO	1	3	7	Other	Si el verbo está en pasado, se escribe con tilde.	creyó|creó
L	941	Se viene
L	942	Agradecido se antemano.
M	942	SE	4	11	22	Other	Posible confusión. Si es del v. 'saber' o 'ser' se escribe con tilde.	de antemano|sé antemano
L	943	Ella se ira mañana.
M	943	SE	4	5	11	Other	Posible confusión. Si es del v. 'saber' o 'ser' se escribe con tilde.	de ira|sé ira|se irá|se era|se gira|se iba|se mira|se tira|se irán|se iría
L	944	Cuando se callera la uña.
M	944	SE	4	7	17	Other	Posible confusión. Si es del v. 'saber' o 'ser' se escribe con tilde.	de callera|sé callera|se cayera|se cayeran|se callara|se callará|se callea|se cayere|se calleara|se calleará
L	945	Apple iPhone SE 2
L	946	Dejamos que se enfrié.
M	946	SE	5	12	21	Other	Posible falta de concordancia.	se enfríe
L	947	Se creo
M	947	SE_CREO	1	3	7	Other	Si el verbo está en pasado, se escribe con tilde.	creyó|creó
L	948	Se viene
L	949	Dejamos que se caracterizá.
M	949	WRONG_IMPERATIVE	5	15	26	Other	Combinación imposible con verbo en imperativo.	caracteriza|caracterizan|caracterizó|caracterizo|caracterizas|caracterizás
L	950	Se creo
M	950	SE_CREO	1	3	7	Other	Si el verbo está en pasado, se escribe con tilde.	creyó|creó
L	951	Se viene
L	952	Se distingues tres casos.
M	952	SE	7	0	13	Other	Posible falta de concordancia.	Se distinguen|Se distingue
L	953	Se creo
M	953	SE_CREO	1	3	7	Other	Si el verbo está en pasado, se escribe con tilde.	creyó|creó
L	954	Se viene
L	955	Pueden se compensados.
M	955	SE	8	7	21	Other	Posible confusión.	ser compensados
L	956	Se representada el 15 de agosto.
M	956	SE	9	0	15	Other	Posible confusión.	Se representaba
L	957	Lo que se dado en llamar educación.
M	957	SE	8	7	14	Other	Posible confusión.	ser dado
L	958	Hoy es el día se mi cumpleaños.
M	958	SE	11	14	16	Other	¿Quería decir <suggestion>de</suggestion>? Si es del v. 'saber' o 'ser' se escribe con tilde.	de|sé
L	959	Yo lo se desde hace tiempo.
M	959	SE	12	6	8	Other	Si es del v. 'saber' o 'ser' se escribe con tilde.	sé
L	960	Se de qué hablo.
M	960	SE	12	0	2	Other	Si es del v. 'saber' o 'ser' se escribe con tilde.	Sé
M	960	DE_TILDE	2	3	5	Other	Si es del v. 'dar', se escribe con tilde.	dé
L	961	Se amable con todos.
M	961	SE	12	0	2	Other	Si es del v. 'saber' o 'ser' se escribe con tilde.	Sé
L	962	Hay quien programa, pero yo no se.
M	962	SE	12	31	33	Other	Si es del v. 'saber' o 'ser' se escribe con tilde.	sé
L	963	No se cómo lo hizo.
M	963	SE	12	3	5	Other	Si es del v. 'saber' o 'ser' se escribe con tilde.	sé
L	964	No se la lección.
M	964	SE	12	3	5	Other	Si es del v. 'saber' o 'ser' se escribe con tilde.	sé
L	965	No me se la lección.
M	965	SE	12	6	8	Other	Si es del v. 'saber' o 'ser' se escribe con tilde.	sé
L	966	Lo se de buena tinta.
M	966	SE	12	3	5	Other	Si es del v. 'saber' o 'ser' se escribe con tilde.	sé
M	966	DE_TILDE	3	6	8	Other	Si es del v. 'dar', se escribe con tilde.	dé
L	967	No se lo que quieres decir.
M	967	SE	12	3	5	Other	Si es del v. 'saber' o 'ser' se escribe con tilde.	sé
L	968	No se los que vinieron.
M	968	SE	12	3	5	Other	Si es del v. 'saber' o 'ser' se escribe con tilde.	sé
L	969	Se desarollo.
M	969	MORFOLOGIK_RULE_ES		3	12	UnknownWord	Se ha encontrado un posible error ortográfico.	desarrollo|desarrolló|desapoyo|desabollo|desabolló|desapoyó|desatollo|desatolló|desa rollo
L	970	Se desarrollo.
M	970	SE_CREO	1	3	13	Other	Si el verbo está en pasado, se escribe con tilde.	desarrolló
L	971	Se me apareció.
L	972	Se les hizo de noche.
L	973	Se fue.
L	974	Se acabó.
L	975	Se acabaron.
L	976	Él se rio.
L	977	Él se rió.
M	977	MONOSILABOS	1	6	9	Other	Según las normas ortográficas actuales, los monosílabos no llevan tilde.	rio
L	978	Se contituyó.
M	978	MORFOLOGIK_RULE_ES		3	12	UnknownWord	Se ha encontrado un posible error ortográfico.	constituyó|constituyo
L	979	Se continua.
M	979	CONTINUA	3	3	11	Other	Si es un verbo, lleva tilde.	continúa
L	980	Se a hecho.
M	980	PRON_HABER_PARTICIPIO	4	3	4	Other	El v. 'haber' se escribe con hache.	ha
L	981	Se lo debeis.
M	981	MORFOLOGIK_RULE_ES		6	12	UnknownWord	Se ha encontrado un posible error ortográfico.	debéis|debes|dejéis|bebéis|cebéis|debeos|debáis|debés|devenís|levéis|nevéis|revéis|de beis
L	982	Se lo debo a la educación.
L	983	Se la debemos a Einstein.
L	984	Se la tenéis que dar.
L	985	Si se cuantiza.
M	985	SI_AFIRMACION	1	0	2	Other	Se escribe con tilde si es una afirmación. Correcto si es una frase condicional.	Sí
L	986	Se "automargina".
L	987	¡Oh! Se me ha quemado la tostada.
L	988	En el extremo SE del país.
L	989	Se les hecha.
M	989	HECHO_ECHO	1	7	12	Other	Si es del v. 'echar' (=tirar, lanzar, sacar), se escribe sin hache.	echa
L	990	Qué se yo.
M	990	SE	12	4	6	Other	Si es del v. 'saber' o 'ser' se escribe con tilde.	sé
L	991	Pero se quién fue.
M	991	SE	12	5	7	Other	Si es del v. 'saber' o 'ser' se escribe con tilde.	sé
L	992	Ella se fue.
L	993	Ella se lo dijo.
L	994	A las decisiones se las llama también posicionales.
L	995	Que a los menos importantes se los nombre primero.
L	996	Está mal que no se lo perdones.
L	997	Dime si se lo vas a dar o no.
L	998	Hoy es el día en que se casa Ken.
L	999	El objetivo per se no importa.
L	1000	aquel en que se “expresa” Rimbaud
M	1000	UPPERCASE_SENTENCE_START		0	5	Other	Esta frase no empieza con mayúscula.	Aquel
L	1001	Eso no se ve tan difícil.
L	1002	Es necesario que se aparte de este caso.
L	1003	Este se acerca de manera peligrosa.
L	1004	No se lo abras.
L	1005	No se lo dejes al azar.
L	1006	No se lo coma.
L	1007	cada una se las acciones efectuadas
M	1007	UPPERCASE_SENTENCE_START		0	4	Other	Esta frase no empieza con mayúscula.	Cada
M	1007	SE	12	9	11	Other	Si es del v. 'saber' o 'ser' se escribe con tilde.	sé
L	1008	Lo se como la palma de mi mano.
M	1008	SE	13	3	5	Other	Si es del v. 'saber' se escribe con tilde.	sé
L	1009	No se como hacerlo.
M	1009	SE	14	3	10	Other	Si es del v. 'saber' y un interrogativo se escriben con tilde.	sé cómo
L	1010	El cliente no continua con el proceso.
M	1010	CONTINUA	1	14	22	Other	Si es del v. 'continuar', se escribe con tilde. Correcto si es un adjetivo.	continúa
L	1011	Continua recibiendo apoyos.
M	1011	CONTINUA	2	0	8	Other	Si es un verbo, lleva tilde.	Continúa
L	1012	Si continuas navegando, aceptas las condiciones.
M	1012	CONTINUA	2	3	12	Other	Si es un verbo, lleva tilde.	continúas
L	1013	De tensión continua.
L	1014	Se continua igual.
M	1014	CONTINUA	3	3	11	Other	Si es un verbo, lleva tilde.	continúa
L	1015	Se perpetua igual.
M	1015	SE	4	0	11	Other	Posible confusión. Si es del v. 'saber' o 'ser' se escribe con tilde.	De perpetua|Sé perpetua|Se perpetúa|Se perpetuó|Se perpetúan|Se perpetra|Se perpetúe
L	1016	Él lo continua.
M	1016	CONTINUA	3	6	14	Other	Si es un verbo, lleva tilde.	continúa
L	1017	La continua tensión.
L	1018	Él continua la tradición.
M	1018	CONTINUA	4	3	11	Other	Si es un verbo, lleva tilde.	continúa
L	1019	La presión que continua.
M	1019	CONTINUA	4	15	23	Other	Si es un verbo, lleva tilde.	continúa
L	1020	Tú continuas la tradición.
M	1020	CONTINUA	4	3	12	Other	Si es un verbo, lleva tilde.	continúas
L	1021	Si continuas nevagando, aceptas las condiciones.
M	1021	CONTINUA	4	3	12	Other	Si es un verbo, lleva tilde.	continúas
M	1021	MORFOLOGIK_RULE_ES		13	22	UnknownWord	Se ha encontrado un posible error ortográfico.	rebajando
L	1022	Otro periódico que continua esa misma nota.
M	1022	CONTINUA	4	19	27	Other	Si es un verbo, lleva tilde.	continúa
L	1023	Recibieron prisión perpetua ocho acusados.
L	1024	De forma continua la cosa va.
L	1025	La continua tensión.
L	1026	Si el error continua, apague el ordenador.
M	1026	CONTINUA	5	12	20	Other	Si es del v. 'continuar', se escribe con tilde. Si es un adjetivo, revise la concordancia.	continúa|continuo|continuas
L	1027	Guerra de ediciones continua e injustificada
L	1028	Se trabaja con corrientes continua y alterna.
L	1029	tenía una búsqueda espiritual y musical continua.
M	1029	UPPERCASE_SENTENCE_START		0	5	Other	Esta frase no empieza con mayúscula.	Tenía
L	1030	Longitud de estructura de acero continua.
L	1031	con música de fondo continua
M	1031	UPPERCASE_SENTENCE_START		0	3	Other	Esta frase no empieza con mayúscula.	Con
L	1032	la degradación del ambiente continua
M	1032	UPPERCASE_SENTENCE_START		0	2	Other	Esta frase no empieza con mayúscula.	La
L	1033	Continua igual.
M	1033	CONTINUA	6	0	8	Other	Si es del v. 'continuar', se escribe con tilde. Correcto si es un adjetivo.	Continúa
L	1034	Sea una función no decreciente, continua y positiva.
L	1035	Nos identificamos con una sucesión “continua” en el tiempo.
L	1036	Una función que sea "continua por la derecha".
L	1037	Si continuas así, apaga el ordenador.
M	1037	CONTINUA	4	3	12	Other	Si es un verbo, lleva tilde.	continúas
L	1038	¿Continuas enfadado?
M	1038	CONTINUA	7	1	10	Other	Si es del v. 'continuar', se escribe con tilde. Correcto si es un adjetivo.	Continúas
L	1039	Las continuas interrupciones del servicio.
L	1040	Se sabia igual.
M	1040	SE	4	0	8	Other	Posible confusión. Si es del v. 'saber' o 'ser' se escribe con tilde.	De sabia|Sé sabia|Se sabía|Se había|Se rabia|Se sabían|Se salía|Se subía|Se cabía|Se sabrá
L	1041	¿Lo sabias?
M	1041	LO_LOS	1	1	3	Other	Posible error de concordancia.	Los
M	1041	SABIA	1	4	10	Other	Si es del v. 'saber', se escribe con tilde. Correcto si es adjetivo.	sabías
L	1042	Has tomado una sabia decisión.
L	1043	Mientras esté en las sabias manos de Juan.
L	1044	Sabia que vendría.
M	1044	SABIA	2	0	5	Other	Si es del v. 'saber', se escribe con tilde. Correcto si es adjetivo.	Sabía
L	1045	¿Quién sabia lo que pasaría?
M	1045	SABIA	2	7	12	Other	Si es del v. 'saber', se escribe con tilde. Correcto si es adjetivo.	sabía
L	1046	Ha sido una sabia decisión.
L	1047	Es muy sabia.
L	1048	Es extraordinariamente sabia.
L	1049	Es sabia como su hermano.
L	1050	sabia dosificación de la expectativa
M	1050	UPPERCASE_SENTENCE_START		0	5	Other	Esta frase no empieza con mayúscula.	Sabia
L	1051	sabias palabras del presidente
M	1051	UPPERCASE_SENTENCE_START		0	6	Other	Esta frase no empieza con mayúscula.	Sabias
L	1052	Fuerte es el alma, y sabia y bella.
L	1053	Son bellas y sabias.
L	1054	Y sabias como los hombres.
L	1055	¿Cuál es la persona más sabia que conocés?
M	1055	VOSEO	4	34	41	Hint	Forma correcta si se usa voseo. Si no, utilice una forma alternativa.	conoces|conocéis
L	1056	Se amplia el plazo.
M	1056	AMPLIA	1	3	9	Other	Si es del v. 'ampliar', se escribe con tilde. Correcto si es adjetivo.	amplía
L	1057	¿Lo amplias?
M	1057	LO_LOS	1	1	3	Other	Posible error de concordancia.	Los
M	1057	AMPLIA	1	4	11	Other	Si es del v. 'ampliar', se escribe con tilde. Correcto si es adjetivo.	amplías
L	1058	Se ha visto una amplia coherencia.
L	1059	Se ha visto un amplio consenso.
L	1060	La amplia popularidad de los teóricos llamó la atención a estos temas.
L	1061	Engloba a la amplia mayoría de los jugadores.
L	1062	Existen territorios dominados por las amplias praderas.
L	1063	El coleccionismo empezó de forma amplia en la antigua Roma.
L	1064	Amplia su oferta.
M	1064	AMPLIA	2	0	6	Other	Si es del v. 'ampliar', se escribe con tilde. Correcto si es adjetivo.	Amplía
L	1065	¿Quién amplia la oferta?
M	1065	AMPLIA	2	7	13	Other	Si es del v. 'ampliar', se escribe con tilde. Correcto si es adjetivo.	amplía
L	1066	El ateísmo es, en un sentido amplio, la no creencia en deidades.
L	1067	Hay una amplia armonía.
L	1068	Las hojas de Agathis son opuestas y amplias.
M	1068	MORFOLOGIK_RULE_ES		13	20	UnknownWord	Se ha encontrado un posible error ortográfico.	Ágatas|Abatís|Agatha|Abatáis|Acatáis|Acatéis|Agachas|Agaches|Agacháis|Agachás|Agachéis|Agamís|Agitáis|Agitéis|Agotáis|Agotéis|Agutís|Ajabais|Ajarais|Ajareis|Ajaréis|Ajaseis|Ajasteis|Ajáis|Avatís|Gachís
L	1069	el antibiótico de amplio espectro azitromicina
M	1069	UPPERCASE_SENTENCE_START		0	2	Other	Esta frase no empieza con mayúscula.	El
L	1070	con una oferta de actividades amplia
M	1070	UPPERCASE_SENTENCE_START		0	3	Other	Esta frase no empieza con mayúscula.	Con
L	1071	con piscina, ascensor, balcón amplio.
M	1071	UPPERCASE_SENTENCE_START		0	3	Other	Esta frase no empieza con mayúscula.	Con
L	1072	con un marco de unidad amplio pero que tiene características muy fuertes
M	1072	UPPERCASE_SENTENCE_START		0	3	Other	Esta frase no empieza con mayúscula.	Con
M	1072	COMMA_PERO	1	29	34	Other	En la mayoría de los casos la conjunción 'pero' va precedida de una coma.	, pero
L	1073	Actualmente el IVA varia entre un 15 y un 21%.
M	1073	VARIA	1	19	24	Other	Si es del v. 'variar', lleva tilde. Puede ser, más raramente, un adjetivo sin tilde.	varía
L	1074	Hojas simples de disposición varia, alternas, opuestas o en roseta basal, sin estípulas.
L	1075	Se tenia que hacer.
M	1075	TENIA	1	3	8	Other	Si es del v. 'tener', lleva tilde. Puede ser, más raramente, un sustantivo sin tilde.	tenía
L	1076	Él lo tenia.
M	1076	TENIA	1	6	11	Other	Si es del v. 'tener', lleva tilde. Puede ser, más raramente, un sustantivo sin tilde.	tenía
L	1077	La tenia es un gusano platelminto.
L	1078	Lo tenias que hacer.
M	1078	LO_LOS	1	0	2	Other	Posible error de concordancia.	Los
M	1078	TENIA	2	3	9	Other	Si es del v. 'tener', lleva tilde. Puede ser, más raramente, un sustantivo sin tilde.	tenías
L	1079	Las tenias son un gusano plateminto.
M	1079	MORFOLOGIK_RULE_ES		25	35	UnknownWord	Se ha encontrado un posible error ortográfico.	platelminto
L	1080	Se salia de la carretera.
M	1080	SE	4	0	8	Other	Posible confusión. Si es del v. 'saber' o 'ser' se escribe con tilde.	De salia|Sé salia|Se salía|Se sala|Se salió|Se sabía|Se solía|Se salva|Se salga|Se salta
L	1081	Se salio de la carretera.
M	1081	SE	4	0	8	Other	Posible confusión. Si es del v. 'saber' o 'ser' se escribe con tilde.	De salio|Sé salio|Se salió|Se salvó|Se valió|Se alió|Se saltó|Se salía|Se saldó|Se palió
L	1082	Él sera artista.
M	1082	SERA	1	3	7	Other	Si es del v. 'ser', lleva tilde. Puede ser, más raramente, un sustantivo sin tilde.	será
L	1083	Corriere della Sera
L	1084	Seras lo que quieras.
M	1084	SERA	2	0	5	Other	Si es del v. 'ser', lleva tilde. Puede ser, más raramente, un sustantivo sin tilde.	Serás
L	1085	Él vera lo que quiere.
M	1085	VERA	1	3	7	Other	Si es del v. 'ver', lleva tilde. Puede ser un sustantivo sin tilde.	verá
L	1086	A la vera del río.
L	1087	A mi vera o a su vera.
L	1088	En la isla de Vera Cruz.
L	1089	Vera Lombardi murió en 1948 en Roma.
L	1090	Vera expuso sus razones.
L	1091	Veras lo que quieres.
M	1091	VERA	2	0	5	Other	Si es del v. 'ver', lleva tilde. Puede ser un sustantivo sin tilde.	Verás
L	1092	Ya veras cómo tarde o temprano te das cuenta de tu error.
M	1092	VERA	2	3	8	Other	Si es del v. 'ver', lleva tilde. Puede ser un sustantivo sin tilde.	verás
L	1093	Por estas veras.
L	1094	¡Era de veras un dinosaurio!
L	1095	En la página 25 veras el resultado.
L	1096	Por estas veras.
L	1097	¡Era de veras un dinosaurio!
L	1098	Venia de lejos.
M	1098	VENIA	1	0	5	Other	Si es del v. 'venir', lleva tilde. Puede ser un sustantivo sin tilde (ej. 'con la venia').	Venía
L	1099	Con la venia, señoria.
M	1099	MORFOLOGIK_RULE_ES		14	21	UnknownWord	Se ha encontrado un posible error ortográfico.	señoría|señora|señorío|señorial|señorita|señorías|ceñiría|señorea|censoria|señoril|cenaría|menoría|senaria|sensoria|señoreá
L	1100	Lo venias pensando.
M	1100	LO_LOS	1	0	2	Other	Posible error de concordancia.	Los
M	1100	VENIA	2	3	9	Other	Si es del v. 'venir', lleva tilde. Puede ser, más raramente, un sustantivo sin tilde.	venías
L	1101	Las venias de designación.
L	1102	Tales cómo estos.
M	1102	COMO	1	6	10	Other	En este caso se escribe sin tilde.	como
L	1103	No me gustan tanto cómo aquellos.
M	1103	AGREEMENT_GUSTAR	2	6	12	Other	Posible error de concordancia.	gusta
M	1103	COMO	2	19	23	Other	En este caso se escribe sin tilde.	como
L	1104	hecho por el cuál se ha llegado a consolidar.
M	1104	UPPERCASE_SENTENCE_START		0	5	Other	Esta frase no empieza con mayúscula.	Hecho
M	1104	CUAL_SIN_TILDE	1	13	17	Other	Si no es interrogativo, se escribe sin tilde.	cual
L	1105	El país del cuál vengo.
M	1105	CUAL_SIN_TILDE	1	12	16	Other	Si no es interrogativo, se escribe sin tilde.	cual
L	1106	Documentos a los cuáles ha tenido acceso.
M	1106	CUAL_SIN_TILDE	1	17	23	Other	Si no es interrogativo, se escribe sin tilde.	cuales
L	1107	Lo cuál es muy importante.
M	1107	CUAL_SIN_TILDE	1	3	7	Other	Si no es interrogativo, se escribe sin tilde.	cual
L	1108	¿Cuál es la respuesta correcta?
L	1109	Sean cuáles sean.
M	1109	CUAL_SIN_TILDE	2	5	11	Other	Si no es interrogativo, se escribe sin tilde.	cuales
L	1110	En tal o cuál situación.
M	1110	CUAL_SIN_TILDE	3	9	13	Other	Si no es interrogativo, se escribe sin tilde.	cual
L	1111	El sistema según él cual pueden reconocerse cinco periodos.
M	1111	CUAL_CON_TILDE	1	17	24	Other	Si es interrogativo, se escribe con tilde. Se escribe sin tilde (más raramente), si equivale a 'como, de la misma manera que'.	él cuál|el cual
L	1112	El significado de cual es incierto.
M	1112	CUAL_CON_TILDE	2	15	22	Other	Si es interrogativo, se escribe con tilde. Se escribe sin tilde (más raramente), si equivale a 'como, de la misma manera que'.	de cuál|del cual|de la cual
L	1113	La situación en cual vivimos.
M	1113	CUAL_CON_TILDE	3	13	20	Other	Si es interrogativo, se escribe con tilde. Se escribe sin tilde (más raramente), si equivale a 'como, de la misma manera que'.	en cuál|en el cual|en la cual
L	1114	Quiero saber cual es el significado de esta palabra.
M	1114	CUAL_CON_TILDE	4	13	17	Other	Si es interrogativo, se escribe con tilde. Se escribe sin tilde (más raramente), si equivale a 'como, de la misma manera que'.	cuál
L	1115	Cada cosa se muestra cual es.
M	1115	CUAL_CON_TILDE	4	21	25	Other	Si es interrogativo, se escribe con tilde. Se escribe sin tilde (más raramente), si equivale a 'como, de la misma manera que'.	cuál
L	1116	No sé cual es la clave del éxito,
M	1116	CUAL_CON_TILDE	4	6	10	Other	Si es interrogativo, se escribe con tilde. Se escribe sin tilde (más raramente), si equivale a 'como, de la misma manera que'.	cuál
L	1117	Es algo de lo cual no me arrepiento.
L	1118	Cada cual que piense lo que quiera.
L	1119	Sea cual sea la situación, no nos resignamos.
L	1120	Sean cuales fueren las razones.
L	1121	Cual más, cual menos, todo el mundo ayudó algo.
L	1122	Ayudaron a cocinar, cual más, cual menos, aportando variedad al menú.
L	1123	Siempre acaba con excusas y que si tal y que si cual.
L	1124	No vayas a juntarte con otro tal por cual cualquiera.
L	1125	Dicen por ahí que es un tal y un cual, que nunca respeta a su familia.
L	1126	Comió rapidísimo, cual si no hubiese comido en un año.
L	1127	María llegó a la fiesta, cual diva, vestida de dorado.
L	1128	¿Cuándo cantareis?
M	1128	FUTURO_SUBJ_IND	1	8	17	Other	Probablemente falta una tilde.	cantaréis
L	1129	¿Cuándo cantare?
M	1129	FUTURO_SUBJ_IND	2	8	15	Other	Probablemente falta una tilde.	cantaré
L	1130	si el vendedor presentare el acervo como de especie homogénea
M	1130	UPPERCASE_SENTENCE_START		0	2	Other	Esta frase no empieza con mayúscula.	Si
L	1131	Quien no diere de sus peras, que no espere de las ajenas.
L	1132	Por favor, estés atento a las novedades.
M	1132	SUBJUNTIVO_INCORRECTO	1	11	16	Other	Forma incorrecta de imperativo.	estate|esté
L	1133	Consumase antes de la fecha de caducidad.
M	1133	SUBJUNTIVO_INCORRECTO	2	0	9	Other	Si es un imperativo, se escribe con tilde.	Consúmase
L	1134	Me duela la garganta.
M	1134	SUBJUNTIVO_INCORRECTO	3	3	8	Other	Posible confusión: "duela" es un verbo en modo subjuntivo, improbable en este contexto.	duele|duelo
L	1135	Sin evidencia de lesiones intra o extraaxiales aparentes por este método de imagen.
L	1136	Las faltes que tiene este texto.
M	1136	SUBJUNTIVO_INCORRECTO	3	4	10	Other	Posible confusión: "faltes" es un verbo en modo subjuntivo, improbable en este contexto.	faltas
L	1137	Faltes que tiene este texto.
M	1137	SUBJUNTIVO_INCORRECTO	4	0	6	Other	Posible confusión: "Faltes" es un verbo en modo subjuntivo, improbable en este contexto.	Faltas|Maltés|Faltos|Falté|Falces|Faltás|Fantes
L	1138	Notes, apuntes, garabatos, bocetos.
M	1138	SUBJUNTIVO_INCORRECTO	4	0	5	Other	Posible confusión: "Notes" es un verbo en modo subjuntivo, improbable en este contexto.	Notas|Botes|Dotes|Lotes|Nueces|Motes|Jotes|Potes|Nones|Noté
L	1139	Por las dudas la busque en YouTube, pero no tiene acceso libre.
M	1139	SUBJUNTIVO_INCORRECTO	3	17	23	Other	Posible confusión: "busque" es un verbo en modo subjuntivo, improbable en este contexto.	busca|busco
L	1140	Hagas lo que hagas, perderás.
L	1141	Sea quien sea, lo denunciaré.
L	1142	Se diga lo que se diga.
L	1143	No lo olvides.
L	1144	Que llueva.
L	1145	Quisiéramos venir.
L	1146	Hubiera sido bonito.
L	1147	Hubiésemos podido si tan solo hubiésemos querido.
L	1148	Leas el libro que leas.
L	1149	Pudiera usted, por favor, enviar a mi e-mail.
L	1150	Seas lo bueno que seas, siempre habrá gente mejor que tú.
L	1151	Tomes el camino que tomes, tardarás lo mismo.
L	1152	Unas pocas personas tienen dos vehículos.
L	1153	Una vez que adquieras un mal hábito, no puedes dejarlo fácilmente.
L	1154	No sea que se arrepienta el hombre al ver el sol.
L	1155	Nunca los arrojes cuando vayas en coche.
L	1156	Mi Dios te lo bendiga
L	1157	Por mucho que yo camine, nunca la alcanzaré.
L	1158	Nunca cambies.
L	1159	Una vez que le cojas el tranquillo será coser y cantar.
L	1160	Tal vez debiéramos ayudar a Tom.
L	1161	Quizás debieras dirigirte al ministerio de educación.
L	1162	Apenas me entere, te lo digo.
L	1163	Apenas yo me entere, te lo digo.
M	1163	SUBJUNTIVO_PASADO	2	12	19	Other	Si es pasado, se escribe con tilde. Si es imperativo, puede que falte una coma.	 enteré|, entere
L	1164	Ni lo pienses.
L	1165	Ni siquiera pienses en pedirme dinero prestado.
L	1166	¡Dios lo permita!
L	1167	¡Dios me perdone!
L	1168	No solamente pienses que eres, hay que saber.
L	1169	Nunca más pongas los pies en este lugar.
L	1170	Los desafíos del deporte, ya lo practiquemos individualmente o en equipo, son variados.
L	1171	Tal vez después me pueda explicar mejor.
L	1172	Quizá solo me quede aquí con Tom.
L	1173	No solo te quejes, haz algo.
L	1174	¡Así revientes!
L	1175	Cuanto antes te rindas, tanto mayores serán los beneficios.
L	1176	¡Dios te salve, María!
L	1177	Bendito seas por no haberme hecho mujer.
L	1178	Tampoco seas tan estricto.
L	1179	Maldita seas entre todas las bestias.
L	1180	A continuación, una vez tengas publicado tu anuncio, comenzarás a recibir ofertas.
L	1181	Una vez hayas introducido tu email en esta casilla y pulses el botón "enviar", recibirás en tu buzón un email
L	1182	Gestionar posibles devoluciones una vez hayas realizado una compra y gestionar solicitudes de información sobre la disponibilidad de prendas, reservas de productos a través de la Plataforma, según dichas opciones se encuentren disponibles en cada momento.
L	1183	Llueva o haga sol, el cartero reparte el correo.
L	1184	Tan pronto acabes, vete de aquí.
L	1185	De ahí que una buena introducción, un correcto aterrizaje en el concepto, se me antoje clave.
L	1186	No sea que, al verse atacado, el pueblo se arrepienta y se vuelva a Egipto.
L	1187	Probablemente estas emociones te asalten en algunos momentos.
M	1187	COMMA_ADVERB	1	0	13	Other	Si el adverbio "probablemente" se refiere a toda la frase, y no solo al verbo, es recomendable usar una coma.	Probablemente,
L	1188	Por favor alguien me ayude o me informe a quien o donde puedo dirigirme.
M	1188	SUBJUNTIVO_INCORRECTO	3	21	26	Other	Posible confusión: "ayude" es un verbo en modo subjuntivo, improbable en este contexto.	ayuda|ayudo
L	1189	Bajo ningún concepto guardes dinero, pasaportes.
L	1190	Tan pronto como nos los haga llegar y demos conformidad, daremos por finalizada su parte de creación.
L	1191	Hasta tanto se implemente el carácter conjunto, la DNA administra las bases Carlini y Brown
M	1191	AGREEMENT_DET_NOUN	1	48	54	Other	Error de concordancia.	el DNA|los DNA
M	1191	MORFOLOGIK_RULE_ES		76	83	UnknownWord	Se ha encontrado un posible error ortográfico.	Carlina|Carlín
L	1192	Hasta tanto que se implemente el carácter conjunto, la DNA administra las bases Carlini y Brown
M	1192	AGREEMENT_DET_NOUN	1	52	58	Other	Error de concordancia.	el DNA|los DNA
M	1192	MORFOLOGIK_RULE_ES		80	87	UnknownWord	Se ha encontrado un posible error ortográfico.	Carlina|Carlín
L	1193	Dios te proteja y te bendiga.
L	1194	Tan pronto acabes, paga la cuenta.
L	1195	Evitar ambientes con humo.
L	1196	Por nada del mundo le cuentes esto a otra persona.
L	1197	El teléfono celular debiera facilitar el contacto con otras personas.
L	1198	Tan pronto como lo encuentre, te lo traeré.
L	1199	Tan pronto lo encuentre, lo traeré a tu hogar.
L	1200	Acaso encuentres una luz sin noche, perdida en las grietas de los precipicios.
L	1201	De ninguna manera te entrometas en mis problemas.
L	1202	Quizá a Tom le guste nadar.
L	1203	Que se haga la voluntad del Señor.
L	1204	Seguramente, muchos hayan borrado estos Epic Fails de sus curriculums.
M	1204	MORFOLOGIK_RULE_ES		40	44	UnknownWord	Se ha encontrado un posible error ortográfico.	Épica|Épico|EPI|Eric|Tepic
M	1204	MORFOLOGIK_RULE_ES		45	50	UnknownWord	Se ha encontrado un posible error ortográfico.	Fayos|Fayas|Mails
L	1205	Para recibir informes sobre costos y nuestros diferentes tipos de apoyos financieros haz click en el botón de abajo para llenar el formulario.
M	1205	CLICK_CLIC	1	89	94	Other	La adaptación adecuada de este anglicismo es <suggestion>clic</suggestion>.	clic
L	1206	¡Dios me libre!
L	1207	Tan pronto como llegues, ella va a hacer algo de comer.
L	1208	¡Dios te oiga!
L	1209	Quizá os parezca mas graciosa la cal viva encima de las personas.
M	1209	MAS	2	17	20	Other	Si no equivale a 'pero' o 'sino', se escribe con tilde.	más
L	1210	Sábados tardes cerrado.
M	1210	SUBJUNTIVO_INCORRECTO	4	8	14	Other	Posible confusión: "tardes" es un verbo en modo subjuntivo, improbable en este contexto.	tarde|tardas|tardé|tares|tardos|fardes|tardea|tardeas|ardes|ardés
L	1211	¿Acaso tengas un cubo de agua para mí?
L	1212	Nadie se meta donde no le llamen.
L	1213	Que nadie se meta donde no le llamen.
L	1214	Del agua mansa me libre Dios,
L	1215	A tal efecto, una vez el pedido haya sido preparado, nos pondremos en contacto con usted.
L	1216	Seguramente se trate de un malentendido.
L	1217	Haya luz.
L	1218	Pareciera que sabes algo que yo no sé.
L	1219	Esto con el objetivo de prevenir accidentes debido a la presencia de los migrantes.
L	1220	Las carcasas aviares (de cualquier especie) que pudieran estar infectadas nunca deben ser suministradas a las aves rapaces, gallinas u otras.
L	1221	Sin importar cuáles elijas.
L	1222	Cómo decidas actuar depende de varios factores.
L	1223	Generar informes de los indicadores.
L	1224	Cantáramos
L	1225	Times New Roman
L	1226	New York Times
L	1227	The New York Times
L	1228	Times Square
L	1229	- Ganes o pierdas, ¡disfruta!
L	1230	ROAS (Retorno de la inversión).
L	1231	23,19% impresiones respecto al mes pasado.
L	1232	- Ganes o pierdas, ¡te encantará!
L	1233	Sin importar cuánto lo piense no comprendo cómo ella obtuvo esa información secreta.
L	1234	Placas de ateroma blandas y calcificadas en aorta abdominal e ilíacas.
L	1235	Sin evidencia de lesiones intra o extraaxiales aparentes por este método de imagen.
L	1236	Buscará nuevas e interesantes experiencias o situaciones que le ayudaran a inspirarse
M	1236	SUBJUNTIVO_FUTURO	1	64	72	Other	Si es futuro, se escribe con tilde.	ayudarán
L	1237	Cuando usted haga una reserva, necesitara seleccionar tarifa sin equipaje.
M	1237	SUBJUNTIVO_FUTURO	2	31	41	Other	Si es futuro, se escribe con tilde.	necesitará
L	1238	Cantara mañana.
M	1238	SUBJUNTIVO_FUTURO	3	0	7	Other	Si es futuro, se escribe con tilde.	Cantará
L	1239	Cantaran mañana.
M	1239	SUBJUNTIVO_FUTURO	3	0	8	Other	Si es futuro, se escribe con tilde.	Cantarán
L	1240	Cantaras mañana.
M	1240	SUBJUNTIVO_FUTURO	3	0	8	Other	Si es futuro, se escribe con tilde.	Cantarás
L	1241	¿Cuándo cantaras?
M	1241	SUBJUNTIVO_FUTURO	3	8	16	Other	Si es futuro, se escribe con tilde.	cantarás
L	1242	¿Cuánto ganaras?
M	1242	SUBJUNTIVO_FUTURO	3	8	15	Other	Si es futuro, se escribe con tilde.	ganarás
L	1243	Si cantaras bien, tendrías éxito.
L	1244	Si cantaran bien, tendrían éxito.
L	1245	Que hablaras así no implica nada.
L	1246	Hablara como hablara no importa.
M	1246	SUBJUNTIVO_INCORRECTO	4	0	7	Other	Posible confusión: "Hablara" es un verbo en modo subjuntivo, improbable en este contexto.	Hablará|Hablaba|Hablaría|Hablarán|Hallará|Hablaré|Hablarás|Halará|Havara|Hálara
L	1247	Hablara quien hablara no importa.
L	1248	Pensara lo que pensara no importa.
L	1249	Cantara cuanto cantara
M	1249	SUBJUNTIVO_INCORRECTO	4	0	7	Other	Posible confusión: "Cantara" es un verbo en modo subjuntivo, improbable en este contexto.	Cantará|Cántara|Cantar|Cantera|Cantaba|Contará|Cantata|Cántabra|Cantaora|Cantaría
L	1250	Cantara cuánto cantara
M	1250	SUBJUNTIVO_INCORRECTO	4	0	7	Other	Posible confusión: "Cantara" es un verbo en modo subjuntivo, improbable en este contexto.	Cantará|Cántara|Cantar|Cantera|Cantaba|Contará|Cantata|Cántabra|Cantaora|Cantaría
L	1251	Diera resultado o no.
L	1252	En el caso de que cantara bien, tendría éxito.
L	1253	Es posible que me confundiera y me llevara tu paraguas.
L	1254	Ojalá ella se sentara en el asiento junto a mí.
L	1255	Ojalá se sentara a mi lado y hablara conmigo.
L	1256	En la evolución, equipara una cosa con la otra.
L	1257	No tenía quien lo ayudara.
L	1258	No tenía quién lo ayudara.
L	1259	¡Este tío está completamente majara!
L	1260	Quería adquirir la obra maestra sin importar cuanto costara.
L	1261	No importó cuanto me devanara los sesos.
L	1262	Tal vez alguien le ayudara.
L	1263	Desearía me confirmara el sistema que se aplica.
L	1264	Agradecería me indicaras de forma clara el resultado.
L	1265	Se adhirió a la organización antes de él dejara el cargo.
M	1265	SUBJUNTIVO_FUTURO	3	41	47	Other	Si es futuro, se escribe con tilde.	dejará
L	1266	Una vez entrar vigencia la ley, se solucionaría el problema.
L	1267	Lo publiqué más por molestar que porque pensara que era verdad.
L	1268	Es así porque ganaras más.
M	1268	SUBJUNTIVO_FUTURO	4	14	21	Other	Si es futuro, se escribe con tilde.	ganarás
L	1269	No le puse el título porque pensara solo en ella.
L	1270	Sólo porque pensara que era lo más correcto.
M	1270	SOLO	1	0	4	Other	La tilde es innecesaria según la norma actual. Con el sentido de "solamente" (adv.), cuando hay riesgo de ambigüedad con el adj. "solo", puede escribirse "sólo" (DRAE).	Solo|Solamente|Únicamente
L	1271	No ha sido porque pensara en él
L	1272	Permaneció al margen, fuera porque ignorase los hechos producidos o por...
L	1273	Peleó porque llegara la luz.
L	1274	Si un día tienes un hijo, te acompañara.
M	1274	SUBJUNTIVO_FUTURO	5	29	39	Other	Si es futuro, se escribe con tilde.	acompañará
L	1275	Si uno lo contara todo, nunca llegaría al final.
L	1276	Si uno de ellos se desconectara, el resto también caería.
L	1277	Nos avise cuanto antes.
M	1277	SUBJUNTIVO_PASADO	1	0	9	Other	Si es imperativo, el pronombre va detrás del verbo.	Avísenos
L	1278	El conducto pancreático principal muestra calibre y trayecto normal.
L	1279	Yo lo analice ayer.
M	1279	SUBJUNTIVO_PASADO	2	5	13	Other	Si es pasado, se escribe con tilde. Si es imperativo, puede que falte una coma.	 analicé|, analice
L	1280	Yo cante esto.
M	1280	SUBJUNTIVO_PASADO	2	2	8	Other	Si es pasado, se escribe con tilde. Si es imperativo, puede que falte una coma.	 canté|, cante
L	1281	Me limite a archivar las fichas.
M	1281	SUBJUNTIVO_PASADO	2	2	9	Other	Si es pasado, se escribe con tilde. Si es imperativo, puede que falte una coma.	 limité|, limite
L	1282	Disculpa, sin darme cuenta presione el botón de envío.
M	1282	SUBJUNTIVO_PASADO	2	26	35	Other	Si es pasado, se escribe con tilde. Si es imperativo, puede que falte una coma.	 presioné|, presione
L	1283	Ayer tome el día libre.
M	1283	SUBJUNTIVO_PASADO	2	4	9	Other	Si es pasado, se escribe con tilde. Si es imperativo, puede que falte una coma.	 tomé|, tome
L	1284	Me enfade.
M	1284	SUBJUNTIVO_PASADO	2	2	9	Other	Si es pasado, se escribe con tilde. Si es imperativo, puede que falte una coma.	 enfadé|, enfade
L	1285	En este caso use referencias a entidades HTML.
M	1285	SUBJUNTIVO_PASADO	2	12	16	Other	Si es pasado, se escribe con tilde. Si es imperativo, puede que falte una coma.	 usé|, use
L	1286	dando origen al tristemente celebre episodio
M	1286	UPPERCASE_SENTENCE_START		0	5	Other	Esta frase no empieza con mayúscula.	Dando
M	1286	CELEBRE	1	28	35	Other	Si es un adjetivo, se escribe con tilde.	célebre
L	1287	Cante usted esto.
L	1288	No cante tan alto.
L	1289	No nos lo cante tan alto.
L	1290	No lo analice así.
L	1291	Cuando lo analice mañana.
L	1292	El cante jondo.
M	1292	MORFOLOGIK_RULE_ES		9	14	UnknownWord	Se ha encontrado un posible error ortográfico.	fondo|gordo|hondo|godo|rondó|mondo|tondo|jonio|rondo|sondo|jodo|Yondó|gongo|gueldo|mondó|sondó
L	1293	Que cante bien, no implica nada.
L	1294	Hable como hable no importa.
L	1295	Cuando hable con él, explíqueselo.
L	1296	Piense lo que piense.
L	1297	Más tarde, empezó a escribir.
L	1298	Además, suele ser colaborador.
L	1299	pero se vende equipamiento
M	1299	UPPERCASE_SENTENCE_START		0	4	Other	Esta frase no empieza con mayúscula.	Pero
L	1300	En caso de que un mismo equipo dispute las dos finales del año y no llegue a ganar ninguna.
L	1301	Aún pueden verse hoy en día.
L	1302	Se cree que las lenguas.
L	1303	No importa a quién vote el pueblo.
L	1304	sin importar qué sistema de unidades de medida se utilice
M	1304	UPPERCASE_SENTENCE_START		0	3	Other	Esta frase no empieza con mayúscula.	Sin
L	1305	"Disculpe", me dijo.
L	1306	Estamos de acuerdo se publique.
L	1307	Aunque se considere ya gótica.
L	1308	Aunque lo considere extraño.
L	1309	Y pese a ello fue un éxito.
L	1310	siempre y cuando respete las preferencias
M	1310	UPPERCASE_SENTENCE_START		0	7	Other	Esta frase no empieza con mayúscula.	Siempre
L	1311	Dios te salve, María.
L	1312	Por favor rellene este formulario.
L	1313	Por favor, rellene este formulario.
L	1314	Por favor, señor, rellene este formulario.
L	1315	¿Le diste las gracias?
L	1316	Te llamaré tan pronto llegue al aeropuerto.
L	1317	Te llamaré tan pronto se lo lleve.
L	1318	Te llamaré tan pronto como llegue al aeropuerto.
L	1319	Te guste o no, tienes que hacer tu tarea.
L	1320	Recoge tus cosas y vete.
L	1321	Probablemente gane el partido.
L	1322	Usted aceptó el desafío, ahora encare las consecuencias.
L	1323	A partir de hoy, intente usted ser puntual.
L	1324	A partir de hoy, intente ser puntual.
L	1325	No tengo más tiempo,¡ date un poco de prisa!
M	1325	INCORRECT_SPACES	2	20	26	Other	Sobra un espacio.	¡date
L	1326	Por favor siéntese y espere hasta que digan su nombre.
L	1327	Bien, ahora trate de cerrarla.
L	1328	Él tiene mucho pegue.
L	1329	De casualidad estaba yo libre el domingo pasado.
L	1330	Seguramente gane las próximas elecciones.
L	1331	Devolveré este libro a la escuela apenas acabe de leerlo.
L	1332	Por favor, siéntese aquí y espere.
L	1333	Apenas me entere, te lo digo.
L	1334	John cantó "Imagine" en el escenario.
L	1335	Tal vez nunca me entere del porqué.
L	1336	Oh, disculpe.
L	1337	Tal vez algún día logre amarla de verdad.
L	1338	a la luz del sol (use en un entorno donde las temperaturas varíen
M	1338	UPPERCASE_SENTENCE_START		0	1	Other	Esta frase no empieza con mayúscula.	A
L	1339	En caso de incendio, use las escaleras.
L	1340	¡Le suplico, llame a un doctor!
L	1341	En adelante, trate de llegar a tiempo a la oficina.
L	1342	En caso de peligro, presione este botón.
L	1343	Estoy tratando de leer, ¡apague el televisor!
L	1344	Un momento, espere un minuto.
L	1345	Antes de ingerirla, cocine bien la carne.
L	1346	En caso de emergencia, llame al 119.
L	1347	En caso de emergencia, marque 119.
L	1348	Después del semáforo, gire a la derecha.
L	1349	Por favor, en caso de emergencia presione este botón al instante.
L	1350	Antes de salir de casa, consulte el servicio meteorológico.
L	1351	Deberías escribir "maneje con cuidado" en el paquete
L	1352	Haga cuantas copias desee.
L	1353	Segunda actividad: realice un mapa.
L	1354	Espero me perdone.
L	1355	Espero tome a bien mi petición.
L	1356	Una vez termine de cargar, pulse Enter.
L	1357	Le guste a uno la expresión o no.
L	1358	En tanto el planteamiento ocasione más ineficacia.
L	1359	Entre en el menú y seleccione el segundo apartado.
L	1360	Muchas gracias y disculpe las molestias.
L	1361	Ni siquiera sabe escribir su propio nombre.
L	1362	El hombre llevaba un revólver calibre 38 largo por si acaso.
L	1363	Las plantas del género Securinega produce alcaloides con el esqueleto base.
M	1363	MORFOLOGIK_RULE_ES		23	33	UnknownWord	Se ha encontrado un posible error ortográfico.	Sacrílega|Seringa|Crineja|Segureja|Segurízela
L	1364	Servicio de cercanías con trenes serie 2500.
L	1365	Los hechos son axiomas base que se consideran como verdaderos.
L	1366	Cambios en el Consejo General y aprobación del texto base del estatuto de autonomía.
L	1367	asociación cobre-indio-selenio
M	1367	UPPERCASE_SENTENCE_START		0	10	Other	Esta frase no empieza con mayúscula.	Asociación
L	1368	Puerto serie RS232C
M	1368	MORFOLOGIK_RULE_ES		13	19	UnknownWord	Se ha encontrado un posible error ortográfico.	
L	1369	se añade directamente al número base de la CDU.
M	1369	UPPERCASE_SENTENCE_START		0	2	Other	Esta frase no empieza con mayúscula.	Se
L	1370	configuró la pantalla en modo deporte
M	1370	UPPERCASE_SENTENCE_START		0	9	Other	Esta frase no empieza con mayúscula.	Configuró
L	1371	Ruego se le consulte a la empresa.
L	1372	Se hará cuantas veces lo determine la ley.
L	1373	Tomar parte en cuantas actividades organice la asociación.
L	1374	O revise la puntuación.
L	1375	Archivo de la lista de correo en mail-archive.com
L	1376	El conducto pancreático principal muestra calibre y trayecto normal.
L	1377	Cuando ayer lo analice, no vi nada extraño.
M	1377	SUBJUNTIVO_PASADO2	1	15	22	Other	Si es pasado, se escribe con tilde.	analicé
L	1378	No dejes que el ayer ocupe demasiado de hoy.
L	1379	Depende de la cantidad de pasado que lleve consigo.
L	1380	No puede ser que, después del debate de ayer, no tome posición.
L	1381	Cuando lo analice la semana pasada, no vi nada extraño.
M	1381	SUBJUNTIVO_PASADO2	2	10	17	Other	Si es pasado, se escribe con tilde.	analicé
L	1382	Espero que no te moleste que me haya pasado.
L	1383	La manera en que afronte este lastre del pasado.
L	1384	Llamé al camarero, pague mi cuenta.
L	1385	Llame al camarero, pagué mi cuenta.
L	1386	Se esta bien aquí.
M	1386	ESTA_TILDE	3	3	7	Other	Si es del verbo 'estar', se escribe con tilde.	está
L	1387	Se le esta cayendo.
M	1387	ESTA_TILDE	2	6	10	Other	Si es del verbo 'estar', se escribe con tilde.	está
L	1388	Se lo estas facilitando.
M	1388	ESTAS_TILDE	3	6	11	Other	Si es del verbo 'estar', se escribe con tilde.	estás
L	1389	Cuando se este bien aquí.
M	1389	ESTE_TILDE	6	10	14	Other	Si es del verbo estar, se escribe <suggestion>esté</suggestion>.	esté
L	1390	Cuando se le esten cayendo.
M	1390	DIACRITICS_OTHERS	2	13	18	Other	Si es del verbo 'estar', se escribe con tilde.	estén
L	1391	¿No lo esta?
M	1391	DIACRITICS_OTHERS	3	7	11	Other	Si es del verbo 'estar', se escribe con tilde.	está
L	1392	Cuando los esten haciendo.
M	1392	DIACRITICS_OTHERS	4	11	16	Other	Si es del verbo 'estar', se escribe con tilde.	estén
L	1393	Son condiciones limite.
M	1393	DIACRITICS_OTHERS	5	16	22	Other	Si es un adjetivo, se escribe con tilde.	límite
L	1394	Que limite las condiciones.
L	1395	Vídeo, musica.
M	1395	DIACRITICS_OTHERS	6	7	13	Other	Si es sustantivo o adjetivo, se escribe con tilde.	música
L	1396	Sergio musica una traducción de la Biblioa.
M	1396	MORFOLOGIK_RULE_ES		35	42	UnknownWord	Se ha encontrado un posible error ortográfico.	Bíblica|Biblia|Biblio a
L	1397	Sergio musica un bello poema.
L	1398	Dramma per musica
M	1398	MORFOLOGIK_RULE_ES		0	6	UnknownWord	Se ha encontrado un posible error ortográfico.	Drama|Dracma
M	1398	MORFOLOGIK_RULE_ES		7	10	UnknownWord	Se ha encontrado un posible error ortográfico.	por|pero|ser|ver|Perú|par|peor|pez|PE|pera|Fer|Ger|PCR|PEN|PET|PNR|PQR|Pep|Pere|Perl|Pero|SER|UER|pe|pea|pee|peer|peo|peri|perú|pes|peé|peí|pre|ter
L	1399	Soy musico.
M	1399	DIACRITICS_OTHERS	7	4	10	Other	Si es sustantivo o adjetivo, se escribe con tilde.	músico
L	1400	Musico una traducción.
L	1401	Musico un bonito poema.
L	1402	Copia las paginas 3 y 4.
M	1402	PAGINA	8	10	17	Other	Si es sustantivo, lleva tilde. Correcto si es del verbo 'paginar'.	páginas
L	1403	Pagina 34.
M	1403	PAGINA	8	0	6	Other	Si es sustantivo, lleva tilde. Correcto si es del verbo 'paginar'.	Página
L	1404	Este libro lo pagina con el programa de edición.
L	1405	Se pagina al final del diseño.
L	1406	Liquida quiere decir cuantificable.
M	1406	LIQUIDA	9	0	7	Other	Si es sustantivo o adjetivo, lleva tilde. Correcto si es del v. 'liquidar'.	Líquida
L	1407	Eso quiere decir liquido.
M	1407	LIQUIDA	9	17	24	Other	Si es sustantivo o adjetivo, lleva tilde. Correcto si es del v. 'liquidar'.	líquido
L	1408	Ahora liquido la deuda.
L	1409	Le liquidas las deudas.
L	1410	La tarjeta grafica.
M	1410	GRAFICO	10	11	18	Other	Si es sustantivo o adjetivo, lleva tilde. Correcto si es del v. 'graficar'.	gráfica
L	1411	Se grafica con un ordenador.
L	1412	Tengo un numero de lotería.
M	1412	NUMERO	11	9	15	Other	Si es sustantivo, lleva tilde. Correcto si es del verbo 'numerar'.	número
L	1413	El numero 4.
M	1413	DIACRITICS_VERB_N_ADJ	3	0	9	Other	Si es adjetivo o nombre, se escribe con tilde.	El número
L	1414	La lista la numero secuencialmente.
L	1415	Os numero por fecha de nacimiento.
L	1416	Es mi ultima oferta.
M	1416	DIACRITICS_VERB_N_ADJ	15	3	12	Other	Si es adjetivo o nombre, se escribe con tilde.	mi última
L	1417	Son las ultimas estimaciones.
M	1417	DIACRITICS_VERB_N_ADJ	15	4	15	Other	Si es adjetivo o nombre, se escribe con tilde.	las últimas
L	1418	Juan ultima los preparativos.
L	1419	¿Me ultimas este trabajo?
L	1420	Es mi ultimo día.
M	1420	DIACRITICS_VERB_N_ADJ	15	3	12	Other	Si es adjetivo o nombre, se escribe con tilde.	mi último
L	1421	El ultimo de la fila.
M	1421	ULTIMO	13	3	9	Other	Si es adjetivo, lleva tilde. Correcto si es del verbo 'ultimar'.	último
L	1422	El ultimo los cogerá.
M	1422	ULTIMO	13	3	9	Other	Si es adjetivo, lleva tilde. Correcto si es del verbo 'ultimar'.	último
L	1423	Lo ultimo que quiero es esto.
M	1423	ULTIMO	13	3	9	Other	Si es adjetivo, lleva tilde. Correcto si es del verbo 'ultimar'.	último
L	1424	Os ultimo los últimos detalles.
L	1425	Ahora ultimo los detalles.
L	1426	Des del punto de vistar más practico.
M	1426	DESDE_EL	1	0	7	Other	¿Quería decir <suggestion>desde el</suggestion>?	Desde el
M	1426	MORFOLOGIK_RULE_ES		17	23	UnknownWord	Se ha encontrado un posible error ortográfico.	vista|visitar|vistas|avistar|listar|bastar|vistan|distar|visar|pistar|bisar|mistar|vis tar
M	1426	DIACRITICS_OTHERS	14	28	36	Other	Si es sustantivo o adjetivo, lleva tilde. Correcto si es del v. 'practicar'.	práctico
L	1427	Yo lo practico todos los días.
L	1428	Practico la meditación.
L	1429	Practico yoga.
L	1430	soy la primera que no practico para nada este estilo
M	1430	UPPERCASE_SENTENCE_START		0	3	Other	Esta frase no empieza con mayúscula.	Soy
L	1431	hace tiempo que practico tocar la cítara
M	1431	UPPERCASE_SENTENCE_START		0	4	Other	Esta frase no empieza con mayúscula.	Hace
L	1432	Nominas del mes de noviembre.
M	1432	DIACRITICS_OTHERS	15	0	7	Other	Si es sustantivo, lleva tilde. Correcto si es del v. 'nominar'.	Nóminas
L	1433	La Academia nomina las mejores películas.
L	1434	Formulas magistrales.
M	1434	DIACRITICS_OTHERS	16	0	8	Other	Si es sustantivo, lleva tilde. Correcto si es del v. 'formular'.	Fórmulas
L	1435	La oposición formula preguntas incómodas.
M	1435	DIACRITICS_VERB_N_ADJ	7	13	20	Other	Si es adjetivo o nombre, se escribe con tilde.	fórmula
L	1436	El acido.
M	1436	DIACRITICS_VERB_N_ADJ	3	0	8	Other	Si es adjetivo o nombre, se escribe con tilde.	El ácido
L	1437	Las naranjas son acidas.
M	1437	DIACRITICS_OTHERS	17	17	23	Other	Si es sustantivo o adjetivo, lleva tilde. Correcto si es del v. 'acidar'.	ácidas
L	1438	Una placida estancia.
M	1438	DIACRITICS_OTHERS	18	4	11	Other	Si es adjetivo, lleva tilde. Correcto si es del v. 'placer'.	plácida
L	1439	Me ha placido el resultado.
L	1440	Una esplendida estancia.
M	1440	DIACRITICS_OTHERS	19	4	14	Other	Si es adjetivo, lleva tilde. Correcto si es del v. 'esplender'.	espléndida
L	1441	Ha esplendido siempre.
L	1442	Una tela translucida.
M	1442	DIACRITICS_OTHERS	20	9	20	Other	Si es adjetivo, lleva tilde. Correcto si es del v. translucir.	translúcida
L	1443	Una tela fulgida.
M	1443	DIACRITICS_OTHERS	20	9	16	Other	Si es adjetivo, lleva tilde. Correcto si es del v. fulgir.	fúlgida
L	1444	Ha fulgido siempre.
L	1445	Los barbaros.
M	1445	DIACRITICS_OTHERS	21	4	12	Other	Si es nombre o adjetivo, se escribe con tilde.	bárbaros
L	1446	Los picaros.
M	1446	DIACRITICS_OTHERS	22	4	11	Other	Si es nombre o adjetivo, se escribe con tilde.	pícaros
L	1447	Llueve a cantaros.
M	1447	DIACRITICS_OTHERS	23	9	17	Other	Si es nombre, se escribe con tilde.	cántaros
L	1448	Voy a cantaros.
L	1449	Quiero cantaros.
L	1450	Me gustaría cantaros.
L	1451	Son validos.
M	1451	DIACRITICS_OTHERS	24	4	11	Other	Si es adjetivo, se escribe con tilde. Correcto en el sentido de 'hombre de confianza del rey'.	válidos
L	1452	Le ha valido un buen premio.
L	1453	Yo le valido la prueba.
L	1454	Son validas.
M	1454	DIACRITICS_OTHERS	25	4	11	Other	Si es adjetivo, se escribe con tilde.	válidas
L	1455	Una de las tres opciones es la valida.
M	1455	DIACRITICS_OTHERS	25	31	37	Other	Si es adjetivo, se escribe con tilde.	válida
L	1456	Explica de una forma muy acertada y valida las características.
M	1456	DIACRITICS_OTHERS	25	36	42	Other	Si es adjetivo, se escribe con tilde.	válida
L	1457	Aceptará como valida cualquier cosa.
M	1457	DIACRITICS_OTHERS	25	14	20	Other	Si es adjetivo, se escribe con tilde.	válida
L	1458	Proporciona una solución valida y satisfactoria.
M	1458	DIACRITICS_OTHERS	25	25	31	Other	Si es adjetivo, se escribe con tilde.	válida
L	1459	Las ideas que dan por valida una tendencia.
M	1459	DIACRITICS_OTHERS	25	22	28	Other	Si es adjetivo, se escribe con tilde.	válida
L	1460	No creemos que una relación valida y edificante pueda ser obtenida.
M	1460	DIACRITICS_OTHERS	25	28	34	Other	Si es adjetivo, se escribe con tilde.	válida
L	1461	Cuando les validas la cuenta.
L	1462	justifica y valida lo que sea
M	1462	UPPERCASE_SENTENCE_START		0	9	Other	Esta frase no empieza con mayúscula.	Justifica
L	1463	la ajusta y la valida.
M	1463	UPPERCASE_SENTENCE_START		0	2	Other	Esta frase no empieza con mayúscula.	La
L	1464	comprueba la certeza del diagnóstico, valida lo que dijo
M	1464	UPPERCASE_SENTENCE_START		0	9	Other	Esta frase no empieza con mayúscula.	Comprueba
M	1464	DIACRITICS_OTHERS	26	38	44	Other	Si es adjetivo, se escribe con tilde.	válida
L	1465	El dispositivo se valida el 6 de diciembre.
L	1466	condición interior que valida todo lo que se hace
M	1466	UPPERCASE_SENTENCE_START		0	9	Other	Esta frase no empieza con mayúscula.	Condición
L	1467	que valida o invalida sus derechos territoriales
M	1467	UPPERCASE_SENTENCE_START		0	3	Other	Esta frase no empieza con mayúscula.	Que
L	1468	Comprueba el diagnóstico, valida lo que dijo antes.
M	1468	DIACRITICS_OTHERS	26	26	32	Other	Si es adjetivo, se escribe con tilde.	válida
L	1469	porque valida su queja
M	1469	UPPERCASE_SENTENCE_START		0	6	Other	Esta frase no empieza con mayúscula.	Porque
L	1470	no justifica ni valida el vínculo
M	1470	UPPERCASE_SENTENCE_START		0	2	Other	Esta frase no empieza con mayúscula.	No
L	1471	un tipo de poder que la ley valida y que la justicia utiliza
M	1471	UPPERCASE_SENTENCE_START		0	2	Other	Esta frase no empieza con mayúscula.	Un
L	1472	un tipo de poder que la ley valida y justifica
M	1472	UPPERCASE_SENTENCE_START		0	2	Other	Esta frase no empieza con mayúscula.	Un
L	1473	La modernidad valida hoy esta teoría
L	1474	No es una objeción valida el que la ciencia diga.
M	1474	DIACRITICS_OTHERS	26	19	25	Other	Si es adjetivo, se escribe con tilde.	válida
L	1475	Yo elaboro una propuesta valida aproximadamente cada dos años.
M	1475	DIACRITICS_OTHERS	26	25	31	Other	Si es adjetivo, se escribe con tilde.	válida
L	1476	La modernidad valida hoy esta teoría
L	1477	Son incomodos.
M	1477	DIACRITICS_OTHERS	27	4	13	Other	Si es adjetivo, se escribe con tilde. Correcto en el sentido de 'incomodidad'.	incómodos
L	1478	Lo incomodo que es.
M	1478	DIACRITICS_OTHERS	27	3	11	Other	Si es adjetivo, se escribe con tilde. Correcto en el sentido de 'incomodidad'.	incómodo
L	1479	Disculpen si les incomodo.
L	1480	Está claro que te incomodo.
L	1481	Las oreadas.
M	1481	DIACRITICS_OTHERS	28	4	11	Other	Si es nombre (=ninfa del bosque), se escribe con tilde.	oréadas
L	1482	La carne oreada.
L	1483	Son optimas.
M	1483	DIACRITICS_OTHERS	29	4	11	Other	Si es un adjetivo, se escribe con tilde. Correcto si es del v. 'optimar'.	óptimas
L	1484	Optimas prestaciones.
M	1484	DIACRITICS_OTHERS	29	0	7	Other	Si es un adjetivo, se escribe con tilde. Correcto si es del v. 'optimar'.	Óptimas
L	1485	¿Cuántos dolares cuesta?
M	1485	DIACRITICS_OTHERS	30	9	16	Other	El nombre de la moneda se escribe con tilde.	dólares
L	1486	Una vivida impresión.
M	1486	DIACRITICS_OTHERS	31	4	10	Other	Si es adjetivo, se escribe con tilde.	vívida
L	1487	Tocaria hacerlo.
M	1487	TOCARIA	32	0	7	Other	Si es condicional, se escribe con tilde. Correcto como adjetivo.	Tocaría
L	1488	Ademas de inglés, habla francés.
M	1488	ADEMAS	33	0	6	Other	Se escribe con tilde.	Además
L	1489	Prometio que lo haría.
M	1489	UNUSUAL_WITHOUT_ACCENT	34	0	8	Other	Si es un verbo, se escribe con tilde. Existe como sustantivo o adjetivo sin acento, pero es poco usual.	Prometió
L	1490	Durante mucho tiempo convivio con sus padres.
M	1490	UNUSUAL_WITHOUT_ACCENT	34	21	29	Other	Si es un verbo, se escribe con tilde. Existe como sustantivo o adjetivo sin acento, pero es poco usual.	convivió
L	1491	Dame el compas.
M	1491	DIACRITICS_OTHERS	35	8	14	Other	¿Quería decir <suggestion>compás</suggestion> en vez de compas (=compadres, compañeros)?	compás
L	1492	Del compas 4 al 34.
M	1492	DIACRITICS_OTHERS	35	4	10	Other	¿Quería decir <suggestion>compás</suggestion> en vez de compas (=compadres, compañeros)?	compás
L	1493	Ordenes del general.
M	1493	ORDENES	36	0	7	Other	Si es adjetivo o nombre, se escribe con tilde.	Órdenes
L	1494	No me ordenes marchar.
L	1495	hacer que ordenes tu cuarto
M	1495	UPPERCASE_SENTENCE_START		0	5	Other	Esta frase no empieza con mayúscula.	Hacer
L	1496	Debemos hacer lo que ordenes.
L	1497	¡Será mejor que te levantes y ordenes todo este lío!
L	1498	Te aconsejo que ordenes esto hoy.
L	1499	Lo que ordenes me parece bien.
L	1500	vengo diciéndote que ordenes todo esto
M	1500	UPPERCASE_SENTENCE_START		0	5	Other	Esta frase no empieza con mayúscula.	Vengo
L	1501	Quiero que ordenes rápidamente la habitación.
L	1502	Una situación critica.
M	1502	DIACRITICS_OTHERS	37	14	21	Other	Si es adjetivo o nombre, se escribe con tilde.	crítica
L	1503	En esta zona critica.
M	1503	DIACRITICS_OTHERS	37	13	20	Other	Si es adjetivo o nombre, se escribe con tilde.	crítica
L	1504	Más pequeñas que la masa critica.
M	1504	DIACRITICS_OTHERS	37	25	32	Other	Si es adjetivo o nombre, se escribe con tilde.	crítica
L	1505	Aquella persona critica la situación.
L	1506	El Fondo Monetario Internacional critica severamente al manejo de la crisis en la Eurozona.
L	1507	Marea Verde critica también que el consejero quiera aprobar el decreto.
L	1508	El perro de mi vecina es un gran danes.
M	1508	DANES	38	33	38	Other	¿Quería decir <suggestion>danés</suggestion> (idioma, nacionalidad) en vez de "danes" (apellido, plural de 'dan')?	danés
L	1509	Corrección en castellano, ingles y otros idiomas.
M	1509	INGLES	39	26	32	Other	¿Quería decir <suggestion>inglés</suggestion> (idioma, nacionalidad) en vez de "ingles" (plural de 'ingle')?	inglés
L	1510	Me gusta mucho el ingles.
M	1510	INGLES	39	18	24	Other	¿Quería decir <suggestion>inglés</suggestion> (idioma, nacionalidad) en vez de "ingles" (plural de 'ingle')?	inglés
L	1511	Mi ingles no es muy bueno.
M	1511	INGLES	39	3	9	Other	¿Quería decir <suggestion>inglés</suggestion> (idioma, nacionalidad) en vez de "ingles" (plural de 'ingle')?	inglés
L	1512	Curso de ingles básico.
M	1512	INGLES	39	9	15	Other	¿Quería decir <suggestion>inglés</suggestion> (idioma, nacionalidad) en vez de "ingles" (plural de 'ingle')?	inglés
L	1513	Curso de ingles americano.
M	1513	INGLES	39	9	15	Other	¿Quería decir <suggestion>inglés</suggestion> (idioma, nacionalidad) en vez de "ingles" (plural de 'ingle')?	inglés
L	1514	Tu ingles es muy bueno.
M	1514	TU_TILDE	4	0	2	Other	¿Quería usar el posesivo <suggestion>tus</suggestion> o el pronombre personal <suggestion>tú</suggestion>?	Tus|Tú
M	1514	INGLES	39	3	9	Other	¿Quería decir <suggestion>inglés</suggestion> (idioma, nacionalidad) en vez de "ingles" (plural de 'ingle')?	inglés
L	1515	Alumnos de ingles.
M	1515	INGLES	39	11	17	Other	¿Quería decir <suggestion>inglés</suggestion> (idioma, nacionalidad) en vez de "ingles" (plural de 'ingle')?	inglés
L	1516	La piel de las ingles tiende a oscurecerse.
L	1517	Ingles, axilas y piernas.
L	1518	Depilación de ingles.
L	1519	Me voy a río de janeiro.
M	1519	RIO	1	9	23	Other	Error de ortografía.	Río de Janeiro
L	1520	Me voy a Rio de Janeiro.
M	1520	RIO	1	9	23	Other	Error de ortografía.	Río de Janeiro
L	1521	Rio Turia.
M	1521	RIO	2	0	3	Other	Si es un nombre, se escribe con tilde. Correcto si es del v. 'reír' en pasado (él se rio).	Río
L	1522	Entonces se rio Juan.
L	1523	Rio es bonito.
M	1523	RIO	3	0	3	Other	Si es un nombre, se escribe con tilde. Correcto si es del v. 'reír' en pasado (él rio).	Río
L	1524	No tengo ni frio ni calor
M	1524	FRIO	1	12	16	Other	Si es un nombre, se escribe con tilde. Correcto si es del v. 'freír' en pasado (él frio).	frío
L	1525	Les frio el cerebro.
L	1526	¡Menudo lio!
M	1526	LIO	1	8	11	Other	Si es un nombre o una forma del v. 'liar' en presente (yo lío), se escribe con tilde. Correcto si es del v. 'liar' en pasado (él lio).	lío
L	1527	Se lio una buena.
L	1528	Amen.
M	1528	AMEN	1	0	4	Other	Si es una interjección, se escribe <suggestion>amén</suggestion> (así sea). Correcto si es del v. 'amar'.	Amén
L	1529	Dedicado los que amen a la música.
L	1530	Decid amen a todo.
M	1530	AMEN	2	6	10	Other	Si es una interjección, se escribe <suggestion>amén</suggestion> (así sea). Correcto si es del v. 'amar'.	amén
L	1531	En un amen lo terminó.
M	1531	AMEN	2	6	10	Other	Si es una interjección, se escribe <suggestion>amén</suggestion> (así sea). Correcto si es del v. 'amar'.	amén
L	1532	Decid los que amen a la música.
L	1533	Estos serian los más apropiados.
M	1533	SERIAN	1	6	12	Other	Si es del v. 'ser' se escribe con tilde. Correcto sin tilde como forma del v. 'seriar'.	serían
L	1534	Serian los más apropiados.
M	1534	SERIAN	1	0	6	Other	Si es del v. 'ser' se escribe con tilde. Correcto sin tilde como forma del v. 'seriar'.	Serían
L	1535	Yo no seria ni siquiera un traidor.
M	1535	SERIA	1	6	11	Other	Si es del v. 'ser', se escribe con tilde. Correcto como adjetivo.	sería
L	1536	Con mi hija todo seria más difícil.
M	1536	SERIA	1	17	22	Other	Si es del v. 'ser', se escribe con tilde. Correcto como adjetivo.	sería
L	1537	—hoy no conocemos cuál seria—
M	1537	SERIA	1	23	28	Other	Si es del v. 'ser', se escribe con tilde. Correcto como adjetivo.	sería
L	1538	Me había convertido en una niña seria.
L	1539	Yo fui una niña muy seria siempre.
L	1540	No he vuelto a vivir una historia de amor seria desde entonces.
L	1541	Son la única objeción seria a la tesis del eterno retorno.
L	1542	Causó una seria molestia al hijo
L	1543	No logré adoptar una actitud tan seria como la del padre.
L	1544	El rostro de quien lee un periódico tiene una expresión seria, que unas veces se endurece hasta resultar sombría y otras se disuelve en una sonrisa.
L	1545	Comía las chucherías con la actitud seria y rígida con que se comen sus buenos bocadillos.
L	1546	Seguramente, seria ingeniero.
M	1546	SERIA	1	13	18	Other	Si es del v. 'ser', se escribe con tilde. Correcto como adjetivo.	sería
L	1547	constituyen una seria amenaza
M	1547	UPPERCASE_SENTENCE_START		0	11	Other	Esta frase no empieza con mayúscula.	Constituyen
L	1548	En la prisión seria mucho más dura.
M	1548	SERIA	3	14	19	Other	Si es del v. 'ser', se escribe con tilde. Correcto como adjetivo.	sería
L	1549	¡Qué miserable seria yo!
M	1549	SERIA	3	15	20	Other	Si es del v. 'ser', se escribe con tilde. Correcto como adjetivo.	sería
L	1550	Esta observación seria correcta.
M	1550	SERIA	4	17	22	Other	Si es del v. 'ser', se escribe con tilde.	sería
L	1551	Una sola persona seria mejor.
M	1551	SERIA	4	17	22	Other	Si es del v. 'ser', se escribe con tilde.	sería
L	1552	Una sola persona seria lo mejor.
M	1552	SERIA	4	17	22	Other	Si es del v. 'ser', se escribe con tilde.	sería
L	1553	Una persona española seria hispana.
M	1553	SERIA	2	21	26	Other	Si es del v. 'ser', se escribe con tilde. Correcto como adjetivo.	sería
L	1554	Intentan esclarecer cuál seria el centro.
M	1554	SERIA	1	25	30	Other	Si es del v. 'ser', se escribe con tilde. Correcto como adjetivo.	sería
L	1555	Me había convertido en una niña seria, demasiado madura para mi edad.
L	1556	Es una persona seria la que buscamos.
L	1557	Es una persona seria lo que buscamos.
L	1558	Se puso seria otra vez.
L	1559	Estaba seria a menudo.
L	1560	Estaba seria frecuentemente.
L	1561	con una poco seria tercera persona omnisciente
M	1561	UPPERCASE_SENTENCE_START		0	3	Other	Esta frase no empieza con mayúscula.	Con
L	1562	Tuvimos una charla seria el uno con el otro.
L	1563	Una institución lingüística seria jamás censuraría una traducción.
L	1564	con mirada seria, penetrante
M	1564	UPPERCASE_SENTENCE_START		0	3	Other	Esta frase no empieza con mayúscula.	Con
L	1565	Ustedes no quieren que yo sea obscura, seria, huraña
L	1566	creo que se trata de una cosa seria.
M	1566	UPPERCASE_SENTENCE_START		0	4	Other	Esta frase no empieza con mayúscula.	Creo
L	1567	La altura seria de unos cuatro metros.
M	1567	SERIA	5	10	15	Other	Si es del v. 'ser', se escribe con tilde.	sería
L	1568	Esta observación seria correcta.
M	1568	SERIA	4	17	22	Other	Si es del v. 'ser', se escribe con tilde.	sería
L	1569	Aunque recobrara la alegría seria efímera.
M	1569	SERIA	6	28	33	Other	Si es del v. 'ser', se escribe con tilde.	sería
L	1570	Su tumba seria profanada.
M	1570	SERIA	4	9	14	Other	Si es del v. 'ser', se escribe con tilde.	sería
L	1571	Otra posible traducción seria:
M	1571	SERIA	6	24	29	Other	Si es del v. 'ser', se escribe con tilde.	sería
L	1572	Me había convertido en una niña seria, demasiado madura para mi edad.
L	1573	Es una persona seria la que buscamos.
L	1574	Es una persona seria lo que buscamos.
L	1575	Se puso seria otra vez.
L	1576	Estaba seria a menudo.
L	1577	Estaba seria frecuentemente.
L	1578	con una poco seria tercera persona omnisciente
M	1578	UPPERCASE_SENTENCE_START		0	3	Other	Esta frase no empieza con mayúscula.	Con
L	1579	Tuvimos una charla seria el uno con el otro.
L	1580	Una institución lingüística seria jamás censuraría una traducción.
L	1581	con mirada seria, penetrante
M	1581	UPPERCASE_SENTENCE_START		0	3	Other	Esta frase no empieza con mayúscula.	Con
L	1582	Ustedes no quieren que yo sea obscura, seria, huraña
L	1583	creo que se trata de una cosa seria.
M	1583	UPPERCASE_SENTENCE_START		0	4	Other	Esta frase no empieza con mayúscula.	Creo
L	1584	Entonces dijo, ya seria:
L	1585	La cena seria a última hora.
M	1585	SERIA	7	8	13	Other	Si es del v. 'ser', se escribe con tilde.	sería
L	1586	La sencillez de nuestra vida cotidiana seria, a ojos del ángel, lo más «extraordinario».
M	1586	SERIA	7	39	44	Other	Si es del v. 'ser', se escribe con tilde.	sería
L	1587	Es una persona seria.
L	1588	Una persona seria.
L	1589	En Paris y Londres.
M	1589	PARIS	1	3	8	Other	¿Quería decir <suggestion>París</suggestion> (ciudad) en vez de Paris (personaje)?	París
L	1590	En Paris no hay playa.
M	1590	PARIS	1	3	8	Other	¿Quería decir <suggestion>París</suggestion> (ciudad) en vez de Paris (personaje)?	París
L	1591	Se fueron hacia Paris.
M	1591	PARIS	1	16	21	Other	¿Quería decir <suggestion>París</suggestion> (ciudad) en vez de Paris (personaje)?	París
L	1592	Al norte de Paris.
M	1592	PARIS	1	12	17	Other	¿Quería decir <suggestion>París</suggestion> (ciudad) en vez de Paris (personaje)?	París
L	1593	Desde Paris.
M	1593	PARIS	1	6	11	Other	¿Quería decir <suggestion>París</suggestion> (ciudad) en vez de Paris (personaje)?	París
L	1594	Mañana me voy a Paris.
M	1594	PARIS	1	16	21	Other	¿Quería decir <suggestion>París</suggestion> (ciudad) en vez de Paris (personaje)?	París
L	1595	Paris en la guerra de Troya.
L	1596	el juicio de Paris, el rapto de Elena y el sacrificio de Ifigenia.
M	1596	UPPERCASE_SENTENCE_START		0	2	Other	Esta frase no empieza con mayúscula.	El
L	1597	El juicio de Paris.
L	1598	El juicio de Paris
L	1599	Paris Hilton está en Londres.
L	1600	John Paris está en Nueva York.
L	1601	Homero explica la historia de Paris.
L	1602	Él paso ayer.
M	1602	EL_NO_TILDE	1	0	7	Other	Si el verbo está en pasado, falta una tilde. Si es un artículo y un nombre, "el" no lleva tilde.	Él pasó|El paso
L	1603	Él trabajo varias horas.
M	1603	EL_NO_TILDE	1	0	10	Other	Si el verbo está en pasado, falta una tilde. Si es un artículo y un nombre, "el" no lleva tilde.	Él trabajó|El trabajo
L	1604	El vino de Asunción.
L	1605	Él vino de Asunción.
L	1606	Él coche lo he dejado en el taller.
M	1606	EL_NO_TILDE	2	0	2	Other	No se escribe con tilde si no es un pronombre.	El
L	1607	Después de haber cantado, él pájaro se fue volando.
M	1607	EL_NO_TILDE	2	26	28	Other	No se escribe con tilde si no es un pronombre.	el
L	1608	Debe ser declarada por el Congreso con él voto de dos terceras partes.
M	1608	EL_NO_TILDE	2	39	41	Other	No se escribe con tilde si no es un pronombre.	el
L	1609	Se fue con él apuesto caballero.
M	1609	EL_NO_TILDE	2	11	13	Other	No se escribe con tilde si no es un pronombre.	el
L	1610	Baila él tango.
M	1610	EL_NO_TILDE	2	6	8	Other	No se escribe con tilde si no es un pronombre.	el
L	1611	Lo haremos como quiera él profesor.
M	1611	EL_NO_TILDE	2	23	25	Other	No se escribe con tilde si no es un pronombre.	el
L	1612	Ignoro si es él español o argentino.
M	1612	EL_NO_TILDE	2	13	15	Other	No se escribe con tilde si no es un pronombre.	el
L	1613	Por él Dios visita nuestro pueblo.
L	1614	¿Baila él tango?
L	1615	Lo haremos como quiera él.
L	1616	Se fue con él un apuesto caballero.
L	1617	Él vino ayer.
L	1618	Él hoy también volverá tarde.
L	1619	Él mañana.
L	1620	Trajo con él varias cosas.
L	1621	Mejor él que yo.
L	1622	Él recientemente se convirtió al catolicismo.
L	1623	¿Está él bien?
L	1624	Decidió construirse él mismo uno.
M	1624	AGREEMENT_PRONOUNSUBJECT_VERB	5	29	32	Other	Posible falta de concordancia entre «él» y «uno».	une
L	1625	Bien él bien yo vamos a asistir a la reunión.
L	1626	Me encontré con él justo cuando salía del colegio.
L	1627	Para Él vivo.
L	1628	Él vino muy rápido.
L	1629	Me gustaría hablar con él cara a cara.
L	1630	Nunca se separan él uno del otro.
M	1630	EL_NO_TILDE	3	17	19	Other	No se escribe con tilde si no es un pronombre.	el
L	1631	Él mismo susto le valió para no volver a hacerlo nunca más.
M	1631	EL_NO_TILDE	4	0	2	Other	No se escribe con tilde si no es un pronombre.	El
L	1632	Esto significa que el/ella tendrá que tomar el curso de Biología otra vez para pasar el curso y recibir créditos.
M	1632	EL_TILDE	1	19	21	Other	El pronombre personal <suggestion>él</suggestion> lleva tilde.	él
L	1633	El fue.
M	1633	EL_TILDE	2	0	2	Other	El pronombre personal <suggestion>él</suggestion> lleva tilde.	Él
L	1634	El se fue.
M	1634	EL_TILDE	2	0	2	Other	El pronombre personal <suggestion>él</suggestion> lleva tilde.	Él
L	1635	El a veces se va.
M	1635	EL_TILDE	2	0	2	Other	El pronombre personal <suggestion>él</suggestion> lleva tilde.	Él
L	1636	El no siempre viene.
M	1636	EL_TILDE	2	0	2	Other	El pronombre personal <suggestion>él</suggestion> lleva tilde.	Él
L	1637	Cuando el llegó, yo me fui.
M	1637	EL_TILDE	2	7	9	Other	El pronombre personal <suggestion>él</suggestion> lleva tilde.	él
L	1638	Se encargará el.
M	1638	EL_TILDE	2	13	15	Other	El pronombre personal <suggestion>él</suggestion> lleva tilde.	él
L	1639	Esta caja es para el.
M	1639	EL_TILDE	2	18	20	Other	El pronombre personal <suggestion>él</suggestion> lleva tilde.	él
L	1640	Esto queda entre el y yo.
M	1640	EL_TILDE	2	17	19	Other	El pronombre personal <suggestion>él</suggestion> lleva tilde.	él
L	1641	Fue el, porque después no vino.
M	1641	EL_TILDE	2	4	6	Other	El pronombre personal <suggestion>él</suggestion> lleva tilde.	él
L	1642	en el (también deporte ecuestre)
M	1642	UPPERCASE_SENTENCE_START		0	2	Other	Esta frase no empieza con mayúscula.	En
M	1642	EL_TILDE	2	3	5	Other	El pronombre personal <suggestion>él</suggestion> lleva tilde.	él
L	1643	Si el pregunta, yo respondo.
M	1643	EL_TILDE	2	3	5	Other	El pronombre personal <suggestion>él</suggestion> lleva tilde.	él
L	1644	¿Por qué el no vino con nosotros?
M	1644	EL_TILDE	2	9	11	Other	El pronombre personal <suggestion>él</suggestion> lleva tilde.	él
L	1645	Esto queda entre el y yo.
M	1645	EL_TILDE	2	17	19	Other	El pronombre personal <suggestion>él</suggestion> lleva tilde.	él
L	1646	Vivimos en el pero hay que saber respetar al resto.
M	1646	EL_TILDE	2	11	13	Other	El pronombre personal <suggestion>él</suggestion> lleva tilde.	él
M	1646	COMMA_PERO	1	13	18	Other	En la mayoría de los casos la conjunción 'pero' va precedida de una coma.	, pero
L	1647	El que dice permanecer en el debe andar como él anduvo.
M	1647	EL_TILDE	2	26	28	Other	El pronombre personal <suggestion>él</suggestion> lleva tilde.	él
L	1648	Necesita que se ejerza sobre el una fuerza.
M	1648	EL_TILDE	2	29	31	Other	El pronombre personal <suggestion>él</suggestion> lleva tilde.	él
L	1649	Hizo con el cuatro películas.
M	1649	AGREEMENT_DET_GN	3	9	18	Other	Error de concordancia.	las cuatro
L	1650	El cuatro veces campeón del mundo.
L	1651	Me gusta el que tienes.
L	1652	El E y el Y.
L	1653	El bien conocido cantautor.
L	1654	El tan conocido cantautor.
L	1655	Vive en el ahora.
L	1656	Me gusta el que tienes.
L	1657	ni siquiera el anime era lo suficientemente expresivo
M	1657	UPPERCASE_SENTENCE_START		0	2	Other	Esta frase no empieza con mayúscula.	Ni
L	1658	Quiero saber el porqué.
L	1659	El siempre certero abogado.
L	1660	Quiero saber el cómo, el porqué, el quién y el qué.
L	1661	Sobre el cual me movía.
L	1662	El título de consejero y el de presidente.
L	1663	se retocó en una sesión secreta el acta aprobada
M	1663	UPPERCASE_SENTENCE_START		0	2	Other	Esta frase no empieza con mayúscula.	Se
L	1664	el Dr. Juan García
M	1664	UPPERCASE_SENTENCE_START		0	2	Other	Esta frase no empieza con mayúscula.	El
L	1665	el área del norte
M	1665	UPPERCASE_SENTENCE_START		0	2	Other	Esta frase no empieza con mayúscula.	El
L	1666	Y el más largo el Paraná.
L	1667	Y el más larrgo.
M	1667	MORFOLOGIK_RULE_ES		9	15	UnknownWord	Se ha encontrado un posible error ortográfico.	largo|largó
L	1668	Por el contrario, el Paraná no.
L	1669	El otro de Inglaterra.
L	1670	Con el correr de los años.
L	1671	El habla culta.
L	1672	La lucha contra el hambre
L	1673	Según el Britannica Book of Year
M	1673	MORFOLOGIK_RULE_ES		9	19	UnknownWord	Se ha encontrado un posible error ortográfico.	Británica
M	1673	MORFOLOGIK_RULE_ES		20	24	UnknownWord	Se ha encontrado un posible error ortográfico.	Boom|Look|Cook|Bock|Ebook
M	1673	MORFOLOGIK_RULE_ES		25	27	UnknownWord	Se ha encontrado un posible error ortográfico.	o|CF|oh|oí|Ot|O₂|fo|oa|ok|os|ox|uf|ó|LF
M	1673	MORFOLOGIK_RULE_ES		28	32	UnknownWord	Se ha encontrado un posible error ortográfico.	Yesar|Ayear|Mear|Ye ar
L	1674	Uno es negro y el otro es blanco.
L	1675	El excavar un túnel.
L	1676	Es el más aplicado de la clase.
L	1677	con el técnicamente más avanzado
M	1677	UPPERCASE_SENTENCE_START		0	3	Other	Esta frase no empieza con mayúscula.	Con
L	1678	El del tanque.
L	1679	Inventó el "coloní".
M	1679	MORFOLOGIK_RULE_ES		12	18	UnknownWord	Se ha encontrado un posible error ortográfico.	colonia|Colón|colon|colono|colona|colorí|coloño|colón
L	1680	El la de diapasón
L	1681	El más allá.
L	1682	Con el más que sorprendido oficinista.
L	1683	¿Qué es el "a veces"?
L	1684	En el mejor de los casos.
L	1685	Nuestro restaurant es el mejor.
M	1685	MORFOLOGIK_RULE_ES		8	18	UnknownWord	Se ha encontrado un posible error ortográfico.	restaurante|restauran
L	1686	Él era el más seguro de sí mismo.
L	1687	En el este existe un conjunto de grupos.
L	1688	fijar el tanto por ciento
M	1688	UPPERCASE_SENTENCE_START		0	5	Other	Esta frase no empieza con mayúscula.	Fijar
L	1689	El vino 3 tiene nariz balsámica.
L	1690	Como el vino los amores.
L	1691	Andaba el 32º a casi 25 minutos del líder.
L	1692	Editan también el Sport y El Mundo Deportivo.
L	1693	El mal nunca triunfa y el bien tampoco.
L	1694	El paso a paso.
L	1695	que ayuden en el día a día
M	1695	UPPERCASE_SENTENCE_START		0	3	Other	Esta frase no empieza con mayúscula.	Que
L	1696	Y en el sin fin de requisitos.
L	1697	Principios en materia criminal como el Non bis in idem.
L	1698	Es nuestra obligación ayudarnos el uno al otro.
L	1699	Fue el ganador en el mano a mano.
L	1700	Esto pasó en el 2017.
L	1701	El 4 es un buen número.
L	1702	El cuatro es un buen número.
L	1703	Vendía en el 2007 participaciones por 30€.
M	1703	SPACE_UNITIES	1	38	41	Other	Falta un espacio antes de la unidad.	30 €
L	1704	Recitan el ora pro nobis.
L	1705	El un día se fue.
M	1705	EL_TILDE	3	0	5	Other	Posible confusión. El pronombre personal "él" lleva tilde.	Él un|El|Un
L	1706	Adquirió gracias a el un gran prestigio.
M	1706	CONTRACCIONES	1	17	21	Other	Contracción.	al
L	1707	Es nuestra obligación ayudarnos el uno al otro.
L	1708	Contamos con el una vez.
M	1708	EL_TILDE	2	13	15	Other	El pronombre personal <suggestion>él</suggestion> lleva tilde.	él
L	1709	Es nuestra obligación ayudarnos el uno al otro.
L	1710	El mismo sabe organizarse.
L	1711	El primero consiste en elementos de la propia empresa.
L	1712	No es el mismo de antes.
L	1713	Tu padre se encargará el mismo.
L	1714	No es el mismo de antes.
L	1715	A mi me gusta.
M	1715	MI_TILDE	1	2	4	Other	Si es pronombre, se escribe con tilde.	mí
L	1716	Confía en mi.
M	1716	MI_TILDE	1	10	12	Other	Si es pronombre, se escribe con tilde.	mí
L	1717	Ella estaba cerca de mi.
M	1717	MI_TILDE	1	21	23	Other	Si es pronombre, se escribe con tilde.	mí
L	1718	Se rio a pesar de mi.
M	1718	MI_TILDE	1	18	20	Other	Si es pronombre, se escribe con tilde.	mí
L	1719	En lo que a mi respecta.
M	1719	MI_TILDE	1	12	14	Other	Si es pronombre, se escribe con tilde.	mí
L	1720	¿Qué significa para mi ser padre o madre?
M	1720	MI_TILDE	1	20	22	Other	Si es pronombre, se escribe con tilde.	mí
L	1721	Me puede servir a mi o a otro.
M	1721	MI_TILDE	1	18	20	Other	Si es pronombre, se escribe con tilde.	mí
L	1722	FRENTE A MI Y EN FAMILIA.
M	1722	MI_TILDE	1	9	11	Other	Si es pronombre, se escribe con tilde.	MÍ
L	1723	Para mi eras el mejor.
M	1723	MI_TILDE	1	5	7	Other	Si es pronombre, se escribe con tilde.	mí
L	1724	Los saca y los extiende ante mi sobre la mesa.
M	1724	MI_TILDE	1	29	31	Other	Si es pronombre, se escribe con tilde.	mí
L	1725	En mi todo te parece pasado de moda.
M	1725	MI_TILDE	1	3	5	Other	Si es pronombre, se escribe con tilde.	mí
L	1726	A mi mismo me parece bien.
M	1726	MI_TILDE	1	2	4	Other	Si es pronombre, se escribe con tilde.	mí
L	1727	Son para mi algo muy importante.
M	1727	MI_TILDE	1	9	11	Other	Si es pronombre, se escribe con tilde.	mí
L	1728	Son para mi mejor.
M	1728	MI_TILDE	1	9	11	Other	Si es pronombre, se escribe con tilde.	mí
L	1729	No sería para mi mejor?
M	1729	ES_QUESTION_MARK		0	2	Other	Símbolo desparejado: Parece que falta un '¿'	¿No
M	1729	MI_TILDE	1	14	16	Other	Si es pronombre, se escribe con tilde.	mí
L	1730	A mi la comida me gusta salada.
M	1730	MI_TILDE	1	2	4	Other	Si es pronombre, se escribe con tilde.	mí
L	1731	Por lo que a mi toca, señores, se acabó.
M	1731	MI_TILDE	1	13	15	Other	Si es pronombre, se escribe con tilde.	mí
L	1732	Aparta de mi este cáliz.
M	1732	MI_TILDE	1	10	12	Other	Si es pronombre, se escribe con tilde.	mí
L	1733	No se me haga a mi hablar del tiempo.
M	1733	MI_TILDE	1	16	18	Other	Si es pronombre, se escribe con tilde.	mí
L	1734	¿Acaso no he notado alguna vez en mi misma esa inclinación
M	1734	MI_TILDE	1	34	36	Other	Si es pronombre, se escribe con tilde.	mí
M	1734	ES_INITIAL_QUESTION_MARK	1	47	58	Other	Símbolo de interrogación desparejado.	inclinación?
L	1735	Se ha apartado de mi tres veces.
M	1735	MI_TILDE	1	18	20	Other	Si es pronombre, se escribe con tilde.	mí
L	1736	No hay nada en mi, nada culpable.
M	1736	MI_TILDE	1	15	17	Other	Si es pronombre, se escribe con tilde.	mí
L	1737	Y a mi solo mil.
M	1737	MI_TILDE	1	4	6	Other	Si es pronombre, se escribe con tilde.	mí
L	1738	Y a mi mil.
M	1738	MI_TILDE	1	4	6	Other	Si es pronombre, se escribe con tilde.	mí
L	1739	lejos de mi pecar contra el Señor
M	1739	UPPERCASE_SENTENCE_START		0	5	Other	Esta frase no empieza con mayúscula.	Lejos
M	1739	MI_TILDE	1	9	11	Other	Si es pronombre, se escribe con tilde.	mí
L	1740	Me voy a mi casa.
L	1741	Mi gran amigo Pedro.
L	1742	a mi mejor amiga
M	1742	UPPERCASE_SENTENCE_START		0	1	Other	Esta frase no empieza con mayúscula.	A
L	1743	Lo utilizó en mi contra.
L	1744	de mi aburrido trabajo
M	1744	UPPERCASE_SENTENCE_START		0	2	Other	Esta frase no empieza con mayúscula.	De
L	1745	de mi Firefox.
M	1745	UPPERCASE_SENTENCE_START		0	2	Other	Esta frase no empieza con mayúscula.	De
L	1746	en mi apretado horario
M	1746	UPPERCASE_SENTENCE_START		0	2	Other	Esta frase no empieza con mayúscula.	En
L	1747	A pesar de mi poco conocimiento
L	1748	el abrazo de mi nietito
M	1748	UPPERCASE_SENTENCE_START		0	2	Other	Esta frase no empieza con mayúscula.	El
M	1748	MORFOLOGIK_RULE_ES		16	23	UnknownWord	Se ha encontrado un posible error ortográfico.	nieto|inédito|apetito|nitrito|nítido|cielito|Betito|nietecito|niñito|noético|piecito|viejito
L	1749	Lo hizo en mi contra.
L	1750	Le odio con cada fibra de mi ser.
L	1751	Con mi 1,80 m.
L	1752	lo que hago en mi día a día
M	1752	UPPERCASE_SENTENCE_START		0	2	Other	Esta frase no empieza con mayúscula.	Lo
L	1753	El campo a través es una carrera de fondo.
L	1754	en mi ya mencionada colección de autógrafos
M	1754	UPPERCASE_SENTENCE_START		0	2	Other	Esta frase no empieza con mayúscula.	En
L	1755	No sería para mi mejor amigo.
L	1756	El cumplimiento de mi deber como ciudadano.
L	1757	Para mi Hitler y Stalin son lo mismo.
M	1757	MI_TILDE	2	5	7	Other	Si es pronombre, se escribe con tilde.	mí
L	1758	¡A mi Gorbachov me enamoró desde el primer momento!
M	1758	MI_TILDE	2	3	5	Other	Si es pronombre, se escribe con tilde.	mí
L	1759	LOS RESULTADOS DE MI CHARLA.
L	1760	Los oficiales de mi Estado Mayor comían mejor que combatían.
L	1761	A mi Jackie no se le puede comprar.
M	1761	MI_TILDE	2	2	4	Other	Si es pronombre, se escribe con tilde.	mí
M	1761	MORFOLOGIK_RULE_ES		5	11	UnknownWord	Se ha encontrado un posible error ortográfico.	Jaque|Vacíe|Jacte|Jaique|Sacie|Vacié|Zacky|Hackee|Hackeé|Jack|Jacks|Jacté|Jarcie|Jarcié|Sacié|Jacques|Jarque|Acequie|Acequié|Baquié|Baquíe|Jacquerie|Jaquee|Jaqueé|Jackie O|LaCie
L	1762	Algo para mi incomprensible.
M	1762	MI_TILDE	3	10	12	Other	Si es pronombre, se escribe con tilde.	mí
L	1763	Su éxito fue para mi insospechado.
M	1763	MI_TILDE	3	18	20	Other	Si es pronombre, se escribe con tilde.	mí
L	1764	El rasgo para mi más característico era el contraste.
M	1764	MI_TILDE	3	14	16	Other	Si es pronombre, se escribe con tilde.	mí
L	1765	Esto terminará mal para Colombia, para mi gran pesar.
L	1766	Para mi son fenómenos extraños.
M	1766	MI_TILDE	4	5	7	Other	Si es pronombre, se escribe con tilde.	mí
L	1767	El amigo que tenía ante mi era la persona más importante.
M	1767	MI_TILDE	4	24	26	Other	Si es pronombre, se escribe con tilde.	mí
L	1768	Se presentó ante mi Moisés.
M	1768	MI_TILDE	5	17	19	Other	Si es pronombre, se escribe con tilde.	mí
L	1769	Se volvió hacia mi hecho una furia.
M	1769	MI_TILDE	6	16	18	Other	Si es pronombre, se escribe con tilde.	mí
L	1770	Se volvió hacia mi enfadado por los comentarios.
M	1770	MI_TILDE	7	16	18	Other	Si es pronombre, se escribe con tilde.	mí
L	1771	Despertaban en mi temores por lo que pudiera pasar.
M	1771	MI_TILDE	8	15	17	Other	Si es pronombre, se escribe con tilde. O bien hay un error de concordancia.	mí|mis
L	1772	Así que no tuve más remedio que contestar desde mi iPhone.
L	1773	Fue para mi motivo de orgullo.
M	1773	MI_TILDE	9	9	11	Other	Si es pronombre, se escribe con tilde.	mí
L	1774	Se ajustan a mí pie como un calcetín.
M	1774	MI_SIN_TILDE	1	13	15	Other	Si es un posesivo o un nombre, se escribe sin tilde. Puede que falte una coma. Es correcto como pronombre.	mi|mí,
L	1775	Aprobará mí envío de dinero.
M	1775	MI_SIN_TILDE	1	9	11	Other	Si es un posesivo o un nombre, se escribe sin tilde. Puede que falte una coma. Es correcto como pronombre.	mi|mí,
L	1776	Ahora viene mí padre.
M	1776	MI_SIN_TILDE	1	12	14	Other	Si es un posesivo o un nombre, se escribe sin tilde. Puede que falte una coma. Es correcto como pronombre.	mi|mí,
L	1777	Ahora viene mí querido padre.
M	1777	MI_SIN_TILDE	1	12	14	Other	Si es un posesivo o un nombre, se escribe sin tilde. Puede que falte una coma. Es correcto como pronombre.	mi|mí,
L	1778	Concierto en mí bemol.
M	1778	MI_SIN_TILDE	1	13	15	Other	Si es un posesivo o un nombre, se escribe sin tilde. Puede que falte una coma. Es correcto como pronombre.	mi|mí,
L	1779	Concierto en mí menor.
M	1779	MI_SIN_TILDE	1	13	15	Other	Si es un posesivo o un nombre, se escribe sin tilde. Puede que falte una coma. Es correcto como pronombre.	mi|mí,
L	1780	Yo no me fío mucho de mí mismo.
L	1781	¡No me pasa a mí sola!
L	1782	Que se entregue a mí igual que yo me sometí a él.
L	1783	Eso hizo despertar en mí otro tipo de ambiciones.
L	1784	¿Podrías hacerlo por mí otra vez?
L	1785	¿Lo harás tú solito?
L	1786	Por lo que a mí toca, esto es imposible.
L	1787	Por mí bien.
L	1788	Este mí.
M	1788	MI_SIN_TILDE	2	5	7	Other	Si es un posesivo o un nombre, se escribe sin tilde.	mi
L	1789	Se sento justo enfrente de mí.
M	1789	MORFOLOGIK_RULE_ES		3	8	UnknownWord	Se ha encontrado un posible error ortográfico.	sentó|centro|censo|lento|santo|seno|sexto|centró|asentó|siento|cesto|sentí|seto|ceño|tentó|censó|cenó|rentó|senté|ceno|rento|dentó|mentó|Cento|Sendo|Seno|cenco|centón|sentá|sentón|septo|seño|sonto
L	1790	Algo que deberías saber acerca de mí.
L	1791	Se ajustan a tú pie como un calcetín.
M	1791	TU_SIN_TILDE	1	13	15	Other	Si es un posesivo, se escribe sin tilde.	tu
L	1792	Aprobará tú envío de dinero.
M	1792	TU_SIN_TILDE	1	9	11	Other	Si es un posesivo, se escribe sin tilde.	tu
M	1792	AGREEMENT_PRONOUNSUBJECT_VERB	3	12	17	Other	Posible falta de concordancia entre «tú» y «envío».	envías
L	1793	Ahora viene tú padre.
M	1793	TU_SIN_TILDE	1	12	14	Other	Si es un posesivo, se escribe sin tilde.	tu
L	1794	Ahora viene tú primera comprobación.
M	1794	TU_SIN_TILDE	1	12	14	Other	Si es un posesivo, se escribe sin tilde.	tu
L	1795	Se ajustan a tú pie como un calcetín.
M	1795	TU_SIN_TILDE	1	13	15	Other	Si es un posesivo, se escribe sin tilde.	tu
L	1796	Aprobará tú envío de dinero.
M	1796	TU_SIN_TILDE	1	9	11	Other	Si es un posesivo, se escribe sin tilde.	tu
M	1796	AGREEMENT_PRONOUNSUBJECT_VERB	3	12	17	Other	Posible falta de concordancia entre «tú» y «envío».	envías
L	1797	Cuando revisé tú caso, no encontré nada relevante.
M	1797	TU_SIN_TILDE	1	14	16	Other	Si es un posesivo, se escribe sin tilde.	tu
M	1797	AGREEMENT_PRONOUNSUBJECT_VERB	3	17	21	Other	Posible falta de concordancia entre «tú» y «caso».	casas
L	1798	Si tienes oportunidad, por favor revisa tú correo.
M	1798	TU_SIN_TILDE	1	40	42	Other	Si es un posesivo, se escribe sin tilde.	tu
M	1798	AGREEMENT_PRONOUNSUBJECT_VERB	3	43	49	Other	Posible falta de concordancia entre «tú» y «correo».	correas
L	1799	Tú vienes
L	1800	¿De qué silencio eres tú silencio?
L	1801	Tú vienes
L	1802	Tú ve.
L	1803	Tú mismo no sabes de qué estás hablando.
L	1804	Tú primera.
L	1805	Tú primero.
L	1806	¿Hablas tú italiano?
L	1807	¿Eras tú consciente de eso?
L	1808	Sírvete tú mismo lo que quieras comer.
L	1809	Sírvete tú lo que quieras comer.
L	1810	¡Menudo fantoche estás tú hecho!
L	1811	Sé tú mismo.
L	1812	Sé tú.
L	1813	Como tú bien sabes, no es posible.
L	1814	Ya quisieras tú saber tanto como él.
L	1815	¿Tú prima dónde está?
M	1815	TU_SIN_TILDE	2	1	3	Other	Si es un posesivo, se escribe sin tilde.	Tu
L	1816	Se ajustan a tú pie como un calcetín.
M	1816	TU_SIN_TILDE	1	13	15	Other	Si es un posesivo, se escribe sin tilde.	tu
L	1817	Aprobará tú envío de dinero.
M	1817	TU_SIN_TILDE	1	9	11	Other	Si es un posesivo, se escribe sin tilde.	tu
M	1817	AGREEMENT_PRONOUNSUBJECT_VERB	3	12	17	Other	Posible falta de concordancia entre «tú» y «envío».	envías
L	1818	Cuando revisé tú caso, no encontré nada relevante.
M	1818	TU_SIN_TILDE	1	14	16	Other	Si es un posesivo, se escribe sin tilde.	tu
M	1818	AGREEMENT_PRONOUNSUBJECT_VERB	3	17	21	Other	Posible falta de concordancia entre «tú» y «caso».	casas
L	1819	Tú vienes.
L	1820	¿De qué silencio eres tú silencio?
L	1821	Tú sal por este camino.
L	1822	Iré a verla, tú reserva nuestras habitaciones.
L	1823	Tu seras el encargado.
M	1823	TU_TILDE	1	0	8	Other	Faltan dos acentos: "tú" (pronombre), "serás" (del v. 'ser').	Tú serás
L	1824	Algo que en verdad nadie te puede quitar, sino tu mismo.
M	1824	TU_TILDE	2	47	49	Other	El pronombre personal <suggestion>tú</suggestion> lleva tilde.	tú
L	1825	Para tu cuatro patas.
M	1825	TU_TILDE	3	5	7	Other	¿Quería usar el posesivo <suggestion>tus</suggestion>?	tus
L	1826	En dónde lavas tu bus.
L	1827	Mucha suerte con tu test.
L	1828	No entiendo tu palabras.
M	1828	TU_TILDE	4	12	14	Other	¿Quería usar el posesivo <suggestion>tus</suggestion> o el pronombre personal <suggestion>tú</suggestion>?	tus|tú
L	1829	En dónde lavas tu bus.
L	1830	Mucha suerte con tu test.
L	1831	Tu fuiste al mercado.
M	1831	TU_TILDE	5	0	2	Other	El pronombre personal <suggestion>tú</suggestion> lleva tilde.	Tú
L	1832	Acepto las condiciones si tu bajas el precio.
M	1832	TU_TILDE	5	26	28	Other	El pronombre personal <suggestion>tú</suggestion> lleva tilde.	tú
L	1833	Cuando tu vuelves, yo voy.
M	1833	TU_TILDE	5	7	9	Other	El pronombre personal <suggestion>tú</suggestion> lleva tilde.	tú
L	1834	Cuando tu no vuelves, yo voy.
M	1834	TU_TILDE	5	7	9	Other	El pronombre personal <suggestion>tú</suggestion> lleva tilde.	tú
L	1835	Cuando tu no nos lo indicas.
M	1835	TU_TILDE	5	7	9	Other	El pronombre personal <suggestion>tú</suggestion> lleva tilde.	tú
L	1836	Esto queda entre tu y yo.
M	1836	TU_TILDE	5	17	19	Other	El pronombre personal <suggestion>tú</suggestion> lleva tilde.	tú
L	1837	Tu hermana es como tu.
M	1837	TU_TILDE	5	19	21	Other	El pronombre personal <suggestion>tú</suggestion> lleva tilde.	tú
L	1838	¿Construiste eso tu solo?
M	1838	TU_TILDE	5	17	19	Other	El pronombre personal <suggestion>tú</suggestion> lleva tilde.	tú
L	1839	Pues tu la bajas.
M	1839	TU_TILDE	5	5	7	Other	El pronombre personal <suggestion>tú</suggestion> lleva tilde.	tú
L	1840	Me alegra tu feliz vuelta al trabajo.
L	1841	Me alegra tu vuelta al trabajo.
L	1842	Es tu hermosa gente trabajadora.
L	1843	¿Cómo vas a explicar la razón de tu no asistencia?
L	1844	¡Espero que hayas practicado tu solo de flauta!
L	1845	Me ha sorprendido tu… conjuro.
L	1846	Vi tu... casa.
L	1847	Tu mejor que nadie lo sabes.
M	1847	TU_TILDE	6	0	2	Other	El pronombre personal <suggestion>tú</suggestion> lleva tilde.	Tú
L	1848	Y tu más.
M	1848	TU_TILDE	5	2	4	Other	El pronombre personal <suggestion>tú</suggestion> lleva tilde.	tú
L	1849	Tu mejor amigo es él.
L	1850	Tu más querido amigo.
L	1851	Esta cansado.
M	1851	ESTA_TILDE	1	0	4	Other	Si es del verbo 'estar', se escribe con tilde.	Está
L	1852	Esta muy cansado.
M	1852	ESTA_TILDE	1	0	4	Other	Si es del verbo 'estar', se escribe con tilde.	Está
L	1853	Esta agotado.
M	1853	ESTA_TILDE	1	0	4	Other	Si es del verbo 'estar', se escribe con tilde.	Está
L	1854	Los mismos principios de que esta provista tal rama.
M	1854	ESTA_TILDE	1	29	33	Other	Si es del verbo 'estar', se escribe con tilde.	está
L	1855	La persona no esta dispuesta a renunciar.
M	1855	ESTA_TILDE	1	14	18	Other	Si es del verbo 'estar', se escribe con tilde.	está
L	1856	Lo que haces esta completamente garantizado.
M	1856	ESTA_TILDE	1	13	17	Other	Si es del verbo 'estar', se escribe con tilde.	está
L	1857	Siempre esta vestida impecable.
M	1857	ESTA_TILDE	1	8	12	Other	Si es del verbo 'estar', se escribe con tilde.	está
L	1858	Esta cada día más chiflada.
M	1858	ESTA_TILDE	1	0	4	Other	Si es del verbo 'estar', se escribe con tilde.	Está
L	1859	Esta revista es antigua.
L	1860	Esta comida es buena.
L	1861	Al ser esta superada.
L	1862	Siendo esta formada por varios miembros
L	1863	cuando sea esta formada por varios miembros
M	1863	UPPERCASE_SENTENCE_START		0	6	Other	Esta frase no empieza con mayúscula.	Cuando
L	1864	entre él y esta querida hija
M	1864	UPPERCASE_SENTENCE_START		0	5	Other	Esta frase no empieza con mayúscula.	Entre
L	1865	Esta pretendida polémica
L	1866	Pero esta repentina y loable disposición hacia la virtud.
L	1867	Al verse esta superada.
L	1868	Esta cantando.
M	1868	ESTA_TILDE	2	0	4	Other	Si es del verbo 'estar', se escribe con tilde.	Está
L	1869	Esta siempre corriendo.
M	1869	ESTA_TILDE	2	0	4	Other	Si es del verbo 'estar', se escribe con tilde.	Está
L	1870	Esta esperando.
M	1870	ESTA_TILDE	2	0	4	Other	Si es del verbo 'estar', se escribe con tilde.	Está
L	1871	¿Qué esta haciendo esta silla aquí?
M	1871	ESTA_TILDE	2	5	9	Other	Si es del verbo 'estar', se escribe con tilde.	está
L	1872	El niño esta en la guardería.
M	1872	ESTA_TILDE	3	8	12	Other	Si es del verbo 'estar', se escribe con tilde.	está
L	1873	Esta en la guardería.
M	1873	ESTA_TILDE	3	0	4	Other	Si es del verbo 'estar', se escribe con tilde.	Está
L	1874	Esta en aquella.
M	1874	ESTA_TILDE	3	0	4	Other	Si es del verbo 'estar', se escribe con tilde.	Está
L	1875	Lo que esta aquí.
M	1875	ESTA_TILDE	3	7	11	Other	Si es del verbo 'estar', se escribe con tilde.	está
L	1876	En un pequeño promontorio esta la Catedral.
M	1876	ESTA_TILDE	3	26	30	Other	Si es del verbo 'estar', se escribe con tilde.	está
L	1877	Y esta todo bien.
M	1877	ESTA_TILDE	3	2	6	Other	Si es del verbo 'estar', se escribe con tilde.	está
L	1878	En el mesón que esta junto al Prado.
M	1878	ESTA_TILDE	3	16	20	Other	Si es del verbo 'estar', se escribe con tilde.	está
L	1879	París esta en Francia.
M	1879	ESTA_TILDE	3	6	10	Other	Si es del verbo 'estar', se escribe con tilde.	está
L	1880	¿Quién esta en esta habitación?
M	1880	ESTA_TILDE	3	7	11	Other	Si es del verbo 'estar', se escribe con tilde.	está
L	1881	Esta totalmente en contra de la explotación infantil.
M	1881	ESTA_TILDE	3	0	4	Other	Si es del verbo 'estar', se escribe con tilde.	Está
L	1882	Uno esta en Nueva York, pero los otros están en Londres.
M	1882	ESTA_TILDE	3	4	8	Other	Si es del verbo 'estar', se escribe con tilde.	está
L	1883	¿Dónde esta ese gran padre ahora?
M	1883	ESTA_TILDE	3	7	11	Other	Si es del verbo 'estar', se escribe con tilde.	está
L	1884	Sustituye a esta en la jerarquía.
L	1885	aunque esta en realidad no lo sea
M	1885	UPPERCASE_SENTENCE_START		0	6	Other	Esta frase no empieza con mayúscula.	Aunque
L	1886	Tras esta en 1954
L	1887	Ante esta en mayo
L	1888	Finalizada esta en 1445,
L	1889	Se une con esta en sus puntos extremos
L	1890	Al contraponer esta con aquella.
M	1890	ESTA_TILDE	4	15	19	Other	Si es del verbo 'estar', se escribe con tilde.	está
L	1891	Se divide esta entre la suma de los pesos.
L	1892	siendo esta uno de los mejores ejemplos
M	1892	UPPERCASE_SENTENCE_START		0	6	Other	Esta frase no empieza con mayúscula.	Siendo
L	1893	es esta una de las mejores
M	1893	UPPERCASE_SENTENCE_START		0	2	Other	Esta frase no empieza con mayúscula.	Es
L	1894	por ser esta la casa matriz
M	1894	UPPERCASE_SENTENCE_START		0	3	Other	Esta frase no empieza con mayúscula.	Por
L	1895	No ha sido esta la vía elegida.
L	1896	Habrá muchas escenas como esta en los próximos programas.
L	1897	Tome esta usted.
L	1898	Esta más bien parece la prima.
L	1899	La gente protesta y no esta de acuerdo con las cosas que están mal.
M	1899	ESTA_TILDE	4	23	27	Other	Si es del verbo 'estar', se escribe con tilde.	está
L	1900	La persona encargada esta de vacaciones.
M	1900	ESTA_TILDE	4	21	25	Other	Si es del verbo 'estar', se escribe con tilde.	está
L	1901	La ciudad donde se crió esta al este de Osaka.
M	1901	MONOSILABOS	1	19	23	Other	Según las normas ortográficas actuales, los monosílabos no llevan tilde.	crio
M	1901	ESTA_TILDE	4	24	28	Other	Si es del verbo 'estar', se escribe con tilde.	está
L	1902	Ahora esta sin blanca.
M	1902	ESTA_TILDE	4	6	10	Other	Si es del verbo 'estar', se escribe con tilde.	está
L	1903	La persona encargada esta con el cliente.
M	1903	ESTA_TILDE	4	21	25	Other	Si es del verbo 'estar', se escribe con tilde.	está
L	1904	Me gusta esta sin el botón.
L	1905	Esta de aquí es la mejor.
L	1906	Conoce las posibilidades de invierno y combina esta con otras prendas.
L	1907	en otra carta, esta de sólo cuatro páginas
M	1907	UPPERCASE_SENTENCE_START		0	2	Other	Esta frase no empieza con mayúscula.	En
M	1907	ESTA_TILDE	4	15	19	Other	Si es del verbo 'estar', se escribe con tilde.	está
M	1907	SOLO	1	23	27	Other	La tilde es innecesaria según la norma actual. Con el sentido de "solamente" (adv.), cuando hay riesgo de ambigüedad con el adj. "solo", puede escribirse "sólo" (DRAE).	solo|solamente|únicamente
L	1908	Esta sin duda es preciosa.
L	1909	y en mi propósito he visto esta de Hugo
M	1909	UPPERCASE_SENTENCE_START		0	1	Other	Esta frase no empieza con mayúscula.	Y
L	1910	Tanto esta como el resto de actividades son gratuitas.
L	1911	Esta como bien podéis observar ha salido de forma nefasta.
L	1912	Esta crítica esta completamente fuera de lugar.
M	1912	ESTA_TILDE	5	13	17	Other	Si es del verbo 'estar', se escribe con tilde.	está
L	1913	La crítica que haces esta fuera de lugar.
M	1913	ESTA_TILDE	5	21	25	Other	Si es del verbo 'estar', se escribe con tilde.	está
L	1914	Esta fuera la mejor.
M	1914	ESTA_TILDE	5	0	4	Other	Si es del verbo 'estar', se escribe con tilde.	Está
L	1915	Aunque esta fuera la mejor.
L	1916	Le daba igual que esta fuera el esperanto u otra lengua.
L	1917	Esta cerca la construyó mi padre.
L	1918	aunque esta fuera extremadamente buena
M	1918	UPPERCASE_SENTENCE_START		0	6	Other	Esta frase no empieza con mayúscula.	Aunque
L	1919	Esta disponible.
M	1919	ESTA_TILDE	6	0	4	Other	Si es del verbo 'estar', se escribe con tilde.	Está
L	1920	Esta muy bonito.
M	1920	ESTA_TILDE	6	0	4	Other	Si es del verbo 'estar', se escribe con tilde.	Está
L	1921	Esta preciosa.
M	1921	ESTA_TILDE	6	0	4	Other	Si es del verbo 'estar', se escribe con tilde.	Está
L	1922	Tu cuenta esta vacía.
M	1922	ESTA_TILDE	6	10	14	Other	Si es del verbo 'estar', se escribe con tilde.	está
L	1923	¿Tom esta todavía despierto?
M	1923	ESTA_TILDE	6	5	9	Other	Si es del verbo 'estar', se escribe con tilde.	está
L	1924	Esta cien por cien seguro.
M	1924	ESTA_TILDE	3	0	4	Other	Si es del verbo 'estar', se escribe con tilde.	Está
L	1925	Aún no esta muy claro.
M	1925	ESTA_TILDE	6	7	11	Other	Si es del verbo 'estar', se escribe con tilde.	está
L	1926	El interior no esta frío.
M	1926	ESTA_TILDE	6	15	19	Other	Si es del verbo 'estar', se escribe con tilde.	está
L	1927	Si la comida esta fría, ponla en el microondas.
M	1927	ESTA_TILDE	6	13	17	Other	Si es del verbo 'estar', se escribe con tilde.	está
L	1928	El bebé esta despierto.
M	1928	ESTA_TILDE	6	8	12	Other	Si es del verbo 'estar', se escribe con tilde.	está
L	1929	La niña esta despierta.
M	1929	ESTA_TILDE	6	8	12	Other	Si es del verbo 'estar', se escribe con tilde.	está
L	1930	Su trabajo esta ahora completo.
M	1930	ESTA_TILDE	6	11	15	Other	Si es del verbo 'estar', se escribe con tilde.	está
L	1931	Esta preciosa y antigua casa
L	1932	Esta preciosa casa es muy antiga.
M	1932	MORFOLOGIK_RULE_ES		26	32	UnknownWord	Se ha encontrado un posible error ortográfico.	antigua|antoja|cantiga|antia|Antigua|antiguá|antigás|antojá|artiga|artigá
L	1933	En esta tercera ocasión.
L	1934	Esta tercera decisión fue la definitiva.
L	1935	Esta última es la mejor
L	1936	Esta es preciosa.
L	1937	Esta música era interpretada por la banda.
L	1938	Pensamos que esta pobre Europa.
L	1939	La conversación que he tenido esta misma mañana.
L	1940	Esta mañana temprano.
L	1941	Ya que esta afecta a todos.
L	1942	Otra revista, esta mucho más moderna, con cierto renombre es Gigamesh
M	1942	MORFOLOGIK_RULE_ES		61	69	UnknownWord	Se ha encontrado un posible error ortográfico.	Gilgamesh
L	1943	Esta panda de inútiles
L	1944	Quiero comprar esta campera.
L	1945	Aunque esta fuera la mejor.
L	1946	Sobre todo si esta fuera multianual.
L	1947	Esta expresa sus sentimientos.
L	1948	Me harás esta cosa y esta otra.
L	1949	La Biblia esta llena de errores.
M	1949	ESTA_TILDE	6	10	14	Other	Si es del verbo 'estar', se escribe con tilde.	está
L	1950	Ella esta casada y tiene tres hijos.
M	1950	ESTA_TILDE	7	5	9	Other	Si es del verbo 'estar', se escribe con tilde.	está
L	1951	como saber si mi hipoteca esta metida en esa primera titulación
M	1951	UPPERCASE_SENTENCE_START		0	4	Other	Esta frase no empieza con mayúscula.	Como
M	1951	ESTA_TILDE	7	26	30	Other	Si es del verbo 'estar', se escribe con tilde.	está
L	1952	Esta ausente en "Jade con Beck" y "El Wood", hasta ahora.
M	1952	ESTA_TILDE	7	0	4	Other	Si es del verbo 'estar', se escribe con tilde.	Está
L	1953	Se siente bien aunque todavía esta verde.
M	1953	ESTA_TILDE	7	30	34	Other	Si es del verbo 'estar', se escribe con tilde.	está
L	1954	El comentario ha sido enviado y ahora esta pendiente de revisión.
M	1954	ESTA_TILDE	7	38	42	Other	Si es del verbo 'estar', se escribe con tilde.	está
L	1955	Que yo sepa, todavía no esta casada.
M	1955	ESTA_TILDE	7	24	28	Other	Si es del verbo 'estar', se escribe con tilde.	está
L	1956	Que yo sepa, todavía esta casada.
M	1956	ESTA_TILDE	7	21	25	Other	Si es del verbo 'estar', se escribe con tilde.	está
L	1957	Esta película esta basada en una novela.
M	1957	ESTA_TILDE	7	14	18	Other	Si es del verbo 'estar', se escribe con tilde.	está
L	1958	Esta copia esta llena de errores.
M	1958	ESTA_TILDE	6	11	15	Other	Si es del verbo 'estar', se escribe con tilde.	está
L	1959	Esta pendiente es demasiado pronunciada.
L	1960	Pélame esta naranja.
L	1961	Esta rosa silvestre desprende un aroma dulce.
L	1962	Esta madrugada no será posible.
L	1963	¿Cuánto te está costando esta llamada?
L	1964	¿Dónde has encontrado esta lista?
L	1965	Es posible alargar infinitamente esta lista.
L	1966	Soportarán esta subida ellos mismos.
L	1967	No estoy seguro de ganar esta partida.
L	1968	Esta llamada a revisión solo se ha llevado a cabo en Estados Unidos.
L	1969	Esta lavadora me ha dado un sinfín de problemas.
L	1970	Esta licenciada y examinada por la agencia Texas Office.
M	1970	ESTA_TILDE	7	0	4	Other	Si es del verbo 'estar', se escribe con tilde.	Está
L	1971	Es afiliada al IESS y esta embarazada.
M	1971	ESTA_TILDE	7	22	26	Other	Si es del verbo 'estar', se escribe con tilde.	está
L	1972	Cuando se esta embarazada todo cambia.
M	1972	ESTA_TILDE	7	10	14	Other	Si es del verbo 'estar', se escribe con tilde.	está
L	1973	Esta pedida por su madre.
M	1973	ESTA_TILDE	7	0	4	Other	Si es del verbo 'estar', se escribe con tilde.	Está
L	1974	Cada transformación de energía esta asociada con una pérdida de energía en forma de calor.
M	1974	ESTA_TILDE	7	31	35	Other	Si es del verbo 'estar', se escribe con tilde.	está
L	1975	Esta llamada a ser la mejor.
M	1975	ESTA_TILDE	7	0	4	Other	Si es del verbo 'estar', se escribe con tilde.	Está
L	1976	Una parte de la cual esta basada en Papá corazón.
M	1976	ESTA_TILDE	7	21	25	Other	Si es del verbo 'estar', se escribe con tilde.	está
L	1977	¿Esta lista?
M	1977	ESTA_TILDE	7	1	5	Other	Si es del verbo 'estar', se escribe con tilde.	Está
L	1978	Para saber cuando esta lista, tienes que notar que el líquido deja de transparentarse
M	1978	ESTA_TILDE	7	18	22	Other	Si es del verbo 'estar', se escribe con tilde.	está
L	1979	Esta lista es mi lista de la compra.
L	1980	La mitad de mi uña que esta pegada al dedo.
M	1980	ESTA_TILDE	7	23	27	Other	Si es del verbo 'estar', se escribe con tilde.	está
L	1981	Su nueva novela esta basada en sus experiencias personales.
M	1981	ESTA_TILDE	7	16	20	Other	Si es del verbo 'estar', se escribe con tilde.	está
L	1982	Esta subida en la silla.
M	1982	ESTA_TILDE	7	0	4	Other	Si es del verbo 'estar', se escribe con tilde.	Está
L	1983	Esta subida a la silla.
M	1983	ESTA_TILDE	7	0	4	Other	Si es del verbo 'estar', se escribe con tilde.	Está
L	1984	Esta subida en los precios es inexplicable.
L	1985	Esta partida por la mitad.
M	1985	ESTA_TILDE	7	0	4	Other	Si es del verbo 'estar', se escribe con tilde.	Está
L	1986	¡Piscis esta enamorada!
M	1986	ESTA_TILDE	7	8	12	Other	Si es del verbo 'estar', se escribe con tilde.	está
L	1987	Esta lista no está en orden alfabético y por eso es difícil de leer.
L	1988	Los que integran esta lista, pero no pueden venir.
L	1989	La Biblia esta llena de errores.
M	1989	ESTA_TILDE	6	10	14	Other	Si es del verbo 'estar', se escribe con tilde.	está
L	1990	Los lunes la tienda esta cerrada.
M	1990	ESTA_TILDE	8	20	24	Other	Si es del verbo 'estar', se escribe con tilde.	está
L	1991	Ella esta casada y tiene tres hijos.
M	1991	ESTA_TILDE	7	5	9	Other	Si es del verbo 'estar', se escribe con tilde.	está
L	1992	como saber si mi hipoteca esta metida en esa primera titulación
M	1992	UPPERCASE_SENTENCE_START		0	4	Other	Esta frase no empieza con mayúscula.	Como
M	1992	ESTA_TILDE	7	26	30	Other	Si es del verbo 'estar', se escribe con tilde.	está
L	1993	Esta ausente en "Jade con Beck" y "El Wood", hasta ahora.
M	1993	ESTA_TILDE	7	0	4	Other	Si es del verbo 'estar', se escribe con tilde.	Está
L	1994	Se siente bien aunque todavia esta verde.
M	1994	MORFOLOGIK_RULE_ES		22	29	UnknownWord	Se ha encontrado un posible error ortográfico.	todavía
M	1994	ESTA_TILDE	7	30	34	Other	Si es del verbo 'estar', se escribe con tilde.	está
L	1995	El comentario ha sido enviado y ahora esta pendiente de revisión.
M	1995	ESTA_TILDE	7	38	42	Other	Si es del verbo 'estar', se escribe con tilde.	está
L	1996	Esta pendiente es demasiado pronunciada.
L	1997	Pélame esta naranja.
L	1998	Esta rosa silvestre desprende un aroma dulce.
L	1999	Esta madrugada no será posible.
L	2000	¿Cuánto te está costando esta llamada?
L	2001	¿Dónde has encontrado esta lista?
L	2002	Es posible alargar infinitamente esta lista.
L	2003	Soportarán esta subida ellos mismos.
L	2004	No estoy seguro de ganar esta partida.
L	2005	Esta llamada a revisión solo se ha llevado a cabo en Estados Unidos.
L	2006	Esta lavadora me ha dado un sinfín de problemas.
L	2007	esta licenciada y examinada por la agencia Texas Office
M	2007	ESTA_TILDE	7	0	4	Other	Si es del verbo 'estar', se escribe con tilde.	está
L	2008	es afiliada al IESS y esta embarazada
M	2008	UPPERCASE_SENTENCE_START		0	2	Other	Esta frase no empieza con mayúscula.	Es
M	2008	ESTA_TILDE	7	22	26	Other	Si es del verbo 'estar', se escribe con tilde.	está
L	2009	cuando se esta embarazada todo cambia
M	2009	UPPERCASE_SENTENCE_START		0	6	Other	Esta frase no empieza con mayúscula.	Cuando
M	2009	ESTA_TILDE	7	10	14	Other	Si es del verbo 'estar', se escribe con tilde.	está
L	2010	esta pedida por su madre
M	2010	ESTA_TILDE	7	0	4	Other	Si es del verbo 'estar', se escribe con tilde.	está
L	2011	Cada transformación de energía esta asociada con una pérdida de energía en forma de calor.
M	2011	ESTA_TILDE	7	31	35	Other	Si es del verbo 'estar', se escribe con tilde.	está
L	2012	la cual esta basada en Papá corazón
M	2012	UPPERCASE_SENTENCE_START		0	2	Other	Esta frase no empieza con mayúscula.	La
M	2012	ESTA_TILDE	7	8	12	Other	Si es del verbo 'estar', se escribe con tilde.	está
L	2013	Esta lista es mi lista de la compra.
L	2014	la mitad de mi uña que esta pegada al dedo
M	2014	UPPERCASE_SENTENCE_START		0	2	Other	Esta frase no empieza con mayúscula.	La
M	2014	ESTA_TILDE	7	23	27	Other	Si es del verbo 'estar', se escribe con tilde.	está
L	2015	su nueva novela esta basada en sus experiencias personales.
M	2015	UPPERCASE_SENTENCE_START		0	2	Other	Esta frase no empieza con mayúscula.	Su
M	2015	ESTA_TILDE	7	16	20	Other	Si es del verbo 'estar', se escribe con tilde.	está
L	2016	Esta subida en los precios es inexplicable.
L	2017	¡Piscis esta enamorada!
M	2017	ESTA_TILDE	7	8	12	Other	Si es del verbo 'estar', se escribe con tilde.	está
L	2018	Esta loca no sabe lo que hace.
L	2019	Aun sale que esta protegida contra escritura.
M	2019	AUN2	3	0	3	Other	Se escribe con tilde si equivale a 'todavía'. Se escribe sin tilde si significa 'hasta' o 'incluso'.	Aún
M	2019	ESTA_TILDE	8	13	17	Other	Si es del verbo 'estar', se escribe con tilde.	está
L	2020	Después de toda esta recogida de datos.
L	2021	La imagen que se proyecta en la retina esta invertida.
M	2021	ESTA_TILDE	8	39	43	Other	Si es del verbo 'estar', se escribe con tilde.	está
L	2022	Esta feliz de seguir vivo.
M	2022	ESTA_TILDE	8	0	4	Other	Si es del verbo 'estar', se escribe con tilde.	Está
L	2023	No puedo ordeñar esta vaca, esta enferma.
M	2023	ESTA_TILDE	8	28	32	Other	Si es del verbo 'estar', se escribe con tilde.	está
L	2024	A las 9, esta tienda esta cerrada.
M	2024	ESTA_TILDE	8	21	25	Other	Si es del verbo 'estar', se escribe con tilde.	está
L	2025	¿Esta lista?
M	2025	ESTA_TILDE	7	1	5	Other	Si es del verbo 'estar', se escribe con tilde.	Está
L	2026	Para saber cuando esta lista, tienes que notar que el líquido deja de transparentarse
M	2026	ESTA_TILDE	7	18	22	Other	Si es del verbo 'estar', se escribe con tilde.	está
L	2027	Ya esta vieja.
M	2027	ESTA_TILDE	9	3	7	Other	Si es del verbo 'estar', se escribe con tilde.	está
L	2028	El chico esta solo.
M	2028	ESTA_TILDE	9	9	13	Other	Si es del verbo 'estar', se escribe con tilde.	está
L	2029	La chica esta sola.
M	2029	ESTA_TILDE	6	9	13	Other	Si es del verbo 'estar', se escribe con tilde.	está
L	2030	Esta manzana esta mala.
M	2030	ESTA_TILDE	9	13	17	Other	Si es del verbo 'estar', se escribe con tilde.	está
L	2031	Esta lista es mi lista de la compra.
L	2032	Con este vídeo y esta cara de felicidad.
L	2033	Dijeron que expandirían esta bebida y es así.
L	2034	Nos gusta compartir esta velada con ustedes.
L	2035	La que ya tienes y esta nueva que vas a comprar
L	2036	Esta solo es una cosa rutinaria.
L	2037	Si supiéramos cómo esta.
M	2037	ESTA_TILDE	10	19	23	Other	Si es del verbo 'estar', se escribe con tilde.	está
L	2038	Quita de aquí esta basura.
L	2039	para inmediatamente ver cómo esta se deshacía en mi dedo
M	2039	UPPERCASE_SENTENCE_START		0	4	Other	Esta frase no empieza con mayúscula.	Para
L	2040	Y no hablo de páginas con nombres ridículos cómo esta, hablo de libros escritos por médicos.
M	2040	COMO_COMPARATIVO	1	44	48	Other	Si es un comparativo, se escribe sin tilde.	como
M	2040	ESTA_TILDE	10	49	53	Other	Si es del verbo 'estar', se escribe con tilde.	está
L	2041	¿Sabes a qué altura esta la calle?
M	2041	ESTA_TILDE	3	20	24	Other	Si es del verbo 'estar', se escribe con tilde.	está
L	2042	Yo sé por qué Tom esta feliz.
M	2042	ESTA_TILDE	11	18	22	Other	Si es del verbo 'estar', se escribe con tilde.	está
L	2043	Yo sé por qué esta casa es tan bonita.
L	2044	¡Qué buena esta!
M	2044	ESTA_TILDE	12	11	15	Other	Si es del verbo 'estar', se escribe con tilde.	está
L	2045	¡Qué cerca esta!
M	2045	ESTA_TILDE	12	11	15	Other	Si es del verbo 'estar', se escribe con tilde.	está
L	2046	¿Sabes a qué distancia esta Australia de Nueva Zelanda?
M	2046	ESTA_TILDE	12	23	27	Other	Si es del verbo 'estar', se escribe con tilde.	está
L	2047	¿De qué trata esta historia?
L	2048	¡Qué mierda esta gelatina de pescado vuestra!
L	2049	Esta todo muy mal.
M	2049	ESTA_TILDE	3	0	4	Other	Si es del verbo 'estar', se escribe con tilde.	Está
L	2050	Esta 100% seguro.
M	2050	ESTA_TILDE	13	0	4	Other	Si es del verbo 'estar', se escribe con tilde.	Está
L	2051	Esta 100 % seguro.
M	2051	ESTA_TILDE	14	0	4	Other	Si es del verbo 'estar', se escribe con tilde.	Está
L	2052	El cabo esta 30 millas al sur.
M	2052	ESTA_TILDE	15	8	12	Other	Si es del verbo 'estar', se escribe con tilde.	está
L	2053	Dónde esta Daniel Centeno.
M	2053	ESTA_TILDE	16	6	10	Other	Si es del verbo 'estar', se escribe con tilde.	está
L	2054	A pesar de esta Daniel se fue.
M	2054	AGREEMENT_DET_NOUN	1	11	22	Other	Error de concordancia.	este Daniel
L	2055	¿Cómo esta?
M	2055	ESTA_TILDE	10	6	10	Other	Si es del verbo 'estar', se escribe con tilde.	está
L	2056	¿Dónde esta, Gabriela?
M	2056	ESTA_TILDE	17	7	11	Other	Si es del verbo 'estar', se escribe con tilde.	está
L	2057	¿Dónde esta Gabriela?
M	2057	ESTA_TILDE	17	7	11	Other	Si es del verbo 'estar', se escribe con tilde.	está
L	2058	¿Dónde esta tu padre?
M	2058	ESTA_TILDE	3	7	11	Other	Si es del verbo 'estar', se escribe con tilde.	está
L	2059	¿Dónde esta mamá?
M	2059	ESTA_TILDE	17	7	11	Other	Si es del verbo 'estar', se escribe con tilde.	está
L	2060	¿Como esta?
M	2060	HOLA_COMO_ESTAS	10	1	10	Other	Posible error ortográfico.	Cómo está
L	2061	de cómo esta célula se regulan
M	2061	UPPERCASE_SENTENCE_START		0	2	Other	Esta frase no empieza con mayúscula.	De
L	2062	grandes polos financieros, donde esta actividad es la principal
M	2062	UPPERCASE_SENTENCE_START		0	7	Other	Esta frase no empieza con mayúscula.	Grandes
L	2063	por debajo del lugar donde esta se divide en sus dos ramas
M	2063	UPPERCASE_SENTENCE_START		0	3	Other	Esta frase no empieza con mayúscula.	Por
M	2063	ESTA_TILDE	22	27	31	Other	Si es del verbo 'estar', se escribe con tilde.	está
L	2064	para ver cómo esta se deshacía
M	2064	UPPERCASE_SENTENCE_START		0	4	Other	Esta frase no empieza con mayúscula.	Para
L	2065	Está claro por qué le duele el estómago.
L	2066	Si esta parte es afirmativa, ¿por qué esta otra es una pregunta?
L	2067	¿Por qué esta región del Noroeste está siendo tan fuertemente impactada?
L	2068	Juan Carlos no esta.
M	2068	ESTA_TILDE	10	15	19	Other	Si es del verbo 'estar', se escribe con tilde.	está
L	2069	Escrito esta.
M	2069	ESTA_TILDE	19	8	12	Other	Si es del verbo 'estar', se escribe con tilde.	está
L	2070	Lo que hice, hecho esta.
M	2070	ESTA_TILDE	19	19	23	Other	Si es del verbo 'estar', se escribe con tilde.	está
L	2071	Claro esta, si tú lo dices.
M	2071	ESTA_TILDE	19	6	10	Other	Si es del verbo 'estar', se escribe con tilde.	está
L	2072	Es una mentira, en especial esta.
L	2073	La situación esta más allá de mi control
M	2073	ESTA_TILDE	20	13	17	Other	Si es del verbo 'estar', se escribe con tilde.	está
L	2074	No nos había sido posible ganar ni la temporada pasada ni esta pese a ser un equipo de nuestro nivel.
L	2075	Haciendo que esta aparte de chat y todos los beneficios de las redes tenga video chat.
M	2075	NO_SEPARADO	33	75	85	Other	Se escribe junto.	videochat
L	2076	Ella esta envidiosa.
M	2076	ESTA_TILDE	21	5	9	Other	Si es del verbo 'estar', se escribe con tilde.	está
L	2077	¿Vendrá él esta noche?
L	2078	Tom exige que me vaya a encontrar con él esta tarde.
L	2079	¿Tenemos que hacer esto esta noche?
L	2080	Yo le escribo a ella esta carta.
L	2081	No esta noche, tengo dolor de cabeza.
L	2082	Todo el mundo sabe dónde esta Australia.
M	2082	ESTA_TILDE	22	25	29	Other	Si es del verbo 'estar', se escribe con tilde.	está
L	2083	Todo el mundo sabe dónde esta Mary.
M	2083	ESTA_TILDE	22	25	29	Other	Si es del verbo 'estar', se escribe con tilde.	está
L	2084	Si supiéramos dónde esta.
M	2084	ESTA_TILDE	22	20	24	Other	Si es del verbo 'estar', se escribe con tilde.	está
L	2085	Quiero ir donde esta comida es tradicional.
L	2086	La mamá esta enfadada.
M	2086	ESTA_TILDE	1	8	12	Other	Si es del verbo 'estar', se escribe con tilde.	está
L	2087	Un día esta oruga se convertirá en una hermosa mariposa.
L	2088	Mira esta foto de mi familia.
L	2089	Parto esta noche.
L	2090	Quita esta mesa.
L	2091	Comparte esta noticia con tus contactos.
L	2092	Su actuación esta vez fue francamente afortunada.
L	2093	Miro esta flor.
L	2094	La oficina de correos esta media milla más allá.
M	2094	ESTA_TILDE	24	22	26	Other	Si es del verbo 'estar', se escribe con tilde.	está
L	2095	Mi reloj esta cinco minutos adelantado.
M	2095	ESTA_TILDE	23	9	13	Other	Si es del verbo 'estar', se escribe con tilde.	está
L	2096	Esta segunda temporada promete mucho más.
L	2097	Fue pasada esta hora cuando oyeron la campana.
L	2098	Esta hora que es como un cambio.
L	2099	Deja la habitación como esta.
M	2099	ESTA_TILDE	25	24	28	Other	Si es del verbo 'estar', se escribe con tilde.	está
L	2100	Creo que es mejor que lo dejemos como esta.
M	2100	ESTA_TILDE	25	38	42	Other	Si es del verbo 'estar', se escribe con tilde.	está
L	2101	¿Esta lista la habitación?
M	2101	ESTA_TILDE	26	1	5	Other	Si es del verbo 'estar', se escribe con tilde.	Está
L	2102	Estás casas son verdes.
M	2102	ESTAS_NO_TILDE	1	0	5	Other	Posible confusión. ¿Quería decir <suggestion>Estas</suggestion>? Si no, revise la puntuación.	Estas
L	2103	Las tres cajas estás para María están rotas.
M	2103	ESTAS_NO_TILDE	1	15	20	Other	Posible confusión. ¿Quería decir <suggestion>estas</suggestion>? Si no, revise la puntuación.	estas
L	2104	Estás solo buscan hombres.
M	2104	ESTAS_NO_TILDE	1	0	5	Other	Posible confusión. ¿Quería decir <suggestion>Estas</suggestion>? Si no, revise la puntuación.	Estas
L	2105	Arreglar está avería será muy caro.
M	2105	ESTAS_NO_TILDE	1	9	13	Other	Posible confusión. ¿Quería decir <suggestion>esta</suggestion>? Si no, revise la puntuación.	esta
L	2106	Tal y como está es incorrecto.
L	2107	No está claro cuándo desapareció.
L	2108	Estás haciendo buen uso de tu autoridad.
L	2109	Estás haciendo mal uso de tu autoridad.
L	2110	Tom está estacionando la van.
L	2111	Siempre está soñando despierto.
L	2112	Mary está hasta el moño de tú ya sabes quién.
L	2113	Tom está estimando cuánto dinero va a necesitar para terminar la casa.
L	2114	Tom está llevando gafas de sol.
L	2115	Tom está impaciente por saber cuántos años de condena le caerán.
L	2116	No estás completamente seguro de qué lado de la valla es un sueño.
L	2117	Son verdes estás casas.
M	2117	ESTAS_NO_TILDE	2	11	16	Other	Posible confusión. ¿Quería decir <suggestion>estas</suggestion>? Si no, revise la puntuación.	estas
L	2118	Son para María las tres cajas estás.
M	2118	ESTAS_NO_TILDE	2	30	35	Other	Posible confusión. ¿Quería decir <suggestion>estas</suggestion>? Si no, revise la puntuación.	estas
L	2119	Es para María está caja.
M	2119	ESTAS_NO_TILDE	2	14	18	Other	Posible confusión. ¿Quería decir <suggestion>esta</suggestion>? Si no, revise la puntuación.	esta
L	2120	Te mando está oración cuando menos te lo esperes.
M	2120	ESTAS_NO_TILDE	2	9	13	Other	Posible confusión. ¿Quería decir <suggestion>esta</suggestion>? Si no, revise la puntuación.	esta
L	2121	Mientras estés hablándome está bien.
L	2122	No tengo idea por qué Tom está tan nervioso.
L	2123	Ignoro por qué Mary está tan obsesionada con el número 6.
L	2124	Taro no siempre está aquí.
L	2125	Yo sé por qué Tom está ocupado.
L	2126	Está misma mañana.
M	2126	ESTAS_NO_TILDE	3	0	4	Other	Posible confusión. ¿Quería decir <suggestion>Esta</suggestion>?	Esta
L	2127	Deberías ira clase.
M	2127	IRA_TILDE	1	9	12	Other	¿Quería decir <suggestion>ir a</suggestion>?	ir a
L	2128	Sabe cómo ira armado.
M	2128	IRA_TILDE	2	10	13	Other	Si es del verbo 'ir', se escribe con tilde. Correcto si es un nombre con el sentido de 'indignación, furia'.	irá
M	2128	AGREEMENT_POSTPONED_ADJ	3	14	20	Other	Revise la concordancia de «armado» con los nombres precedentes o revise la puntuación.	armada
L	2129	Dicen que ha sido el IRA Auténtico.
L	2130	Cualquier signo de rechazo e ira dirigido a ellos.
M	2130	IRA_TILDE	2	29	32	Other	Si es del verbo 'ir', se escribe con tilde. Correcto si es un nombre con el sentido de 'indignación, furia'.	irá
L	2131	Se ira a casa pronto.
M	2131	SE	4	0	6	Other	Posible confusión. Si es del v. 'saber' o 'ser' se escribe con tilde.	De ira|Sé ira|Se irá|Se era|Se gira|Se iba|Se mira|Se tira|Se irán|Se iría
L	2132	Sabe cómo ira armado.
M	2132	IRA_TILDE	2	10	13	Other	Si es del verbo 'ir', se escribe con tilde. Correcto si es un nombre con el sentido de 'indignación, furia'.	irá
M	2132	AGREEMENT_POSTPONED_ADJ	3	14	20	Other	Revise la concordancia de «armado» con los nombres precedentes o revise la puntuación.	armada
L	2133	Conseguirán aplacar la ira del pueblo.
L	2134	El IRA está en el hipódromo.
L	2135	Sigo pensando que no fue el IRA.
L	2136	La ira viendo cuando pueda.
M	2136	IRA_TILDE	4	3	6	Other	Si es del verbo 'ir', se escribe con tilde. Correcto si es un nombre con el sentido de 'indignación, furia'.	irá
L	2137	Está en germen e ira creciendo.
M	2137	IRA_TILDE	4	17	20	Other	Si es del verbo 'ir', se escribe con tilde. Correcto si es un nombre con el sentido de 'indignación, furia'.	irá
L	2138	¿Estas bien?
M	2138	ESTAS_TILDE2	1	1	6	Other	Si es del verbo 'estar', se escribe con tilde.	Estás
L	2139	Ahora estas cansado.
M	2139	ESTAS_TILDE	1	6	11	Other	Si es del verbo 'estar', se escribe con tilde.	estás
L	2140	Si estas interesado escríbeme.
M	2140	ESTAS_TILDE	1	3	8	Other	Si es del verbo 'estar', se escribe con tilde.	estás
L	2141	Ahora estas un poco baja de moral.
M	2141	ESTAS_TILDE	1	6	11	Other	Si es del verbo 'estar', se escribe con tilde.	estás
L	2142	¿Ahora estas contenta?
M	2142	ESTAS_TILDE	1	7	12	Other	Si es del verbo 'estar', se escribe con tilde.	estás
L	2143	Se nota que estas inquieta.
M	2143	ESTAS_TILDE	1	12	17	Other	Si es del verbo 'estar', se escribe con tilde.	estás
L	2144	Piensas que estas despierto, pero estás soñando.
M	2144	ESTAS_TILDE	1	12	17	Other	Si es del verbo 'estar', se escribe con tilde.	estás
L	2145	Te crees perfecta, pero estas lejos de serlo.
M	2145	ESTAS_TILDE	1	24	29	Other	Si es del verbo 'estar', se escribe con tilde.	estás
L	2146	Alguien desordena estas rosas.
L	2147	Estas características añadidas son:
L	2148	Estas ahora no están.
L	2149	Estas troncales son.
L	2150	La acción de estas característica.
M	2150	AGREEMENT_DET_NOUN	2	13	33	Other	Error de concordancia.	esta característica|estas características
L	2151	Estas siempre lo hacen.
L	2152	Acabaron teniendo una bronca descomunal por un quítame allá estas pajas.
L	2153	¿Cómo estas?
M	2153	ESTAS_TILDE	2	6	11	Other	Si es del verbo 'estar', se escribe con tilde.	estás
L	2154	¿Dónde estas, Gabriela?
M	2154	ESTAS_TILDE2	5	7	12	Other	Si es del verbo 'estar', se escribe con tilde.	estás
L	2155	¿Dónde estas Gabriela?
M	2155	ESTAS_TILDE	2	7	12	Other	Si es del verbo 'estar', se escribe con tilde.	estás
L	2156	¿Como estas?
M	2156	HOLA_COMO_ESTAS	10	1	11	Other	Posible error ortográfico.	Cómo estás
L	2157	de cómo estas células se regulan
M	2157	UPPERCASE_SENTENCE_START		0	2	Other	Esta frase no empieza con mayúscula.	De
L	2158	¿Estas haciéndolo?
M	2158	ESTAS_TILDE	3	1	6	Other	Si es del verbo 'estar', se escribe con tilde.	Estás
L	2159	Ejemplos de estas cantando.
L	2160	Algunas como estas corriendo.
L	2161	¿Qué tal estas?
M	2161	ESTAS_TILDE	4	9	14	Other	Si es del verbo 'estar', se escribe con tilde.	estás
L	2162	¿Estas despierto?
M	2162	ESTAS_TILDE	1	1	6	Other	Si es del verbo 'estar', se escribe con tilde.	Estás
L	2163	¿Podrías poner estas en una caja?
L	2164	¿Reconoces estas?
L	2165	¿Estas son las fotos que sacaste en Boston?
L	2166	¿Son velas estas?
L	2167	Se nota que estas con él.
M	2167	ESTAS_TILDE	5	12	17	Other	Si es del verbo 'estar', se escribe con tilde.	estás
L	2168	Pues sí que estas como una regadera.
M	2168	ESTAS_TILDE2	4	12	17	Other	Si es del verbo 'estar', se escribe con tilde.	estás
L	2169	Si alguna vez estas con él.
M	2169	ESTAS_TILDE	6	14	19	Other	Si es del verbo 'estar', se escribe con tilde.	estás
L	2170	No estas con él.
M	2170	ESTAS_TILDE	7	3	8	Other	Si es del verbo 'estar', se escribe con tilde.	estás
L	2171	Tú estas al mando.
M	2171	ESTAS_TILDE	7	3	8	Other	Si es del verbo 'estar', se escribe con tilde.	estás
L	2172	La cueva estaba mal iluminada, las sombras se confundían con las tinieblas, y estas con los murciélagos.
L	2173	Viendo lo moreno que estas, parece que hayas estado en la playa.
M	2173	ESTAS_TILDE	8	21	26	Other	Si es del verbo 'estar', se escribe con tilde.	estás
L	2174	Al parecer estas en lo cierto.
M	2174	ESTAS_TILDE	9	11	16	Other	Si es del verbo 'estar', se escribe con tilde.	estás
L	2175	Si tú estas bien soy feliz.
M	2175	ESTAS_TILDE2	1	6	11	Other	Si es del verbo 'estar', se escribe con tilde.	estás
L	2176	Si tú estas contento yo soy feliz.
M	2176	ESTAS_TILDE2	2	6	11	Other	Si es del verbo 'estar', se escribe con tilde.	estás
L	2177	¡Bueno estas tú hecho!
M	2177	ESTAS_TILDE2	3	7	12	Other	Si es del verbo 'estar', se escribe con tilde.	estás
M	2177	TU_SIN_TILDE	1	13	15	Other	Si es un posesivo, se escribe sin tilde.	tu
L	2178	Una vez que estas dentro ya no puedes salir.
M	2178	ESTAS_TILDE2	4	12	17	Other	Si es del verbo 'estar', se escribe con tilde.	estás
L	2179	Pues sí que estas como una regadera.
M	2179	ESTAS_TILDE2	4	12	17	Other	Si es del verbo 'estar', se escribe con tilde.	estás
L	2180	¡Ahí estas!
M	2180	ESTAS_TILDE2	5	5	10	Other	Si es del verbo 'estar', se escribe con tilde.	estás
L	2181	Pero de verdad, que con columnas como estas, no tiene nada de culto ni distinto.
L	2182	Que no este al tanto.
M	2182	ESTE_TILDE	1	7	11	Other	Si es del verbo estar, se escribe <suggestion>esté</suggestion>.	esté
L	2183	Lo que permite que cualquier negocio este a la vanguardia.
M	2183	ESTE_TILDE	1	37	41	Other	Si es del verbo estar, se escribe <suggestion>esté</suggestion>.	esté
L	2184	Hay muchos que quieren que su país este por encima de ellos.
M	2184	ESTE_TILDE	2	35	39	Other	Si es del verbo estar, se escribe <suggestion>esté</suggestion>.	esté
L	2185	Se le notificará tan pronto este disponible.
M	2185	ESTE_TILDE	3	28	32	Other	Si es del verbo estar, se escribe <suggestion>esté</suggestion>.	esté
L	2186	Que este cansado.
M	2186	QUE_TILDE2	4	0	3	Other	Como adjetivo exclamativo o interrogativo, se escribe con tilde.	Qué
M	2186	ESTE_TILDE	4	4	8	Other	Si es del verbo estar, se escribe <suggestion>esté</suggestion>.	esté
L	2187	Cuando este muy cansado.
M	2187	ESTE_TILDE	4	7	11	Other	Si es del verbo estar, se escribe <suggestion>esté</suggestion>.	esté
L	2188	Cuando este agotado.
M	2188	ESTE_TILDE	4	7	11	Other	Si es del verbo estar, se escribe <suggestion>esté</suggestion>.	esté
L	2189	Aunque este cansada.
M	2189	ESTE_TILDE	4	7	11	Other	Si es del verbo estar, se escribe <suggestion>esté</suggestion>.	esté
L	2190	Cuando tu orden este procesada pedimos la devolución.
M	2190	ESTE_TILDE	4	16	20	Other	Si es del verbo estar, se escribe <suggestion>esté</suggestion>.	esté
L	2191	Este diario es antiguo.
L	2192	cuando este cantando.
M	2192	UPPERCASE_SENTENCE_START		0	6	Other	Esta frase no empieza con mayúscula.	Cuando
M	2192	ESTE_TILDE	5	7	11	Other	Si es del verbo estar, se escribe <suggestion>esté</suggestion>.	esté
L	2193	En donde se este realizando el contrato
M	2193	ESTE_TILDE	5	12	16	Other	Si es del verbo estar, se escribe <suggestion>esté</suggestion>.	esté
L	2194	Tal vez este exagerando.
M	2194	ESTE_TILDE	5	8	12	Other	Si es del verbo estar, se escribe <suggestion>esté</suggestion>.	esté
L	2195	¿Quién tan rico en un reino, como este siendo peregrino?
L	2196	Donde se este.
M	2196	ESTE_TILDE	6	9	13	Other	Si es del verbo estar, se escribe <suggestion>esté</suggestion>.	esté
L	2197	Cuando el niño este en la guardería.
M	2197	ESTE_TILDE	7	15	19	Other	Si es del verbo estar, se escribe <suggestion>esté</suggestion>.	esté
L	2198	Que este en la guardería.
M	2198	ESTE_TILDE	7	4	8	Other	Si es del verbo estar, se escribe <suggestion>esté</suggestion>.	esté
L	2199	Que este cerca de la guardería.
M	2199	ESTE_TILDE	7	4	8	Other	Si es del verbo estar, se escribe <suggestion>esté</suggestion>.	esté
L	2200	Señalando que este mal sería contrario
L	2201	lo que querían, y este lo buscaba
M	2201	UPPERCASE_SENTENCE_START		0	2	Other	Esta frase no empieza con mayúscula.	Lo
L	2202	enlazan el este con el oeste
M	2202	UPPERCASE_SENTENCE_START		0	7	Other	Esta frase no empieza con mayúscula.	Enlazan
L	2203	Un ecosistema como este en la taiga puede ser alto en biomasa.
L	2204	y espacios como este en la Qt DevNet
M	2204	UPPERCASE_SENTENCE_START		0	1	Other	Esta frase no empieza con mayúscula.	Y
M	2204	MORFOLOGIK_RULE_ES		27	29	UnknownWord	Se ha encontrado un posible error ortográfico.	IT|Ot|QR|TT|FT|LT|RT
M	2204	MORFOLOGIK_RULE_ES		30	36	UnknownWord	Se ha encontrado un posible error ortográfico.	Debe|Deben|Debut|Debate|Deber|Debes|Debute|Dente|Devaneo|Deanes|Benet|Debed|Debete|Debite|Debé|Debés|Devane|Devanea|Devanee|Devanen|Devanes|Devaneá|Devaneé|Devaneó|Devané|Devente|Devine|Devánete|Devén|Débante|Débate|Débete|Telnet|Fernet
L	2205	No solo porque se sabe que este lo suele hacer con sus ayudantes.
L	2206	Cuando este disponible.
M	2206	ESTE_TILDE	3	7	11	Other	Si es del verbo estar, se escribe <suggestion>esté</suggestion>.	esté
L	2207	Que este muy bonito.
M	2207	ESTE_TILDE	8	4	8	Other	Si es del verbo estar, se escribe <suggestion>esté</suggestion>.	esté
L	2208	que este preciosa.
M	2208	UPPERCASE_SENTENCE_START		0	3	Other	Esta frase no empieza con mayúscula.	Que
M	2208	ESTE_TILDE	8	4	8	Other	Si es del verbo estar, se escribe <suggestion>esté</suggestion>.	esté
L	2209	Cuando tu cuenta este vacía.
M	2209	ESTE_TILDE	8	17	21	Other	Si es del verbo estar, se escribe <suggestion>esté</suggestion>.	esté
L	2210	Cuando tu compra este lista.
M	2210	ESTE_TILDE	8	17	21	Other	Si es del verbo estar, se escribe <suggestion>esté</suggestion>.	esté
L	2211	No importa que este abierto.
M	2211	ESTE_TILDE	8	15	19	Other	Si es del verbo estar, se escribe <suggestion>esté</suggestion>.	esté
L	2212	No importa que este abierto se haya suspendido.
L	2213	se cree que este mismo papa estuvo interesado
M	2213	UPPERCASE_SENTENCE_START		0	2	Other	Esta frase no empieza con mayúscula.	Se
L	2214	Te miras al espejo, no te agrada lo que este refleja.
L	2215	donde ha sido descrito este parásito en particular
M	2215	UPPERCASE_SENTENCE_START		0	5	Other	Esta frase no empieza con mayúscula.	Donde
L	2216	No es justo que sólo yo de.
M	2216	SOLO	1	16	20	Other	La tilde es innecesaria según la norma actual. Con el sentido de "solamente" (adv.), cuando hay riesgo de ambigüedad con el adj. "solo", puede escribirse "sólo" (DRAE).	solo|solamente|únicamente
M	2216	DE_TILDE	1	24	26	Other	Si es del v. 'dar', se escribe con tilde.	dé
L	2217	No es justo que sólo yo dé.
M	2217	SOLO	1	16	20	Other	La tilde es innecesaria según la norma actual. Con el sentido de "solamente" (adv.), cuando hay riesgo de ambigüedad con el adj. "solo", puede escribirse "sólo" (DRAE).	solo|solamente|únicamente
L	2218	Cuando le de esto.
M	2218	DE_TILDE	2	10	12	Other	Si es del v. 'dar', se escribe con tilde.	dé
L	2219	Cuando les de esto.
M	2219	DE_TILDE	2	11	13	Other	Si es del v. 'dar', se escribe con tilde.	dé
L	2220	Cuando te de esto.
M	2220	DE_TILDE	2	10	12	Other	Si es del v. 'dar', se escribe con tilde.	dé
L	2221	Buena salud te de Dios.
M	2221	DE_TILDE	2	15	17	Other	Si es del v. 'dar', se escribe con tilde.	dé
L	2222	Cuando los de esto.
L	2223	La de es la tercera letra del abecedario.
M	2223	PREP_VERB	4	3	8	Other	Construcción incorrecta.	se es|te es|de e|de ese|de esa|de eso|de mes|de as|de res|de ése
L	2224	Te de los jesuitas.
M	2224	TE_TILDE	1	0	2	Other	Si es un sustantivo (bebida), lleva tilde.	Té
L	2225	Tomaré el te de tu madre.
M	2225	EL_TILDE	2	7	9	Other	El pronombre personal <suggestion>él</suggestion> lleva tilde.	él
M	2225	TE_TILDE	4	10	12	Other	Si es un sustantivo (bebida), lleva tilde.	té
L	2226	El la de diapasón es usado como referencia.
L	2227	Cuando se le de esto.
M	2227	DE_TILDE	2	13	15	Other	Si es del v. 'dar', se escribe con tilde.	dé
L	2228	Cuando me les de esto.
M	2228	DE_TILDE	2	14	16	Other	Si es del v. 'dar', se escribe con tilde.	dé
L	2229	Cuando te las de a ellos.
M	2229	DE_TILDE	3	14	16	Other	Si es del v. 'dar', se escribe con tilde.	dé
L	2230	Cuando los de esto.
L	2231	La de es la tercera letra del abecedario.
M	2231	PREP_VERB	4	3	8	Other	Construcción incorrecta.	se es|te es|de e|de ese|de esa|de eso|de mes|de as|de res|de ése
L	2232	Cuando los de a mi amigo.
M	2232	DE_TILDE	4	11	13	Other	Si es del v. 'dar', se escribe con tilde.	dé
L	2233	Me ha indicado que me de prisa.
M	2233	DE_TILDE	4	22	24	Other	Si es del v. 'dar', se escribe con tilde.	dé
L	2234	Cuando los de esto.
L	2235	La de es la tercera letra del abecedario.
M	2235	PREP_VERB	4	3	8	Other	Construcción incorrecta.	se es|te es|de e|de ese|de esa|de eso|de mes|de as|de res|de ése
L	2236	Que de con sencillez.
M	2236	DE_TILDE	5	4	6	Other	Si es del v. 'dar', se escribe con tilde.	dé
L	2237	Que cada uno de según su corazón.
M	2237	DE_TILDE	5	13	15	Other	Si es del v. 'dar', se escribe con tilde.	dé
L	2238	Quieren que de voz a los marginados.
M	2238	DE_TILDE	6	12	14	Other	Si es del v. 'dar', se escribe con tilde.	dé
L	2239	Quieren que de una vez por todas de voz a los marginados.
M	2239	DE_TILDE	6	33	35	Other	Si es del v. 'dar', se escribe con tilde.	dé
L	2240	No hay nadie que no de su asentimiento.
L	2241	Es importante que ahora él de este paso.
L	2242	Que alguien de por fin la orden.
L	2243	Cierto, pero es que de esta forma se consigue algo delicioso.
L	2244	Antes muerto que de ese hombre, ¿te enteras?
L	2245	¿Alguna posibilidad de que uno de los sospechosos le apuñalara?
L	2246	Pero ya ve, pensé, que por lo menos de esta manera yo puedo estar ahí cuando él salga.
L	2247	Más grande que cualquiera de las de Egipto.
L	2248	Estoy más que harto de su imprudencia.
L	2249	Peferiría ser culpable de un acto inmoral que de un acto cruel.
M	2249	MORFOLOGIK_RULE_ES		0	9	UnknownWord	Se ha encontrado un posible error ortográfico.	Preferiría|Referiría|Deferiría
L	2250	Puede correr más rápido que nadie de su clase.
L	2251	Era frustrante tener éxito mientras que muchos de mis amigos no.
L	2252	Cuando sea, con tal que después de las seis.
L	2253	Ella habla inglés mejor que cualquiera de sus compañeros de clase.
L	2254	Son más amigos de los protones que de los neutrones.
L	2255	Y cualquiera que de de beber un vaso de agua fresca, no quedará sin recompensa..
M	2255	DE_TILDE	8	17	19	Other	Si es del v. 'dar', se escribe con tilde.	dé
M	2255	DOUBLE_PUNCTUATION		78	80	Other	Dos puntos consecutivos	.|…
L	2256	Necesito a alguien que de cuenta de los recursos.
M	2256	DE_TILDE	9	23	25	Other	Si es del v. 'dar', se escribe con tilde.	dé
L	2257	de manera que la situación límite de cuenta de la posibilidad
M	2257	UPPERCASE_SENTENCE_START		0	2	Other	Esta frase no empieza con mayúscula.	De
M	2257	DE_TILDE	9	34	36	Other	Si es del v. 'dar', se escribe con tilde.	dé
L	2258	Espero que de a luz pronto.
M	2258	DE_TILDE	5	11	13	Other	Si es del v. 'dar', se escribe con tilde.	dé
L	2259	Espero que de golpecitos.
M	2259	DE_TILDE	11	11	13	Other	Si es del v. 'dar', se escribe con tilde.	dé
L	2260	Tenemos que viajar más rápido que un rayo de luz.
L	2261	Yo pensaba que la pena de muerte debía ser abolida.
L	2262	Lo que cada uno de al sacerdote.
M	2262	DE_TILDE	5	16	18	Other	Si es del v. 'dar', se escribe con tilde.	dé
L	2263	que la velocidad de A medida por B sea opuesta
M	2263	UPPERCASE_SENTENCE_START		0	3	Other	Esta frase no empieza con mayúscula.	Que
L	2264	que todo el pueblo de un gran alarido.
M	2264	UPPERCASE_SENTENCE_START		0	3	Other	Esta frase no empieza con mayúscula.	Que
M	2264	DE_TILDE	13	19	21	Other	Si es del v. 'dar', se escribe con tilde.	dé
L	2265	Una apelación para que Dios mismo de una respuesta
M	2265	DE_TILDE	13	34	36	Other	Si es del v. 'dar', se escribe con tilde.	dé
L	2266	así que las probabilidades de una respuesta positiva son alentadoramente altas
M	2266	UPPERCASE_SENTENCE_START		0	3	Other	Esta frase no empieza con mayúscula.	Así
L	2267	Se ha considerado que alguno de estos testimonios representa una “versión intermedia”.
L	2268	Se ha considerado que uno de estos testimonios representa una “versión intermedia”.
L	2269	Para que lo proteja y de prosperidad al pueblo.
M	2269	DE_TILDE	14	22	24	Other	Si es del v. 'dar', se escribe con tilde.	dé
L	2270	Para que lo proteja a él y de prosperidad al pueblo.
M	2270	DE_TILDE	14	27	29	Other	Si es del v. 'dar', se escribe con tilde.	dé
L	2271	El usuario será responsable de las informaciones falsas o inexactas que proporcione y de los perjuicios que ello cause al titular de esta web o a terceros.
L	2272	Aunque nunca de Dios regalos.
L	2273	Pero, vamos a ver, una razón, de usted una razón
M	2273	DE_TILDE	16	30	32	Other	Si es del v. 'dar', se escribe con tilde.	dé
L	2274	El te del Paraguay.
M	2274	EL_TILDE	2	0	2	Other	El pronombre personal <suggestion>él</suggestion> lleva tilde.	Él
M	2274	TE_TILDE	1	3	5	Other	Si es un sustantivo (bebida), lleva tilde.	té
L	2275	El te de Jersey.
M	2275	EL_TILDE	2	0	2	Other	El pronombre personal <suggestion>él</suggestion> lleva tilde.	Él
M	2275	TE_TILDE	1	3	5	Other	Si es un sustantivo (bebida), lleva tilde.	té
L	2276	El te de los jesuitas.
M	2276	EL_TILDE	2	0	2	Other	El pronombre personal <suggestion>él</suggestion> lleva tilde.	Él
M	2276	TE_TILDE	1	3	5	Other	Si es un sustantivo (bebida), lleva tilde.	té
L	2277	El té verde japonés es muy sabroso.
L	2278	El te verde japonés es muy sabroso.
M	2278	EL_TILDE	2	0	2	Other	El pronombre personal <suggestion>él</suggestion> lleva tilde.	Él
M	2278	TE_TILDE	2	3	5	Other	Si es un sustantivo (bebida), lleva tilde.	té
L	2279	El té verde japonés es muy sabroso.
L	2280	El te japonés es muy sabroso.
M	2280	EL_TILDE	2	0	2	Other	El pronombre personal <suggestion>él</suggestion> lleva tilde.	Él
M	2280	TE_TILDE	3	3	5	Other	Si es un sustantivo (bebida), lleva tilde.	té
L	2281	Te quiero ver mañana.
L	2282	Te Deum.
L	2283	No te cortés el dedo.
M	2283	PRONOMBRE_SIN_VERBO	11	3	12	Other	Posible confusión. Pronombre átono sin verbo.	de cortés|el cortés|te cortes|te corte|te cortas|te corten|te portes|te corres|te corté|te cuentes
L	2284	Corre que te pillo.
L	2285	Quiero un te ahora.
M	2285	TE_TILDE	4	10	12	Other	Si es un sustantivo (bebida), lleva tilde.	té
L	2286	Quiero rosa de te ahora.
M	2286	TE_TILDE	4	15	17	Other	Si es un sustantivo (bebida), lleva tilde.	té
L	2287	Quiero leche con te ahora.
M	2287	TE_TILDE	4	17	19	Other	Si es un sustantivo (bebida), lleva tilde.	té
L	2288	Tomaré el te de tu madre.
M	2288	EL_TILDE	2	7	9	Other	El pronombre personal <suggestion>él</suggestion> lleva tilde.	él
M	2288	TE_TILDE	4	10	12	Other	Si es un sustantivo (bebida), lleva tilde.	té
L	2289	El te lo quería explicar.
M	2289	EL_TILDE	2	0	2	Other	El pronombre personal <suggestion>él</suggestion> lleva tilde.	Él
L	2290	Sé que él servía más te para mí.
M	2290	PRONOMBRE_SIN_VERBO	11	21	28	Other	Posible confusión. Pronombre átono sin verbo.	de para|el para|te pasa|te papa|te dará|te hará|te paga|te paro|te vara|te paran
L	2291	Te quiero ver mañana.
L	2292	Te Deum.
L	2293	No te cortés el dedo.
M	2293	PRONOMBRE_SIN_VERBO	11	3	12	Other	Posible confusión. Pronombre átono sin verbo.	de cortés|el cortés|te cortes|te corte|te cortas|te corten|te portes|te corres|te corté|te cuentes
L	2294	Tú dale que te dale.
L	2295	Te agradrezco
M	2295	MORFOLOGIK_RULE_ES		3	13	UnknownWord	Se ha encontrado un posible error ortográfico.	agradezco
L	2296	Se te "regresará".
L	2297	Se fue hacía delante.
M	2297	HACIA_NO_TILDE	1	7	12	Other	Si es una preposición (que indica dirección), se escribe sin tilde.	hacia
L	2298	Se hacía delante de la casa.
L	2299	Entonces se hacía atrás.
L	2300	Se fue hacía más allá.
M	2300	HACIA_NO_TILDE	2	7	12	Other	Si es una preposición (que indica dirección), se escribe sin tilde.	hacia
L	2301	Se fue hacía el sur.
M	2301	HACIA_NO_TILDE	3	7	12	Other	Si es una preposición (que indica dirección), se escribe sin tilde.	hacia
L	2302	Se fue hacía la derecha.
M	2302	HACIA_NO_TILDE	4	7	12	Other	Si es una preposición (que indica dirección), se escribe sin tilde.	hacia
L	2303	El ruido que hacía la puerta.
L	2304	Se fue hacía los lados.
M	2304	HACIA_NO_TILDE	5	7	12	Other	Si es una preposición (que indica dirección), se escribe sin tilde.	hacia
L	2305	Entonces hacía los deberes.
L	2306	Miró hacía las estrellas.
M	2306	HACIA_NO_TILDE	6	5	10	Other	Si es una preposición (que indica dirección), se escribe sin tilde.	hacia
L	2307	Me gustaba cómo hacía las cosas.
L	2308	Eso se hacia mal.
M	2308	HACIA_TILDE	1	4	12	Other	Si es del v. 'hacer', se escribe con tilde.	se hacía
L	2309	Eso le hacia mal.
M	2309	HACIA_TILDE	1	4	12	Other	Si es del v. 'hacer', se escribe con tilde.	le hacía
L	2310	Esa bota la hacia otra compañía.
M	2310	HACIA_TILDE	1	9	17	Other	Si es del v. 'hacer', se escribe con tilde.	la hacía
L	2311	Depende de lo hacia abajo que apuntes.
L	2312	Entonces hacia calor.
M	2312	HACIA_TILDE	2	9	14	Other	Si es del v. 'hacer', se escribe con tilde.	hacía
L	2313	Entonces hacia mucho tiempo.
M	2313	HACIA_TILDE	2	9	14	Other	Si es del v. 'hacer', se escribe con tilde.	hacía
L	2314	Vamos hacia allá.
L	2315	Vamos hacia abajo.
L	2316	Fabricada hacia 1988.
L	2317	Caía hacia tras.
M	2317	HACIA_TILDE	3	5	15	Other	Para indicar movimiento, se escribe "hacia atrás". Si es del v. 'hacer', "hacía" se escribe con tilde.	hacia atrás|hacía tras
L	2318	Caía hacia así.
M	2318	HACIA_TILDE	4	5	14	Other	Si es un pronombre reflexivo, se escribe "hacia sí". Si es del v. 'hacer', "hacía" se escribe con tilde.	hacia sí|hacía así
L	2319	Vino hacia medio día.
M	2319	HACIA_TILDE	5	5	20	Other	Si es una parte del día se escribe 'mediodía'. Si es del v. 'hacer', "hacía" se escribe con tilde.	hacia mediodía|hacía medio día
L	2320	¿Qué hacia en aquel lugar?
M	2320	HACIA_TILDE	6	5	13	Other	Si es del v. 'hacer', "hacía" se escribe con tilde.	hacía en|hacia el
L	2321	Se fue hacia a la puerta.
M	2321	HACIA_TILDE	7	7	14	Other	Si indica movimiento, sobra la 'a'. Si es del v. 'hacer', "hacía" se escribe con tilde.	hacia|hacía a
L	2322	Se concentraba en lo que hacia.
M	2322	HACIA_TILDE	8	25	30	Other	Si es del v. 'hacer', se escribe con tilde.	hacía
L	2323	Hay una escalera que asciende hacia donde calculábamos.
L	2324	Se volvió hacia O'Neill.
L	2325	Se dirigió hacia «su avenida».
L	2326	Hacia mucho que no se veían.
M	2326	HACIA_TILDE	9	0	5	Other	Si es del v. 'hacer', se escribe con tilde.	Hacía
L	2327	camina hacia ya sabe dónde
M	2327	UPPERCASE_SENTENCE_START		0	6	Other	Esta frase no empieza con mayúscula.	Camina
L	2328	hacia ya no sé qué rincones
M	2328	UPPERCASE_SENTENCE_START		0	5	Other	Esta frase no empieza con mayúscula.	Hacia
L	2329	se había dirigido cada vez más hacia precisamente esto
M	2329	UPPERCASE_SENTENCE_START		0	2	Other	Esta frase no empieza con mayúscula.	Se
L	2330	Debió huir hacia Buenos Aires.
L	2331	Hay que dirigir el tráfico o la atención hacia cuentas, productos o iniciativas no relacionados.
L	2332	Primer Encuentro “hacia Política Integral de Desarrollo”.
L	2333	Hacia dos años que no se veían.
M	2333	HACIA_TILDE	10	0	5	Other	Si es del v. 'hacer', se escribe con tilde.	Hacía
L	2334	Hacia muchos, muchos meses que no se veían.
M	2334	HACIA_TILDE	10	0	5	Other	Si es del v. 'hacer', se escribe con tilde.	Hacía
L	2335	Hacia casi dos años que no se veían.
M	2335	HACIA_TILDE	10	0	5	Other	Si es del v. 'hacer', se escribe con tilde.	Hacía
L	2336	Hacia tantos años que no se veían.
M	2336	HACIA_TILDE	10	0	5	Other	Si es del v. 'hacer', se escribe con tilde.	Hacía
L	2337	De eso hacia ya treinta y tres días.
M	2337	HACIA_TILDE	9	7	12	Other	Si es del v. 'hacer', se escribe con tilde.	hacía
L	2338	De eso hacia ya unos cuantos años.
M	2338	HACIA_TILDE	9	7	12	Other	Si es del v. 'hacer', se escribe con tilde.	hacía
L	2339	Hacia más o menos una hora que no se veían.
M	2339	HACIA_TILDE	10	0	5	Other	Si es del v. 'hacer', se escribe con tilde.	Hacía
L	2340	Se volvió hacia O'Neill.
L	2341	hacia tiempos pasados
M	2341	UPPERCASE_SENTENCE_START		0	5	Other	Esta frase no empieza con mayúscula.	Hacia
L	2342	Benjamín Otálora cuenta, hacia 1891, diecinueve años.
M	2342	MORFOLOGIK_RULE_ES		9	16	UnknownWord	Se ha encontrado un posible error ortográfico.	Otrora|Valora|Talara|Oradora|Palora|Acalora|Acalorá|Atadora|Avalora|Avalorá|Botadora|Dotadora|Ojalara|Ojalará|Otalgia|Otatera|Oteadora|Otóloga|Ovalara|Ovalará|Potadora|Rotadora|Talará|Tanora|Valorá|Votadora|Álora
L	2343	Cruzaron una galería hacia un segundo patio.
L	2344	Pasaba desde hacia demasiado tiempo.
M	2344	HACIA_TILDE	2	13	18	Other	Si es del v. 'hacer', se escribe con tilde.	hacía
L	2345	No hacia más que moverse.
M	2345	HACIA_TILDE	12	3	8	Other	Si es del v. 'hacer', se escribe con tilde.	hacía
L	2346	Lo que hacia no tenía importancia.
M	2346	HACIA_TILDE	13	7	12	Other	Si es del v. 'hacer', se escribe con tilde.	hacía
L	2347	de lo que hacia 1920 significaba para el orgullo de mi madre
M	2347	UPPERCASE_SENTENCE_START		0	2	Other	Esta frase no empieza con mayúscula.	De
L	2348	Él hacia más difícil la solución.
M	2348	HACIA_TILDE	14	3	8	Other	Si es del v. 'hacer', se escribe con tilde.	hacía
L	2349	Se encaminó hacia más altas metas.
L	2350	iban hacia más felices regiones.
M	2350	UPPERCASE_SENTENCE_START		0	4	Other	Esta frase no empieza con mayúscula.	Iban
L	2351	Desde los 1990, existe un movimiento hacia más empleos en el sector privado.
L	2352	¿Qué hacia en la calle?
M	2352	HACIA_TILDE	6	5	13	Other	Si es del v. 'hacer', "hacía" se escribe con tilde.	hacía en|hacia el
L	2353	¿Por qué hacia el norte?
L	2354	¿Para qué hacia atrás?
L	2355	Nunca hacia los deberes.
M	2355	HACIA_TILDE	16	6	11	Other	Si es del v. 'hacer', se escribe con tilde.	hacía
L	2356	Entonces hacia las veces de gerente.
M	2356	HACIA_TILDE	17	9	14	Other	Si es del v. 'hacer', se escribe con tilde.	hacía
L	2357	Solícito:
M	2357	SOLICITO_NO_TILDE	1	0	8	Other	Si es un verbo, se escribe sin tilde.	Solicito
L	2358	Solícito que se ejecute la sentencia.
M	2358	SOLICITO_NO_TILDE	1	0	8	Other	Si es un verbo, se escribe sin tilde.	Solicito
L	2359	El demandante solícita se presenten los documentos.
M	2359	SOLICITO_NO_TILDE	2	14	22	Other	Si es un verbo, se escribe sin tilde.	solicita
L	2360	Solícito me sean entregados los documentos.
M	2360	SOLICITO_NO_TILDE	2	0	8	Other	Si es un verbo, se escribe sin tilde.	Solicito
L	2361	Solícita se le dé respuesta.
M	2361	SOLICITO_NO_TILDE	2	0	8	Other	Si es un verbo, se escribe sin tilde.	Solicita
L	2362	No hay mas que decir.
M	2362	MAS	1	7	10	Other	La expresión 'más que' se escribe siempre con tilde.	más
L	2363	No hay mas.
M	2363	MAS	2	7	10	Other	Si no equivale a 'pero' o 'sino', se escribe con tilde.	más
L	2364	Me gusta, mas no lo quiero.
M	2364	MAS	2	10	13	Other	Si no equivale a 'pero' o 'sino', se escribe con tilde.	más
L	2365	Mas Madrid.
M	2365	MAS	2	0	3	Other	Si no equivale a 'pero' o 'sino', se escribe con tilde.	Más
L	2366	Aitana Mas y Juan Antonio Mas.
L	2367	Aún así, lo consiguieron.
M	2367	AUN	1	0	7	Other	El conector "aun así" ('pese a eso') se escribe sin tilde. "Aún así", con tilde, significa 'todavía así'.	Aun así
L	2368	Siguen aún así.
L	2369	Aún si estas no tienen efecto.
M	2369	AUN	2	0	3	Other	Se escribe sin tilde cuando significa 'hasta, incluso' o 'siquiera'. Solo lleva tilde cuando equivale a 'todavía'.	Aun
L	2370	Mejor aún si es así.
L	2371	Más aún si es así.
L	2372	Decae más rápidamente aún si nos salimos del disco.
L	2373	ni aún la mitad
M	2373	UPPERCASE_SENTENCE_START		0	2	Other	Esta frase no empieza con mayúscula.	Ni
M	2373	AUN	3	3	6	Other	Se escribe sin tilde cuando significa 'hasta, incluso' o 'siquiera'. Solo lleva tilde cuando equivale a 'todavía'.	aun
L	2374	Aún sin saberlo, se fue.
M	2374	AUN	4	0	3	Other	Se escribe sin tilde cuando significa 'hasta, incluso' o 'siquiera'. Solo lleva tilde cuando equivale a 'todavía'.	Aun
L	2375	Aún a riesgo de perder, lo intentó.
M	2375	AUN	5	0	3	Other	Se escribe sin tilde cuando significa 'hasta, incluso' o 'siquiera'. Solo lleva tilde cuando equivale a 'todavía'.	Aun
L	2376	Aún al cabo de los años, no se había cansado.
M	2376	AUN	6	0	3	Other	Se escribe sin tilde cuando significa 'hasta, incluso' o 'siquiera'. Solo lleva tilde cuando equivale a 'todavía'.	Aun
L	2377	Aún antes de saberlo, ya lo temía.
M	2377	AUN	7	0	3	Other	Se escribe sin tilde cuando significa 'hasta, incluso' o 'siquiera'. Solo lleva tilde cuando equivale a 'todavía'.	Aun
L	2378	Y aún la mitad
M	2378	AUN	8	2	5	Other	Se escribe sin tilde cuando significa 'hasta, incluso' o 'siquiera'. Solo lleva tilde cuando equivale a 'todavía'.	aun
L	2379	El Albaicín es la otra Alhambra, aún desconocida.
L	2380	Aún la mitad
M	2380	AUN	9	0	3	Other	Se escribe sin tilde cuando significa 'hasta, incluso' o 'siquiera'. Solo lleva tilde cuando equivale a 'todavía'.	Aun
L	2381	Si aún los venden, quiero saber dónde.
L	2382	Y aún solo cuando le interesaba.
M	2382	AUN	10	2	5	Other	Se escribe sin tilde cuando significa 'hasta, incluso' o 'siquiera'. Solo lleva tilde cuando equivale a 'todavía'.	aun
L	2383	Pero aún dentro de la ley.
M	2383	AUN	11	5	8	Other	Se escribe sin tilde cuando significa 'hasta, incluso' o 'siquiera'. Solo lleva tilde cuando equivale a 'todavía'.	aun
L	2384	, aún con otros intereses
M	2384	AUN	8	2	5	Other	Se escribe sin tilde cuando significa 'hasta, incluso' o 'siquiera'. Solo lleva tilde cuando equivale a 'todavía'.	aun
L	2385	¿Aún en la escula?
M	2385	AUN	13	1	4	Other	Se escribe sin tilde cuando significa 'hasta, incluso' o 'siquiera'. Solo lleva tilde cuando equivale a 'todavía'.	Aun
M	2385	MORFOLOGIK_RULE_ES		11	17	UnknownWord	Se ha encontrado un posible error ortográfico.	escuela|escala|escusa|escuda|escupa|descula|desculá|escalá|escila|escudá|esculca|esculcá|esculpa|escuna|ésula
L	2386	Aún con otros intereses.
M	2386	AUN	9	0	3	Other	Se escribe sin tilde cuando significa 'hasta, incluso' o 'siquiera'. Solo lleva tilde cuando equivale a 'todavía'.	Aun
L	2387	Aún lo más importante
M	2387	AUN	14	0	3	Other	Se escribe sin tilde cuando significa 'hasta, incluso' o 'siquiera'. Solo lleva tilde cuando equivale a 'todavía'.	Aun
L	2388	Aún cansado, lo intentó.
M	2388	AUN	15	0	3	Other	Se escribe sin tilde cuando significa 'hasta, incluso' o 'siquiera'. Solo lleva tilde cuando equivale a 'todavía'.	Aun
L	2389	¿Aún muerto sigues pendiente de la política partidista?
M	2389	AUN	16	1	4	Other	Se escribe sin tilde cuando significa 'hasta, incluso' o 'siquiera'. Solo lleva tilde cuando equivale a 'todavía'.	Aun
L	2390	Aún cuando lo desearas.
M	2390	AUN	2	0	3	Other	Se escribe sin tilde cuando significa 'hasta, incluso' o 'siquiera'. Solo lleva tilde cuando equivale a 'todavía'.	Aun
M	2390	SUBJUNTIVO_FUTURO	3	14	22	Other	Si es futuro, se escribe con tilde.	desearás
L	2391	Aún siendo cierto.
M	2391	AUN	18	0	3	Other	Se escribe sin tilde cuando significa 'hasta, incluso' o 'siquiera'. Solo lleva tilde cuando equivale a 'todavía'.	Aun
L	2392	Aún no siendo cierto.
M	2392	AUN	19	0	3	Other	Se escribe sin tilde cuando significa 'hasta, incluso' o 'siquiera'. Solo lleva tilde cuando equivale a 'todavía'.	Aun
L	2393	Menos aun que no sean mayores.
M	2393	AUN2	1	6	9	Other	Se escribe con tilde si equivale a 'todavía'.	aún
L	2394	Fritarán más fuerte aun aclamando al gato.
M	2394	MORFOLOGIK_RULE_ES		0	8	UnknownWord	Se ha encontrado un posible error ortográfico.	Gritaran|Frotaran|Gritarán|Frotarán|Fricaran|Fricarán|Frisaran|Frisarán
M	2394	AUN2	1	20	23	Other	Se escribe con tilde si equivale a 'todavía'.	aún
L	2395	Menos aun si, como tuve ocasión de comprobar, no era cierto.
M	2395	AUN2	1	6	9	Other	Se escribe con tilde si equivale a 'todavía'.	aún
L	2396	Más aun si estas no tienen efecto.
M	2396	AUN2	1	4	7	Other	Se escribe con tilde si equivale a 'todavía'.	aún
L	2397	Para que la semejanza sea aun mayor.
M	2397	AUN2	2	26	29	Other	Se escribe con tilde si equivale a 'todavía'.	aún
L	2398	Es mi marido aun y así seguirá.
M	2398	AUN2	3	13	16	Other	Se escribe con tilde si equivale a 'todavía'. Se escribe sin tilde si significa 'hasta' o 'incluso'.	aún
L	2399	Aun no está claro.
M	2399	AUN2	3	0	3	Other	Se escribe con tilde si equivale a 'todavía'. Se escribe sin tilde si significa 'hasta' o 'incluso'.	Aún
L	2400	Aun pensaba que sí.
M	2400	AUN2	3	0	3	Other	Se escribe con tilde si equivale a 'todavía'. Se escribe sin tilde si significa 'hasta' o 'incluso'.	Aún
L	2401	Aun se desconoce.
M	2401	AUN2	3	0	3	Other	Se escribe con tilde si equivale a 'todavía'. Se escribe sin tilde si significa 'hasta' o 'incluso'.	Aún
L	2402	Es aun más grande de lo que pensaba.
M	2402	AUN2	2	3	6	Other	Se escribe con tilde si equivale a 'todavía'.	aún
L	2403	Es mi marido aun...
M	2403	AUN2	3	13	16	Other	Se escribe con tilde si equivale a 'todavía'. Se escribe sin tilde si significa 'hasta' o 'incluso'.	aún
L	2404	Menos aun que no sean mayores.
M	2404	AUN2	1	6	9	Other	Se escribe con tilde si equivale a 'todavía'.	aún
L	2405	Pensaba aun lo mismo.
M	2405	AUN2	3	8	11	Other	Se escribe con tilde si equivale a 'todavía'. Se escribe sin tilde si significa 'hasta' o 'incluso'.	aún
L	2406	Podías verlos aun pequeños.
M	2406	AUN2	3	14	17	Other	Se escribe con tilde si equivale a 'todavía'. Se escribe sin tilde si significa 'hasta' o 'incluso'.	aún
L	2407	Más aun considerando que no va en contra de sus intereses.
M	2407	AUN2	1	4	7	Other	Se escribe con tilde si equivale a 'todavía'.	aún
L	2408	Alguien que aun lucha por resolver sus problemas.
M	2408	AUN2	3	12	15	Other	Se escribe con tilde si equivale a 'todavía'. Se escribe sin tilde si significa 'hasta' o 'incluso'.	aún
L	2409	Con los ojos aun abiertos.
M	2409	AUN2	3	13	16	Other	Se escribe con tilde si equivale a 'todavía'. Se escribe sin tilde si significa 'hasta' o 'incluso'.	aún
L	2410	Recuerdo aun el día de mi primera infancia.
M	2410	AUN2	3	9	12	Other	Se escribe con tilde si equivale a 'todavía'. Se escribe sin tilde si significa 'hasta' o 'incluso'.	aún
L	2411	Aun recuerdo con gran claridad aquel momento.
M	2411	AUN2	3	0	3	Other	Se escribe con tilde si equivale a 'todavía'. Se escribe sin tilde si significa 'hasta' o 'incluso'.	Aún
L	2412	Habían construido sus nidos aunque probablemente aun no hayan realizado la puesta.
M	2412	AUN2	3	49	52	Other	Se escribe con tilde si equivale a 'todavía'. Se escribe sin tilde si significa 'hasta' o 'incluso'.	aún
L	2413	Puede que aun creas que no.
M	2413	AUN2	3	10	13	Other	Se escribe con tilde si equivale a 'todavía'. Se escribe sin tilde si significa 'hasta' o 'incluso'.	aún
L	2414	Aun sale que está protegida contra escritura.
M	2414	AUN2	3	0	3	Other	Se escribe con tilde si equivale a 'todavía'. Se escribe sin tilde si significa 'hasta' o 'incluso'.	Aún
L	2415	Es imperdonable que el gobierno aun tenga esto por arreglar.
M	2415	AUN2	3	32	35	Other	Se escribe con tilde si equivale a 'todavía'. Se escribe sin tilde si significa 'hasta' o 'incluso'.	aún
L	2416	Aun así, me lo pasé bien.
L	2417	Aun enfermo, el chico fue a la escuela
L	2418	Aun enfermo, fue a la escuela.
L	2419	Aun no siendo así, es fantástico.
L	2420	Como aun así no sabíamos cuánto era eso, le pedimos que nos mostrara los vasos.
L	2421	Las flores florecen aun cuando nadie las mira.
L	2422	No me importaría aun si ella no viene.
L	2423	Quien calla aun teniendo razón, está casado.
L	2424	Si aun así no te mejora , como último recurso es hacerte unas sesiones de láser.
M	2424	COMMA_PARENTHESIS_WHITESPACE		23	25	Other	Se deja un espacio después de coma y nunca antes del signo ortográfico.	,
L	2425	¿Aun muerto sigues pendiente de la política partidista?
L	2426	Estaban aun durmiendo.
M	2426	AUN2	4	8	11	Other	Se escribe con tilde si equivale a 'todavía'.	aún
L	2427	Aun dentro de plazo.
M	2427	AUN2	5	0	3	Other	Se escribe con tilde si equivale a 'todavía'.	Aún
L	2428	No había radios aun entonces.
M	2428	AUN2	6	16	19	Other	Se escribe con tilde si equivale a 'todavía'.	aún
L	2429	Lo hizo de por si.
M	2429	SI	1	8	17	Other	Esta locución se escribe con tilde.	de por sí
L	2430	Estaba fuera de si.
M	2430	SI	2	7	18	Other	Esta locución se escribe con tilde.	fuera de sí
L	2431	Un si es no es.
M	2431	SI	3	0	14	Other	Esta locución se escribe con tilde.	Un sí es no es
L	2432	En si mismo no tiene misterio.
M	2432	SI	4	3	5	Other	Como pronombre personal reflexivo, se escribe con tilde.	sí
L	2433	Se olvidó de si mismo.
M	2433	SI	4	13	15	Other	Como pronombre personal reflexivo, se escribe con tilde.	sí
L	2434	No se puede valer por si solo.
M	2434	SI	5	22	24	Other	Como pronombre personal reflexivo, se escribe con tilde.	sí
L	2435	No cabía en si de alegría.
M	2435	SI	6	12	14	Other	Como pronombre personal reflexivo, se escribe con tilde.	sí
L	2436	El hecho en si sucedió en la carretera.
M	2436	SI	6	12	14	Other	Como pronombre personal reflexivo, se escribe con tilde.	sí
L	2437	en el caso de Si monocristalino
M	2437	UPPERCASE_SENTENCE_START		0	2	Other	Esta frase no empieza con mayúscula.	En
L	2438	no ha oído nada definitivo acerca de si acaso él quedó o no en Harvard.
M	2438	UPPERCASE_SENTENCE_START		0	2	Other	Esta frase no empieza con mayúscula.	No
L	2439	No estoy segura de si podré venir al cine o no.
L	2440	Depende tan solo de si uno es un hombre o un ratón.
L	2441	indeciso de si debería entrar o no
M	2441	UPPERCASE_SENTENCE_START		0	8	Other	Esta frase no empieza con mayúscula.	Indeciso
M	2441	SI_AFIRMACION	2	12	14	Other	Se escribe con tilde si es una afirmación. Correcto si es una frase condicional.	sí
L	2442	un test de si sos fan de lady bug o no
M	2442	UPPERCASE_SENTENCE_START		0	2	Other	Esta frase no empieza con mayúscula.	Un
M	2442	VOSEO	4	14	17	Hint	Forma correcta si se usa voseo. Si no, utilice una forma alternativa.	eres|sois
L	2443	podemos darnos cuenta de si el asunto tiene importancia o no
M	2443	UPPERCASE_SENTENCE_START		0	7	Other	Esta frase no empieza con mayúscula.	Podemos
L	2444	no depende de si lo siento o no, de si me ha ido bien o si tengo
M	2444	UPPERCASE_SENTENCE_START		0	2	Other	Esta frase no empieza con mayúscula.	No
L	2445	Esto no es un debate de si eres de una secta o no.
L	2446	Los principios éticos están determinados por el hecho de si una acción cualquiera podría tener una consecuencia dañina.
L	2447	Si que me gusta mucho
M	2447	SI	7	0	2	Other	Como adverbio de afirmación, se escribe con tilde.	Sí
L	2448	He dicho que si.
M	2448	SI	7	13	15	Other	Como adverbio de afirmación, se escribe con tilde.	sí
L	2449	Si, sí, claro.
M	2449	SI_AFIRMACION2	11	0	2	Other	Como adverbio de afirmación, se escribe con tilde.	Sí
L	2450	Si, quiero que vengas.
M	2450	SI_AFIRMACION2	11	0	2	Other	Como adverbio de afirmación, se escribe con tilde.	Sí
L	2451	He dicho que si, tienes que hacerlo.
M	2451	SI	9	13	15	Other	Como adverbio de afirmación, se escribe con tilde.	sí
L	2452	Un entero es natural si, y solo si, es mayor o igual a 0.
L	2453	¿Qué pasaría si, como regalo del día del niño, le dieras esto?
L	2454	Le dio el si tan deseado.
M	2454	SI	10	10	12	Other	Como sustantivo masculino ('permiso, conformidad'), se escribe con tilde.	sí
L	2455	Estaba satisfecho con sí mismo.
M	2455	SI	11	18	24	Other	¿Quería decir <suggestion>consigo</suggestion>?	consigo
L	2456	No tiene nada que ver con si es un guion o un punto.
L	2457	Si hice el trabajo.
M	2457	SI_AFIRMACION	1	0	2	Other	Se escribe con tilde si es una afirmación. Correcto si es una frase condicional.	Sí
L	2458	Si se puede, chicas.
M	2458	SI_AFIRMACION	1	0	2	Other	Se escribe con tilde si es una afirmación. Correcto si es una frase condicional.	Sí
L	2459	Si quieres vivir mucho tiempo, deja de fumar.
L	2460	Si eres feliz, yo también.
L	2461	Si es así, tanto mejor.
L	2462	Si pudiera comprar esa guitarra...
L	2463	Si tuvo todas las oportunidades antes de inmigrar!
M	2463	ES_QUESTION_MARK		0	2	Other	Símbolo desparejado: Parece que falta un '¡'	¡Si
L	2464	Si tuvo todas las oportunidades antes de inmigrar.
M	2464	SI_AFIRMACION	1	0	2	Other	Se escribe con tilde si es una afirmación. Correcto si es una frase condicional.	Sí
L	2465	Si ayer lo aseguraste una y otra vez delante de todos, ¿cómo lo niegas hoy?
L	2466	Si vas a la playa cuenta conmigo.
L	2467	Si deseas saber más de recetas tradicionales...
L	2468	Si buscáis algo de marcha o vida nocturna olvidaos de bajar al sur.
L	2469	Si quiere.
M	2469	SI_AFIRMACION	1	0	2	Other	Se escribe con tilde si es una afirmación. Correcto si es una frase condicional.	Sí
L	2470	Si lo merece, pero no por esto.
M	2470	SI_AFIRMACION	1	0	2	Other	Se escribe con tilde si es una afirmación. Correcto si es una frase condicional.	Sí
L	2471	Pues si hice el trabajo.
M	2471	SI_AFIRMACION	2	5	7	Other	Se escribe con tilde si es una afirmación. Correcto si es una frase condicional.	sí
L	2472	Ahora si se puede, chicas.
M	2472	SI_AFIRMACION	2	6	8	Other	Se escribe con tilde si es una afirmación. Correcto si es una frase condicional.	sí
L	2473	Esta vez si me ha importado el resultado.
M	2473	SI_AFIRMACION	2	9	11	Other	Se escribe con tilde si es una afirmación. Correcto si es una frase condicional.	sí
L	2474	Si quieres vivir mucho tiempo, deja de fumar.
L	2475	Por ejemplo, si decimos:
L	2476	Reparación y mantenimiento si surge algún problema en la garantía.
L	2477	Agradeceré mucho si me facilitan mas informacion.
M	2477	MAS	2	33	36	Other	Si no equivale a 'pero' o 'sino', se escribe con tilde.	más
M	2477	ES_SIMPLE_REPLACE_SIMPLE_INFORMACION		37	48	Other	¿Quería decir «información»?	información
L	2478	Acláreme, pastor, si estoy errado.
L	2479	No si podemos evitarlo.
L	2480	Veamos si podemos evitarlo.
L	2481	No lo hizo bien, ¿o si?
M	2481	SI_AFIRMACION	3	20	22	Other	Como adverbio de afirmación, se escribe con tilde.	sí
L	2482	Pero si un recambio.
M	2482	SI_AFIRMACION2	1	5	7	Other	Como adverbio de afirmación, se escribe con tilde.	sí
L	2483	Pero si hay casos reales, lo analizaremos.
L	2484	Pero si de repente un día quieres llamarme papá, hazlo.
L	2485	Pero si explicas que alguien ha muerto, te lo entregan de inmediato.
L	2486	¡Pero si fueron ellos los que se independizaron!
L	2487	Pues si, pero le gusta mucho.
M	2487	SI_AFIRMACION2	2	5	7	Other	Como adverbio de afirmación, se escribe con tilde.	sí
L	2488	Si pero...
M	2488	SI_AFIRMACION2	2	0	2	Other	Como adverbio de afirmación, se escribe con tilde.	Sí
L	2489	Si, pero no lo puse en el anuncio, porque, ya sabes, sólo vienen indeseables a tocar la puerta.
M	2489	SI_AFIRMACION2	2	0	2	Other	Como adverbio de afirmación, se escribe con tilde.	Sí
M	2489	SOLO	1	53	57	Other	La tilde es innecesaria según la norma actual. Con el sentido de "solamente" (adv.), cuando hay riesgo de ambigüedad con el adj. "solo", puede escribirse "sólo" (DRAE).	solo|solamente|únicamente
L	2490	¡Pues si!
M	2490	SI_AFIRMACION2	3	6	8	Other	Como adverbio de afirmación, se escribe con tilde.	sí
L	2491	¿Ah, si?
M	2491	SI_AFIRMACION2	4	5	7	Other	Como adverbio de afirmación, se escribe con tilde.	sí
L	2492	Ayudado, eso si, por varios amigos.
M	2492	SI_AFIRMACION2	5	13	15	Other	Como adverbio de afirmación, se escribe con tilde.	sí
L	2493	Pero este si.
M	2493	SI_AFIRMACION2	6	10	12	Other	Como adverbio de afirmación, se escribe con tilde.	sí
L	2494	¿Qué tal si...?
L	2495	Pero incluso renunciaría a esto si...
L	2496	Aquello si era felicidad.
M	2496	SI_AFIRMACION2	7	8	10	Other	Como adverbio de afirmación, se escribe con tilde.	sí
L	2497	Yo no haría eso si fuese ella.
L	2498	Para qué agregar eso si es innecesario.
L	2499	Pasó esto, si, ¿y ahora qué hacemos?
M	2499	SI_AFIRMACION2	8	11	13	Other	Como adverbio de afirmación, se escribe con tilde. Correcto sin tilde si es un condicional.	sí
L	2500	Oh, si.
M	2500	SI_AFIRMACION2	8	4	6	Other	Como adverbio de afirmación, se escribe con tilde. Correcto sin tilde si es un condicional.	sí
L	2501	Que si, que no está bien.
M	2501	SI_AFIRMACION2	9	4	6	Other	Como adverbio de afirmación, se escribe con tilde.	sí
L	2502	«Si», le dijimos.
M	2502	SI_AFIRMACION2	10	1	3	Other	Como adverbio de afirmación, se escribe con tilde.	Sí
L	2503	Si, me gusta mucho.
M	2503	SI_AFIRMACION2	11	0	2	Other	Como adverbio de afirmación, se escribe con tilde.	Sí
L	2504	¡Si, me gusta mucho!
M	2504	SI_AFIRMACION2	11	1	3	Other	Como adverbio de afirmación, se escribe con tilde.	Sí
L	2505	Si, por la razón que fuera, no puedo venir, te llamaré.
L	2506	Si, en cambio, se trata de un nombre propio, cada una de las palabras que forma la sigla se escribe con mayúscula inicial.
L	2507	Si!
M	2507	SI_AFIRMACION2	3	0	2	Other	Como adverbio de afirmación, se escribe con tilde.	Sí
L	2508	¡Si!
M	2508	SI_AFIRMACION2	3	1	3	Other	Como adverbio de afirmación, se escribe con tilde.	Sí
L	2509	Si: me gusta mucho.
M	2509	SI_AFIRMACION2	12	0	2	Other	Como adverbio de afirmación, se escribe con tilde.	Sí
L	2510	Si...
M	2510	SI_AFIRMACION2	12	0	2	Other	Como adverbio de afirmación, se escribe con tilde.	Sí
L	2511	Pasó esto, si, ¿y ahora qué hacemos?
M	2511	SI_AFIRMACION2	8	11	13	Other	Como adverbio de afirmación, se escribe con tilde. Correcto sin tilde si es un condicional.	sí
L	2512	No tengo casos reales, pero si hay casos artificiales.
M	2512	SI_AFIRMACION2	14	28	30	Other	Como adverbio de afirmación, se escribe con tilde.	sí
L	2513	No tengo dinero que darle, no, pero si puedo dirigirle unas palabras.
M	2513	SI_AFIRMACION2	14	36	38	Other	Como adverbio de afirmación, se escribe con tilde.	sí
L	2514	No suele verse a ancianos, pero si a jóvenes que ríen.
M	2514	SI_AFIRMACION2	14	32	34	Other	Como adverbio de afirmación, se escribe con tilde.	sí
L	2515	Pero si hay casos reales, lo analizaremos.
L	2516	Pero si de repente un día quieres llamarme papá, hazlo.
L	2517	Pero si explicas que alguien ha muerto, te lo entregan de inmediato.
L	2518	¡Pero si fueron ellos los que se independizaron!
L	2519	Apenas estaba hablando generalmente, no de ti en concreto, pero si el zapato cabe, úsalo.
L	2520	Como ahora 7/8 horas diarias, pero si te digo la verdad no lo sé.
L	2521	Pero si le mentí a Jerri eso no me preocupa.
M	2521	MORFOLOGIK_RULE_ES		19	24	UnknownWord	Se ha encontrado un posible error ortográfico.	Jerry|Ferry|Jarri|Jerra|Terry|Ferri
L	2522	Esto paso el año pasado.
M	2522	PASO	1	5	9	Other	Si es un verbo en pasado, se escribe con tilde.	pasó
L	2523	La notificación de envio
M	2523	ENVIO_ACENTO	1	19	24	Other	Se escribe con acento: <suggestion>envío</suggestion> (acción de enviar).	envío
L	2524	La notificación del envio
M	2524	ENVIO_ACENTO	1	20	25	Other	Se escribe con acento: <suggestion>envío</suggestion> (acción de enviar).	envío
L	2525	La notificación de este envio
M	2525	ENVIO_ACENTO	1	24	29	Other	Se escribe con acento: <suggestion>envío</suggestion> (acción de enviar).	envío
L	2526	Con su envio
M	2526	ENVIO_ACENTO	1	7	12	Other	Se escribe con acento: <suggestion>envío</suggestion> (acción de enviar).	envío
L	2527	Yo se lo envio
M	2527	ENVIO_ACENTO	2	9	14	Other	Se escribe con acento: yo <suggestion>envío</suggestion> (del verbo 'enviar').	envío
L	2528	Él se lo envio
M	2528	ENVIO_ACENTO	3	9	14	Other	Se escribe con acento: él <suggestion>envió</suggestion> (del verbo 'enviar').	envió
L	2529	El se lo envio
M	2529	EL_TILDE	2	0	2	Other	El pronombre personal <suggestion>él</suggestion> lleva tilde.	Él
M	2529	ENVIO_ACENTO	4	9	14	Other	Se escribe con acento: él <suggestion>envió</suggestion> (del verbo 'enviar').	envió
L	2530	Se lo envio
M	2530	ENVIO_ACENTO	5	6	11	Other	Se escribe con acento: él <suggestion>envió</suggestion> o yo <suggestion>envío</suggestion> (del verbo 'enviar').	envió|envío
L	2531	Él se lo envio
M	2531	ENVIO_ACENTO	3	9	14	Other	Se escribe con acento: él <suggestion>envió</suggestion> (del verbo 'enviar').	envió
L	2532	El envio sale barato.
M	2532	ENVIO_ACENTO	7	0	8	Other	Se escribe con acento: <suggestion>el envío</suggestion> (sustantivo).	El envío
L	2533	El envio
M	2533	ENVIO_ACENTO	8	0	8	Other	Se escribe con acento: <suggestion>el envío</suggestion> (sustantivo) <suggestion>él envió</suggestion> (del verbo 'enviar').	El envío|Él envió
L	2534	Un envio
M	2534	ENVIO_ACENTO	9	3	8	Other	Se escribe con acento: <suggestion>envío</suggestion> (sustantivo).	envío
L	2535	Envio de documentos.
M	2535	ENVIO_ACENTO	10	0	5	Other	Se escribe con acento: <suggestion>envío</suggestion> (sustantivo).	Envío
L	2536	envio
M	2536	ENVIO_ACENTO	11	0	5	Other	Se escribe con acento: <suggestion>envío</suggestion> (sustantivo o verbo en presente) o <suggestion>envió</suggestion> (verbo en pasado).	envío|envió
L	2537	Él cambi'o
M	2537	APOSTROFO_ACENTO	1	3	10	Other	¿Quería decir <suggestion>cambió</suggestion>?	cambió
L	2538	Un cami'on
M	2538	APOSTROFO_ACENTO	1	3	10	Other	¿Quería decir <suggestion>camión</suggestion>?	camión
L	2539	Él repetir'a
M	2539	APOSTROFO_ACENTO	2	3	12	Other	¿Quería decir <suggestion>repetirá</suggestion>?	repetirá
L	2540	Estaba con Billy D'A ngelo.
M	2540	MORFOLOGIK_RULE_ES		21	26	UnknownWord	Se ha encontrado un posible error ortográfico.	nielo|Gelo|nieló|nájelo|Ángelo|ájelo|úngelo|ojuelo|ágüelo
L	2541	Yo repetir'e
M	2541	APOSTROFO_ACENTO	3	3	12	Other	¿Quería decir <suggestion>repetiré</suggestion>?	repetiré
L	2542	Yo viv'i allí.
M	2542	APOSTROFO_ACENTO	4	3	8	Other	¿Quería decir <suggestion>viví</suggestion>?	viví
L	2543	Un runr'un extraño.
M	2543	APOSTROFO_ACENTO	5	3	10	Other	¿Quería decir <suggestion>runrún</suggestion>?	runrún
L	2544	Potser Est`n aquí.
M	2544	MORFOLOGIK_RULE_ES		0	6	UnknownWord	Se ha encontrado un posible error ortográfico.	Póster|Potter
M	2544	APOSTROFO_ACENTO	6	7	12	Other	Posible error de ortografía.	Están|Estén
L	2545	Est`n aquí.
M	2545	APOSTROFO_ACENTO	6	0	5	Other	Posible error de ortografía.	Están|Estén
L	2546	O’neill
M	2546	APOSTROFO_ACENTO	8	0	7	Other	Posible error de ortografía.	O'Neill
L	2547	L’ALCOIA
M	2547	APOSTROFO_ACENTO	8	0	8	Other	Posible error de ortografía.	L'ALCOIÀ|L'ALCORA
L	2548	L’Alcoia
M	2548	APOSTROFO_ACENTO	8	0	8	Other	Posible error de ortografía.	L'Alcoià|l'Alcoià|L'Alcora|l'Alcora
L	2549	D'Alambert
M	2549	APOSTROFO_ACENTO	8	0	10	Other	Posible error de ortografía.	d'Alembert
L	2550	L´Alcudia
M	2550	APOSTROFO_ACENTO	8	0	9	Other	Posible error de ortografía.	L'Alcúdia|l'Alcúdia
L	2551	Potser Est` aquí.
M	2551	MORFOLOGIK_RULE_ES		0	6	UnknownWord	Se ha encontrado un posible error ortográfico.	Póster|Potter
M	2551	APOSTROFO_ACENTO	9	7	11	Other	Posible error de ortografía.	Está|Esté
L	2552	Ace mucho tiempo.
M	2552	ACE_HACE	1	0	3	Other	¿Quería decir <suggestion>hace</suggestion> (del verbo 'hacer')? "Ace" es un término inglés usado en tenis.	Hace
L	2553	¿Ace él algo para solucionarlo?
M	2553	ACE_HACE	1	1	4	Other	¿Quería decir <suggestion>hace</suggestion> (del verbo 'hacer')? "Ace" es un término inglés usado en tenis.	Hace
L	2554	Ace mucho de todo esto.
M	2554	ACE_HACE	1	0	3	Other	¿Quería decir <suggestion>hace</suggestion> (del verbo 'hacer')? "Ace" es un término inglés usado en tenis.	Hace
L	2555	También predijeron un índice ACE de 165, mencionando que unas condiciones de El Niño eran improbabes para antes del inicio de la temporada.
M	2555	MORFOLOGIK_RULE_ES		90	100	UnknownWord	Se ha encontrado un posible error ortográfico.	improbables|improbabas|improbales|improbares|improbases
L	2556	De esto ace mucho tiempo.
M	2556	ESTO_ESTE	1	3	7	Other	¿Quería decir <suggestion>este</suggestion>?	este
M	2556	ACE_HACE	2	8	11	Other	¿Quería decir <suggestion>hace</suggestion> (del verbo 'hacer')? "Ace" es un término inglés usado en tenis.	hace
L	2557	También predijeron un índice ACE de 165, mencionando que unas condiciones de El Niño eran improbabes para antes del inicio de la temporada.
M	2557	MORFOLOGIK_RULE_ES		90	100	UnknownWord	Se ha encontrado un posible error ortográfico.	improbables|improbabas|improbales|improbares|improbases
L	2558	¿Qué aces ahora?
M	2558	ACES_HACES	1	5	9	Other	¿Quería decir <suggestion>haces</suggestion> (del verbo 'hacer')? "Ace" es un término inglés usado en tenis.	haces
L	2559	¿Están uds informados de lo que ocurrió?
M	2559	UDS_VDS	1	7	10	Other	Si es la abreviatura de 'ustedes' se escribe <suggestion>Uds.</suggestion>.	Uds.
L	2560	¿Están vds informados de lo que ocurrió?
M	2560	UDS_VDS	1	7	10	Other	Si es la abreviatura de 'ustedes' se escribe <suggestion>Vds.</suggestion>.	Vds.
L	2561	Sean Uds. bienvenidos
L	2562	Me compré un shampoo.
M	2562	SHAMPOO_CHAMPU	1	13	20	Other	La adaptación adecuada de este anglicismo es <suggestion>champú</suggestion>.	champú
L	2563	SHAMPOOS BARATOS.
M	2563	SHAMPOO_CHAMPU	1	0	8	Other	La adaptación adecuada de este anglicismo es <suggestion>CHAMPÚS</suggestion>.	CHAMPÚS
L	2564	Un videocassette.
M	2564	CASETE	1	3	16	Other	La grafía recomendada de esta voz de origen francés es <suggestion>videocasete</suggestion>.	videocasete
L	2565	Varios videocasettes.
M	2565	CASETE	1	7	20	Other	La grafía recomendada de esta voz de origen francés es <suggestion>videocasetes</suggestion>.	videocasetes
L	2566	Varios cassettes.
M	2566	CASETE	1	7	16	Other	La grafía recomendada de esta voz de origen francés es <suggestion>casetes</suggestion>.	casetes
L	2567	No se ha comido todo el yogurt.
M	2567	YOGURT_YOGUR	1	24	30	Other	La escritura adecuada es <suggestion>yogur</suggestion>. No se usa el final con 't', porque el plural no es posible (es yogures y no *yogurtes).	yogur
L	2568	Me pone nervios,a esta hora.
M	2568	PUNTO_LETRA	1	8	17	Other	¿Quería decir <suggestion>nervios, a</suggestion> o <suggestion>nerviosa,</suggestion>?	nervios, a|nerviosa,
L	2569	Me pone nervios.a esta hora.
M	2569	PUNTO_LETRA	2	8	17	Other	¿Quería decir <suggestion>nervios. A</suggestion> o <suggestion>nerviosa.</suggestion>?	nervios. A|nerviosa.
L	2570	Afecta también a varios paíse.s
M	2570	PUNTO_LETRA	3	24	31	Other	¿Quería decir <suggestion>países.</suggestion>?	países.
L	2571	Habitualmente, y sin saber má,s te puedo indicar que utilices el phosphorus 7 ch 4 veces al día.
M	2571	PUNTO_LETRA	3	27	31	Other	¿Quería decir <suggestion>más,</suggestion>?	más,
M	2571	MORFOLOGIK_RULE_ES		65	75	UnknownWord	Se ha encontrado un posible error ortográfico.	
M	2571	MORFOLOGIK_RULE_ES		78	80	UnknownWord	Se ha encontrado un posible error ortográfico.	cm|CF|ca|pH|che|oh|ah|C|CD|CO|CP|Che|Rh|ce|cha|cho|cl|cu|eh|h|uh|CR
L	2572	Te quedarás en B.M.S. para siempre.
L	2573	Voy aver qué pasa.
M	2573	AVER_A_VER	1	4	8	Other	¿Quería decir <suggestion>a ver</suggestion> o <suggestion>haber</suggestion>?	a ver|haber|ver|aves|saber
L	2574	¿Estás agusto?
M	2574	AGUSTO	1	7	13	Other	¿Quería decir <suggestion>a gusto</suggestion>?	a gusto
L	2575	Condenados a cadena perpetua por corrupción unos exaltos cargos del Ejército chino.
M	2575	EX_ALTO_CARGO	1	49	56	Other	La expresión "ex alto cargo" se escribe en tres palabras.	ex altos
L	2576	Nombra a un exalto mando de finanzas como nuevo embajador en Colombia
M	2576	EX_ALTO_CARGO	1	12	18	Other	La expresión "ex alto mando" se escribe en tres palabras.	ex alto
L	2577	Un exalto cargo de Rabat, detenido por apropiación de relojes
M	2577	EX_ALTO_CARGO	1	3	9	Other	La expresión "ex alto cargo" se escribe en tres palabras.	ex alto
L	2578	Haz click en el enlace siguiente.
M	2578	CLICK_CLIC	1	4	9	Other	La adaptación adecuada de este anglicismo es <suggestion>clic</suggestion>.	clic
L	2579	Contamos los clicks en el enlace.
M	2579	CLICK_CLIC	1	13	19	Other	La adaptación adecuada de este anglicismo es <suggestion>clics</suggestion>.	clics
L	2580	HAZ CLICK AQUÍ.
M	2580	CLICK_CLIC	1	4	9	Other	La adaptación adecuada de este anglicismo es <suggestion>CLIC</suggestion>.	CLIC
L	2581	Es el resultado d ela evaluación.
M	2581	D_ELA	1	16	21	Other	¿Quería decir <suggestion>de la</suggestion>?	de la
L	2582	D ela noche a la mañana.
M	2582	D_ELA	1	0	5	Other	¿Quería decir <suggestion>de la</suggestion>?	De la
L	2583	Es el resultado d esta evaluación.
M	2583	D_ELA	2	16	17	Other	¿Quería decir <suggestion>de</suggestion>?	de
L	2584	Pero n caso no es el otro.
M	2584	D_ELA	3	5	6	Other	¿Quería decir <suggestion>un</suggestion>?	un|en
L	2585	rock’n’roll
M	2585	UPPERCASE_SENTENCE_START		0	4	Other	Esta frase no empieza con mayúscula.	Rock
L	2586	Pero n este caso no es así.
M	2586	D_ELA	4	5	6	Other	¿Quería decir <suggestion>en</suggestion>?	en
L	2587	rock’n’roll
M	2587	UPPERCASE_SENTENCE_START		0	4	Other	Esta frase no empieza con mayúscula.	Rock
L	2588	rock'n'roll
M	2588	UPPERCASE_SENTENCE_START		0	4	Other	Esta frase no empieza con mayúscula.	Rock
L	2589	La Sonata para piano n.º 11 en la mayor, K. p. 155.
L	2590	Andalucía s/n Polígono Ind.
M	2590	MORFOLOGIK_RULE_ES		23	26	UnknownWord	Se ha encontrado un posible error ortográfico.	INE|Id|Indo|Inda|Hind|ID|ING|INS|Indé|I+D|INI
L	2591	n filas y m columnas
M	2591	MORFOLOGIK_RULE_ES		0	1	UnknownWord	Se ha encontrado un posible error ortográfico.	
L	2592	Pero l caso no es el mismo.
M	2592	D_ELA	5	5	6	Other	¿Quería decir <suggestion>el</suggestion>?	el
L	2593	Pero l mesa no está preparada.
M	2593	D_ELA	6	5	6	Other	¿Quería decir <suggestion>la</suggestion>?	la
L	2594	Pero l coche no está preparado.
M	2594	D_ELA	5	5	6	Other	¿Quería decir <suggestion>el</suggestion>?	el
L	2595	Cuatro Caballetes de chapa en L de 1,75x1,50 m.
L	2596	MEGANE BIC 1.6 L PACK PLUS
M	2596	MORFOLOGIK_RULE_ES		0	6	UnknownWord	Se ha encontrado un posible error ortográfico.	REGAÑE|MEGAN|MÉGANO|REGAÑÉ
M	2596	MORFOLOGIK_RULE_ES		7	10	UnknownWord	Se ha encontrado un posible error ortográfico.	BIT|TIC|BIS|SIC|BID|BICI|B2C|BBC|VIC|BI|BÍO|BI C|BC
L	2597	Fue muy imporntate
M	2597	SUGERENCIAS_ANTE	1	8	18	Other	Se ha encontrado un posible error ortográfico.	importante
L	2598	Fueron muy interensates
M	2598	SUGERENCIAS_ANTE	1	11	23	Other	Se ha encontrado un posible error ortográfico.	interesantes
L	2599	¡Buen0s días!
M	2599	NUMBERS_IN_WORDS	1	1	7	Other	Posible error ortográfico.	Buenos
L	2600	Los años demás implicaban mucho cansancio.
M	2600	DEMAS	1	9	14	Other	¿Quería decir <suggestion>de más</suggestion> (de sobra, en demasía)? Es correcto si significa "el resto".	de más
L	2601	Todo esto estaba demás aquí.
M	2601	DEMAS	2	17	22	Other	¿Quería decir <suggestion>de más</suggestion> (de sobra, en demasía)? Es correcto si significa "el resto".	de más
L	2602	Vinieron Juan, Antonio y de más.
M	2602	DEMAS	3	25	31	Other	¿Quería decir <suggestion>demás</suggestion> (el resto de personas o cosas)? Es correcto si significa "de sobra".	demás
L	2603	designar las localidades y de más divisiones administrativas
M	2603	UPPERCASE_SENTENCE_START		0	8	Other	Esta frase no empieza con mayúscula.	Designar
M	2603	DEMAS	3	27	33	Other	¿Quería decir <suggestion>demás</suggestion> (el resto de personas o cosas)? Es correcto si significa "de sobra".	demás
L	2604	menos de 75 centímetros en el sur y de más de 180 centímetros en el norte
M	2604	UPPERCASE_SENTENCE_START		0	5	Other	Esta frase no empieza con mayúscula.	Menos
L	2605	una de las conexiones más caras y de más baja velocidad
M	2605	UPPERCASE_SENTENCE_START		0	3	Other	Esta frase no empieza con mayúscula.	Una
L	2606	de más vista y de más pulso
M	2606	UPPERCASE_SENTENCE_START		0	2	Other	Esta frase no empieza con mayúscula.	De
L	2607	de lujo y de más categoría
M	2607	UPPERCASE_SENTENCE_START		0	2	Other	Esta frase no empieza con mayúscula.	De
L	2608	la institución más prestigiosa y de más altos estudios en Filipinas.
M	2608	UPPERCASE_SENTENCE_START		0	2	Other	Esta frase no empieza con mayúscula.	La
L	2609	la puntuación de una canción por radio fue mayor y de más "peso" que sus ventas
M	2609	UPPERCASE_SENTENCE_START		0	2	Other	Esta frase no empieza con mayúscula.	La
L	2610	Los titular es de la cuenta.
M	2610	PLURAL_SEPARADO	1	4	14	Other	Posible confusión.	titulares
L	2611	La bola 8 mágica es buena.
L	2612	Los sorprendente es otra cosa.
M	2612	LO_LOS	3	0	16	Other	Posible error de concordancia.	Los sorprendentes|Lo sorprendente|El sorprendente
L	2613	Le s diré lo que pienso.
M	2613	PLURAL_SEPARADO	2	0	4	Other	¿Quería decir <suggestion>Les</suggestion>?	Les
L	2614	En Argentina la z se pronuncia igual que la s.
M	2614	MORFOLOGIK_RULE_ES		16	17	UnknownWord	Se ha encontrado un posible error ortográfico.	
L	2615	Se autoretrató.
M	2615	R_RR	1	3	14	Other	En las palabras prefijadas o compuestas, se duplica la erre.	autorretrató
L	2616	Se autoralentizan.
M	2616	R_RR	1	3	17	Other	En las palabras prefijadas o compuestas, se duplica la erre.	autorralentizan
L	2617	Autorízase el ingreso de agente.
M	2617	MORFOLOGIK_RULE_ES		0	10	UnknownWord	Se ha encontrado un posible error ortográfico.	Autorizase|Autorizarse|Autorizasen|Autorizale|Autorizame|Autorizare|Autorizaré|Autorizas|Autorizases|Autorizaste|Autorizate|Autorizás|Autorízale|Autorízame|Autorízate|Tutorizase
L	2618	La casa de el lago
M	2618	CONTRACCIONES	1	8	13	Other	Contracción.	del
L	2619	De El Mundo o de El País.
L	2620	G es la constante y A el área.
L	2621	Nada más de el.
M	2621	EL_TILDE	2	12	14	Other	El pronombre personal <suggestion>él</suggestion> lleva tilde.	él
L	2622	Pues de el se hicieron dos copias.
M	2622	EL_TILDE	2	8	10	Other	El pronombre personal <suggestion>él</suggestion> lleva tilde.	él
L	2623	Ve a el que más te guste
M	2623	CONTRACCIONES	2	3	7	Other	Contracción.	al
L	2624	autor de el cual no se sabe nada
M	2624	UPPERCASE_SENTENCE_START		0	5	Other	Esta frase no empieza con mayúscula.	Autor
M	2624	CONTRACCIONES	2	6	11	Other	Contracción.	del
L	2625	La casa de el agua.
M	2625	CONTRACCIONES	3	8	13	Other	Contracción.	del
L	2626	Los mercados van a el alza.
M	2626	CONTRACCIONES	3	17	21	Other	Contracción.	al
L	2627	De El Mundo o de El País.
L	2628	G es la constante y A el área.
L	2629	Viene del Cairo
M	2629	ARTICULO_EN_TOPONIMOS	1	6	15	Other	Si se trata de un nombre de lugar, se escribe separado y con mayúscula.	de El Cairo
L	2630	San Lorenzo del Escorial
M	2630	ARTICULO_EN_TOPONIMOS	1	12	24	Other	Si se trata de un nombre de lugar, se escribe separado y con mayúscula.	de El Escorial
L	2631	Se dirige al salvador.
L	2632	Santa Iglesia Catedral del Salvador de Orihuela
L	2633	Viene del Corte inglés
M	2633	ARTICULO_EN_TOPONIMOS	2	6	22	Other	Si se trata de un nombre propio, se escribe separado y con mayúscula.	de El Corte Inglés
L	2634	las ONG's
M	2634	UPPERCASE_SENTENCE_START		0	3	Other	Esta frase no empieza con mayúscula.	Las
M	2634	SIGLAS	1	4	9	Other	El plural de las siglas no se marca gráficamente.	ONG
L	2635	las ONGs
M	2635	UPPERCASE_SENTENCE_START		0	3	Other	Esta frase no empieza con mayúscula.	Las
M	2635	SIGLAS	2	4	8	Other	El plural de las siglas no se marca gráficamente.	ONG
L	2636	las ONGS
M	2636	UPPERCASE_SENTENCE_START		0	3	Other	Esta frase no empieza con mayúscula.	Las
M	2636	SIGLAS	3	4	8	Other	El plural de las siglas no se marca gráficamente.	ONG
L	2637	los ERES
M	2637	UPPERCASE_SENTENCE_START		0	3	Other	Esta frase no empieza con mayúscula.	Los
M	2637	SIGLAS	4	4	8	Other	El plural de las siglas no se marca gráficamente.	ERE
L	2638	El desarrollo de las tics.
M	2638	SIGLAS	5	21	25	Other	Siglas de "tecnologías de la información y de la comunicación".	TIC
L	2639	El desarrollo de las tic.
M	2639	SIGLAS	5	21	24	Other	Siglas de "tecnologías de la información y de la comunicación".	TIC
L	2640	El desarrollo de las Tic.
M	2640	SIGLAS	5	21	24	Other	Siglas de "tecnologías de la información y de la comunicación".	TIC
L	2641	El desarrollo de las Tics.
M	2641	SIGLAS	5	21	25	Other	Siglas de "tecnologías de la información y de la comunicación".	TIC
L	2642	El desarrollo de las TICS.
M	2642	SIGLAS	5	21	25	Other	Siglas de "tecnologías de la información y de la comunicación".	TIC
L	2643	El desarrollo de las TICs.
M	2643	SIGLAS	2	21	25	Other	El plural de las siglas no se marca gráficamente.	TIC
L	2644	Los currículums vitae.
M	2644	CURRICULUM	1	4	21	Other	Utilice la forma latina o la forma adaptada.	curriculum vitae|currículums|currículos
L	2645	Son 2000euros.
M	2645	SEPARADO	1	4	13	Other	Probablemente falta un espacio.	2000 euros
L	2646	Es un pueblo de 5000habitantes.
M	2646	SEPARADO	1	16	30	Other	Probablemente falta un espacio.	5000 habitantes
L	2647	Estudiaba 4ºESO.
M	2647	SPACE_UNITIES	3	10	15	Other	Falta un espacio.	4º ESO
L	2648	A las 5hrs
M	2648	ABREV_HORA	4	6	10	Other	Para indicar horas se usa el símbolo h, en minúscula y sin punto.	5 h
L	2649	Mide 5cm.
M	2649	SPACE_UNITIES	1	5	8	Other	Falta un espacio antes de la unidad.	5 cm
L	2650	360crbrokers.com
L	2651	©2020.
M	2651	SEPARADO	2	0	5	Other	Probablemente falta un espacio.	© 2020
L	2652	Hay que actuar y acabarla infección.
M	2652	INFINITIVO_LA	3	17	25	Other	Probablemente se escribe separado.	acabar la
L	2653	Tenerla parada todo el día.
L	2654	Podemos llamarla precaución.
L	2655	la posibilidad de declararla zona especial
M	2655	UPPERCASE_SENTENCE_START		0	2	Other	Esta frase no empieza con mayúscula.	La
L	2656	propuesta alguna para hacerla realidad
M	2656	UPPERCASE_SENTENCE_START		0	9	Other	Esta frase no empieza con mayúscula.	Propuesta
L	2657	Ahora es preciso hacerla realidad.
L	2658	sin desmantelarla pieza a pieza
M	2658	UPPERCASE_SENTENCE_START		0	3	Other	Esta frase no empieza con mayúscula.	Sin
L	2659	denominarla directiva sobre adquisiciones
M	2659	UPPERCASE_SENTENCE_START		0	11	Other	Esta frase no empieza con mayúscula.	Denominarla
L	2660	Directivas fito-zoo-sanitarias.
M	2660	FITOZOOSANITARIO	4	11	30	Other	Se escribe junto.	fitozoosanitarias
L	2661	Estas fueron las declaraciones del exprimer ministro.
M	2661	EXPRIMER	1	35	43	Other	Se escribe separado.	ex primer
L	2662	Estas fueron las declaraciones de la ex-primera dama.
M	2662	EXPRIMER	2	37	47	Other	Se escribe separado sin guion.	ex primera
L	2663	Pertenece a la zona marítimo terrestre.
M	2663	ES_COMPOUNDS_MARÍTIMO_TERRESTRE		20	38	Other	Se escribe con un guion.	marítimo-terrestre
L	2664	Apartes de esto, tomemos una decisión.
M	2664	APARTES	1	0	10	Other	¿Quería decir <suggestion>aparte de</suggestion>?	Aparte de
L	2665	En los apartes de esta obra.
L	2666	Quiero que te apartes de estos peligros.
L	2667	Se presentaron entorno a cinquenta personas.
M	2667	EN_TORNO	1	15	24	Other	Con el sentido de 'alrededor de' se escribe separado.	en torno a
M	2667	MORFOLOGIK_RULE_ES		25	34	UnknownWord	Se ha encontrado un posible error ortográfico.	cincuenta|cinquena|cinqueña|cínquenla|cínquente|cinquen ta
L	2668	No todo gira entorno del presupuesto
M	2668	EN_TORNO	1	13	24	Other	Con el sentido de 'alrededor de' se escribe separado.	en torno del
L	2669	Adaptarán el entorno a los animales.
L	2670	Para el entorno a otras personas.
L	2671	De su entorno a los otros.
L	2672	En el entorno de la familia.
L	2673	El entorno de la familia.
L	2674	Alguien de su propio entorno a veces es el responsable.
L	2675	Con alguien de su propia casa o entorno a fin de que se solucione.
L	2676	juego de caracteres básico del entorno de ejecución
M	2676	UPPERCASE_SENTENCE_START		0	5	Other	Esta frase no empieza con mayúscula.	Juego
L	2677	las variables de entorno de ejecución
M	2677	UPPERCASE_SENTENCE_START		0	3	Other	Esta frase no empieza con mayúscula.	Las
L	2678	completo entorno de desarrollo visual
M	2678	UPPERCASE_SENTENCE_START		0	8	Other	Esta frase no empieza con mayúscula.	Completo
L	2679	Corrían entorno de la mesa.
M	2679	EN_TORNO	1	8	18	Other	Con el sentido de 'alrededor de' se escribe separado.	en torno de
L	2680	Miraban entorno suyo.
M	2680	EN_TORNO	2	8	15	Other	Con el sentido de 'alrededor' se escribe separado.	en torno
L	2681	Habían mirado entorno suyo.
M	2681	EN_TORNO	2	14	21	Other	Con el sentido de 'alrededor' se escribe separado.	en torno
L	2682	Van a mirar entorno.
M	2682	EN_TORNO	2	12	19	Other	Con el sentido de 'alrededor' se escribe separado.	en torno
L	2683	Tienen que mirar entorno.
M	2683	EN_TORNO	2	17	24	Other	Con el sentido de 'alrededor' se escribe separado.	en torno
L	2684	Mirando entorno.
M	2684	EN_TORNO	2	8	15	Other	Con el sentido de 'alrededor' se escribe separado.	en torno
L	2685	Adaptarán el entorno a los animales.
L	2686	Para el entorno a otras personas.
L	2687	Cuando digo entorno me refiero incluso a la pareja y al médico.
L	2688	Se palpaba en el en torno
M	2688	EL_TILDE	2	14	16	Other	El pronombre personal <suggestion>él</suggestion> lleva tilde.	él
M	2688	EN_TORNO	3	17	25	Other	Como sustantivo que significa 'ambiente, lo que rodea' se escribe junto.	entorno
L	2689	Se palpaba en su en torno
M	2689	EN_TORNO	3	17	25	Other	Como sustantivo que significa 'ambiente, lo que rodea' se escribe junto.	entorno
L	2690	Debates a parte, tomemos una decisión.
M	2690	APARTE	1	8	15	Other	En la mayoría de los casos se escribe <suggestion>aparte</suggestion>. Solo se escribe separado si equivale a 'a una parte'.	aparte
L	2691	Esta decisión no nos lleva a parte alguna.
L	2692	Deja indefensos a parte de los vecinos.
M	2692	APARTE	1	16	23	Other	En la mayoría de los casos se escribe <suggestion>aparte</suggestion>. Solo se escribe separado si equivale a 'a una parte'.	aparte
L	2693	La carretera lo atraviesa de parte a parte.
L	2694	Lo haremos parte a parte.
L	2695	Hipotecas sub prime.
M	2695	PREFIJOS_JUNTOS_EN_DICCIONARIO	1	10	19	Other	Se escribe junto.	subprime
L	2696	Son unos cara duras.
M	2696	NO_SEPARADO	2	9	19	Other	Se escribe junto.	caraduras
L	2697	Cuestiones medio ambientales.
M	2697	NO_SEPARADO	3	11	28	Other	Probablemente se escribe junto.	medioambientales
L	2698	Son social demócratas.
M	2698	NO_SEPARADO	4	4	21	Other	Probablemente se escribe junto.	socialdemócratas
L	2699	Se re activa.
M	2699	NO_SEPARADO	5	3	12	Other	Probablemente se escribe junto.	reactiva
L	2700	La re victimización.
M	2700	NO_SEPARADO	5	3	19	Other	Probablemente se escribe junto.	revictimización
L	2701	Siroe Re di Persia
M	2701	MORFOLOGIK_RULE_ES		0	5	UnknownWord	Se ha encontrado un posible error ortográfico.	Sirve|Sirope|Siro|Siros|Sirle|Sirte|Si roe|Siro e
L	2702	Concierto en re mayor.
L	2703	en la tonalidad de re bemol menor.
M	2703	UPPERCASE_SENTENCE_START		0	2	Other	Esta frase no empieza con mayúscula.	En
L	2704	Han llegado las pre-rebajas.
M	2704	PREFIJOS_JUNTOS_EN_DICCIONARIO	1	16	27	Other	Se escribe junto.	prerrebajas
L	2705	Han llegado las pre rebajas.
M	2705	PREFIJOS_JUNTOS_EN_DICCIONARIO	1	16	27	Other	Se escribe junto.	prerrebajas
L	2706	Es pro-demócrata.
M	2706	PREFIJOS_JUNTOS_EN_DICCIONARIO	1	3	16	Other	Se escribe junto.	prodemócrata
L	2707	Es pro democrático.
M	2707	PREFIJOS_JUNTOS_EN_DICCIONARIO	1	3	18	Other	Se escribe junto.	prodemocrático
L	2708	Son anti cariógenas.
M	2708	PREFIJOS_JUNTOS_EN_DICCIONARIO	1	4	19	Other	Se escribe junto.	anticariógenas
L	2709	anti ruso
M	2709	PREFIJOS_JUNTOS_EN_DICCIONARIO	1	0	9	Other	Se escribe junto.	antirruso
L	2710	anti-rusas
M	2710	PREFIJOS_JUNTOS_EN_DICCIONARIO	1	0	10	Other	Se escribe junto.	antirrusas
L	2711	Es el ciber comercio.
M	2711	NO_SEPARADO	9	6	20	Other	Probablemente se escribe junto.	cibercomercio
L	2712	Es el ciber-comercio.
M	2712	NO_SEPARADO	9	6	20	Other	Probablemente se escribe junto.	cibercomercio
L	2713	Son ultra-nacionalistas.
M	2713	PREFIJOS_JUNTOS_EN_DICCIONARIO	1	4	23	Other	Se escribe junto.	ultranacionalistas
L	2714	Son rayos ultra violetas.
M	2714	NO_SEPARADO	11	10	24	Other	Probablemente se escribe junto.	ultravioleta
L	2715	Es agro ecológico.
M	2715	NO_SEPARADO	12	3	17	Other	Se escribe junto.	agroecológico
L	2716	radio-telegrafía
M	2716	PREFIJOS_JUNTOS_EN_DICCIONARIO	1	0	16	Other	Se escribe junto.	radiotelegrafía
L	2717	Radio Televisión de Castilla.
L	2718	El salva conducto
M	2718	EL_TILDE	2	0	2	Other	El pronombre personal <suggestion>él</suggestion> lleva tilde.	Él
M	2718	NO_SEPARADO	14	3	17	Other	Se escribe junto.	salvoconducto
L	2719	El tele trabajo
M	2719	NO_SEPARADO	15	3	15	Other	Probablemente se escribe junto.	teletrabajo
L	2720	La tele realidad
M	2720	NO_SEPARADO	16	3	16	Other	Se escribe junto.	telerrealidad
L	2721	Un foto reportaje
M	2721	NO_SEPARADO	17	3	17	Other	Se escribe junto.	fotorreportaje
L	2722	El foto periodismo.
M	2722	NO_SEPARADO	18	3	18	Other	Se escribe junto.	fotoperiodismo
L	2723	La socio diversidad.
M	2723	NO_SEPARADO	19	3	19	Other	Se escribe junto.	sociodiversidad
L	2724	Los buco nasales
M	2724	NO_SEPARADO	20	4	16	Other	Se escribe junto.	buconasales
L	2725	geo localizaciones
M	2725	NO_SEPARADO	21	0	18	Other	Se escribe junto.	geolocalizaciones
L	2726	geo-localizaciones
M	2726	NO_SEPARADO	21	0	18	Other	Se escribe junto.	geolocalizaciones
L	2727	El Súper Martes
M	2727	SUPER	2	3	15	Other	El prefijo 'super-' se escribe junto.	Supermartes
L	2728	Ganó la súper-copa
M	2728	SUPER	2	8	18	Other	El prefijo 'super-' se escribe junto.	supercopa
L	2729	corona virus
M	2729	NO_SEPARADO	24	0	12	Other	Se escribe junto.	coronavirus
L	2730	Estoy con tigo
M	2730	NO_SEPARADO	25	6	14	Other	Como pronombre se escribe junto.	contigo
L	2731	cero tipo
M	2731	NO_SEPARADO	26	0	9	Other	Se escribe junto.	serotipo
L	2732	sero-prevalencias
M	2732	NO_SEPARADO	26	0	17	Other	Se escribe junto.	seroprevalencias
L	2733	He perdido la master card.
M	2733	NO_SEPARADO	27	14	25	Other	Se escribe junto.	Mastercard
L	2734	Jugamos al pilla-pilla.
M	2734	CONFUSION_AL_LA	1	8	10	Other	Posible error de concordancia.	la|a la
M	2734	NO_SEPARADO	28	11	22	Other	Se escribe junto.	pillapilla
L	2735	Un taca-taca.
M	2735	NO_SEPARADO	29	3	12	Other	Se escribe junto.	tacataca|tacatá
L	2736	La euro-zona.
M	2736	NO_SEPARADO	30	3	12	Other	Se escribe junto.	eurozona
L	2737	En los tik-toks.
M	2737	NO_SEPARADO	31	7	15	Other	Se escribe junto.	tiktoks
L	2738	Le he escrito 4 wats apps.
M	2738	NO_SEPARADO	32	16	25	Other	Se escribe junto.	wasaps|WhatsApp
L	2739	Las video conferencias.
M	2739	NO_SEPARADO	33	4	22	Other	Se escribe junto.	videoconferencias
L	2740	Con un video juego.
M	2740	NO_SEPARADO	33	7	18	Other	Se escribe junto.	videojuego
L	2741	El porta oculares.
M	2741	EL_TILDE	2	0	2	Other	El pronombre personal <suggestion>él</suggestion> lleva tilde.	Él
M	2741	NO_SEPARADO	34	3	17	Other	Se escribe junto.	portaoculares
L	2742	Los Estado Unidenses
M	2742	NO_SEPARADO	35	4	20	Other	Se escribe junto.	estadounidenses
L	2743	Ellos sobre salían.
M	2743	NO_SEPARADO	36	6	18	Other	Probablemente se escribe junto.	sobresalían
L	2744	Háblame sobre todo esto.
L	2745	Al actuar sobre dichos órganos.
L	2746	Un cuestionario sobre bebidas.
L	2747	El cubre bocas.
M	2747	EL_TILDE	2	0	2	Other	El pronombre personal <suggestion>él</suggestion> lleva tilde.	Él
M	2747	NO_SEPARADO	37	3	14	Other	Probablemente se escribe junto.	cubrebocas
L	2748	El cubrebocas cubre las bocas.
L	2749	Necesito un saca leches.
M	2749	NO_SEPARADO	38	12	23	Other	Probablemente se escribe junto.	sacaleches
L	2750	Los afro-americanos.
M	2750	ES_COMPOUNDS_AFRO_AMERICANOS		4	19	Other	Se escribe junto sin espacio ni guion.	afroamericanos
L	2751	Háblame sobre todo esto.
L	2752	Los euro-magrebíes.
M	2752	NO_SEPARADO	40	4	18	Other	Probablemente se escribe junto.	euromagrebíes
L	2753	Los nano-tecnología.
M	2753	NO_SEPARADO	41	4	19	Other	Probablemente se escribe junto.	nanotecnología
L	2754	La des-globalización.
M	2754	NO_SEPARADO	42	3	20	Other	Probablemente se escribe junto.	desglobalización
L	2755	La neuro-biología.
M	2755	NO_SEPARADO	43	3	17	Other	Probablemente se escribe junto.	neurobiología
L	2756	La capital baja-californiana.
M	2756	NO_SEPARADO	44	11	28	Other	Se escribe junto.	bajacaliforniana
L	2757	Las ex-colonias británicas.
M	2757	NO_SEPARADO	45	4	15	Other	Se escribe junto.	excolonias
L	2758	El vice presidente no acudió.
M	2758	PREFIJOS_JUNTOS_EN_DICCIONARIO	1	3	18	Other	Se escribe junto.	vicepresidente
L	2759	Tuvo que cargar con el san benito.
M	2759	NO_SEPARADO	47	23	33	Other	Se escribe junto en giros como 'quitarse el sambenito', 'cargar con el sambenito'.	sambenito
L	2760	Le pusieron el san benito.
M	2760	NO_SEPARADO	47	15	25	Other	Se escribe junto en giros como 'quitarse el sambenito', 'cargar con el sambenito'.	sambenito
L	2761	Le pusieron aquel san benito.
M	2761	NO_SEPARADO	47	18	28	Other	Se escribe junto en giros como 'quitarse el sambenito', 'cargar con el sambenito'.	sambenito
L	2762	Eran situaciones de micro-racismo.
M	2762	PREFIJOS_JUNTOS_EN_DICCIONARIO	1	20	33	Other	Se escribe junto.	microrracismo
L	2763	Era un estudio de micro biología.
M	2763	PREFIJOS_JUNTOS_EN_DICCIONARIO	1	18	32	Other	Se escribe junto.	microbiología
L	2764	Hizo un macro análisis.
M	2764	NO_SEPARADO	49	8	22	Other	Se escribe junto.	macroanálisis
L	2765	Hubo una macro redada el sábado por la noche.
M	2765	NO_SEPARADO	49	9	21	Other	Se escribe junto.	macrorredada
L	2766	Hubo una reunión inter sectorial.
M	2766	NO_SEPARADO	50	17	32	Other	Se escribe junto.	intersectorial
L	2767	Es propio del nacional-populismo.
M	2767	NO_SEPARADO	51	14	32	Other	Se escribe junto.	nacionalpopulismo
L	2768	Son gobiernos nacional-populistas.
M	2768	NO_SEPARADO	52	14	33	Other	Se escribe junto.	nacionalpopulistas
L	2769	Envíalo a mi e mail.
M	2769	MI_TILDE	1	10	12	Other	Si es pronombre, se escribe con tilde.	mí
M	2769	ES_COMPOUNDS_E_MAIL		13	19	Other	Se escribe con un guion.	e-mail
L	2770	No quiero que se mal interprete esto.
M	2770	NO_SEPARADO	54	17	31	Other	Probablemente se escribe junto.	malinterprete
L	2771	El toma corriente.
M	2771	EL_TILDE	2	0	2	Other	El pronombre personal <suggestion>él</suggestion> lleva tilde.	Él
M	2771	NO_SEPARADO	55	3	17	Other	Se escribe junto.	tomacorriente
L	2772	El cuenta cuentos lo hizo muy bien.
M	2772	EL_TILDE	2	0	2	Other	El pronombre personal <suggestion>él</suggestion> lleva tilde.	Él
M	2772	NO_SEPARADO	56	3	17	Other	Se escribe junto.	cuentacuentos
L	2773	Siempre nos cuenta cuentos bonitos.
L	2774	Hay una forma de hacerlo super rápida.
M	2774	SUPER	2	25	37	Other	El prefijo 'super-' se escribe junto.	superrápida
L	2775	No tenían gel hidro alcohólico.
M	2775	NO_SEPARADO	58	14	30	Other	Se escribe junto.	hidroalcohólico
L	2776	Aquí no llega el wi-fi.
M	2776	NO_SEPARADO	59	17	22	Other	Normalmente se escribe junto y en minúsculas. "Wi-Fi" es posible como nombre de marca registrada.	wifi
L	2777	Aquí no llega el Wi-Fi.
M	2777	NO_SEPARADO	59	17	22	Other	Normalmente se escribe junto y en minúsculas. "Wi-Fi" es posible como nombre de marca registrada.	wifi
L	2778	Son hispano hablantes.
M	2778	NO_SEPARADO	60	4	21	Other	Se escribe junto.	hispanohablantes
L	2779	Cuenta con hablantes en todo el mundo.
L	2780	Es hispano hablante.
M	2780	NO_SEPARADO	61	3	19	Other	Se escribe junto.	hispanohablante
L	2781	Cuenta con un hablante en la oficina.
L	2782	Son maya hablantes.
M	2782	NO_SEPARADO	60	4	18	Other	Se escribe junto.	mayahablantes
L	2783	Tengo que acabar el power point.
M	2783	NO_SEPARADO	63	20	31	Other	Se escribe junto.	PowerPoint
L	2784	Me instalé el Language tool para Microsoft Word.
M	2784	NO_SEPARADO	64	14	27	Other	¿Quería decir <suggestion>LanguageTool</suggestion> (servicio de revisión de textos)?	LanguageTool
L	2785	Son mega-bytes.
M	2785	NO_SEPARADO	65	4	14	Other	Probablemente se escribe junto.	megabytes
L	2786	El súper-yo del psicoanálisis freudiano.
M	2786	NO_SEPARADO	66	3	11	Other	Se escribe junto.	superyó|superego
L	2787	Son beta-lactámicos.
M	2787	NO_SEPARADO	67	4	19	Other	Probablemente se escribe junto.	betalactámicos
L	2788	En el contexto post-revolucionario.
M	2788	PREFIJOS_JUNTOS_EN_DICCIONARIO	1	15	34	Other	Se escribe junto.	postrevolucionario
L	2789	Este post es un poco especial.
L	2790	El post es maravilloso.
L	2791	Búscate otro post en el que pueda tener cabida.
L	2792	Repasarás este post antes de darle al botón.
L	2793	En este post os resumiremos de forma sencilla como reparar la configuración.
L	2794	Las características físico químicas.
M	2794	NO_SEPARADO	69	20	35	Other	Probablemente se escribe junto.	fisicoquímicas
L	2795	La promoción del astro turismo.
M	2795	NO_SEPARADO	70	17	30	Other	Probablemente se escribe junto.	astroturismo
L	2796	La todo poderosa liga profesional de fútbol.
M	2796	NO_SEPARADO	71	3	16	Other	Probablemente se escribe junto.	todopoderosa
L	2797	Era en todoo poderoso
M	2797	MORFOLOGIK_RULE_ES		7	12	UnknownWord	Se ha encontrado un posible error ortográfico.	todo|todos|Todio|todo o
L	2798	Son co expositores en Fitur.
M	2798	NO_SEPARADO	72	4	18	Other	Probablemente se escribe junto.	coexpositores
L	2799	Son co-expositores en Fitur.
M	2799	NO_SEPARADO	72	4	18	Other	Probablemente se escribe junto.	coexpositores
L	2800	Lo hace co n interés.
M	2800	NO_SEPARADO	72	8	12	Other	Probablemente se escribe junto.	con
L	2801	«Co-fundador de Kraftwerk».
M	2801	NO_SEPARADO	72	1	12	Other	Probablemente se escribe junto.	Cofundador
M	2801	MORFOLOGIK_RULE_ES		16	25	UnknownWord	Se ha encontrado un posible error ortográfico.	
L	2802	Él es co responsable de los gastos.
M	2802	NO_SEPARADO	72	6	20	Other	Probablemente se escribe junto.	corresponsable
L	2803	Se actúa con co-responsabilidad.
M	2803	NO_SEPARADO	72	13	31	Other	Probablemente se escribe junto.	corresponsabilidad
L	2804	Hubo un rifi-rafe al final del partido.
M	2804	NO_SEPARADO	73	8	17	Other	Se escribe junto.	rifirrafe
L	2805	Hubo un rifi rafe al final del partido.
M	2805	NO_SEPARADO	73	8	17	Other	Se escribe junto.	rifirrafe
L	2806	Era un caza recompensas.
M	2806	NO_SEPARADO	74	7	23	Other	Probablemente se escribe junto.	cazarrecompensas
L	2807	Quien caza dos liebres al mismo tiempo, no caza ninguna.
L	2808	La caza es muy sabrosa.
L	2809	Era un problema de sobre uso.
M	2809	NO_SEPARADO	75	19	28	Other	Probablemente se escribe junto.	sobreúso
L	2810	Las máquinas apaga fuegos.
M	2810	NO_SEPARADO	76	13	25	Other	Se escribe junto.	apagafuegos
L	2811	Un apaga fuegos.
M	2811	NO_SEPARADO	77	3	15	Other	Se escribe junto.	apagafuegos
L	2812	Un «apaga fuegos».
M	2812	NO_SEPARADO	77	4	16	Other	Se escribe junto.	apagafuegos
L	2813	Un pasa tiempo.
M	2813	NO_SEPARADO	78	3	14	Other	Se escribe junto.	pasatiempo
L	2814	Los «pasa tiempos».
M	2814	NO_SEPARADO	78	5	17	Other	Se escribe junto.	pasatiempos
L	2815	Los padres la sobre protegen.
M	2815	NO_SEPARADO	36	14	28	Other	Probablemente se escribe junto.	sobreprotegen
L	2816	Un lanza misiles
M	2816	NO_SEPARADO	80	3	16	Other	Como sustantivo se escribe junto.	lanzamisiles
L	2817	Un lanza-misiles
M	2817	NO_SEPARADO	80	3	16	Other	Como sustantivo se escribe junto.	lanzamisiles
L	2818	Unas flores siempre-vivas
M	2818	NO_SEPARADO	81	12	25	Other	Como sustantivo se escribe junto.	siemprevivas
L	2819	Fue un pseudo referéndum.
M	2819	PREFIJOS_JUNTOS_EN_DICCIONARIO	1	7	24	Other	Se escribe junto.	pseudorreferéndum
L	2820	Fue un seudo-referéndum.
M	2820	NO_SEPARADO	83	7	23	Other	Probablemente se escribe junto.	seudorreferéndum
L	2821	Fue extra ordinario.
M	2821	NO_SEPARADO	84	4	19	Other	Probablemente se escribe junto.	extraordinario
L	2822	Fue en el extra-radio.
M	2822	NO_SEPARADO	84	10	21	Other	Probablemente se escribe junto.	extrarradio
L	2823	Especialista fito sanitario.
M	2823	NO_SEPARADO	85	13	27	Other	Se escribe junto.	fitosanitario
L	2824	Medidas zoo-sanitarias.
M	2824	NO_SEPARADO	85	8	22	Other	Se escribe junto.	zoosanitarias
L	2825	Infiltración del meso ovario bilateral.
M	2825	NO_SEPARADO	86	17	28	Other	Se escribe junto.	mesoovario
L	2826	En el pos-operatorio.
M	2826	EL_TILDE	2	3	5	Other	El pronombre personal <suggestion>él</suggestion> lleva tilde.	él
M	2826	PREFIJO_POST	87	6	20	Other	Se escribe junto.	posoperatorio|postoperatorio
L	2827	¡Bien venidos a la fiesta!
M	2827	BIEN_VENIDO	88	1	13	Other	Se escribe junto.	Bienvenidos
L	2828	La guerra de Indo-China.
M	2828	INDOCHINA	89	13	23	Other	Se escribe junto.	Indochina
L	2829	Hacía un tiempo cuasi veraniego.
M	2829	PREFIJOS_JUNTOS_EN_DICCIONARIO	1	16	31	Other	Se escribe junto.	cuasiveraniego
L	2830	Descubrieron nuevas cuasi-partículas.
M	2830	PREFIJOS_JUNTOS_EN_DICCIONARIO	1	20	36	Other	Se escribe junto.	cuasipartículas
L	2831	Tik tok es un servicio para compartir vídeos.
M	2831	TIK_TOK	1	0	7	Other	¿Quería decir <suggestion>TikTok</suggestion> (red social)?	TikTok
L	2832	Vamos a un super cercano.
M	2832	SUPER	1	11	24	Other	En referencia a un "supermercado" se escribe con tilde. Si es un adjetivo, se escribe en una palabra.	súper cercano|supercercano
L	2833	Son súper buenas
M	2833	SUPER	2	4	16	Other	El prefijo 'super-' se escribe junto.	superbuenas
L	2834	Él es el super-intendente
M	2834	SUPER	2	9	25	Other	El prefijo 'super-' se escribe junto.	superintendente
L	2835	Lo pasamos súper en la fiesta.
L	2836	Vamos a un súper cercano.
L	2837	Lo ha hecho súper-bien.
M	2837	SUPER	3	12	22	Other	El prefijo 'super-' se escribe junto.	superbién
L	2838	Lo ha hecho súper bien.
M	2838	SUPER	3	12	22	Other	El prefijo 'super-' se escribe junto.	superbién
L	2839	Son super importantes
M	2839	SUPER	2	4	21	Other	El prefijo 'super-' se escribe junto.	superimportantes
L	2840	Es una super gran oportunidad.
L	2841	Son un super camino
M	2841	SUPER	5	7	19	Other	Como prefijo, 'super-' se escribe junto, aunque la palabra resultante no esté en el diccionario.	supercamino
L	2842	En la Super Bowl.
L	2843	Super-8.
L	2844	Me voy al super.
M	2844	SUPER	6	10	15	Other	Como adjetivo, adverbio o sinónimo de 'supermercado', se escribe <suggestion>súper</suggestion>.	súper
L	2845	En la Super Bowl.
L	2846	Está super de moda.
L	2847	Me siento super a gusto.
L	2848	Formaron una super gran coalición.
L	2849	El prefijo super- es de uso común.
L	2850	Estaba súper a gusto.
M	2850	SUPER	7	7	12	Other	Como prefijo de un conjunto de palabras con un significado unitario, se escribe sin tilde.	super
L	2851	Fundaron una súper gran coalición.
M	2851	SUPER	4	13	23	Other	Como prefijo de un adjetivo, 'super-' se escribe junto, aunque la palabra resultante no esté en el diccionario.	supergran
L	2852	Fundaron una súper-gran coalición.
M	2852	SUPER	4	13	23	Other	Como prefijo de un adjetivo, 'super-' se escribe junto, aunque la palabra resultante no esté en el diccionario.	supergran
L	2853	Sufre hiper tensión
M	2853	HIPER	1	6	19	Other	El prefijo 'hiper-' se escribe junto.	hipertensión
L	2854	Son hiper-activas
M	2854	HIPER	1	4	17	Other	El prefijo 'hiper-' se escribe junto.	hiperactivas
L	2855	Vamos al híper de la esquina.
L	2856	Son hiper importantes
M	2856	HIPER	1	4	21	Other	El prefijo 'hiper-' se escribe junto.	hiperimportantes
L	2857	Son un hiper camino
M	2857	HIPER	3	7	19	Other	Como prefijo, 'hiper-' se escribe junto, aunque la palabra resultante no esté en el diccionario.	hipercamino
L	2858	Me voy al hiper.
M	2858	HIPER	4	10	15	Other	Como sinónimo de 'hipermercado', se escribe <suggestion>híper</suggestion>.	híper
L	2859	El prefijo hiper- significa
L	2860	Está super de moda.
L	2861	Me siento super a gusto.
L	2862	Formaron una super gran coalición.
L	2863	Un manual de auto-curación.
M	2863	PREFIJOS_JUNTOS_EN_DICCIONARIO	1	13	26	Other	Se escribe junto.	autocuración
L	2864	La auto-regulación del mercado financiero.
M	2864	PREFIJOS_JUNTOS_EN_DICCIONARIO	1	3	18	Other	Se escribe junto.	autorregulación
L	2865	La auto regulación del mercado financiero.
M	2865	PREFIJOS_JUNTOS_EN_DICCIONARIO	1	3	18	Other	Se escribe junto.	autorregulación
L	2866	Su auto rebasó el nuestro.
L	2867	El auto chocó con el camión.
L	2868	Encontré los vidrios del auto rotos.
L	2869	La mantención de mi auto cuesta una fortuna.
L	2870	¿Qué auto eligió Tom?
L	2871	auto-ayuda
M	2871	PREFIJOS_JUNTOS_EN_DICCIONARIO	1	0	10	Other	Se escribe junto.	autoayuda
L	2872	Se auto-considera el mejor.
M	2872	AUTO_NO_SEPARADO	2	3	17	Other	Probablemente se escribe junto.	autoconsidera
L	2873	Su auto rebasó el nuestro.
L	2874	El auto chocó con el camión.
L	2875	Encontré los vidrios del auto rotos.
L	2876	La mantención de mi auto cuesta una fortuna.
L	2877	¿Qué auto eligió Tom?
L	2878	Su viejo auto anda en las últimas.
L	2879	Este auto usado es tan bueno como uno nuevo.
L	2880	Es muy anti occidental.
M	2880	PREFIJOS_JUNTOS_EN_DICCIONARIO	1	7	22	Other	Se escribe junto.	antioccidental
L	2881	Las aportaciones greco romanas al arte.
M	2881	PREFIJOS_JUNTOS_EN_DICCIONARIO	1	17	30	Other	Se escribe junto.	grecorromanas
L	2882	Era el vice primer ministro del país.
L	2883	Vino a alrededor de las cinco.
M	2883	ALREDEDOR	1	5	16	Other	Expresión preferible sin la preposición 'a'.	alrededor|al rededor|en rededor
L	2884	Asciende a alrededor de 3000 €.
L	2885	Lo llevó acabo con solvencia.
M	2885	LLEVAR_ACABO	1	9	14	Other	Se escribe separado.	a cabo|al cabo
L	2886	Hay que llevarlo acabo con solvencia.
M	2886	LLEVAR_ACABO	1	17	22	Other	Se escribe separado.	a cabo|al cabo
L	2887	Lo llevó a caba con solvencia.
M	2887	CABA	1	9	15	Other	¿Quería decir <suggestion>a cabo</suggestion>?	a cabo
L	2888	Esto ocurre en la zona caba.
M	2888	CABA	2	23	27	Other	¿Quería decir <suggestion>CABA</suggestion> (Ciudad Autónoma de Buenos Aires)?	CABA
L	2889	Ahora a caba.
M	2889	CABA	3	6	12	Other	¿Quería decir <suggestion>acaba</suggestion>?	acaba
L	2890	Ahora caba.
M	2890	CABA	4	6	10	Other	¿Quería decir <suggestion>CABA</suggestion> (Ciudad Autónoma de Buenos Aires), <suggestion>cabo</suggestion>, <suggestion>acaba</suggestion> (v. 'acabar') o <suggestion>quepa</suggestion> (subjuntivo del v. 'caber')?	CABA|cabo|acaba|quepa
L	2891	No dábamos nunca a basto.
M	2891	DAR_ABASTO	1	17	24	Other	Se escribe junto.	abasto
L	2892	Lo cual daría a lugar a varios cambios.
M	2892	DAR_A_LUGAR	1	14	21	Other	Expresión incorrecta.	lugar
L	2893	Me gusta sobretodo el verde.
M	2893	SOBRETODO	1	9	18	Other	Se escribe separado si es una loc. adverbial (=especialmente), junto si es un sustantivo (=prenda de vestir).	sobre todo
L	2894	Se compró un sobretodo
L	2895	El sobretodo de Céspedes.
L	2896	En alusión al sobretodo del sargento.
L	2897	Que haiga al menos una.
M	2897	HAIGA	1	4	9	Other	¿Quería decir <suggestion>haya</suggestion> (del verbo 'haber')?	haya
L	2898	No me importa lo que haigas dicho.
M	2898	HAIGA	2	21	27	Other	¿Quería decir <suggestion>hayas</suggestion> (del verbo 'haber')?	hayas
L	2899	No me importa lo que haigan dicho los demás.
M	2899	HAIGA	3	21	27	Other	¿Quería decir <suggestion>hayan</suggestion> (del verbo 'haber')?	hayan
L	2900	No parece que halla comprado nada.
M	2900	HALLA_HAYA	1	14	19	Other	Probablemente hay que escribir <suggestion>haya</suggestion> (=pueda haber). Correcto si es del v. 'hallar' (=encuentra).	haya
L	2901	Espero que te halla servido de ayuda.
M	2901	HALLA_HAYA	1	14	19	Other	Probablemente hay que escribir <suggestion>haya</suggestion> (=pueda haber). Correcto si es del v. 'hallar' (=encuentra).	haya
L	2902	Se halla situado en una colina.
L	2903	Halla muerto a su hermana.
L	2904	Halla muerto o no, hay que ir a buscarlo.
M	2904	HALLA_HAYA	2	0	5	Other	Probablemente hay que escribir <suggestion>haya</suggestion> (=pueda haber). Correcto si es del v. 'hallar' (=encuentra).	Haya
L	2905	Cuando lo hallan acabado, me lo mandan.
M	2905	HALLA_HAYA	3	10	16	Other	Probablemente hay que escribir <suggestion>hayan</suggestion> (v. haber). Correcto si es del v. 'hallar' (=encuentran).	hayan
L	2906	Hallan muerto a un hombre de 50 años.
L	2907	Para que halla climatización.
M	2907	HALLA_HAYA	4	9	14	Other	Probablemente hay que escribir <suggestion>haya</suggestion> (v. haber). Correcto si es del v. 'hallar' (=encuentra).	haya
L	2908	Creo que me gustará halla lo que halla.
M	2908	VERBO_MODAL_INFINITIVO	2	20	25	Other	Posible confusión. ¿Quería decir <suggestion>hallar</suggestion>?	hallar
L	2909	No parece que se halla comprado nada.
M	2909	SE_HALLA_SE_HAYA_PARTICIPIO	1	14	22	Other	Correcto si es del v. 'hallarse' (=se encuentra, está). Incorrecto si es del v. 'haber'.	se haya
L	2910	Nadie dice que se halla casado con ella.
M	2910	SE_HALLA_SE_HAYA_PARTICIPIO	1	15	23	Other	Correcto si es del v. 'hallarse' (=se encuentra, está). Incorrecto si es del v. 'haber'.	se haya
L	2911	La causa de que se halla castellanizado.
M	2911	SE_HALLA_SE_HAYA_PARTICIPIO	2	16	24	Other	Correcto si es del v. 'hallarse' (=se encuentra, está). Incorrecto si es del v. 'haber'.	se haya
L	2912	una situación singular que se halla llevado a cabo.
M	2912	UPPERCASE_SENTENCE_START		0	3	Other	Esta frase no empieza con mayúscula.	Una
M	2912	SE_HALLA_SE_HAYA	6	27	35	Other	Correcto si es del v. 'hallarse' (=se encuentra, está). Incorrecto si es del v. 'haber'.	se haya
L	2913	El problema es que se halla demasiado lejos.
L	2914	descubrirá que Rodríguez se halla implicado
M	2914	UPPERCASE_SENTENCE_START		0	10	Other	Esta frase no empieza con mayúscula.	Descubrirá
L	2915	El calor al que se halla sometido.
L	2916	Si no quieren que halla más huelga, que se espabilen.
M	2916	HALLA_HAYA	7	18	23	Other	Incorrecto si es del v. 'haber'. Correcto si es del v. 'hallar' (encontrar).	haya
L	2917	Si no quieren que halla una huelga, que se espabilen.
M	2917	HALLA_HAYA	7	18	23	Other	Incorrecto si es del v. 'haber'. Correcto si es del v. 'hallar' (encontrar).	haya
L	2918	No parece que se halla comprado nada.
M	2918	SE_HALLA_SE_HAYA_PARTICIPIO	1	14	22	Other	Correcto si es del v. 'hallarse' (=se encuentra, está). Incorrecto si es del v. 'haber'.	se haya
L	2919	Nadie dice que se halla casado con ella.
M	2919	SE_HALLA_SE_HAYA_PARTICIPIO	1	15	23	Other	Correcto si es del v. 'hallarse' (=se encuentra, está). Incorrecto si es del v. 'haber'.	se haya
L	2920	No parece que se halla roto nada
M	2920	SE_HALLA_SE_HAYA_PARTICIPIO	1	14	22	Other	Correcto si es del v. 'hallarse' (=se encuentra, está). Incorrecto si es del v. 'haber'.	se haya
L	2921	El problema es que se halla demasiado lejos.
L	2922	descubrirá que Rodríguez se halla implicado
M	2922	UPPERCASE_SENTENCE_START		0	10	Other	Esta frase no empieza con mayúscula.	Descubrirá
L	2923	El calor al que se halla sometido.
L	2924	La causa de que se halla castellanizado.
M	2924	SE_HALLA_SE_HAYA_PARTICIPIO	2	16	24	Other	Correcto si es del v. 'hallarse' (=se encuentra, está). Incorrecto si es del v. 'haber'.	se haya
L	2925	El problema es que se halla demasiado lejos.
L	2926	descubrirá que Rodríguez se halla implicado
M	2926	UPPERCASE_SENTENCE_START		0	10	Other	Esta frase no empieza con mayúscula.	Descubrirá
L	2927	El calor al que se halla sometido.
L	2928	Se haya ubicado en el centro de la ciudad.
M	2928	HAYA_HALLA	1	0	7	Other	Incorrecto si es del v. 'hallarse' (=se encuentra, está). Correcto si es del v. 'haber'.	Se halla
L	2929	Se haya situado al final de la avenida.
M	2929	HAYA_HALLA	1	0	7	Other	Incorrecto si es del v. 'hallarse' (=se encuentra, está). Correcto si es del v. 'haber'.	Se halla
L	2930	Es posible que no se haya habitado nunca.
L	2931	Se haya en el centro de la ciudad.
M	2931	HAYA_HALLA	2	0	7	Other	Incorrecto si es del v. 'hallarse' (=se encuentra, está). Correcto si es del v. 'haber'.	Se halla
L	2932	No se haya en ninguna parte.
M	2932	HAYA_HALLA	2	3	10	Other	Incorrecto si es del v. 'hallarse' (=se encuentra, está). Correcto si es del v. 'haber'.	se halla
L	2933	No se hayan en ninguna parte.
M	2933	HAYA_HALLA	2	3	11	Other	Incorrecto si es del v. 'hallarse' (=se encuentra, está). Correcto si es del v. 'haber'.	se hallan
L	2934	¿Dónde se hayan ubicados?
M	2934	HAYA_HALLA	2	7	15	Other	Incorrecto si es del v. 'hallarse' (=se encuentra, está). Correcto si es del v. 'haber'.	se hallan
M	2934	HABER_GERUNDIO	2	16	24	Other	Falta un participio o la preposición 'de'.	ubicado|de ubicar
L	2935	Aunque se haya siempre pensado así.
L	2936	Aunque se hayan hecho siempre así.
L	2937	Cuando los transportes se hayan de realizar.
L	2938	lo que probablemente se haya debido a la reducción de tamaño
M	2938	UPPERCASE_SENTENCE_START		0	2	Other	Esta frase no empieza con mayúscula.	Lo
L	2939	Hayan muerto a un hombre.
M	2939	HAYA_HALLA	3	0	5	Other	Incorrecto si es del v. 'hallar' (=encontrar). Correcto si es del v. 'haber'.	Hallan
L	2940	Se hayan instalados en la capital.
M	2940	HAYA_HALLA	2	0	8	Other	Incorrecto si es del v. 'hallarse' (=se encuentra, está). Correcto si es del v. 'haber'.	Se hallan
M	2940	HABER_GERUNDIO	2	9	19	Other	Falta un participio o la preposición 'de'.	instalado|de instalar
L	2941	Hayan muerto o no, no nos importa.
L	2942	Hayan hecho lo que hayan hecho, no me importa.
L	2943	Se haya instalado en la capital.
M	2943	HAYA_HALLA	4	3	7	Other	Incorrecto si es del v. 'hallar' (=encontrar). Correcto si es del v. 'haber'.	halla
L	2944	Se haya muerto o no, no nos importa.
L	2945	Se haya hecho lo que se haya hecho, no me importa.
L	2946	Se haya agotado la prestación por desempleo.
M	2946	HAYA_HALLA	4	3	7	Other	Incorrecto si es del v. 'hallar' (=encontrar). Correcto si es del v. 'haber'.	halla
L	2947	jajajaja
M	2947	ONOMATOPEYAS	1	0	8	Other	Onomatopeya de la risa.	ja, ja, ja|ha, ha, ha
L	2948	jejejejeje
M	2948	ONOMATOPEYAS	2	0	10	Other	Onomatopeya de la risa.	je, je, je|he, he, he
L	2949	jijiji
M	2949	ONOMATOPEYAS	3	0	6	Other	Onomatopeya de la risa.	ji, ji, ji|hi, hi, hi
L	2950	ja ja ja ja
M	2950	ONOMATOPEYAS	4	0	11	Other	Onomatopeya de la risa.	ja, ja, ja|ha, ha, ha
L	2951	je je je je
M	2951	ONOMATOPEYAS	5	0	11	Other	Onomatopeya de la risa.	je, je, je|he, he, he
L	2952	ji ji ji ji
M	2952	ONOMATOPEYAS	6	0	11	Other	Onomatopeya de la risa.	ji, ji, ji|hi, hi, hi
L	2953	A veces se abrevia como tv.
M	2953	TV	1	24	26	Other	La abreviación de "televisión" se escribe con mayúscula.	TV
L	2954	Voy a ver a Tomas.
M	2954	TOMAS	1	12	17	Other	Si es un nombre de persona, se escribe <suggestion>Tomás</suggestion>.	Tomás
L	2955	¿Tomas una copa conmigo?
L	2956	Tomas el mando.
L	2957	¿Tomas café?
L	2958	Con el calor q hace.
M	2958	SINGLE_CHARACTER	1	13	14	Other	Asegúrese de que el carácter 'q' es correcto y no es un error de escritura.	que
L	2959	Entre Madrid i Sevilla.
M	2959	SINGLE_CHARACTER	2	13	14	Other	Si es una conjunción, se escribe <suggestion>y</suggestion>.	y
L	2960	Ortega i Gasset.
M	2960	SINGLE_CHARACTER	2	7	8	Other	Si es una conjunción, se escribe <suggestion>y</suggestion>.	y
M	2960	MORFOLOGIK_RULE_ES		9	15	UnknownWord	Se ha encontrado un posible error ortográfico.	Gasser|Basset|Gas set
L	2961	Carlos I de España.
L	2962	En la posición i.
L	2963	Diorama se fundó en 1996 como un proyecto musical d Torben Wendt.
M	2963	SINGLE_CHARACTER	3	50	51	Other	Asegúrese de que el carácter 'd' es correcto y no es un error de escritura.	
M	2963	MORFOLOGIK_RULE_ES		52	58	UnknownWord	Se ha encontrado un posible error ortográfico.	Tuercen|Tornen|Sorben|Torren|Turben|Torbes|Toreen|Troven
M	2963	MORFOLOGIK_RULE_ES		59	64	UnknownWord	Se ha encontrado un posible error ortográfico.	Wendy
L	2964	Felix Marc el cual mantenía amistad con Torben entró a l banda como teclista.
M	2964	MORFOLOGIK_RULE_ES		0	5	UnknownWord	Se ha encontrado un posible error ortográfico.	Félix|Feliz|Fénix|Feli|Felip|Feliú|Flix
M	2964	MORFOLOGIK_RULE_ES		40	46	UnknownWord	Se ha encontrado un posible error ortográfico.	Tuercen|Tornen|Sorben|Torren|Turben|Torbes|Toreen|Troven
M	2964	E_L	1	53	56	Other	¿Quería decir <suggestion>al</suggestion>?	al
L	2965	En el uso horario de las Canarias.
M	2965	USO_HUSO	1	6	9	Other	En el sentido de 'parte en que se divide la superficie terrestre', se escribe con hache.	huso
L	2966	En otros usos horarios.
M	2966	USO_HUSO	1	9	13	Other	En el sentido de 'parte en que se divide la superficie terrestre', se escribe con hache.	husos
L	2967	El atleta a corrido de forma espectacular.
M	2967	A_PARTICIPIO	1	10	11	Other	El v. 'haber' se escribe con hache.	ha
L	2968	El atleta a dicho que sí.
M	2968	A_PARTICIPIO	1	10	11	Other	El v. 'haber' se escribe con hache.	ha
L	2969	A templado los ánimos.
M	2969	A_PARTICIPIO	1	0	1	Other	El v. 'haber' se escribe con hache.	Ha
L	2970	Ella a vuelto a cometer el mismo error.
M	2970	PRON_HABER_PARTICIPIO	4	5	6	Other	El v. 'haber' se escribe con hache.	ha
L	2971	Esta industria a comenzado a desarrollarse.
M	2971	A_PARTICIPIO	1	15	16	Other	El v. 'haber' se escribe con hache.	ha
L	2972	la comunidad mundial a creado organismos bilaterales.
M	2972	UPPERCASE_SENTENCE_START		0	2	Other	Esta frase no empieza con mayúscula.	La
M	2972	A_PARTICIPIO	1	21	22	Other	El v. 'haber' se escribe con hache.	ha
M	2972	AGREEMENT_PARTICIPLE_NOUN	1	23	40	Other	Posible error de concordancia. Revise la puntuación.	creado organismo|creados organismos
L	2973	El dubstep a influenciado este género.
M	2973	A_PARTICIPIO	1	11	12	Other	El v. 'haber' se escribe con hache.	ha
L	2974	A cubierto de nieve las montañas.
M	2974	A_PARTICIPIO	1	0	1	Other	El v. 'haber' se escribe con hache.	Ha
L	2975	Ahí a estado Dani.
M	2975	A_PARTICIPIO	1	4	5	Other	El v. 'haber' se escribe con hache.	ha
L	2976	Este bacalao huele a pescado fresco.
L	2977	Lo envió a dicho juzgado.
L	2978	De tubular a acampanado.
L	2979	Y cuales están sujetos a borrado.
M	2979	CUAL_CON_TILDE	4	2	8	Other	Si es interrogativo, se escribe con tilde. Se escribe sin tilde (más raramente), si equivale a 'como, de la misma manera que'.	cuáles
L	2980	Para hacer frente a Machado.
L	2981	Es una familia cosmopolita de climas cálidos a templado-frescos.
L	2982	Se reserva, a pedido de parte, la posibilidad de fallar.
L	2983	¡A cubierto!
L	2984	Hay que ponerse a cubierto de la lluvia.
L	2985	Ponte a cubierto.
L	2986	Él pasó de acusador a acusado.
L	2987	en el equipo de la Serie A debido a la dificultad
M	2987	UPPERCASE_SENTENCE_START		0	2	Other	Esta frase no empieza con mayúscula.	En
L	2988	Latido a latido.
L	2989	En cuanto a presupuesto, no hay límite.
L	2990	Ellos an llegado tarde.
M	2990	PRON_HABER_PARTICIPIO	4	6	8	Other	El v. 'haber' se escribe con hache.	han
L	2991	Ellos an muchas veces llegado tarde.
M	2991	AN_PARTICIPIO	2	6	8	Other	Si es del v. 'haber', se escribe con hache.	han
M	2991	AGREEMENT_PARTICIPLE_NOUN	2	22	35	Other	Posible error de concordancia. Revise la puntuación.	llegada tarde|llegadas tardes
L	2992	Como presidente de la AN.
M	2992	MORFOLOGIK_RULE_ES		22	24	UnknownWord	Se ha encontrado un posible error ortográfico.	EN|A|UN|AL|AÑO|HAN|AÚN|TAN|VAN|ADN|AUN|DAN|ANA|AS|PAN|SAN|CAN|FAN|AH|AY|KAN|AI|AM|AP|ARN|ANE|ANI|ANN|AÍN|IAN|LAN|MAN|NN|WAN|YAN|aC|AJ|ANO|AR|AX|AÑA|JAN|Å
L	2993	Siempre e comido bien.
M	2993	E_PARTICIPIO	3	8	9	Other	El verbo 'haber' se escribe con hache.	he
L	2994	Siempre e ido al cine.
M	2994	E_PARTICIPIO	3	8	9	Other	El verbo 'haber' se escribe con hache.	he
L	2995	Nos llevamos como anfitrión e invitado.
L	2996	E invitado a un amigo.
M	2996	E_PARTICIPIO	3	0	1	Other	El verbo 'haber' se escribe con hache.	He
L	2997	Nos e incluido en la lista.
M	2997	PRON_HABER_PARTICIPIO	4	4	5	Other	El v. 'haber' se escribe con hache.	he
L	2998	Les emos incluido en la lista.
M	2998	PRON_HABER_PARTICIPIO	4	4	8	Other	El v. 'haber' se escribe con hache.	hemos
L	2999	Les he invitado.
L	3000	Voy ah hablar con ella.
M	3000	AH_INF	1	4	13	Other	La preposición 'a' se escribe sin 'h'.	a hablar
L	3001	Haz agotado mi paciencia.
M	3001	HAZ_HAS	1	0	3	Other	¿Quería decir <suggestion>has</suggestion> (del v. 'haber')?	Has
L	3002	¿Haz acabado?
M	3002	HAZ_HAS	1	1	4	Other	¿Quería decir <suggestion>has</suggestion> (del v. 'haber')?	Has
L	3003	La gata que tanto haz buscado.
M	3003	HAZ_HAS	1	18	21	Other	¿Quería decir <suggestion>has</suggestion> (del v. 'haber')?	has
L	3004	El haz dividido se proyecta en varios sitios.
L	3005	faros de haz proyectado con acabado ahumado
M	3005	UPPERCASE_SENTENCE_START		0	5	Other	Esta frase no empieza con mayúscula.	Faros
L	3006	Una haz de neutrones.
M	3006	WRONG_IMPERATIVE	7	0	7	Other	Combinación imposible con verbo en imperativo.	Una, haz|Una paz|Una faz|Una hoz|Una haza|Una hez|Una Baz|Una Vaz
L	3007	Haz de venir enseguida.
M	3007	HAZ_HAS	2	0	3	Other	¿Quería decir <suggestion>has</suggestion> (del v. 'haber')?	Has
L	3008	¿Te haz hecho daño?
M	3008	TE_TILDE2	5	1	3	Other	Posible confusión. Si es un sustantivo (bebida), lleva tilde.	De|Té
M	3008	WRONG_IMPERATIVE	5	4	7	Other	Combinación imposible con verbo en imperativo.	ha|han|hay|has
L	3009	Voy ha hablar con ella.
M	3009	VOY_HA_INF	1	0	13	Other	La preposición 'a' se escribe sin 'h'.	Voy a hablar
L	3010	Voy hablar con ella.
M	3010	VOY_INF	1	0	10	Other	La construcción 'ir + infinitivo' exige la preposición 'a'.	Voy a hablar
L	3011	Voy contárselo todo.
M	3011	VOY_INF	1	0	14	Other	La construcción 'ir + infinitivo' exige la preposición 'a'.	Voy a contárselo
L	3012	De echo, este es el mejor.
M	3012	ECHO_HECHO	1	3	7	Other	Si es un nombre, se escribe con hache.	hecho
L	3013	Parece echo de madera.
M	3013	ECHO_HECHO	2	7	11	Other	Si es del v. 'hacer', se escribe <suggestion>hecho</suggestion>.	hecho
L	3014	Está echo de madera.
M	3014	ESTAS_NO_TILDE	1	0	4	Other	Posible confusión. ¿Quería decir <suggestion>Esta</suggestion>? Si no, revise la puntuación.	Esta
M	3014	ECHO_HECHO	2	5	9	Other	Si es del v. 'hacer', se escribe <suggestion>hecho</suggestion>.	hecho
L	3015	Esta echa de madera.
M	3015	ECHO_HECHO	2	5	9	Other	Si es del v. 'hacer', se escribe <suggestion>hecha</suggestion>.	hecha
L	3016	Ha echo un gran esfuerzo.
M	3016	HA_A	2	0	2	Other	Si no es del v. 'haber', se escribe sin hache.	A
M	3016	ECHO_HECHO	3	3	7	Other	Si es del v. 'hacer', se escribe <suggestion>hecho</suggestion>.	hecho
L	3017	Habías echo esto.
M	3017	ECHO_HECHO	3	7	11	Other	Si es del v. 'hacer', se escribe <suggestion>hecho</suggestion>.	hecho
L	3018	Parece desecho.
M	3018	ECHO_HECHO	4	7	14	Other	Si es del v. 'deshacer', se escribe <suggestion>deshecho</suggestion>.	deshecho
L	3019	Está desecha de cansancio.
M	3019	ECHO_HECHO	4	5	12	Other	Si es del v. 'deshacer', se escribe <suggestion>deshecha</suggestion>.	deshecha
L	3020	Ha desecho el camino.
M	3020	HA_A	2	0	2	Other	Si no es del v. 'haber', se escribe sin hache.	A
M	3020	ECHO_HECHO	5	3	10	Other	Si es del v. 'deshacer', se escribe <suggestion>deshecho</suggestion>.	deshecho
L	3021	Habías desecho esto.
M	3021	ECHO_HECHO	5	7	14	Other	Si es del v. 'deshacer', se escribe <suggestion>deshecho</suggestion>.	deshecho
L	3022	Os hecha
M	3022	HECHO_ECHO	1	3	8	Other	Si es del v. 'echar' (=tirar, lanzar, sacar), se escribe sin hache.	echa
L	3023	Lo hechas a la calle.
M	3023	LO_LOS	1	0	2	Other	Posible error de concordancia.	Los
M	3023	HECHO_ECHO	1	3	9	Other	Si es del v. 'echar' (=tirar, lanzar, sacar), se escribe sin hache.	echas
L	3024	Lo hecho a la calle.
M	3024	HECHO_ECHO	1	3	8	Other	Si es del v. 'echar' (=tirar, lanzar, sacar), se escribe sin hache.	echo
L	3025	Las hecha a la calle.
M	3025	HECHO_ECHO	1	4	9	Other	Si es del v. 'echar' (=tirar, lanzar, sacar), se escribe sin hache.	echa
L	3026	Se les hecha a la calle.
M	3026	HECHO_ECHO	1	7	12	Other	Si es del v. 'echar' (=tirar, lanzar, sacar), se escribe sin hache.	echa
L	3027	No le hecho azúcar al café.
M	3027	HECHO_ECHO	1	6	11	Other	Si es del v. 'echar' (=tirar, lanzar, sacar), se escribe sin hache.	echo
L	3028	Las crudas no, las hechas.
L	3029	Las hechas por el fabricante.
L	3030	Lo hecho, hecho está.
L	3031	A lo hecho, pecho.
L	3032	Porque si hechas cuenta salen caras.
M	3032	HECHO_ECHO	2	10	16	Other	Si es del v. 'echar' (=tirar, lanzar, sacar), se escribe sin hache.	echas
L	3033	Hecha de menos a sus hermanos
M	3033	HECHO_ECHO	3	0	5	Other	La expresión 'echar de menos', se escribe sin hache.	Echa
L	3034	¿Lo hechas de menos?
M	3034	LO_LOS	1	1	3	Other	Posible error de concordancia.	Los
M	3034	HECHO_ECHO	1	4	10	Other	Si es del v. 'echar' (=tirar, lanzar, sacar), se escribe sin hache.	echas
L	3035	Los océanos no procesan todos nuestros deshechos.
M	3035	DESHECHO_DESECHO	1	39	48	Other	¿Quería decir 'desecho' (residuo) en vez de 'deshecho' (del v. 'deshacer')?	desechos
L	3036	El reciclaje de los deshechos industriales.
M	3036	DESHECHO_DESECHO	1	20	29	Other	¿Quería decir 'desecho' (residuo) en vez de 'deshecho' (del v. 'deshacer')?	desechos
L	3037	Podría haberse deshecho de todo.
L	3038	Después del maratón, estaban deshechos.
L	3039	Llegaron a casa deshechos por el dolor.
L	3040	Deshechos industriales.
M	3040	DESHECHO_DESECHO	2	0	9	Other	¿Quería decir 'desecho' (residuo) en vez de 'deshecho' (del v. 'deshacer')?	Desechos
L	3041	Podría haberse deshecho de todo.
L	3042	Después del maratón, estaban deshechos.
L	3043	Llegaron a casa deshechos por el dolor.
L	3044	Aquí no ay nada que hacer.
M	3044	AY_HAY	1	8	10	Other	Si es del verbo 'haber', se escribe <suggestion>hay</suggestion>.	hay
L	3045	Aquí ay que esforzarse mucho.
M	3045	AY_HAY	2	5	7	Other	Si es del verbo 'haber', se escribe <suggestion>hay</suggestion>.	hay
L	3046	Mirad esto, haber que opináis.
M	3046	HABER_AVER	1	12	21	Other	¿Quería decir <suggestion>a ver qué</suggestion>?	a ver qué
L	3047	Tiene en su haber el Campeonato del Mundo.
L	3048	Haber si puedes arreglar esto.
M	3048	HABER_AVER	2	0	8	Other	¿Quería decir <suggestion>a ver si</suggestion>?	A ver si
L	3049	No va a haber si se ha acabado.
M	3049	HABER_A_VER	2	8	13	Other	¿Quería decir <suggestion>a ver</suggestion>?	a ver
L	3050	Vamos haber lo que pasa.
M	3050	HABER_AVER	3	0	11	Other	¿Quería decir <suggestion>vamos a ver</suggestion>?	Vamos a ver
L	3051	El siglo XVIIII se conoce como el "Siglo de la Industrialización".
M	3051	ROMAN_NUMERALS_CHECK	1	9	15	Other	Número romano incorrecto.	
L	3052	El rey Felipe II fue hijo del emperador Carlos V.
L	3053	Bienvenido al XV Congreso de Matemáticas.
L	3054	Una administración lenta y corrupto.
L	3055	Una administración lenta y agotadas.
L	3056	El precandidato cerró su gira nacional antes de las PASOS.
M	3056	AGREEMENT_DET_NOUN	1	48	57	Other	Error de concordancia.	el PASO|los PASOS
L	3057	La vida es demasiado corta para beber malo vino.
M	3057	MALO_AMIGO_MAL_AMIGO	1	38	42	Other	'malo' se apocopa cuando precede a un sustantivo masculino singular:<suggestion>mal</suggestion>.	mal
L	3058	Gracias por ayudarme, eres un bueno amigo.
M	3058	MALO_AMIGO_MAL_AMIGO	1	30	35	Other	'bueno' se apocopa cuando precede a un sustantivo masculino singular:<suggestion>buen</suggestion>.	buen
L	3059	Es bueno conocer la historia.
L	3060	¡Qué bueno escuchar de ti!
L	3061	¡Qué bueno muchacho, a descansar entonces!
L	3062	Los tres hermanos del Teniente Coronel Teodoro Malo Moscoso se llaman Juan Bueno Torio, Braulio Guerra Malo y Rodrigo Bueno.
L	3063	Los autores son BUENO TABERNERO, Antonio y BUENO SERRANO, Ana Carmen.
L	3064	Los protagonistas de la novela se llaman Letizia Bueno Garzón, Raul Malo, Hywel el Bueno y Arnulfo el Malo.
M	3064	MORFOLOGIK_RULE_ES		63	67	UnknownWord	Se ha encontrado un posible error ortográfico.	Raúl|Baúl|Raíl|Raulí|Paul|Paúl|Rael|Rauli|Saúl|Faul|RAPL
M	3064	MORFOLOGIK_RULE_ES		74	79	UnknownWord	Se ha encontrado un posible error ortográfico.	Hiel
M	3064	MORFOLOGIK_RULE_ES		91	98	UnknownWord	Se ha encontrado un posible error ortográfico.	Anuló|Arrullo|Anulo|Ánulo|Arnaldo|Arnuero|Ataúlfo|Rulfo|Arnillo|Arrufo|Arrufó|Arrulló
L	3065	Se llama Bueno Torio.
L	3066	Bueno dejo ya de decir tonterías.
L	3067	Tuve algunas discusiones largas con Bob, y dije, "Bueno Bob, ¿por qué lo hiciste?"
L	3068	Soy ilustrador (bueno director de Arte) y puedo aportar imágenes propias a algunos artículos.
L	3069	Bueno igual ya me voy a trabajar que las noticias de muertes y cáncer en famosos no me pagan la cuenta.
L	3070	Su triunfo refleja la victoria de lo bello y lo bueno sobre la mediocridad.
L	3071	No sé qué tiene de malo.
L	3072	Quería cambiar su alfil malo por el bueno negro.
L	3073	El resultado fue malo, malo, malo.
L	3074	Al finalizar el año 1990 el estado de las vías era el siguiente: muy bueno 12 %, bueno 32 %, regular 43 % y malo el 13 %.
L	3075	El autor publicó un libro bueno escrito.
L	3076	Luego publicó un cuento bastante bueno lleno de brutalidad y rapidez.
L	3077	Alemania hizo un torneo muy malo sumando solo un punto contra la entonces débil Rumanía.
L	3078	Está bueno señoras.
M	3078	AGREEMENT_ADJ_NOUN	6	5	18	Other	Posible error de concordancia.	buena señora|buenas señoras|bueno, señoras
L	3079	Y eso es bueno pienso yo
L	3080	Malo Polje es una estación de esquí en Croacia.
L	3081	Es conocido por su serie de televisión Malo Misto y Velo Misto.
L	3082	Y al malo mal.
L	3083	Los militares contaron con el visto bueno directo del gobierno de Manuel Azaña.
L	3084	El Río Bueno Rugby Club es un club de rugby de Chile con sede en la ciudad de Río Bueno.
L	3085	Pensé que era un foro de todos los países, pero bueno Puerto Rico es el país más famoso.
L	3086	Es el barrio Bueno Fin.
L	3087	Todo el mundo es bueno Concurso (2012) Telecinco, con José Corbacho.
L	3088	Es el artículo bueno número 900
L	3089	A finales de 2009 estrenó el musical Cómico bueno cómico muerto
L	3090	Son bastantes peligrosos.
M	3090	BASTANTES	1	4	13	Other	Si "bastante" es un adverbio que modifica al adjetivo "peligrosos", se debe escribir en singular.	bastante
L	3091	Aquí hay bastantes personas.
L	3092	En este caso tienen bastantes hamburguesas en su menú.
L	3093	Son bastantes conocidos entre el público.
M	3093	BASTANTES	2	4	13	Other	Si "bastante" es un adverbio que modifica al adjetivo "conocidos", se debe escribir en singular.	bastante
L	3094	En este caso tienen bastantes hamburguesas en su menú.
L	3095	Es compartida con bastantes conocidos míos
L	3096	Las opiniones que había oído de bastantes conocidos.
L	3097	Gran perjudicados por la decisión.
M	3097	CONCORDANCIA_GRAN	1	0	17	Other	Posible error de concordancia.	Gran perjudicado|Grandes perjudicados
L	3098	Gran cortafuegos.
L	3099	Buen conocidos por todos.
M	3099	CONCORDANCIA_BUEN	1	0	14	Other	Posible confusión o error de concordancia.	Bien conocidos|Buenos conocidos|Buen conocido
L	3100	El buen Descartes.
L	3101	Buen martes.
L	3102	Buen conocida por todos.
M	3102	CONCORDANCIA_BUEN	2	0	13	Other	Posible confusión o error de concordancia.	Bien conocida|Buena conocida
L	3103	Buen conocidas por todos.
M	3103	CONCORDANCIA_BUEN	3	0	14	Other	Posible confusión o error de concordancia.	Bien conocidas|Buenas conocidas
L	3104	A mí no te gusta esto.
M	3104	CONCORDANCIA_PRONOMBRE	1	8	10	Other	Posible error de concordancia.	me
L	3105	A ello se oponen varios obstáculos.
L	3106	Luego no me eches a mí la culpa.
L	3107	A mi hermano y a mí nos gusta la misma comida.
L	3108	En lo que a mí se refiere.
L	3109	A ustedes les conocen.
L	3110	A usted no lo he encontrado nunca en persona.
L	3111	La socarronería con la que Mary se dirige a ellos me hace mucha gracia.
L	3112	A Tom y a mí no nos gustan las mismas clases de películas.
L	3113	Lo que te ha sucedido a ti le sucede a mucha gente.
L	3114	A ti no me gusta esto.
M	3114	CONCORDANCIA_PRONOMBRE	2	8	10	Other	Posible error de concordancia.	te
L	3115	A ello se oponen varios obstáculos.
L	3116	Luego no me eches a mí la culpa.
L	3117	A mi hermano y a mí nos gusta la misma comida.
L	3118	En lo que a mí se refiere.
L	3119	A ustedes les conocen.
L	3120	A usted no lo he encontrado nunca en persona.
L	3121	La socarronería con la que Mary se dirige a ellos me hace mucha gracia.
L	3122	A Tom y a mí no nos gustan las mismas clases de películas.
L	3123	Lo que te ha sucedido a ti le sucede a mucha gente.
L	3124	A él te gusta esto.
M	3124	CONCORDANCIA_PRONOMBRE	3	5	7	Other	Posible error de concordancia.	le
L	3125	A ello se oponen varios obstáculos.
L	3126	Luego no me eches a mí la culpa.
L	3127	A mi hermano y a mí nos gusta la misma comida.
L	3128	En lo que a mí se refiere.
L	3129	A ustedes les conocen.
L	3130	A usted no lo he encontrado nunca en persona.
L	3131	La socarronería con la que Mary se dirige a ellos me hace mucha gracia.
L	3132	A Tom y a mí no nos gustan las mismas clases de películas.
L	3133	Lo que te ha sucedido a ti le sucede a mucha gente.
L	3134	A nosotros os gusta esto.
M	3134	CONCORDANCIA_PRONOMBRE	4	11	13	Other	Posible error de concordancia.	nos
L	3135	A nosotras me gusta esto.
M	3135	CONCORDANCIA_PRONOMBRE	4	11	13	Other	Posible error de concordancia.	nos
L	3136	A ello se oponen varios obstáculos.
L	3137	Luego no me eches a mí la culpa.
L	3138	A mi hermano y a mí nos gusta la misma comida.
L	3139	En lo que a mí se refiere.
L	3140	A ustedes les conocen.
L	3141	A usted no lo he encontrado nunca en persona.
L	3142	La socarronería con la que Mary se dirige a ellos me hace mucha gracia.
L	3143	A Tom y a mí no nos gustan las mismas clases de películas.
L	3144	Lo que te ha sucedido a ti le sucede a mucha gente.
L	3145	A vosotras nos gusta esto.
M	3145	CONCORDANCIA_PRONOMBRE	5	11	14	Other	Posible error de concordancia.	os
L	3146	A ello se oponen varios obstáculos.
L	3147	Luego no me eches a mí la culpa.
L	3148	A mi hermano y a mí nos gusta la misma comida.
L	3149	En lo que a mí se refiere.
L	3150	A ustedes les conocen.
L	3151	A usted no lo he encontrado nunca en persona.
L	3152	La socarronería con la que Mary se dirige a ellos me hace mucha gracia.
L	3153	A Tom y a mí no nos gustan las mismas clases de películas.
L	3154	Lo que te ha sucedido a ti le sucede a mucha gente.
L	3155	A ellas le gusta esto.
M	3155	CONCORDANCIA_PRONOMBRE	6	8	10	Other	Posible error de concordancia.	les
L	3156	A ello se oponen varios obstáculos.
L	3157	Luego no me eches a mí la culpa.
L	3158	A mi hermano y a mí nos gusta la misma comida.
L	3159	En lo que a mí se refiere.
L	3160	A ustedes les conocen.
L	3161	A usted no lo he encontrado nunca en persona.
L	3162	La socarronería con la que Mary se dirige a ellos me hace mucha gracia.
L	3163	A Tom y a mí no nos gustan las mismas clases de películas.
L	3164	Lo que te ha sucedido a ti le sucede a mucha gente.
L	3165	Eso permitió que los niños conocer mejor la naturaleza.
M	3165	PERMITIR_QUE_A	1	13	34	Other	Construcción incorrecta.	a los niños conocer|que los niños conocieran|que los niños conociesen
L	3166	Nadie más autorizado que ella, para comentar la despedida.
L	3167	Eso permitiría que la juventud conocer mejor la naturaleza.
M	3167	PERMITIR_QUE_A	2	15	38	Other	Construcción incorrecta.	a la juventud conocer|que la juventud conociera|que la juventud conociese
L	3168	Eso permitía que la juventud ser conocedora de la naturaleza.
M	3168	PERMITIR_QUE_A	2	13	32	Other	Construcción incorrecta.	a la juventud ser|que la juventud fuera|que la juventud fuese
L	3169	Permitió que el niño conocer.
M	3169	PERMITIR_QUE_A	2	9	28	Other	Construcción incorrecta.	al niño conocer|que el niño conociera|que el niño conociese
L	3170	permitirá que el placer, se vaya manifestando cada vez
M	3170	UPPERCASE_SENTENCE_START		0	9	Other	Esta frase no empieza con mayúscula.	Permitirá
L	3171	Eso permite que los niños conocer mejor la naturaleza.
M	3171	PERMITIR_QUE_A	3	12	33	Other	Construcción incorrecta.	a los niños conocer|que los niños conozcan
L	3172	Nadie más autorizado que ella, para comentar la despedida.
L	3173	Eso permite que la juventud conocer mejor la naturaleza.
M	3173	PERMITIR_QUE_A	4	12	35	Other	Construcción incorrecta.	a la juventud conocer|que la juventud conozca
L	3174	Eso permite que la juventud ser conocedora de la naturaleza.
M	3174	PERMITIR_QUE_A	4	12	31	Other	Construcción incorrecta.	a la juventud ser|que la juventud sea
L	3175	permitirá que el placer, se vaya manifestando cada vez
M	3175	UPPERCASE_SENTENCE_START		0	9	Other	Esta frase no empieza con mayúscula.	Permitirá
L	3176	Cuando puede intenta escaparse al extranjero.
M	3176	VERBO_MODAL_INFINITIVO	1	7	20	Other	Es conveniente añadir una coma.	puede, intenta|puede intentar
L	3177	Como puede continúa caminando.
M	3177	VERBO_MODAL_INFINITIVO	1	5	19	Other	Es conveniente añadir una coma.	puede, continúa|puede continuar
L	3178	Es una lástima no poder entrevista al diputado.
M	3178	VERBO_MODAL_INFINITIVO	2	24	34	Other	Posible confusión. ¿Quería decir <suggestion>entrever</suggestion>, <suggestion>entrevistar</suggestion>?	entrever|entrevistar
L	3179	Quien pueda hace un milagro que lo haga.
M	3179	VERBO_MODAL_INFINITIVO	2	12	16	Other	Posible confusión. ¿Quería decir <suggestion>hacer</suggestion>?	hacer
L	3180	Me gusta come chocolate.
M	3180	VERBO_MODAL_INFINITIVO	2	9	13	Other	Posible confusión. ¿Quería decir <suggestion>comer</suggestion>?	comer
L	3181	Me gustaría practica mecanografía.
M	3181	VERBO_MODAL_INFINITIVO	2	12	20	Other	Posible confusión. ¿Quería decir <suggestion>practicar</suggestion>?	practicar
L	3182	Si cambias el orden también debería funciona.
M	3182	VERBO_MODAL_INFINITIVO	2	36	44	Other	Posible confusión. ¿Quería decir <suggestion>funcionar</suggestion>?	funcionar
L	3183	Un gran poder conlleva una gran responsabilidad.
L	3184	El deber debería venir antes que cualquier otra cosa.
L	3185	Si puedes anda a aver.
M	3185	AVER_A_VER	1	17	21	Other	¿Quería decir <suggestion>a ver</suggestion> o <suggestion>haber</suggestion>?	a ver|haber|ver|aves|saber
L	3186	Si pudiera abriría 8 días a la semana.
L	3187	Si se pudiera estaría abierto.
L	3188	Que quien pueda haga un milagro.
L	3189	No me debes nada.
L	3190	Este incremento tremendo de poder fue acompañado por inestabilidad política.
L	3191	Como instrumento de poder puede conducir a resultados ciertamente perversos.
L	3192	y grupos cuyo poder pasaba fuera de las fronteras nacionales.
M	3192	UPPERCASE_SENTENCE_START		0	1	Other	Esta frase no empieza con mayúscula.	Y
L	3193	El dictador llegó al poder hace quince años.
L	3194	en cuanto Franco coge poder desaparece el partido
M	3194	UPPERCASE_SENTENCE_START		0	2	Other	Esta frase no empieza con mayúscula.	En
L	3195	Y en cuanto puedas repite.
L	3196	Lo que probablemente te recuerde cuanto poder tiene sobre tu corazón.
L	3197	Holter debe parte de su éxito al triunfo de Beach House.
M	3197	MORFOLOGIK_RULE_ES		0	6	UnknownWord	Se ha encontrado un posible error ortográfico.	Volver|Hotel|Huestes|Soltera|Moler|Router|Soltar|Soltero|Huele|Hueste|Póster|Oler|Suelte|Voltea|Voltear|Volteo|Huelen|Pólder|Suelten|Volteó|Zóster|Doler|Hortera|Hollar|Sueltes|Voltee|Holgar|Solté|Hueles|Huelle|Volteé|Dotter|Foster|Hitler|Holmes|Hoover|Horner|Huelves|Hunter|Oller|Porter|Potter|Róller|Sóller|Toltén|Walter|Wálter|Footer|Guelte|Gueltes|Gueltre|Haltera|Hollé|Hoste|Hostes|Huellen|Huelles|Huertera|Huertero|Hulte|Hultes|Soler|Volteá|Welter|Zoster|Hooters
M	3197	MORFOLOGIK_RULE_ES		50	55	UnknownWord	Se ha encontrado un posible error ortográfico.	Mouse
L	3198	Todo lo que una vez quise ha sido destruído.
M	3198	MORFOLOGIK_RULE_ES		34	43	UnknownWord	Se ha encontrado un posible error ortográfico.	destruido|destruida|destruidos|destruid|destruidlo|destruidor|destruilo|destruí do
L	3199	¡Si te gusta comparte!
L	3200	Pueden quedan sintetizados.
M	3200	DOS_VERBOS_MODALES	1	0	13	Other	Posible confusión.	Pueden quedar|Pueden, quedan
L	3201	Pueden parecen cansados.
M	3201	DOS_VERBOS_MODALES	1	0	14	Other	Posible confusión.	Pueden parecer|Pueden, parecen
L	3202	Siguen estando cansados.
L	3203	Estoy siendo perseguido.
L	3204	Los zapatos rojos que querías están agotados.
L	3205	Nos estamos quedando dormidos.
L	3206	Fuera está nevado.
L	3207	La teoría de la separación de los poderes es atribuida a Montesquieu.
L	3208	El cuarto de estar está hecho una leonera.
L	3209	Si se pudiera estaría abierto durante 8 días a la semana.
L	3210	Fueron siendo eliminados.
L	3211	¿Cómo sería el mundo si el poder fuera compartido?
L	3212	y los que no pueden son subidos a las ambulancias
M	3212	UPPERCASE_SENTENCE_START		0	1	Other	Esta frase no empieza con mayúscula.	Y
L	3213	Este incremento tremendo de poder fue acompañado por inestabilidad política.
L	3214	Ya lo dijiste hace media hora.
L	3215	Somos seres hechos de tradiciones.
L	3216	La fiscalía estudia recurre.
L	3217	Murió hacía 1566.
L	3218	El informa concluía que no era cierto.
M	3218	EL_TILDE	2	0	2	Other	El pronombre personal <suggestion>él</suggestion> lleva tilde.	Él
L	3219	Como empezaron sus obras.
L	3220	El Municipio presenta una.
L	3221	Tengo gans de reír.
M	3221	MORFOLOGIK_RULE_ES		6	10	UnknownWord	Se ha encontrado un posible error ortográfico.	jans|ganó|gas|gana|ganas|gano|gane|ganso|gané|ganes|Gabs|Hans|Sans|fans|gags|gais|gansa|ganá|ganás|gaps|gaña|gañas|gañe|gañes|gaño|gañí|gañís|gañó|gens|jais|jan|janes|jeans
L	3222	Tiene forma romboidal.
L	3223	Víctor Erice recuerda.
L	3224	Ven para acá.
L	3225	Trabaja para Campe.
L	3226	El Times escribió.
L	3227	La RAE dice.
L	3228	Nada es para siempre.
L	3229	Estoy haciendo de cocinero.
L	3230	Va haciendo más calor día a día.
L	3231	Murió hace tres años.
L	3232	Empezó hace diez minutos.
L	3233	El sacrificio era visto como un medio.
L	3234	El invierno llegó hace apenas cuatro días.
L	3235	Hay uso intensivo de legumbres.
L	3236	Mañana hay prueba de matemáticas.
L	3237	No tenemos pruebas de que eso realmente sucederá.
L	3238	Solicito nos puedan informar.
L	3239	Te hay gustado.
M	3239	TE_HAY	2	0	6	Other	Combinación incorrecta de pronombre y verbo.	Lo hay|Los hay|La hay|Las hay|No hay
L	3240	El sector se hay diversificado.
M	3240	TE_HAY	1	13	16	Other	Combinación incorrecta de pronombre y verbo.	ha
L	3241	De haberlos, nos hay.
M	3241	TE_HAY	2	13	20	Other	Combinación incorrecta de pronombre y verbo.	lo hay|los hay|la hay|las hay|no hay
L	3242	Hay debido verla.
M	3242	TE_HAY	3	0	3	Other	Posible confusión.	Ha
L	3243	Algo que no hay podido satisfacer.
M	3243	TE_HAY	3	12	15	Other	Posible confusión.	ha
L	3244	No hay tenido nada que ver.
M	3244	TE_HAY	4	3	6	Other	Posible confusión.	ha
L	3245	Hay venido muy tarde.
M	3245	TE_HAY	5	0	3	Other	Posible confusión.	Ha|Haya
L	3246	Es extraño que no hay localizado en tus posts los frontones.
M	3246	TE_HAY	5	18	21	Other	Posible confusión.	ha|haya
L	3247	No creo que hay llegado a la autopista todavía.
M	3247	TE_HAY	5	12	15	Other	Posible confusión.	ha|haya
L	3248	No hay alojado nadie más.
L	3249	Esto es muy peor de lo que pensaba.
M	3249	MUY_MUCHO	1	8	11	Other	Cuando precede al comparativo peor, el adverbio "mucho" conserva su forma plena.	mucho
L	3250	Esto es muy mayor de lo que piensas.
M	3250	MUY_MUCHO	2	8	11	Other	Cuando precede al comparativo mayor, el adverbio "mucho" conserva su forma plena.	mucho
L	3251	Yo soy muy mayor.
L	3252	Esto es muy gravísimo.
M	3252	MUY_GRAVISIMO	1	8	21	Other	No es posible formar el superlativo con "muy" y "-ísimo" al mismo tiempo.	gravísimo
L	3253	No le han dado de alta.
M	3253	LEISMO	1	3	5	Other	Pronombre incorrecto en esta expresión.	lo|la
L	3254	No les dieron de alta.
M	3254	LEISMO	1	3	6	Other	Pronombre incorrecto en esta expresión.	los|las
L	3255	Les iban a dar de alta.
M	3255	LEISMO	1	0	3	Other	Pronombre incorrecto en esta expresión.	Los|Las
L	3256	No la han dado el alta.
M	3256	LOISMO_LAISMO	1	3	5	Other	Pronombre incorrecto en esta expresión.	le
L	3257	No los dieron el alta.
M	3257	LOISMO_LAISMO	1	3	6	Other	Pronombre incorrecto en esta expresión.	les
L	3258	No las dieron la baja.
M	3258	LOISMO_LAISMO	1	3	6	Other	Pronombre incorrecto en esta expresión.	les
L	3259	Los iban a dar el alta.
M	3259	LOISMO_LAISMO	1	0	3	Other	Pronombre incorrecto en esta expresión.	Les
L	3260	Y para que tengo buenos resultados.
M	3260	PARA_QUE_IND	1	2	16	Other	Construcción errónea: falta una tilde o un verbo en subjuntivo.	para qué tengo|para que tenga
L	3261	Me gustaría saber para que sirve esto.
M	3261	QUE_TILDE1	4	23	26	Other	Si equivale a 'qué cosa', se escribe con tilde.	qué
L	3262	Si la Ley era buena, para que vino el Señor a morir.
M	3262	PARA_QUE_IND	1	21	34	Other	Construcción errónea: falta una tilde o un verbo en subjuntivo.	para qué vino
L	3263	Justifica siempre para que vas a utilizar el crédito
M	3263	PARA_QUE_IND	1	18	30	Other	Construcción errónea: falta una tilde o un verbo en subjuntivo.	para qué vas|para que vayas
L	3264	Para que podamos ganar más.
L	3265	Para que así podamos salir.
L	3266	han desarrollado un sistema para que marcas e influencers identifiquen sus posts
M	3266	UPPERCASE_SENTENCE_START		0	3	Other	Esta frase no empieza con mayúscula.	Han
L	3267	para que como usuario puedas encontrar y contactar con los propietarios
M	3267	UPPERCASE_SENTENCE_START		0	4	Other	Esta frase no empieza con mayúscula.	Para
L	3268	Me gustaría saber para que le sirve esto.
M	3268	QUE_TILDE1	4	23	26	Other	Si equivale a 'qué cosa', se escribe con tilde.	qué
L	3269	Me gustaría saber para que le servía esto.
M	3269	QUE_TILDE1	4	23	26	Other	Si equivale a 'qué cosa', se escribe con tilde.	qué
L	3270	Para que le podamos ganar más.
L	3271	Para que así le podamos ganar.
L	3272	Para que uno se convenza.
L	3273	Son esenciales para que la planta crezca.
L	3274	Maniobró para que la sentencia, una vez dictada, no se conociera.
L	3275	Deben existir para que la regla del fenómeno sea de aplicación.
L	3276	Es un mensaje para que la persona que intente ponerse en contacto contigo lo reciba como respuesta automática.
L	3277	Alemania y Italia disputarán el torneo.
M	3277	Y_E_O_U	1	9	10	Other	Cuando precede a palabras que comienzan por 'i', la conjunción 'y' se transforma en 'e'.	e
L	3278	Los ejes X y Y.
M	3278	Y_E_O_U	1	11	12	Other	Cuando precede a palabras que comienzan por 'i', la conjunción 'y' se transforma en 'e'.	e
L	3279	Las huelgas de Ryanair y easyJet
M	3279	Y_E_O_U	1	23	24	Other	Cuando precede a palabras que comienzan por 'i', la conjunción 'y' se transforma en 'e'.	e
L	3280	¿Y Irene?
L	3281	Himmler y Hitler.
M	3281	MORFOLOGIK_RULE_ES		0	7	UnknownWord	Se ha encontrado un posible error ortográfico.	Hitler|Himplar|Himple|Himplen|Himples|Himplé
L	3282	Hitler y Himmler.
M	3282	MORFOLOGIK_RULE_ES		9	16	UnknownWord	Se ha encontrado un posible error ortográfico.	Hitler|Himplar|Himple|Himplen|Himples|Himplé
L	3283	vals, tango, disco, salsa, electrónica y hip-hop
M	3283	UPPERCASE_SENTENCE_START		0	4	Other	Esta frase no empieza con mayúscula.	Vals
L	3284	Hitler e Himmler.
M	3284	Y_E_O_U	2	7	8	Other	Cuando precede a palabras que comienzan con 'h' aspirada, se usa la conjunción 'y', no 'e'.	y
M	3284	MORFOLOGIK_RULE_ES		9	16	UnknownWord	Se ha encontrado un posible error ortográfico.	Hitler|Himplar|Himple|Himplen|Himples|Himplé
L	3285	Agua e hielo.
M	3285	Y_E_O_U	3	5	6	Other	Cuando precede a palabras que comienzan con diptongo, se usa la conjunción 'y', no 'e'.	y
L	3286	Agua e hierro.
M	3286	Y_E_O_U	3	5	6	Other	Cuando precede a palabras que comienzan con diptongo, se usa la conjunción 'y', no 'e'.	y
L	3287	Agua e iones.
M	3287	Y_E_O_U	3	5	6	Other	Cuando precede a palabras que comienzan con diptongo, se usa la conjunción 'y', no 'e'.	y
L	3288	El torneo lo disputarán Alemania o Honduras.
M	3288	Y_E_O_U	4	33	34	Other	Cuando precede a palabras que comienzan por 'o', la conjunción 'o' se transforma en 'u'.	u
L	3289	¿El plural de hobby es hobbys o hobbies?
L	3290	Quiero hablar de 7 o 8 temas.
M	3290	Y_E_O_U	5	19	20	Other	Cuando precede a palabras que comienzan por 'o', la conjunción 'o' se transforma en 'u'.	u
L	3291	Han pasado 70 o 80 días.
M	3291	Y_E_O_U	5	14	15	Other	Cuando precede a palabras que comienzan por 'o', la conjunción 'o' se transforma en 'u'.	u
L	3292	Han pasado 700 o 800 días.
M	3292	Y_E_O_U	5	15	16	Other	Cuando precede a palabras que comienzan por 'o', la conjunción 'o' se transforma en 'u'.	u
L	3293	¿Se dice hobbys u hobbies?
M	3293	Y_E_O_U	6	16	17	Other	Cuando precede a palabras que comienzan con 'h' aspirada, se usa la conjunción 'o', no 'u'.	o
L	3294	Quiero saber el porque.
M	3294	PORQUE	1	16	22	Other	Como sustantivo ('causa, motivo'), se escribe <suggestion>porqué</suggestion>.	porqué
L	3295	Lo haré porque quiero.
L	3296	Es nuestro porque lo compramos nosotros.
L	3297	¿Y el por qué no viene?
M	3297	PORQUE	2	3	13	Other	¿Quería decir "él" (pronombre), "el porqué" (la causa, el motivo) o "por qué" (por qué motivo)?	él por qué|el porqué|por qué
L	3298	Quiero saber el por qué.
M	3298	PORQUE	3	13	23	Other	Se escribe <suggestion>el porqué</suggestion> (la causa, el motivo) o <suggestion>por qué</suggestion> (por qué motivo).	el porqué|por qué
L	3299	Me olvidé del por qué.
M	3299	PORQUE	4	10	21	Other	Se escribe "el porqué" (la causa, el motivo) o "por qué" (por qué motivo).	del porqué|de por qué
L	3300	Debe haber un por qué.
M	3300	PORQUE	5	14	21	Other	Como sustantivo ('causa, motivo'), se escribe <suggestion>porqué</suggestion>.	porqué
L	3301	Lo haré porque quiero.
L	3302	Es nuestro porque lo compramos nosotros.
L	3303	Quería saber los por qués.
M	3303	PRONOMBRE_ENCLITICO_SEPARADO	2	7	16	Other	Probablemente se escribe junto.	saberlos
M	3303	PORQUE	6	17	25	Other	Como sustantivo ('causas, motivos'), se escribe <suggestion>porqués</suggestion>.	porqués
L	3304	Quiero saber el por que.
M	3304	QUE_TILDE2	1	20	23	Other	Si equivale a 'qué cosa', se escribe con tilde.	qué
L	3305	Lo haré porque quiero.
L	3306	Quiero saber por qué.
L	3307	¿Porque no viniste?
M	3307	PORQUE	8	1	7	Other	Si significa 'por qué razón', se escribe <suggestion>por qué</suggestion>.	Por qué
L	3308	¿Y porqué no viniste?
M	3308	PORQUE	8	3	9	Other	Si significa 'por qué razón', se escribe <suggestion>por qué</suggestion>.	por qué
L	3309	¿Porque no lo hice vas a estar odiándome toda la vida?
M	3309	PORQUE	8	1	7	Other	Si significa 'por qué razón', se escribe <suggestion>por qué</suggestion>.	Por qué
L	3310	No se sabe porque no ha venido
M	3310	PORQUE	9	11	17	Other	Probablemente hay que escribir <suggestion>por qué</suggestion> ('por qué motivo').	por qué
L	3311	Dime porque lo has hecho.
M	3311	PORQUE	9	5	11	Other	Probablemente hay que escribir <suggestion>por qué</suggestion> ('por qué motivo').	por qué
L	3312	¿Podrías decirme porque lo has hecho?
M	3312	PORQUE	9	17	23	Other	Probablemente hay que escribir <suggestion>por qué</suggestion> ('por qué motivo').	por qué
L	3313	No puedo comprender porqué él dijo eso
M	3313	PORQUE	9	20	26	Other	Probablemente hay que escribir <suggestion>por qué</suggestion> ('por qué motivo').	por qué
L	3314	No estoy diciendo que entienda completamente porqué ha surgido este nuevo esfuerzo.
M	3314	PORQUE	9	45	51	Other	Probablemente hay que escribir <suggestion>por qué</suggestion> ('por qué motivo').	por qué
L	3315	Lo sé porque lo he hecho muchas veces.
L	3316	Lo he sabido porque me lo ha dicho ella.
L	3317	Se explicaría porque era inventado.
L	3318	Lo dices porque tienes miedo.
L	3319	He querido decirlo porque después propondré otra cosa.
L	3320	En relación con esta pregunta porque usted no se encontraba presente.
L	3321	Y esto tiene que decirse porque es necesario.
L	3322	No están suficientemente bien explicados porque le falta experiencia.
L	3323	No se sabe por que no ha venido
M	3323	PORQUE	10	11	18	Other	Probablemente hay que escribir <suggestion>por qué</suggestion> ('por qué motivo').	por qué
L	3324	Dime por que lo has hecho.
M	3324	PORQUE	10	5	12	Other	Probablemente hay que escribir <suggestion>por qué</suggestion> ('por qué motivo').	por qué
L	3325	No estoy diciendo que entienda completamente por que ha surgido este nuevo esfuerzo.
M	3325	PORQUE	10	45	52	Other	Probablemente hay que escribir <suggestion>por qué</suggestion> ('por qué motivo').	por qué
L	3326	La razón porque lo pienso.
M	3326	PORQUE	11	9	15	Other	Construcción incorrecta si significa <suggestion>por la cual</suggestion>.	por la cual|por que|por la que
L	3327	El motivo porque nos fuimos.
M	3327	PORQUE	11	10	16	Other	Construcción incorrecta si significa <suggestion>por el cual</suggestion>.	por el cual|por que|por el que
L	3328	Los motivos porque nos fuimos.
M	3328	PORQUE	11	12	18	Other	Construcción incorrecta si significa <suggestion>por los cuales</suggestion>.	por los cuales|por que|por los que
L	3329	No tenéis más razón porque seáis mayores.
L	3330	Perdió la causa porque su abogado se equivocó.
L	3331	He aquí porqué no ha venido
M	3331	PORQUE	12	8	14	Other	Probablemente hay que escribir <suggestion>por qué</suggestion> ('por qué motivo').	por qué
L	3332	He aquí por que no ha venido
M	3332	PORQUE	13	8	15	Other	Probablemente hay que escribir <suggestion>por qué</suggestion> ('por qué motivo').	por qué
L	3333	No tienes porque preocuparte.
M	3333	PORQUE	14	10	16	Other	La expresión correcta es "no tener por qué".	por qué
L	3334	No tienes por que preocuparte.
M	3334	PORQUE	15	10	17	Other	La expresión correcta es "no tener por qué".	por qué
L	3335	No hay por que preocuparse.
M	3335	PORQUE	16	7	14	Other	La expresión correcta es "no haber por qué".	por qué
L	3336	No vino porqué no pudo.
M	3336	PORQUE	17	8	14	Other	¿Quería decir <suggestion>por qué</suggestion> ('por qué motivo') o <suggestion>porque</suggestion> ('por razón de que')?	por qué|porque
L	3337	No puedo comprender porqué no vino.
M	3337	PORQUE	9	20	26	Other	Probablemente hay que escribir <suggestion>por qué</suggestion> ('por qué motivo').	por qué
L	3338	Quiero saber el porqué.
L	3339	Aún no se sabe la razón del porqué no va.
L	3340	No entiendo por que razón.
M	3340	QUE_TILDE2	6	16	19	Other	Como adjetivo exclamativo o interrogativo, se escribe con tilde.	qué
L	3341	No tengo la menor idea de por que ha venido.
M	3341	PORQUE	19	26	33	Other	¿Quería decir <suggestion>por qué</suggestion> ('por qué motivo')?	por qué
L	3342	No se me ocurre por que razón.
M	3342	QUE_TILDE2	6	20	23	Other	Como adjetivo exclamativo o interrogativo, se escribe con tilde.	qué
L	3343	¿Recuerda ya por que estamos aquí?
M	3343	PORQUE	20	13	20	Other	¿Quería decir <suggestion>por qué</suggestion> ('por qué motivo') o <suggestion>porque</suggestion> ('por razón de que')?	por qué|porque
L	3344	La pregunta es porque no se aplicó la ley.
M	3344	PORQUE	21	15	21	Other	¿Quería decir <suggestion>por qué</suggestion> ('por qué motivo')?	por qué
L	3345	No le gustan por que sabe que son malos.
M	3345	PORQUE	22	13	20	Other	Si es una conjunción causal ('por causa de que'), se escribe junto. Si significa 'por qué motivo', falta una tilde.	porque|por qué
L	3346	Y también por que se había tomado tantas molestias.
M	3346	PORQUE	22	10	17	Other	Si es una conjunción causal ('por causa de que'), se escribe junto. Si significa 'por qué motivo', falta una tilde.	porque|por qué
L	3347	Tom no le ha dicho a nadie por que ha llegado tarde.
M	3347	PORQUE	22	27	34	Other	Si es una conjunción causal ('por causa de que'), se escribe junto. Si significa 'por qué motivo', falta una tilde.	porque|por qué
L	3348	Optaron por que no hubiera elecciones.
L	3349	Estaban ansiosos por que vinieran.
L	3350	El motivo por que vinimos no es este.
L	3351	Nos expresó su preocupación por que los niños pudieran irse.
L	3352	Los premios por que competían eran atractivos.
M	3352	PORQUE	22	12	19	Other	Si es una conjunción causal ('por causa de que'), se escribe junto. Si significa 'por qué motivo', falta una tilde.	porque|por qué
L	3353	Yo estaba impaciente por que el juego comenzara.
L	3354	No tienes nada por que preocuparte.
L	3355	No puedo responder por que él es un deshonesto.
M	3355	PORQUE	22	19	26	Other	Si es una conjunción causal ('por causa de que'), se escribe junto. Si significa 'por qué motivo', falta una tilde.	porque|por qué
L	3356	No puedo responder por que él sea un deshonesto.
M	3356	PORQUE	22	19	26	Other	Si es una conjunción causal ('por causa de que'), se escribe junto. Si significa 'por qué motivo', falta una tilde.	porque|por qué
L	3357	De estás cosas.
M	3357	PREP_VERB	1	0	8	Other	Si es un determinante y no es del verbo 'estar', se escribe sin tilde.	De estas|Le estás|Me estás|Te estás
L	3358	De está manera.
M	3358	PREP_VERB	2	0	7	Other	Si es un determinante y no es del verbo 'estar', se escribe sin tilde.	De esta|Se está|Le está|Me está|Te está
L	3359	En estás cosas.
M	3359	PREP_VERB	3	0	8	Other	Si es un determinante y no es del verbo 'estar', se escribe sin tilde.	En estas
L	3360	Con está definición.
M	3360	PREP_VERB	3	0	8	Other	Si es un determinante y no es del verbo 'estar', se escribe sin tilde.	Con esta
L	3361	De debería probar.
M	3361	PREP_VERB	4	0	10	Other	Construcción incorrecta.	Se debería|Te debería|De deberla|De nevería
L	3362	Un ejemplo de capture de pantalla.
M	3362	PREP_VERB	4	11	21	Other	Construcción incorrecta.	se capture|te capture|de captura
L	3363	Un ejemplo de es.wikipedia.org.
L	3364	de los estamos unidos.
M	3364	PREP_VERB	5	0	14	Other	Construcción incorrecta.	se los estamos|de los estados|de los estaños|de los estajos
L	3365	de los Estamos Unidos.
M	3365	PREP_VERB	5	0	14	Other	Construcción incorrecta.	se los Estamos|de los Estados|de los Estaños|de los Estajos
L	3366	El cantar de los cantares.
L	3367	De las cases sociales.
M	3367	PREP_VERB	6	0	12	Other	Construcción incorrecta.	Se las cases|De las casas|De las clases|De las bases|De las fases|De las cales|De las cakes|De las cáseas
L	3368	De las lleva él.
M	3368	PREP_VERB	6	0	12	Other	Construcción incorrecta.	Se las lleva
L	3369	De la case social.
M	3369	PREP_VERB	7	0	10	Other	Construcción incorrecta.	Se la case|De la base|De la casa|De la clase|De la fase|De la Caspe|De la CAS|De la Cage|De la cake|De la cásea
L	3370	En los estamos unidos.
M	3370	PREP_VERB	8	0	14	Other	Construcción incorrecta.	En los estados|En los estaños|En los estajos
L	3371	En los Estamos Unidos.
M	3371	PREP_VERB	8	0	14	Other	Construcción incorrecta.	En los Estados|En los Estaños|En los Estajos
L	3372	Se basa en los daros.
M	3372	PRONOMBRE_SIN_VERBO	4	11	20	Other	Posible confusión. Pronombre átono sin verbo.	los da|los dará
L	3373	Hasta los torturan.
L	3374	En las cases sociales.
M	3374	PREP_VERB	9	0	12	Other	Construcción incorrecta.	En las casas|En las clases|En las bases|En las fases|En las cales|En las cakes|En las cáseas
L	3375	Estamos en la era llamada "Kali-iuga".
M	3375	MORFOLOGIK_RULE_ES		27	31	UnknownWord	Se ha encontrado un posible error ortográfico.	Dalí|Valí|Salí|Aly|Alí|Bali|Cali|Dali|Fali|Kai|Kari|Lali|Mali|Malí|Yalí|Ali|Kaki|Pali|Rali|Wali
M	3375	MORFOLOGIK_RULE_ES		32	36	UnknownWord	Se ha encontrado un posible error ortográfico.	fuga|yoga|yugo|puja|muga|yaga|ruga|ruja|Huga|IgA|Puga|ayuga|buga|buja|cuja|fugá|guja|inga|ingá|irga|jugá|muja|pujá|yuca|yugal|yunga|yuta
L	3376	Por esta vía las puede comprar.
L	3377	En la case social.
M	3377	PREP_VERB	10	0	10	Other	Construcción incorrecta.	En la base|En la casa|En la clase|En la fase|En la Caspe|En la CAS|En la Cage|En la cake|En la cásea
L	3378	De lo debemos a él.
M	3378	PREP_VERB	11	0	13	Other	Construcción incorrecta.	Se lo debemos|Me lo debemos|Te lo debemos
L	3379	Empezó a involucrase.
M	3379	PREP_VERB	12	7	20	Other	Construcción incorrecta.	a involucrarse
L	3380	Al encontrase.
M	3380	PREP_VERB	12	0	13	Other	Construcción incorrecta.	Al encontrarse
L	3381	Gracias por compartinos.
M	3381	PREP_VERB	13	8	23	Other	Construcción incorrecta.	por compartirnos
L	3382	Gracias por compartínosla.
M	3382	PREP_VERB	14	8	25	Other	Construcción incorrecta.	por compartírnosla
L	3383	Se va a celebra una fiesta.
M	3383	PREP_VERB	15	6	15	Other	Construcción incorrecta.	a celebrar
L	3384	La letra a es la primera del alfabeto.
L	3385	Y a podemos hacer.
M	3385	PREP_VERB	16	2	11	Other	Construcción incorrecta.	podemos|la podemos|a poder|a poderos
L	3386	Prestando dinero a he aprendido algo.
M	3386	PREP_VERB	16	17	21	Other	Construcción incorrecta.	he|la he|a haber|a e|a ve|a fe|a be|a té|a PE|a che
L	3387	Que recuerdan a hierva buena.
M	3387	PREP_VERB	16	14	22	Other	Construcción incorrecta.	hierva|la hierva|a hervir|a hierba|a hierbas|a yerba|a cierva|a sierva|a hierra
L	3388	La letra a es la primera del alfabeto.
L	3389	Lo sabe desde es adulto.
M	3389	PREP_VERB	17	8	16	Other	Combinación imposible: preposición seguida de verbo conjugado.	desde que es|desde e|desde ese|desde esa|desde eso|desde mes|desde as|desde res|desde ése|desde ves
L	3390	al informa.
M	3390	PREP_VERB	18	0	10	Other	Combinación imposible: preposición seguida de verbo conjugado.	al informe|al informal|al informar
L	3391	en informa.
M	3391	PREP_VERB	18	0	10	Other	Combinación imposible: preposición seguida de verbo conjugado.	en informe|en informal|en informar
L	3392	con informa.
M	3392	PREP_VERB	18	0	11	Other	Combinación imposible: preposición seguida de verbo conjugado.	con informe|con informal|con informar
L	3393	del informa.
M	3393	PREP_VERB	18	0	11	Other	Combinación imposible: preposición seguida de verbo conjugado.	del informe|del informal|del informar
L	3394	en sueles.
M	3394	PREP_VERB	18	0	9	Other	Combinación imposible: preposición seguida de verbo conjugado.	en suelos|en suelas|en fueles|en seles|en suflés
L	3395	Imprime, copia y hasta escanea.
L	3396	El complemento de un conjunto A es el conjunto A∁.
L	3397	Y por contra existe otra línia de pensamiento.
M	3397	MORFOLOGIK_RULE_ES		25	30	UnknownWord	Se ha encontrado un posible error ortográfico.	línea|linea|linda|lidia|Liria|libia|linfa|licia|liña|minia|linio|lisia|Alinyà|Ginia|Libia|Licia|Lidia|Lilia|Lina|Linda|Lini|Linis|Livia|cinia|inia|lanía|lidiá|lindá|lineá|lisiá|miniá
L	3398	Si actúa en contra es por otros motivos.
L	3399	Las de corte bajo son sus señas.
L	3400	se ha observado que bajo pruebas genéticas poseen porcentajes pequeños
M	3400	UPPERCASE_SENTENCE_START		0	2	Other	Esta frase no empieza con mayúscula.	Se
L	3401	Organizadas bajo forma mercantil.
L	3402	El derecho muestra desviación en valgo.
L	3403	Los espacios articulares del meso y retro pie se encuentra dentro de límites normales.
L	3404	Se extiende en el cuadrante superior derecho con trayecto del dreno que atraviesa la pared abdominal.
L	3405	en informa.
M	3405	PREP_VERB	18	0	10	Other	Combinación imposible: preposición seguida de verbo conjugado.	en informe|en informal|en informar
L	3406	con el informa.
M	3406	EL_TILDE	2	4	6	Other	El pronombre personal <suggestion>él</suggestion> lleva tilde.	él
L	3407	del informa.
M	3407	PREP_VERB	18	0	11	Other	Combinación imposible: preposición seguida de verbo conjugado.	del informe|del informal|del informar
L	3408	de cantaba.
M	3408	PREP_VERB	4	0	10	Other	Construcción incorrecta.	se cantaba|te cantaba|de cantada|de cantata|de cántabra|de cántara|de centava
L	3409	al encontrase ésta en baja.
M	3409	PREP_VERB	12	0	13	Other	Construcción incorrecta.	al encontrarse
M	3409	ESTE_ESE_AQUEL_NOTILDE	1	14	18	Other	La tilde es innecesaria según la norma actual. Se puede usar en caso de ambigüedad cuando es un pronombre.	esta
L	3410	de cantar
M	3410	UPPERCASE_SENTENCE_START		0	2	Other	Esta frase no empieza con mayúscula.	De
L	3411	Entre ellos están la llama
L	3412	según anunció un portavoz
M	3412	UPPERCASE_SENTENCE_START		0	5	Other	Esta frase no empieza con mayúscula.	Según
L	3413	no volvieron a verse más
M	3413	UPPERCASE_SENTENCE_START		0	2	Other	Esta frase no empieza con mayúscula.	No
L	3414	al encontrarse ésta en baja
M	3414	UPPERCASE_SENTENCE_START		0	2	Other	Esta frase no empieza con mayúscula.	Al
M	3414	ESTE_ESE_AQUEL_NOTILDE	1	15	19	Other	La tilde es innecesaria según la norma actual. Se puede usar en caso de ambigüedad cuando es un pronombre.	esta
L	3415	Cuanto más bajo se encuentre el sol
L	3416	El papel de las arqueas
L	3417	El sobre contenía información
L	3418	junto con las riñas de gallos
M	3418	UPPERCASE_SENTENCE_START		0	5	Other	Esta frase no empieza con mayúscula.	Junto
L	3419	entre los meses de octubre, noviembre y diciembre.
M	3419	UPPERCASE_SENTENCE_START		0	5	Other	Esta frase no empieza con mayúscula.	Entre
L	3420	Tras las reformas.
L	3421	gran golpe en la batalla
M	3421	UPPERCASE_SENTENCE_START		0	4	Other	Esta frase no empieza con mayúscula.	Gran
L	3422	después de la derrota
M	3422	UPPERCASE_SENTENCE_START		0	7	Other	Esta frase no empieza con mayúscula.	Después
L	3423	dependiendo de la masa de la estrella
M	3423	UPPERCASE_SENTENCE_START		0	11	Other	Esta frase no empieza con mayúscula.	Dependiendo
L	3424	en la antigua Roma
M	3424	UPPERCASE_SENTENCE_START		0	2	Other	Esta frase no empieza con mayúscula.	En
L	3425	de lo uno y de lo otro
M	3425	UPPERCASE_SENTENCE_START		0	2	Other	Esta frase no empieza con mayúscula.	De
L	3426	El libro de los cinco anillos.
L	3427	seguían acudiendo hasta la tumba del apóstol
M	3427	UPPERCASE_SENTENCE_START		0	7	Other	Esta frase no empieza con mayúscula.	Seguían
L	3428	ya hasta las ves venir
M	3428	UPPERCASE_SENTENCE_START		0	2	Other	Esta frase no empieza con mayúscula.	Ya
L	3429	Ella no volverá hasta las cinco.
L	3430	no estará aquí hasta la una
M	3430	UPPERCASE_SENTENCE_START		0	2	Other	Esta frase no empieza con mayúscula.	No
L	3431	Según se me dijo.
L	3432	A veces hasta nos lanzamos almohadas.
L	3433	Sí, por lo visto.
L	3434	En son de paz.
L	3435	La alternativa A es la mejor.
L	3436	A convence a B.
L	3437	Un vasito de vino con la comida.
L	3438	Se remonta a hace 1,3 o 1,2 millones de años.
L	3439	Y salvo serás.
L	3440	No surgió efecto.
M	3440	SURGIR_EFECTO	1	3	16	Other	Expresión incorrecta.	surtió efecto
L	3441	No surtió efecto.
L	3442	Se puede regresar a la zona en base a lo expuesto por las autoridades.
M	3442	EN_BASE_A	1	28	37	Other	Es preferible usar otra expresión.	con base en|basándonos en|basándose en|a base de|sobre la base de|en relación con|según|por
L	3443	Se ha reducido la cadencia de los trenes basándose en la estadistica elaborada.
M	3443	MORFOLOGIK_RULE_ES		57	68	UnknownWord	Se ha encontrado un posible error ortográfico.	estadística|estadísticas|estadístico
L	3444	Se puede regresar a la zona en base al documento.
M	3444	EN_BASE_AL	2	28	38	Other	Es preferible usar otra expresión.	basándonos en el|basándose en el|con base en el|sobre la base del|en relación con el|según el|por el
L	3445	El agua es de gratis.
M	3445	DE_GRATIS	1	11	20	Other	Expresión incorrecta.	gratis|de balde
L	3446	Está bien alegrarse que haya dinero para todos.
M	3446	QUEISMO	1	20	23	Other	En este contexto, el verbo va seguido normalmente de la preposición 'de'.	de que
L	3447	No pareces enterarte de que todo está resuelto.
L	3448	Nos quejamos que fuera obligatorio.
M	3448	QUEISMO	2	13	16	Other	En este contexto, el verbo va seguido normalmente de la preposición 'de'.	de que
L	3449	Me harté que no cumpliera.
M	3449	QUEISMO	2	9	12	Other	En este contexto, el verbo va seguido normalmente de la preposición 'de'.	de que
L	3450	Me hartó que no cumpliera.
L	3451	Dudo que él venga.
L	3452	Me alegra que hayas podido venir.
L	3453	No sabes lo harta que estoy.
L	3454	¿Tienes alguna queja que hacer?
L	3455	No está todo lo bien informado que podría estar.
L	3456	Está bien darse cuenta que no había dinero para todos.
M	3456	QUEISMO	3	23	26	Other	En este contexto, el verbo va seguido normalmente de la preposición 'de'.	de que
L	3457	Se dio cuenta que no había dinero para todos.
M	3457	QUEISMO	4	14	17	Other	En este contexto, el verbo va seguido normalmente de la preposición 'de'.	de que
L	3458	No se daba cuenta que no había dinero para todos.
M	3458	QUEISMO	4	18	21	Other	En este contexto, el verbo va seguido normalmente de la preposición 'de'.	de que
L	3459	No se va a dar cuenta que no había dinero para todos.
M	3459	QUEISMO	4	22	25	Other	En este contexto, el verbo va seguido normalmente de la preposición 'de'.	de que
L	3460	No te vas a dar cuenta que no había dinero para todos.
M	3460	QUEISMO	4	23	26	Other	En este contexto, el verbo va seguido normalmente de la preposición 'de'.	de que
L	3461	Se ha dado cuenta que no había dinero para todos.
M	3461	QUEISMO	4	18	21	Other	En este contexto, el verbo va seguido normalmente de la preposición 'de'.	de que
L	3462	Estamos seguros que falta poco para acabar.
M	3462	QUEISMO	5	16	19	Other	En este contexto, el verbo va seguido normalmente de la preposición 'de'.	de que
L	3463	Está segura de que lo que decís es cierto.
L	3464	Nos alegramos que haya comida para todos
M	3464	QUEISMO	2	14	17	Other	En este contexto, el verbo va seguido normalmente de la preposición 'de'.	de que
L	3465	Nos hemos alegrado que haya comida para todos
M	3465	QUEISMO	2	19	22	Other	En este contexto, el verbo va seguido normalmente de la preposición 'de'.	de que
L	3466	Fue cuando os enterasteis que se acabó la temporada.
M	3466	QUEISMO	2	26	29	Other	En este contexto, el verbo va seguido normalmente de la preposición 'de'.	de que
L	3467	Lo hizo a sabiendas que sería rechazada.
M	3467	QUEISMO	7	8	23	Other	Esta expresión siempre lleva la preposición 'de'.	a sabiendas de que
L	3468	Lo hizo a pesar que no quería.
M	3468	QUEISMO	8	8	19	Other	Esta expresión siempre lleva la preposición 'de'.	a pesar de que
L	3469	En caso que no sea posible, se hará en el patio.
M	3469	QUEISMO	9	0	11	Other	Esta expresión siempre lleva la preposición 'de'.	En caso de que
L	3470	Pese que se solicitó la suspensión, se hizo igualmente.
M	3470	QUEISMO	10	0	8	Other	Esta expresión siempre lleva la preposición 'a'.	Pese a que
L	3471	En el caso que no sea posible, se hará en el patio.
M	3471	QUEISMO	11	0	14	Other	Esta expresión siempre lleva la preposición 'de'.	En el caso de que
L	3472	En el caso que estés buscando un producto que no encuentras, ponte en contacto con nosotros
M	3472	QUEISMO	11	0	14	Other	Esta expresión siempre lleva la preposición 'de'.	En el caso de que
L	3473	En el caso que haya transcurrido 24 horas, deberás rellenar el documento.
M	3473	QUEISMO	11	0	14	Other	Esta expresión siempre lleva la preposición 'de'.	En el caso de que
L	3474	lo que prometió hacer en el caso que le desobedeciésemos.
M	3474	UPPERCASE_SENTENCE_START		0	2	Other	Esta frase no empieza con mayúscula.	Lo
M	3474	QUEISMO	11	22	36	Other	Esta expresión siempre lleva la preposición 'de'.	en el caso de que
L	3475	En el caso que esa campaña llegue al 1%.
M	3475	QUEISMO	11	0	14	Other	Esta expresión siempre lleva la preposición 'de'.	En el caso de que
L	3476	En el caso que me comenta, no sabría decirle si es posible.
L	3477	Así, en el caso que tratamos, ¿debe o no el Notario declarar heredero abintestato al cónyuge viudo conforme a la ley personal del causante?
L	3478	¿Puede decirme de que talla es esto?
M	3478	QUE_TILDE2	24	18	21	Other	Como pronombre interrogativo (=qué cosa), se escribe con tilde.	qué
L	3479	Pienso de que estamos mejorando mucho.
M	3479	DEQUEISMO	2	7	13	Other	Posible dequeísmo.	que
L	3480	El primero en anunciar de que su país iba a suspender sus obligaciones fue el presidente.
M	3480	DEQUEISMO	2	23	29	Other	Posible dequeísmo.	que
L	3481	Creemos que podemos mejorar más.
L	3482	Son las razones de que nos guste.
L	3483	Sostiene el punto de vista de que uno no necesita amigos.
L	3484	Es fácil de que volvamos a encontrarnos
M	3484	DEQUEISMO	3	9	15	Other	Posible dequeísmo.	que
L	3485	Estaba pensando si es posible de que entregues eso hoy.
M	3485	DEQUEISMO	3	30	36	Other	Posible dequeísmo.	que
L	3486	Encontrarás útil que hayan cambiado el cartel
L	3487	formaron parte de ese Estado antes de que existiera
M	3487	UPPERCASE_SENTENCE_START		0	8	Other	Esta frase no empieza con mayúscula.	Formaron
L	3488	Estoy orgulloso de que mi padre sea un buen cocinero.
L	3489	Estoy seguro de que vendrá.
L	3490	Me alegra de que volvamos a encontrarnos
M	3490	DEQUEISMO	4	10	16	Other	Posible dequeísmo.	que
L	3491	Me alegró de que volvamos a encontrarnos
M	3491	DEQUEISMO	4	10	16	Other	Posible dequeísmo.	que
L	3492	Nos alegró de que volvamos a encontrarnos
M	3492	DEQUEISMO	4	11	17	Other	Posible dequeísmo.	que
L	3493	Me entristece que hayan cambiado el cartel
L	3494	Se alegró de que vinieran.
L	3495	Se alegraron de que vinieran.
L	3496	Nos alegramos de que vinieran.
L	3497	Y a no ser de que vengas
M	3497	DEQUEISMO	5	2	17	Other	Expresión incorrecta. Dequeísmo.	a no ser que
L	3498	A medida de que lleguen.
M	3498	DEQUEISMO	6	0	15	Other	Expresión incorrecta. Dequeísmo.	A medida que
L	3499	Una vez de que lleguen.
M	3499	DEQUEISMO	7	0	14	Other	Expresión incorrecta. Dequeísmo.	Una vez que
L	3500	Hay que esperar turno, dado a que en muchas ciudades la oferta es menor.
M	3500	DADO_A_QUE	1	23	33	Other	Expresión incorrecta.	dado que
L	3501	Venían detrás mío.
M	3501	DETRAS_PX	1	7	17	Other	Es preferible usar otra expresión.	detrás de mí
L	3502	Venían atrás mío.
M	3502	DETRAS_PX	1	7	16	Other	Es preferible usar otra expresión.	atrás de mí
L	3503	Tengo a los niños encima de mí.
L	3504	Venían detrás tuyo.
M	3504	DETRAS_PX	2	7	18	Other	Es preferible usar otra expresión.	detrás de ti
L	3505	Iba adelante tuyo.
M	3505	DETRAS_PX	2	4	17	Other	Es preferible usar otra expresión.	adelante de ti
L	3506	Tienes a los niños encima de ti.
L	3507	Venían detrás nuestro.
M	3507	DETRAS_PX	3	7	21	Other	Es preferible usar otra expresión.	detrás de nosotros|detrás de nosotras
L	3508	Vivían arriba nuestro.
M	3508	DETRAS_PX	3	7	21	Other	Es preferible usar otra expresión.	arriba de nosotros|arriba de nosotras
L	3509	Tenemos a los niños encima de nosotros.
L	3510	Venían detrás vuestro.
M	3510	DETRAS_PX	4	7	21	Other	Es preferible usar otra expresión.	detrás de vosotros|detrás de vosotras
L	3511	Tenemos a los niños encima de vosotros.
L	3512	Venían detrás suya.
M	3512	DETRAS_PX	5	7	18	Other	Es preferible usar otra expresión.	detrás de él|detrás de ella|detrás de ello|detrás de ellos|detrás de ellas|detrás de usted|detrás de ustedes
L	3513	Vivían abajo suyo.
M	3513	DETRAS_PX	5	7	17	Other	Es preferible usar otra expresión.	abajo de él|abajo de ella|abajo de ello|abajo de ellos|abajo de ellas|abajo de usted|abajo de ustedes
L	3514	Tienen a los niños encima de ellos.
L	3515	No contad con nosotros.
M	3515	NO_IMPERATIVO	1	3	9	Other	Con la partícula negativa 'No', en lugar del imperativo "contad" debe usarse el subjuntivo.	contéis
L	3516	Nunca contéis conmigo.
L	3517	Y si no enviadle recuerdos.
L	3518	Hubieron varios disparos
M	3518	ID_HUBO_HUBIERON	1	0	8	Other	Para indicar presencia o existencia, el v. 'haber' se usa en tercera persona del singular.	Hubo
L	3519	Habían como mínimo cinco.
M	3519	ID_HUBO_HUBIERON	1	0	6	Other	Para indicar presencia o existencia, el v. 'haber' se usa en tercera persona del singular.	Había
L	3520	Hubo varios disparos
L	3521	Hubiera sido peor si no vienen.
L	3522	Ellos habían nacido para jugar.
L	3523	De la dinastía Han.
L	3524	Han habido varios disparos
M	3524	HAN_HABIDO	1	0	3	Other	Para indicar presencia o existencia, el v. 'haber' se usa en tercera persona del singular.	Ha
L	3525	Habían habido como mínimo cinco.
M	3525	HAN_HABIDO	1	0	6	Other	Para indicar presencia o existencia, el v. 'haber' se usa en tercera persona del singular.	Había
L	3526	Si no hubiesen habido tantos casos, se habría acabado.
M	3526	HAN_HABIDO	1	6	14	Other	Para indicar presencia o existencia, el v. 'haber' se usa en tercera persona del singular.	hubiera|hubiese
L	3527	Hubo varios disparos
L	3528	Hubiera sido peor si no vienen.
L	3529	Ellos habían nacido para jugar.
L	3530	De la dinastía Han.
L	3531	Han habido de hacerlo.
L	3532	Pueden haber cuatro.
M	3532	PODER_HABER	1	0	6	Other	El v. 'haber' impersonal se conjuga solo en tercera persona del singular.	Puede
L	3533	Deben de haber cuatro.
M	3533	PODER_HABER	1	0	5	Other	El v. 'haber' impersonal se conjuga solo en tercera persona del singular.	Debe
L	3534	Podrían haber discrepancias
M	3534	PODER_HABER	1	0	7	Other	El v. 'haber' impersonal se conjuga solo en tercera persona del singular.	Podría
L	3535	Puede haber cuatro.
L	3536	Pude haber hecho algo mal.
L	3537	va a poder haber una alarma
M	3537	UPPERCASE_SENTENCE_START		0	2	Other	Esta frase no empieza con mayúscula.	Va
L	3538	Tienen que haber cuatro.
M	3538	PODER_HABER	2	0	6	Other	El v. 'haber' impersonal se conjuga solo en tercera persona del singular.	Tiene
L	3539	Tenían que haber cuatro.
M	3539	PODER_HABER	2	0	6	Other	El v. 'haber' impersonal se conjuga solo en tercera persona del singular.	Tenía
L	3540	Pude haber cuatro.
M	3540	PODER_HABER	3	0	4	Other	Posible confusión. El v. 'haber' impersonal se conjuga solo en tercera persona del singular.	Pudo|Puede
L	3541	Puede haber cuatro.
L	3542	Pude haber hecho algo mal.
L	3543	va a poder haber una alarma
M	3543	UPPERCASE_SENTENCE_START		0	2	Other	Esta frase no empieza con mayúscula.	Va
L	3544	debiéndose haber dicho
M	3544	UPPERCASE_SENTENCE_START		0	10	Other	Esta frase no empieza con mayúscula.	Debiéndose
L	3545	El escándalo ha salpicada a todo el mundo.
M	3545	HA_A	2	13	15	Other	Si no es del v. 'haber', se escribe sin hache.	a
M	3545	PARTICIPIO_MS	1	16	25	Other	Posible confusión. El participio que acompaña el v. 'haber' debe ser masculino singular.	salpicado
L	3546	El escándalo ha salpicadas a todo el mundo.
M	3546	HA_A	2	13	15	Other	Si no es del v. 'haber', se escribe sin hache.	a
M	3546	PARTICIPIO_MS	1	16	26	Other	Posible confusión. El participio que acompaña el v. 'haber' debe ser masculino singular.	salpicado
L	3547	Se han empadronados 40 personas más.
M	3547	PARTICIPIO_MS	1	7	19	Other	Posible confusión. El participio que acompaña el v. 'haber' debe ser masculino singular.	empadronado
L	3548	Había determinadas posibilidades,
L	3549	Espero que no haya malentendidos.
L	3550	Existen unas 1.900.000 ha desarboladas.
L	3551	Durante ese mismo curso había abiertos en la Comunidad 1.531 centros.
L	3552	En el 2006 había empadronados en España 618.332 ciudadanos.
L	3553	Se habían clasificados todos.
M	3553	ID_HUBO_HUBIERON	1	3	9	Other	Para indicar presencia o existencia, el v. 'haber' se usa en tercera persona del singular.	había
M	3553	PARTICIPIO_MS	1	10	22	Other	Posible confusión. El participio que acompaña el v. 'haber' debe ser masculino singular.	clasificado
L	3554	Habían clasificados todos los documentos.
M	3554	ID_HUBO_HUBIERON	1	0	6	Other	Para indicar presencia o existencia, el v. 'haber' se usa en tercera persona del singular.	Había
M	3554	PARTICIPIO_MS	1	7	19	Other	Posible confusión. El participio que acompaña el v. 'haber' debe ser masculino singular.	clasificado
L	3555	Se había clasificados todos.
M	3555	PARTICIPIO_MS	1	9	21	Other	Posible confusión. El participio que acompaña el v. 'haber' debe ser masculino singular.	clasificado
L	3556	Ha dispuestos que sea así.
M	3556	HA_A	2	0	2	Other	Si no es del v. 'haber', se escribe sin hache.	A
M	3556	PARTICIPIO_MS	1	3	13	Other	Posible confusión. El participio que acompaña el v. 'haber' debe ser masculino singular.	dispuesto
L	3557	Se han habilitados dos marquesinas metálicas.
M	3557	PARTICIPIO_MS	1	7	18	Other	Posible confusión. El participio que acompaña el v. 'haber' debe ser masculino singular.	habilitado
L	3558	Hay clasificados.
L	3559	Había clasificados.
L	3560	Me parece que no va a haber entrevistas.
L	3561	Me parecía que no había salida a nuestro predicamento.
L	3562	En la ventana había sentada una niña con cara pensativa.
L	3563	Los géneros pueden haber cambiados.
M	3563	PODER_HABER	1	12	18	Other	El v. 'haber' impersonal se conjuga solo en tercera persona del singular.	puede
M	3563	PARTICIPIO_MS	2	25	34	Other	Posible confusión. El participio que acompaña el v. 'haber' debe ser masculino singular.	cambiado
L	3564	Se puede haber cambiados.
M	3564	PARTICIPIO_MS	2	15	24	Other	Posible confusión. El participio que acompaña el v. 'haber' debe ser masculino singular.	cambiado
L	3565	No sabemos si va a haber clasificados.
L	3566	Debe haber clasificados.
L	3567	Suele haber clasificados.
L	3568	Puede haber clasificados
L	3569	No se han realizando.
M	3569	HABER_GERUNDIO	1	10	20	Other	Falta un participio o la preposición 'de'.	realizado|de realizar
L	3570	No se han realizar.
M	3570	HABER_GERUNDIO	1	10	18	Other	Falta un participio o la preposición 'de'.	realizado|de realizar
L	3571	Habían defendiendo el resultado.
M	3571	ID_HUBO_HUBIERON	1	0	6	Other	Para indicar presencia o existencia, el v. 'haber' se usa en tercera persona del singular.	Había
M	3571	HABER_GERUNDIO	1	7	18	Other	Falta un participio o la preposición 'de'.	defendido|de defender
L	3572	Entre lo que hay consideramos que sí.
L	3573	Habían considerado la cuestión.
L	3574	Que haya malentendidos.
L	3575	Había como mínimo cinco.
L	3576	Allí no ha llovido.
L	3577	Lo que había era una falta de respeto.
L	3578	Se han encontraron indicios.
M	3578	HABER_GERUNDIO	2	7	18	Other	Falta un participio o la preposición 'de'.	encontrado|de encontrar
L	3579	Se han consideran indicios.
M	3579	HABER_GERUNDIO	2	7	17	Other	Falta un participio o la preposición 'de'.	considerado|de considerar
L	3580	Entre lo que hay consideramos que sí.
L	3581	Habían considerado la cuestión.
L	3582	Que haya malentendidos.
L	3583	Había como mínimo cinco.
L	3584	Allí no ha llovido.
L	3585	Lo que había era una falta de respeto.
L	3586	¡Como te agarre, te se cae el pelo!
M	3586	PP_SE	1	17	22	Other	El pronombre reflexivo 'se' debe ir primero.	se te
L	3587	Lo agarraron y se le cayó el pelo.
L	3588	Las cifras indican a grosso modo que la gestión es correcta.
M	3588	GROSSO_MODO	1	19	32	Other	Esta expresión latina se usa sin preposición.	grosso modo
L	3589	La Tierra se encuentra, dicho grosso modo, a ocho minutos-luz del Sol.
L	3590	Imagino que sin en cambio está de acuerdo.
M	3590	SIN_ENCAMBIO	1	12	25	Other	Expresión incorrecta.	en cambio|sin embargo
L	3591	La Tierra se encuentra, en cambio, a ocho minutos-luz del Sol.
L	3592	Imagino que ni si quiera está de acuerdo.
M	3592	SI_QUIERA	1	15	24	Other	Como adverbio o conjunción se escribe junto.	siquiera
L	3593	La que sí quiera, puede venir.
L	3594	No lo hizo él si no su primo.
M	3594	SINO_SI_NO	1	14	19	Other	Probablemente hay que usar la conjunción adversativa <suggestion>sino</suggestion>.	sino
L	3595	No lo hizo él si no su hermano.
M	3595	SINO_SI_NO	1	14	19	Other	Probablemente hay que usar la conjunción adversativa <suggestion>sino</suggestion>.	sino
L	3596	No iré si no para de llover.
L	3597	La gente no dice cotidianamente «voy a evacuar el vientre» sino «voy a cagar» o «voy a ensuciar».
L	3598	Yo no voy a tener más, si no entonces desaparecía hasta la riñonera.
L	3599	La ley no fue hecha para agradar a Dios sino fue introducida por causa del pecado.
M	3599	SINO_SI_NO	2	40	44	Other	Probablemente hay que usar la conjunción adversativa <suggestion>sino que</suggestion> o el condicional <suggestion>si no</suggestion>.	sino que|si no
L	3600	Así no se puede recibir a alguien con los brazos abiertos sino se quieren integrar.
M	3600	SINO_SI_NO	2	58	62	Other	Probablemente hay que usar la conjunción adversativa <suggestion>sino que</suggestion> o el condicional <suggestion>si no</suggestion>.	sino que|si no
L	3601	Tampoco puedes ver el sol sino solamente ves los fotones emitidos por este.
M	3601	SINO_SI_NO	2	26	30	Other	Probablemente hay que usar la conjunción adversativa <suggestion>sino que</suggestion> o el condicional <suggestion>si no</suggestion>.	sino que|si no
L	3602	No es así, sino de otra manera.
L	3603	No hace un siglo, sino hace escasamente dos meses.
L	3604	No implica contacto sino falta de cooperación.
M	3604	COMMA_SINO2	1	19	24	Other	En la mayoría de los casos la conjunción 'sino' va precedida de una coma.	, sino
L	3605	No es dónde se encuentra en momentos de comodidad y conveniencia, sino dónde se sitúa en tiempos de desafío.
L	3606	Sino vienes, será peor.
M	3606	SINO_SI_NO	3	0	4	Other	Probablemente se tiene que escribir separado (conjunción condicional seguida de negación).	Si no
L	3607	¿Qué podía hacer sino quería resignarme?
M	3607	SINO_SI_NO	3	17	21	Other	Probablemente se tiene que escribir separado (conjunción condicional seguida de negación).	si no
L	3608	¿Qué tal sino estoy inscrito?
M	3608	SINO_SI_NO	3	9	13	Other	Probablemente se tiene que escribir separado (conjunción condicional seguida de negación).	si no
L	3609	No es así, sino de otra manera.
L	3610	No hace un siglo, sino hace escasamente dos meses.
L	3611	No implica contacto sino falta de cooperación.
M	3611	COMMA_SINO2	1	19	24	Other	En la mayoría de los casos la conjunción 'sino' va precedida de una coma.	, sino
L	3612	No quiero que venga, si no que no vuelva por aquí.
M	3612	SINO_SI_NO	1	21	26	Other	Probablemente hay que usar la conjunción adversativa <suggestion>sino</suggestion>.	sino
L	3613	La mayoría, sino todas, son tóxicas.
M	3613	SINO_SI_NO	5	12	16	Other	Probablemente se tiene que escribir separado (conjunción condicional seguida de negación).	si no
L	3614	Él no solo es valiente sino sabio.
L	3615	Ninguna de las dos entidades puede existir, sino en relación con el Otro.
L	3616	Ningún estado quedará excluido, sino que serán recompensados.
L	3617	Para hoy no si no para mañana puesto que no es urgente.
M	3617	SINO_SI_NO	1	12	17	Other	Probablemente hay que usar la conjunción adversativa <suggestion>sino</suggestion>.	sino
M	3617	PUESTO_QUE	1	29	36	Other	Como locución causal, se escribe con coma.	, puesto
L	3618	Para mañana no si no lo puedes acabar.
L	3619	Vos sabés que esto es para ti.
M	3619	MEZCLA_TUTEO_VOSEO	1	27	29	Other	Con «vos» la forma tónica es «vos», no «ti».	vos
L	3620	Vos sabés que esto es para vos.
L	3621	Tú sabes que esto es para ti.
L	3622	Vos sabés que quiero ir contigo.
M	3622	MEZCLA_TUTEO_VOSEO	2	24	31	Other	Con «vos» la forma tónica es «con vos», no «contigo».	con vos
L	3623	Vos sabés que quiero ir con vos.
L	3624	Tú sabes que quiero ir contigo.
L	3625	Vení y cállate un rato.
M	3625	VOSEO	3	0	4	Hint	Forma correcta si se usa voseo. Si no, utilice una forma alternativa.	Ven|Venid
M	3625	MEZCLA_TUTEO_VOSEO	3	7	14	Other	Si el imperativo anterior es voseante, este también debería serlo.	callate
L	3626	Escuchame y dime la verdad.
M	3626	VOSEO	2	0	9	Hint	Forma correcta si se usa voseo. Si no, utilice una forma alternativa.	Escúchame|Escuchadme
M	3626	MEZCLA_TUTEO_VOSEO	3	12	16	Other	Si el imperativo anterior es voseante, este también debería serlo.	decime
L	3627	Vení y callate un rato.
M	3627	VOSEO	3	0	4	Hint	Forma correcta si se usa voseo. Si no, utilice una forma alternativa.	Ven|Venid
M	3627	VOSEO	2	7	14	Hint	Forma correcta si se usa voseo. Si no, utilice una forma alternativa.	cállate
L	3628	Ven y cállate un rato.
L	3629	Mirá, para el auto acá.
M	3629	VOSEO	3	0	4	Hint	Forma correcta si se usa voseo. Si no, utilice una forma alternativa.	Mira|Mirad
L	3630	Dale esto para que se despierte.
L	3631	Vos vení conmigo y tú cállate un rato.
L	3632	Tomá esto y dale una de estas.
M	3632	VOSEO	3	0	4	Hint	Forma correcta si se usa voseo. Si no, utilice una forma alternativa.	Toma|Tomad
L	3633	Vení y sé bueno con ella.
M	3633	VOSEO	3	0	4	Hint	Forma correcta si se usa voseo. Si no, utilice una forma alternativa.	Ven|Venid
L	3634	El primero ministro de Japón.
M	3634	PRIMERO_PRIMER	1	3	10	Other	La forma adecuada de este ordinal delante de un sustantivo es <suggestion>primer</suggestion>.	primer
L	3635	fue el primero edificado en el Cubillo
M	3635	UPPERCASE_SENTENCE_START		0	3	Other	Esta frase no empieza con mayúscula.	Fue
L	3636	El primero paso de decirlo.
M	3636	PRIMERO_PRIMER	1	3	10	Other	La forma adecuada de este ordinal delante de un sustantivo es <suggestion>primer</suggestion>.	primer
L	3637	La primer vez que vino.
M	3637	PRIMER_PRIMERA	1	3	9	Other	Error de concordancia	primera
L	3638	Primer vez que lo veo.
M	3638	PRIMER_PRIMERA	2	0	6	Other	Error de concordancia	Primera
L	3639	Mi primer fiesta.
M	3639	PRIMER_PRIMERA	2	3	9	Other	Error de concordancia	primera
L	3640	Mi primer cliente
L	3641	La primer que veo.
M	3641	PRIMER_PRIMERA	3	3	9	Other	Error de concordancia	primera
L	3642	De aquel gran impresión
M	3642	CONCORDANCIA_ADJECTIVOS_NEUTROS	1	3	23	Other	Error de concordancia.	aquella gran impresión
L	3643	Con el suave corriente del río.
M	3643	CONCORDANCIA_ADJECTIVOS_NEUTROS	1	4	22	Other	Error de concordancia.	la suave corriente
L	3644	Un celular penca
L	3645	los principales impresiones.
M	3645	CONCORDANCIA_ADJECTIVOS_NEUTROS	2	0	27	Other	Error de concordancia.	las principales impresiones
L	3646	Uno de los mejores centrales del mundo.
L	3647	cuando se mostraba a los pacientes caras amenazantes.
M	3647	UPPERCASE_SENTENCE_START		0	6	Other	Esta frase no empieza con mayúscula.	Cuando
M	3647	CONCORDANCIA_ADJECTIVOS_NEUTROS	2	21	40	Other	Error de concordancia.	las pacientes caras
L	3648	una gran tsunami
M	3648	CONCORDANCIA_ADJECTIVOS_NEUTROS	3	0	16	Other	Error de concordancia.	un gran tsunami
L	3649	La albiceleste dominó un partido.
L	3650	¿Dónde está la terminal sur?
L	3651	Es una animalista radical.
L	3652	las principales senadores.
M	3652	CONCORDANCIA_ADJECTIVOS_NEUTROS	4	0	25	Other	Error de concordancia.	los principales senadores
L	3653	Las grandes misterios.
M	3653	CONCORDANCIA_ADJECTIVOS_NEUTROS	4	0	21	Other	Error de concordancia.	Los grandes misterios
L	3654	los principales impresiones.
M	3654	CONCORDANCIA_ADJECTIVOS_NEUTROS	2	0	27	Other	Error de concordancia.	las principales impresiones
L	3655	las principales senadores.
M	3655	CONCORDANCIA_ADJECTIVOS_NEUTROS	4	0	25	Other	Error de concordancia.	los principales senadores
L	3656	Uno de sus casas.
M	3656	UNO_DE_LAS	1	0	3	Other	Posible falta de concordancia.	Una
L	3657	Uno de las casas.
M	3657	UNO_DE_LAS	1	0	3	Other	Posible falta de concordancia.	Una
L	3658	Uno de ellas.
M	3658	UNO_DE_LAS	1	0	3	Other	Posible falta de concordancia.	Una
L	3659	Uno de sus mayores riquezas.
M	3659	UNO_DE_LAS	1	0	3	Other	Posible falta de concordancia.	Una
L	3660	Cada uno de las damas está ocupada.
M	3660	UNO_DE_LAS	1	5	8	Other	Posible falta de concordancia.	una
L	3661	Algunos de mis mejores amigos.
L	3662	Y OTRO DE 3 CM DEL OTRO LADO
L	3663	podría decir lo mismo de tus mayúsculas
M	3663	UPPERCASE_SENTENCE_START		0	6	Other	Esta frase no empieza con mayúscula.	Podría
L	3664	Esto año fue uno de muchas novedades.
M	3664	ESTO_ESTE	1	0	4	Other	¿Quería decir <suggestion>este</suggestion>?	Este
L	3665	Algunos de características particulares.
L	3666	Alguna de estos animales.
M	3666	UNO_DE_LAS	2	0	6	Other	Posible falta de concordancia.	Alguno
L	3667	Una de estos animales.
M	3667	UNO_DE_LAS	2	0	3	Other	Posible falta de concordancia.	Uno
L	3668	Cada una de los caballeros está ocupado.
M	3668	UNO_DE_LAS	2	5	8	Other	Posible falta de concordancia.	uno
L	3669	Una de sus pacientes fue encontrada muerta.
L	3670	Una de tus asistentes lo traía puesto.
L	3671	El músico colaboró con algunas de sus cantantes preferidas.
L	3672	Habrá seis bandas, algunas de Los Ángeles y de Austin.
L	3673	Y es que el dibujo, es otra de sus grandes pasiones.
L	3674	Yo tengo otra de 10 años.
L	3675	Cada una de cinco versos.
L	3676	pero todas de tamaños diferentes
M	3676	UPPERCASE_SENTENCE_START		0	4	Other	Esta frase no empieza con mayúscula.	Pero
L	3677	No hemos oído prédica alguna de nuestros jerarcas religiosos.
L	3678	Es una de los cientos de ideas
L	3679	Con otras de tiempos pasados.
L	3680	Uno de sus casas.
M	3680	UNO_DE_LAS	1	0	3	Other	Posible falta de concordancia.	Una
L	3681	Algunos de estas casas.
M	3681	UNO_DE_LAS	3	0	7	Other	Posible falta de concordancia.	Alguna|Algunas
L	3682	Uno de las casas.
M	3682	UNO_DE_LAS	1	0	3	Other	Posible falta de concordancia.	Una
L	3683	Doscientos de estas jirafas.
M	3683	UNO_DE_LAS	3	0	10	Other	Posible falta de concordancia.	Doscientas
L	3684	Uno de ellas.
M	3684	UNO_DE_LAS	1	0	3	Other	Posible falta de concordancia.	Una
L	3685	Uno de sus mayores riquezas.
M	3685	UNO_DE_LAS	1	0	3	Other	Posible falta de concordancia.	Una
L	3686	Algunso de mis mejores amigos.
M	3686	MORFOLOGIK_RULE_ES		0	7	UnknownWord	Se ha encontrado un posible error ortográfico.	Algunos|Alguno
L	3687	Y OTRO DE 3 CM DEL OTRO LADO
L	3688	podría decir lo mismo de tus mayúsculas
M	3688	UPPERCASE_SENTENCE_START		0	6	Other	Esta frase no empieza con mayúscula.	Podría
L	3689	Esto año fue uno de muchas novedades.
M	3689	ESTO_ESTE	1	0	4	Other	¿Quería decir <suggestion>este</suggestion>?	Este
L	3690	Algunos de características particulares.
L	3691	Alguna de estos animales.
M	3691	UNO_DE_LAS	2	0	6	Other	Posible falta de concordancia.	Alguno
L	3692	Una de estos animales.
M	3692	UNO_DE_LAS	2	0	3	Other	Posible falta de concordancia.	Uno
L	3693	Doscientas de aquellos animales.
M	3693	UNO_DE_LAS	4	0	10	Other	Posible falta de concordancia.	Doscientos
L	3694	Una de sus pacientes fue encontrada muerta.
L	3695	Una de tus asistentes lo traía puesto.
L	3696	El músico colaboró con algunas de sus cantantes preferidas.
L	3697	Habrá seis bandas, algunas de Los Ángeles y de Austin.
L	3698	Y es que el dibujo, es otra de sus grandes pasiones.
L	3699	Yo tengo otra de 10 años.
L	3700	Cada una de cinco versos.
L	3701	pero todas de tamaños diferentes
M	3701	UPPERCASE_SENTENCE_START		0	4	Other	Esta frase no empieza con mayúscula.	Pero
L	3702	No hemos oído prédica alguna de nuestros jerarcas religiosos.
L	3703	Es una de los cientos de ideas
L	3704	Con otras de tiempos pasados.
L	3705	Muchos de sus casas.
M	3705	UNO_DE_LAS	5	0	6	Other	Posible falta de concordancia.	Muchas
L	3706	Muchos de mis familiares.
L	3707	Muchos de sus componentes.
L	3708	Lo que dirán muchos de otras generaciones.
L	3709	Pocas de estos casos.
M	3709	UNO_DE_LAS	6	0	5	Other	Posible falta de concordancia.	Pocos
L	3710	Muchas de sus casos.
M	3710	UNO_DE_LAS	6	0	6	Other	Posible falta de concordancia.	Muchos
L	3711	Es uno de los cientos de ideas que tengo.
M	3711	UNO_DE_LAS	7	3	6	Other	Posible falta de concordancia.	una
L	3712	2 edición.
M	3712	AGREEMENT_NUMERAL_PLURAL	1	0	9	Other	Si es un ordinal, se escribe <suggestion>2.ª edición</suggestion>.	2.ª edición
L	3713	Tengo dos perro.
M	3713	AGREEMENT_NUMERAL_PLURAL	2	10	15	Other	Posible error de concordancia. Revise la puntuación.	perros
L	3714	Batimos cinco huevo para hacer una tortilla.
M	3714	AGREEMENT_NUMERAL_PLURAL	2	14	19	Other	Posible error de concordancia. Revise la puntuación.	huevos
L	3715	Vendemos cincuenta casa verdes.
M	3715	AGREEMENT_NUMERAL_PLURAL	2	19	23	Other	Posible error de concordancia. Revise la puntuación.	casas
L	3716	Tenemos veinticinco destacada personalidades.
M	3716	AGREEMENT_NUMERAL_PLURAL	2	20	29	Other	Posible error de concordancia. Revise la puntuación.	destacadas
L	3717	Murieron cincuenta y una persona.
M	3717	AGREEMENT_NUMERAL_PLURAL	2	25	32	Other	Posible error de concordancia. Revise la puntuación.	personas
L	3718	Tengo un perro.
L	3719	en el cincuenta aniversario
M	3719	UPPERCASE_SENTENCE_START		0	2	Other	Esta frase no empieza con mayúscula.	En
L	3720	Treinta y dos hombres.
L	3721	El 2 de agosto de 1644 Lleida
L	3722	la 35 División Internacional
M	3722	UPPERCASE_SENTENCE_START		0	2	Other	Esta frase no empieza con mayúscula.	La
L	3723	En el artículo 151 CE.
L	3724	1 concierto para violín
L	3725	1/24 parte de unidad
L	3726	En el artículo 4 bis
L	3727	01 valor numérico 20
L	3728	Invirtieron 1 M€.
L	3729	Invirtieron 200 M$.
L	3730	Treinta y dos únicos.
L	3731	Equivale a 136 seguido de 10 ceros.
L	3732	Tenía una sed terrible.
L	3733	Un tanto por ciento anual.
L	3734	De cero absoluto.
L	3735	Con cero inicial.
L	3736	1/2 baño
L	3737	y desde 1971 catedrático de la Universidad de Konstanz
M	3737	UPPERCASE_SENTENCE_START		0	1	Other	Esta frase no empieza con mayúscula.	Y
M	3737	MORFOLOGIK_RULE_ES		46	54	UnknownWord	Se ha encontrado un posible error ortográfico.	Constan|Constanza
L	3738	trescientos, cuatro cero cuatro, treinta y dos, veintisiete
M	3738	UPPERCASE_SENTENCE_START		0	11	Other	Esta frase no empieza con mayúscula.	Trescientos
L	3739	Tres cero, gana el Real
L	3740	en el año dos mil ciento veintiuno
M	3740	UPPERCASE_SENTENCE_START		0	2	Other	Esta frase no empieza con mayúscula.	En
L	3741	tres coma catorce
M	3741	UPPERCASE_SENTENCE_START		0	4	Other	Esta frase no empieza con mayúscula.	Tres
L	3742	Este 2018 cumple sus primeros diez años de funcionamiento.
L	3743	el puesto cincuenta y siete debido a su limitada radiodifusión
M	3743	UPPERCASE_SENTENCE_START		0	2	Other	Esta frase no empieza con mayúscula.	El
L	3744	que señaló el 2-2 definitivo
M	3744	UPPERCASE_SENTENCE_START		0	3	Other	Esta frase no empieza con mayúscula.	Que
L	3745	AppStudio 4.0 lanza un nuevo diseño
M	3745	MORFOLOGIK_RULE_ES		0	9	UnknownWord	Se ha encontrado un posible error ortográfico.	Estudio|Estudió|Apostado|Aplaudió|Apestado|Apastadlo|Apastado|Apestadlo|Apostadlo|AppSumo|Mac Studio|TeXstudio
L	3746	El Ariane 5 lanza satélites en tándem
M	3746	AGREEMENT_DET_NOUN	2	0	9	Other	Error de concordancia.	La Ariane
L	3747	la Selección Sub-21 masculina
M	3747	UPPERCASE_SENTENCE_START		0	2	Other	Esta frase no empieza con mayúscula.	La
L	3748	tres punto uno cuatro
M	3748	UPPERCASE_SENTENCE_START		0	4	Other	Esta frase no empieza con mayúscula.	Tres
L	3749	en la Copa América 2001 realizada en Colombia
M	3749	UPPERCASE_SENTENCE_START		0	2	Other	Esta frase no empieza con mayúscula.	En
L	3750	en un SO-DIMM DDR2 400 reemplazable por el usuario
M	3750	UPPERCASE_SENTENCE_START		0	2	Other	Esta frase no empieza con mayúscula.	En
L	3751	un frasco de boticario del siglo 19 relleno de agua verde
M	3751	UPPERCASE_SENTENCE_START		0	2	Other	Esta frase no empieza con mayúscula.	Un
L	3752	A las tres supe de amores
L	3753	Dos por dos era igual a cuatro.
L	3754	persiguiendo a un viejo Nexus-8 fugitivo
M	3754	UPPERCASE_SENTENCE_START		0	12	Other	Esta frase no empieza con mayúscula.	Persiguiendo
M	3754	MORFOLOGIK_RULE_ES		24	29	UnknownWord	Se ha encontrado un posible error ortográfico.	Nexos|Negus|Nevus|Neus|Lexus
L	3755	Espero que considere mi petición de tomarme este martes 8 libre.
L	3756	Compitieron los dos mano a mano.
L	3757	Nosotros dos sabemos que vosotros dos mentís.
L	3758	Con una de 15 sobra.
L	3759	Más del triple de omega 3 suplementado que recomiendo.
M	3759	ES_COMPOUNDS_OMEGA__		18	25	Other	Se escribe con un guion.	omega-3
L	3760	En el salmo 119 verso 67 dice:
L	3761	datado en 1564–1567 escrito como
M	3761	UPPERCASE_SENTENCE_START		0	6	Other	Esta frase no empieza con mayúscula.	Datado
L	3762	Abajo vemos el número 5,25 representado en una forma binaria de coma fija.
L	3763	el número decimal 27 codificado en forma binaria en un octeto
M	3763	UPPERCASE_SENTENCE_START		0	2	Other	Esta frase no empieza con mayúscula.	El
L	3764	uno de sus destinos top 10 mundial de 2006
M	3764	UPPERCASE_SENTENCE_START		0	3	Other	Esta frase no empieza con mayúscula.	Uno
L	3765	Noventa porciento
L	3766	página 245 o 248 anotada
M	3766	UPPERCASE_SENTENCE_START		0	6	Other	Esta frase no empieza con mayúscula.	Página
L	3767	Son un conjunto de persona.
M	3767	NOUN_PLURAL2	3	19	26	Other	En este contexto, probablemente es más adecuado el nombre en plural.	personas
L	3768	Participa en un grupo de teatro.
L	3769	10 millones de forma semestral.
L	3770	Son miles de persona.
M	3770	NOUN_PLURAL2	1	13	20	Other	En este contexto, probablemente es más adecuado el nombre en plural.	personas
L	3771	Decenas de personalidad firman un manifiesto.
M	3771	NOUN_PLURAL2	1	11	23	Other	En este contexto, probablemente es más adecuado el nombre en plural.	personalidades
L	3772	Puede costar billones de euro.
M	3772	NOUN_PLURAL2	1	25	29	Other	En este contexto, probablemente es más adecuado el nombre en plural.	euros
L	3773	Forma parte de un grupo de teatro.
L	3774	Costará 5.000 millones de presupuesto.
L	3775	Vinieron veintiún personas.
M	3775	AGREEMENT_NUMERAL_GENDER	1	9	17	Other	Error de concordancia.	veintiuna
L	3776	Vinieron treinta y un personas.
M	3776	AGREEMENT_NUMERAL_GENDER	2	19	21	Other	Error de concordancia.	una
L	3777	Se encogió de hombro
M	3777	NOUN_PLURAL	1	14	20	Other	En este contexto, probablemente es más adecuado el nombre en plural.	hombros
L	3778	Cayó de rodilla
M	3778	NOUN_PLURAL	2	8	15	Other	En este contexto, probablemente es más adecuado el nombre en plural.	rodillas
L	3779	Ninguno de ello tenía razón.
M	3779	NOUN_PLURAL	3	11	15	Other	En este contexto parece más adecuado el plural.	ellos
L	3780	Iba en silla de rueda.
M	3780	NOUN_PLURAL	4	16	21	Other	En este contexto, probablemente es más adecuado el nombre en plural.	ruedas
L	3781	Lo hizo en un abrir y cerrar de ojo.
M	3781	NOUN_PLURAL	5	32	35	Other	En este contexto, probablemente es más adecuado el nombre en plural.	ojos
L	3782	Llegaron millones de persona.
M	3782	NOUN_PLURAL2	1	21	28	Other	En este contexto, probablemente es más adecuado el nombre en plural.	personas
L	3783	Dos docenas de cada.
L	3784	Declaró siete millones de renta.
L	3785	Veintenas de años-luz.
L	3786	Son miles de persona.
M	3786	NOUN_PLURAL2	1	13	20	Other	En este contexto, probablemente es más adecuado el nombre en plural.	personas
L	3787	Decenas de personalidad firman un manifiesto.
M	3787	NOUN_PLURAL2	1	11	23	Other	En este contexto, probablemente es más adecuado el nombre en plural.	personalidades
L	3788	Puede costar billones de euro.
M	3788	NOUN_PLURAL2	1	25	29	Other	En este contexto, probablemente es más adecuado el nombre en plural.	euros
L	3789	Forma parte de un grupo de teatro.
L	3790	Costará 5.000 millones de presupuesto.
L	3791	Estaba abarrotado de persona.
M	3791	NOUN_PLURAL2	2	21	28	Other	En este contexto, probablemente es más adecuado el nombre en plural.	personas
L	3792	10 millones de multa.
L	3793	Llegaron un puñado de persona.
M	3793	NOUN_PLURAL2	3	22	29	Other	En este contexto, probablemente es más adecuado el nombre en plural.	personas
L	3794	Búsqueda de asesor legal.
L	3795	Búsqueda de asesor.
L	3796	No correspondía a los grupos de trabajos.
M	3796	NOUN_SINGULAR	1	32	40	Other	En este contexto, probablemente es más adecuado el nombre en singular.	trabajo
L	3797	No estaba de acuerdos con la propuesta.
M	3797	NOUN_SINGULAR	2	13	21	Other	En este contexto, probablemente es más adecuado el nombre en singular.	acuerdo
L	3798	Tenían puntos de vistas enfrentados.
M	3798	NOUN_SINGULAR	3	17	23	Other	En este contexto, probablemente es más adecuado el nombre en singular.	vista
L	3799	Tenían cuartos de baños modernos.
M	3799	NOUN_SINGULAR	4	18	23	Other	En este contexto, probablemente es más adecuado el nombre en singular.	baño
L	3800	Ocurrió en los antiguos campos de batallas.
M	3800	NOUN_SINGULAR	5	34	42	Other	En este contexto, probablemente es más adecuado el nombre en singular.	batalla
L	3801	Tenían tazas de cafés modernos.
M	3801	NOUN_SINGULAR	6	16	21	Other	En este contexto, probablemente es más adecuado el nombre en singular.	café
L	3802	Tenían estados de ánimos cambiantes.
M	3802	NOUN_SINGULAR	7	18	24	Other	En este contexto, probablemente es más adecuado el nombre en singular.	ánimo
L	3803	Estaban a cien metros de distancias.
M	3803	NOUN_SINGULAR	8	25	35	Other	En este contexto, probablemente es más adecuado el nombre en singular.	distancia
L	3804	Era unos hijos de putas.
M	3804	NOUN_SINGULAR	9	18	23	Other	En este contexto, probablemente es más adecuado el nombre en singular.	puta
L	3805	Tenía unos dolores de cabezas terribles.
M	3805	NOUN_SINGULAR	10	22	29	Other	En este contexto, probablemente es más adecuado el nombre en singular.	cabeza
L	3806	Tenía unos cuartos de horas terribles.
M	3806	NOUN_SINGULAR	11	22	27	Other	En este contexto, probablemente es más adecuado el nombre en singular.	hora
L	3807	Pérdidas de tiempos.
M	3807	NOUN_SINGULAR	12	12	19	Other	En este contexto, probablemente es más adecuado el nombre en singular.	tiempo
L	3808	Se tomó unas copas de vinos.
M	3808	NOUN_SINGULAR	13	22	27	Other	En este contexto, probablemente es más adecuado el nombre en singular.	vino
L	3809	Ocurrió en fracciones de segundos.
M	3809	NOUN_SINGULAR	14	25	33	Other	En este contexto, probablemente es más adecuado el nombre en singular.	segundo
L	3810	En las puertas de salidas.
M	3810	NOUN_SINGULAR	15	18	25	Other	En este contexto, probablemente es más adecuado el nombre en singular.	salida
L	3811	En las salas de esperas.
M	3811	NOUN_SINGULAR	16	16	23	Other	En este contexto, probablemente es más adecuado el nombre en singular.	espera
L	3812	En los fines de semanas.
M	3812	NOUN_SINGULAR	17	16	23	Other	En este contexto, probablemente es más adecuado el nombre en singular.	semana
L	3813	En los números de teléfonos.
M	3813	NUMERO_DE_SG_PL	1	18	27	Other	En este contexto, probablemente es más adecuado el nombre en singular.	teléfono
L	3814	Número de cierres.
L	3815	Número de cruces.
L	3816	Un gran número de públicos distintos.
L	3817	El número de latigazo.
M	3817	NUMERO_DE_SG_PL	2	13	21	Other	En este contexto, probablemente es más adecuado el nombre en plural.	latigazos
L	3818	El número de hombre.
M	3818	NUMERO_DE_SG_PL	2	13	19	Other	En este contexto, probablemente es más adecuado el nombre en plural.	hombres
L	3819	Los números de abonado.
L	3820	Número de coma flotante
L	3821	Los números de línea del programa.
L	3822	Números de punto flotante.
L	3823	Cuatro es un número de mala suerte en japonés.
L	3824	Número de empresa
L	3825	Número de equipo
L	3826	Número de sala
L	3827	Número de experimento
L	3828	Un gran número de caso.
M	3828	NUMERO_DE_SG_PL	3	18	22	Other	En este contexto, probablemente es más adecuado el nombre en plural.	casos
L	3829	vigésimo primera
M	3829	AGREEMENT_ORDINALS	1	0	16	Other	Forma incorrecta de ordinal. O bien se escribe junto o bien deben concordar en género y número.	vigesimoprimera|vigésima primera
L	3830	vigésimo primeros
M	3830	AGREEMENT_ORDINALS	1	0	17	Other	Forma incorrecta de ordinal. O bien se escribe junto o bien deben concordar en género y número.	vigesimoprimeros|vigésimos primeros
L	3831	Tengo algún otra sugerencia.
M	3831	AGREEMENT_DET_GN	1	6	16	Other	Error de concordancia.	alguna otra
L	3832	Alguna otro error de ortografía
M	3832	AGREEMENT_DET_GN	1	0	11	Other	Error de concordancia.	Algún otro
L	3833	Los Sra. García
M	3833	AGREEMENT_DET_ABREV	1	0	7	Other	Error de concordancia.	El Sr|Los Sres|La Sra|Las Sras
L	3834	El/la Sr./Sra.
L	3835	El/la Sr/a.
M	3835	PUNTO_EN_ABREVIATURAS	4	6	8	Other	Probablemente falta un punto después de la abreviatura.	Sr.
L	3836	Algunos mapuche.
M	3836	LOS_MAPUCHE	1	8	15	Other	Aunque "mapuche" se usa como plural, las gramáticas recomiendan la forma <suggestion>mapuches</suggestion>.	mapuches
L	3837	En el amazonas
M	3837	AGREEMENT_DET_NOUN_EXCEPTIONS	1	3	14	Other	Si es un nombre propio, se escribe con mayúscula inicial.	el Amazonas
L	3838	En el mercedes tengo la documentación.
M	3838	AGREEMENT_DET_NOUN_EXCEPTIONS	2	3	14	Other	Si es un nombre propio, se escribe con mayúscula inicial.	el Mercedes
L	3839	Estudio en el sena
M	3839	AGREEMENT_DET_NOUN_EXCEPTIONS	3	11	18	Other	Si es nombre propio, se escribe con mayúscula inicial.	el Sena|el SENA
L	3840	Vengo de la rioja.
M	3840	AGREEMENT_DET_NOUN_EXCEPTIONS	4	9	17	Other	Si es un nombre propio, se escribe con mayúsculas iniciales.	La Rioja
L	3841	Este es el Rut del titular.
M	3841	AGREEMENT_DET_NOUN_EXCEPTIONS	5	11	14	Other	Si es una sigla (Chile, Uruguay, Colombia), se escribe con mayúsculas.	RUT
L	3842	En los vedas
M	3842	AGREEMENT_DET_NOUN_EXCEPTIONS	6	7	12	Other	Si es nombre propio (libro sagrado de la India), se escribe con mayúscula inicial.	Vedas
L	3843	Tiene un cabeza grande
M	3843	AGREEMENT_DET_NOUN_EXCEPTIONS	7	6	15	Other	Error de concordancia. "Cabeza" puede ser masculino, más raramente, en algunos casos particulares (p. ej. el cabeza de familia).	una cabeza|unas cabezas
L	3844	Es el cabeza de familia.
L	3845	Es un cabeza de chorlito
L	3846	Es un cabeza rapada.
L	3847	El cabeza de cada familia tenía la responsabilidad.
L	3848	El cabeza de dicha organización.
L	3849	Sácalo del cabeza.
M	3849	AGREEMENT_DET_NOUN_EXCEPTIONS	8	7	17	Other	Error de concordancia. "Cabeza" puede ser masculino, más raramente, en algunos casos particulares (p. ej. el cabeza de familia).	de la cabeza
L	3850	Era responsabilidad del cabeza de familia.
L	3851	Trae aquel camiones.
M	3851	AGREEMENT_DET_NOUN	1	5	19	Other	Error de concordancia.	aquel camión|aquellos camiones
L	3852	Hay tanto hombres?
M	3852	ES_QUESTION_MARK		0	3	Other	Símbolo desparejado: Parece que falta un '¿'	¿Hay
M	3852	AGREEMENT_DET_NOUN	1	4	17	Other	Error de concordancia.	tanto hombre|tantos hombres
L	3853	Hasta poco años después
M	3853	AGREEMENT_DET_NOUN	1	6	15	Other	Error de concordancia.	poco año|pocos años
L	3854	un delirios
M	3854	AGREEMENT_DET_NOUN	1	0	11	Other	Error de concordancia.	un delirio|unos delirios
L	3855	Con aquella olor tan agradable.
M	3855	AGREEMENT_DET_NOUN	1	4	16	Other	Error de concordancia.	aquel olor|aquellos olores
L	3856	Me gusta esa teléfono para ti.
M	3856	AGREEMENT_DET_NOUN	1	9	21	Other	Error de concordancia.	ese teléfono|esos teléfonos
L	3857	Con las miles de personas que estaban allí.
M	3857	LAS_MILES	1	4	13	Other	Error de concordancia. "Miles" es un sustantivo masculino independiente del sustantivo posterior (p. ej., unos miles de personas).	los miles
L	3858	Con las cientos de personas que estaban allí.
M	3858	AGREEMENT_DET_NOUN	1	4	15	Other	Error de concordancia.	el ciento|los cientos
L	3859	Voy a los Estado Unidos.
M	3859	AGREEMENT_DET_NOUN	1	6	16	Other	Error de concordancia.	el Estado|los Estados
L	3860	Con algunos coche.
M	3860	AGREEMENT_DET_NOUN	1	4	17	Other	Error de concordancia.	algún coche|algunos coches
L	3861	Estoy contenta con mi resultados.
M	3861	AGREEMENT_DET_NOUN	1	19	32	Other	Error de concordancia.	mi resultado|mis resultados
L	3862	Tenía mucho juguetes.
M	3862	AGREEMENT_DET_NOUN	1	6	20	Other	Error de concordancia.	mucho juguete|muchos juguetes
L	3863	Deja una espacio.
M	3863	AGREEMENT_DET_NOUN	1	5	16	Other	Error de concordancia.	un espacio|unos espacios
L	3864	La viceministro
M	3864	AGREEMENT_DET_NOUN	1	0	15	Other	Error de concordancia.	El viceministro|Los viceministros|La viceministra|Las viceministras
L	3865	Entramos en una sitio oscuro.
M	3865	AGREEMENT_DET_NOUN	1	12	21	Other	Error de concordancia.	un sitio|unos sitios
L	3866	Mientras las españoles lo hacían desde el sur.
M	3866	AGREEMENT_DET_NOUN	1	9	22	Other	Error de concordancia.	el español|los españoles|la española|las españolas
L	3867	Se preguntó cuanto años tenía el joven.
M	3867	AGREEMENT_DET_NOUN	1	12	23	Other	Error de concordancia.	cuanto año|cuantos años
L	3868	Lo analizó como una sustantivo.
M	3868	AGREEMENT_DET_NOUN	1	16	30	Other	Error de concordancia.	un sustantivo|unos sustantivos
L	3869	medio millones de euros
M	3869	AGREEMENT_DET_NOUN	1	0	14	Other	Error de concordancia.	medio millón|medios millones
L	3870	También lo contrario.
L	3871	Todas las otras.
L	3872	Las microondas penetran en el interior.
L	3873	En la maratón o en el maratón.
L	3874	El defensor de la no-violencia
L	3875	El defensor de la no violencia
L	3876	Todos igual.
L	3877	Soy todo oídos.
L	3878	Éramos bastante ricos.
L	3879	Las microondas.
L	3880	Las mil personas que acudieron.
L	3881	Estas son las reglas.
L	3882	A la Royal Society.
L	3883	Están poco desarrollados.
L	3884	Sanlúcar la Mayor
L	3885	En la gloria cantando el gloria.
L	3886	Una ONG en Afganistán.
L	3887	Esta situado.
M	3887	ESTA_TILDE	1	0	4	Other	Si es del verbo 'estar', se escribe con tilde.	Está
L	3888	El premier, la premier, los premiers, las premiers.
L	3889	El que la saque se queda con ella.
L	3890	Y demás información.
L	3891	Ellos no están del todo interesados.
L	3892	Están estudiando todos inglés.
L	3893	Te mandaré otra hoy.
L	3894	Esos solo existen en tu imaginación.
L	3895	Usted es nuestra huésped de la semana.
L	3896	Salir de esta vivos.
L	3897	Me gustan mucho ambos.
L	3898	Me gusta mucho veros.
L	3899	y otros 66,27%.
M	3899	UPPERCASE_SENTENCE_START		0	1	Other	Esta frase no empieza con mayúscula.	Y
L	3900	y otros 66,27 %.
M	3900	UPPERCASE_SENTENCE_START		0	1	Other	Esta frase no empieza con mayúscula.	Y
L	3901	Una S.
L	3902	no es otra sino la excelente
M	3902	UPPERCASE_SENTENCE_START		0	2	Other	Esta frase no empieza con mayúscula.	No
L	3903	El Caja Granada TM
M	3903	MORFOLOGIK_RULE_ES		16	18	UnknownWord	Se ha encontrado un posible error ortográfico.	KM|CM|MM|TE|TU|TI|TÉ|TÚ|DM|TA|AM|FM|TC|TFM|TL|TT|TV|TIM|TOM|M|3M|GM|TMX
L	3904	El Santa Monica Track Club
M	3904	MORFOLOGIK_RULE_ES		9	15	UnknownWord	Se ha encontrado un posible error ortográfico.	Mónica|Cónica|Tónica|Iónica|Jónica|Monoica|Fónica|Módica|Amónica|Monika|Mónico|Moñita|Mónita|Roñica|Sónica|Moni ca
M	3904	MORFOLOGIK_RULE_ES		16	21	UnknownWord	Se ha encontrado un posible error ortográfico.	Traca|Trace|Tracé|Tracy|Crack|Rack
L	3905	Cuando me los saboreo soy muy feliz
L	3906	Bienvenidos al Pizza Day.
M	3906	CONFUSION_AL_LA	1	12	14	Other	Posible error de concordancia.	la|a la
M	3906	MORFOLOGIK_RULE_ES		21	24	UnknownWord	Se ha encontrado un posible error ortográfico.	Hay|Da|Dar|Dan|Di|Das|Ay|Doy|Dad|Lay|Dais|Dalle|Aday|Dali|Dani|Dari|Davi|Dáil|Kai|Dalla|Dallo|Dallá|Dallé|Dalló|Dey|Gay|Jai|Tai|Da y|DAW
L	3907	Donde las dan las toman.
L	3908	Andaba el 32º a casi 25 minutos del líder.
L	3909	El plazo termina el 1º de mayo.
L	3910	¿Puede alguno de estos ser real?
L	3911	¿Qué tal todos en casa?
L	3912	La presente ley busca proteger el derecho a libre amamantamiento de toda madre.
L	3913	Las mates son como el amor.
L	3914	Las presentes Condiciones Generales son las únicas condiciones aplicables.
L	3915	No la dejes conducir.
L	3916	Después de haber tomado la firme decisión.
L	3917	¡No la mires!
L	3918	Cuando alargues la mano y la saques llena de mocos, te darás cuenta.
M	3918	AGREEMENT_POSTPONED_ADJ	3	36	41	Other	Revise la concordancia de «llena» con los nombres precedentes o revise la puntuación.	llenos|llenas
L	3919	Pídele al propietario que los quite para que puedas verificarlo.
L	3920	A Tom no le gusta las mates.
M	3920	AGREEMENT_GUSTAR	1	12	17	Other	Posible error de concordancia.	gustan
L	3921	¿O esos acaso existían?
L	3922	Y si no las rechazo pierdo el amor.
L	3923	Las mil quinientas fotos que tengo.
L	3924	Las mil y dos noches.
L	3925	Una vez que la canceles, puedes volver.
L	3926	Se dirige al/la trabajador/a y le pregunta.
M	3926	AGREEMENT_DET_ADJ	2	13	26	Other	Error de concordancia.	el trabajador|los trabajadores|la trabajadora|las trabajadoras
L	3927	que tanto trata de determinar
M	3927	UPPERCASE_SENTENCE_START		0	3	Other	Esta frase no empieza con mayúscula.	Que
L	3928	El capoeira
M	3928	AGREEMENT_DET_NOUN	2	0	11	Other	Error de concordancia.	La capoeira|Las capoeiras
L	3929	aquella enfermeras
M	3929	AGREEMENT_DET_NOUN	2	0	18	Other	Error de concordancia.	aquella enfermera|aquellas enfermeras|aquel enfermero|aquellos enfermeros
L	3930	Aquellos médicas.
M	3930	AGREEMENT_DET_NOUN	2	0	16	Other	Error de concordancia.	Aquella médica|Aquella médico|Aquellas médicas|Aquel médico|Aquellos médicos
L	3931	Con un tesis sobre Platón.
M	3931	AGREEMENT_DET_NOUN	2	4	12	Other	Error de concordancia.	una tesis|unas tesis
L	3932	Un noche tras otra.
M	3932	AGREEMENT_DET_NOUN	2	0	8	Other	Error de concordancia.	Una noche|Unas noches
L	3933	Son demasiados niñas.
M	3933	AGREEMENT_DET_NOUN	2	4	20	Other	Error de concordancia.	demasiada niña|demasiadas niñas|demasiado niño|demasiados niños
L	3934	De este agua.
M	3934	AGREEMENT_ADJ_NOUN_AREA	1	3	12	Other	Error de concordancia. Ante la palabra "agua" solo adoptan la forma masculina los determinantes 'el' y 'un' (y opcionalmente 'algún' y 'ningún').	esta agua
L	3935	En este área.
M	3935	AGREEMENT_ADJ_NOUN_AREA	1	3	12	Other	Error de concordancia. Ante la palabra "área" solo adoptan la forma masculina los determinantes 'el' y 'un' (y opcionalmente 'algún' y 'ningún').	esta área
L	3936	En el sucursal del banco.
M	3936	AGREEMENT_DET_NOUN	2	3	14	Other	Error de concordancia.	la sucursal|las sucursales
L	3937	Acércame la sillas, por favor.
M	3937	AGREEMENT_DET_NOUN	2	9	18	Other	Error de concordancia.	la silla|las sillas
L	3938	Ordenamos las silla por colores.
M	3938	AGREEMENT_DET_NOUN	2	10	19	Other	Error de concordancia.	la silla|las sillas
L	3939	Me gusta ese silla que hay ahí.
M	3939	AGREEMENT_DET_NOUN	2	9	18	Other	Error de concordancia.	esa silla|esas sillas
L	3940	Me gusta el silla que hay ahí.
M	3940	AGREEMENT_DET_NOUN	2	9	17	Other	Error de concordancia.	la silla|las sillas
L	3941	Las casa de la colina.
M	3941	AGREEMENT_DET_NOUN	2	0	8	Other	Error de concordancia.	La casa|Las casas
L	3942	Compré un baguette.
M	3942	AGREEMENT_DET_NOUN	2	7	18	Other	Error de concordancia.	una baguette|unas baguettes
L	3943	Algunos los llaman problemas y otros oportunidades de crecimiento.
M	3943	AGREEMENT_DET_NOUN	2	31	50	Other	Error de concordancia.	otra oportunidad|otras oportunidades
L	3944	Suscribiéndote a nuestras revista te regalamos un secador
M	3944	AGREEMENT_DET_NOUN	2	17	33	Other	Error de concordancia.	nuestra revista|nuestras revistas
L	3945	De la cosas.
M	3945	AGREEMENT_DET_NOUN	2	3	11	Other	Error de concordancia.	la cosa|las cosas
L	3946	mi casas
M	3946	AGREEMENT_DET_NOUN	2	0	8	Other	Error de concordancia.	mi casa|mis casas
L	3947	No saben lo que hacen la personas que viven aquí.
M	3947	AGREEMENT_DET_NOUN	2	22	33	Other	Error de concordancia.	la persona|las personas
L	3948	Nuestros sucursales abren mañana.
M	3948	AGREEMENT_DET_NOUN	2	0	19	Other	Error de concordancia.	Nuestra sucursal|Nuestras sucursales
L	3949	Todas esta reformas fueron corroboradas.
M	3949	AGREEMENT_DET_NOUN	2	6	19	Other	Error de concordancia.	esta reforma|estas reformas
L	3950	La cosas es extraña.
M	3950	AGREEMENT_DET_NOUN	2	0	8	Other	Error de concordancia.	La cosa|Las cosas
L	3951	Parece que la cosas mejoran.
M	3951	AGREEMENT_DET_NOUN	2	11	19	Other	Error de concordancia.	la cosa|las cosas
L	3952	Parece que las cosa mejoran.
M	3952	AGREEMENT_DET_NOUN	2	11	19	Other	Error de concordancia.	la cosa|las cosas
L	3953	La relaciones entre Grecia y Alemania son tensas.
M	3953	AGREEMENT_DET_NOUN	2	0	13	Other	Error de concordancia.	La relación|Las relaciones
L	3954	Tengo tiempo libre este tarde.
M	3954	AGREEMENT_DET_NOUN	2	19	29	Other	Error de concordancia.	esta tarde|estas tardes
L	3955	¿Qué te gusta más, montar el bicicleta o correr?
M	3955	AGREEMENT_DET_NOUN	2	26	38	Other	Error de concordancia.	la bicicleta|las bicicletas
L	3956	No se pudieron cargar las regla.
M	3956	AGREEMENT_DET_NOUN	2	22	31	Other	Error de concordancia.	la regla|las reglas
L	3957	No los decepciones.
L	3958	Quiero que la cosas hoy.
L	3959	sus hermanos
M	3959	UPPERCASE_SENTENCE_START		0	3	Other	Esta frase no empieza con mayúscula.	Sus
L	3960	Los polis y las polis.
L	3961	El agua.
L	3962	El alta del hospital.
L	3963	Es demasiado pequeña.
L	3964	Demasiado pesada para mí.
L	3965	El microondas y los microondas.
L	3966	Me encanta el Amiga 500.
L	3967	el otro las de color oscuro
M	3967	UPPERCASE_SENTENCE_START		0	2	Other	Esta frase no empieza con mayúscula.	El
L	3968	En la gloria cantando el gloria.
L	3969	El Rin y el Elba.
L	3970	Tanto Antigua como Barbuda
L	3971	Con tanto acción, se cansó.
M	3971	AGREEMENT_DET_NOUN	2	4	16	Other	Error de concordancia.	tanta acción|tantas acciones
L	3972	Tanto acción como quietud.
L	3973	El premier, la premier, los premiers, las premiers.
L	3974	expresando ambas positividad
M	3974	UPPERCASE_SENTENCE_START		0	10	Other	Esta frase no empieza con mayúscula.	Expresando
L	3975	Tanto mayores serán los beneficios.
L	3976	el buen comportamiento de unos recompensa el mal comportamiento de otros
M	3976	UPPERCASE_SENTENCE_START		0	2	Other	Esta frase no empieza con mayúscula.	El
L	3977	No he estudiado mucho física.
M	3977	AGREEMENT_DET_NOUN	2	16	28	Other	Error de concordancia.	mucha física|muchas físicas|mucho físico|muchos físicos
L	3978	Por todo América.
L	3979	Mil quinientas cincuenta y una bombillas.
L	3980	Me gusta mucho Mary.
L	3981	Este cuenta con 149 empresas.
L	3982	Una S.
L	3983	Con sus cerca de 20 millones de habitantes.
L	3984	La misión del piel roja.
L	3985	El IVA se aplica en caja.
L	3986	En todos los cruces de ferrocarril.
L	3987	Fue el ganador en el mano a mano.
L	3988	Fue el ganador en varios mano a mano.
L	3989	Cuando uno las mira se confunden.
L	3990	Lo mismo ocurre con el PP.
L	3991	Se escribe con ese mayúscula.
L	3992	Un ajedrecistas
M	3992	AGREEMENT_DET_NOUN	3	0	15	Other	Error de concordancia.	Un ajedrecista|Unos ajedrecistas|Una ajedrecista|Unas ajedrecistas
L	3993	Unos recepcionista.
M	3993	AGREEMENT_DET_NOUN	3	0	18	Other	Error de concordancia.	Un recepcionista|Unos recepcionistas|Una recepcionista|Unas recepcionistas
L	3994	Otras recepcionista.
M	3994	AGREEMENT_DET_NOUN	3	0	19	Other	Error de concordancia.	Otro recepcionista|Otros recepcionistas|Otra recepcionista|Otras recepcionistas
L	3995	En la memoria de mucho cariocas.
M	3995	AGREEMENT_DET_NOUN	3	17	31	Other	Error de concordancia.	mucho carioca|muchos cariocas|mucha carioca|muchas cariocas
L	3996	Las web
M	3996	AGREEMENT_DET_NOUN	3	0	7	Other	Error de concordancia.	El web|Los webs|La web|Las webs
L	3997	El salvavidas
L	3998	Los salvavidas
L	3999	El microondas y los microondas.
L	4000	Está compuesta por treinta y un representantes.
L	4001	Existen unos u otros dulces.
L	4002	Son mucho mayores.
L	4003	Unos frente a otros.
L	4004	los Harlem Hellfighters
M	4004	UPPERCASE_SENTENCE_START		0	3	Other	Esta frase no empieza con mayúscula.	Los
M	4004	MORFOLOGIK_RULE_ES		11	23	UnknownWord	Se ha encontrado un posible error ortográfico.	
L	4005	del camiones
M	4005	AGREEMENT_DET_NOUN	4	0	12	Other	Error de concordancia.	de los camiones|del camión
L	4006	Al pisos
M	4006	AGREEMENT_DET_NOUN	4	0	8	Other	Error de concordancia.	A los pisos|Al piso
L	4007	del médicas
M	4007	AGREEMENT_DET_NOUN	4	0	11	Other	Error de concordancia.	de las médicas|del médico
L	4008	del médica
M	4008	AGREEMENT_DET_NOUN	4	0	10	Other	Error de concordancia.	de la médica|del médico
L	4009	del aguas
M	4009	AGREEMENT_DET_NOUN	4	0	9	Other	Error de concordancia.	de las aguas
L	4010	Ha vuelto del parques pronto.
M	4010	AGREEMENT_DET_NOUN	4	10	21	Other	Error de concordancia.	de los parques|del parque
L	4011	Del silla
M	4011	AGREEMENT_DET_NOUN	4	0	9	Other	Error de concordancia.	De la silla
L	4012	Del interfaz
M	4012	AGREEMENT_DET_NOUN	4	0	12	Other	Error de concordancia.	De la interfaz
L	4013	Respecto al números de entidades.
M	4013	AGREEMENT_DET_NOUN	4	9	19	Other	Error de concordancia.	a los números|al número
L	4014	Debes estar al corriente.
L	4015	Monsour del Rosario
M	4015	MORFOLOGIK_RULE_ES		0	7	UnknownWord	Se ha encontrado un posible error ortográfico.	Mansour
L	4016	María del Carmen
L	4017	países del África ecuatorial
M	4017	UPPERCASE_SENTENCE_START		0	6	Other	Esta frase no empieza con mayúscula.	Países
L	4018	del 10° año
M	4018	UPPERCASE_SENTENCE_START		0	3	Other	Esta frase no empieza con mayúscula.	Del
L	4019	Del 2º batallón.
L	4020	El reequilibrio interno del PP.
L	4021	del recepcionistas
M	4021	AGREEMENT_DET_NOUN	5	0	18	Other	Error de concordancia.	de los recepcionistas|de las recepcionistas
L	4022	al ajedrecistas
M	4022	AGREEMENT_DET_NOUN	5	0	15	Other	Error de concordancia.	a los ajedrecistas|a las ajedrecistas
L	4023	del médicos
M	4023	AGREEMENT_DET_NOUN	5	0	11	Other	Error de concordancia.	de los médicos|de las médicos
L	4024	del médico
M	4024	UPPERCASE_SENTENCE_START		0	3	Other	Esta frase no empieza con mayúscula.	Del
L	4025	¿Qué hago con la muela esa cariño?
M	4025	AGREEMENT_DET_NOUN	6	23	33	Other	Probablemente falta una coma.	esa, cariño
L	4026	Tengo tiempo libre este tarde.
M	4026	AGREEMENT_DET_NOUN	2	19	29	Other	Error de concordancia.	esta tarde|estas tardes
L	4027	En la ciudad esta la sede del Fútbol Club Barcelona.
M	4027	ESTA_TILDE	3	13	17	Other	Si es del verbo 'estar', se escribe con tilde.	está
L	4028	a favor de lo acreedores.
M	4028	UPPERCASE_SENTENCE_START		0	1	Other	Esta frase no empieza con mayúscula.	A
M	4028	LO_LOS	1	11	13	Other	Posible error de concordancia.	los
L	4029	a favor de lo azulados.
M	4029	UPPERCASE_SENTENCE_START		0	1	Other	Esta frase no empieza con mayúscula.	A
M	4029	LO_LOS	1	11	13	Other	Posible error de concordancia.	los
L	4030	Lo pequeños roedores.
M	4030	LO_LOS	1	0	2	Other	Posible error de concordancia.	Los
L	4031	Lo aburridos roedores.
M	4031	LO_LOS	1	0	2	Other	Posible error de concordancia.	Los
L	4032	¿Por qué lo preguntas?
L	4033	Lo eres tú.
L	4034	Lo pequeños que son.
L	4035	Lo aburridos que son.
L	4036	Cuando menos te lo esperas te deja.
L	4037	En rincones de lo más insospechados.
L	4038	Son de lo más bonitos.
L	4039	Pero los más seguro es que no.
M	4039	LO_LOS	2	5	19	Other	Posible error de concordancia.	lo más seguro|los más seguros
L	4040	¿Por qué los preguntas?
L	4041	Lo eres tú.
L	4042	Lo pequeños que son.
L	4043	Lo aburridos que son.
L	4044	Cuando menos te lo esperas te deja.
L	4045	Los mismo ocurre con esto.
M	4045	LO_LOS	3	0	9	Other	Posible error de concordancia.	Los mismos|Lo mismo|El mismo
L	4046	¿Por qué los preguntas?
L	4047	Lo eres tú.
L	4048	Lo pequeños que son.
L	4049	Lo aburridos que son.
L	4050	Cuando menos te lo esperas te deja.
L	4051	Son de los peor pagados.
L	4052	Son de los mejor pagados.
L	4053	Santo Domingo de los Tsáchilas
L	4054	Pero lo más seguros es que no.
M	4054	LO_LOS	4	5	19	Other	Posible error de concordancia.	los más seguros|lo más seguro
L	4055	Son lo más originales.
M	4055	LO_LOS	4	4	21	Other	Posible error de concordancia.	los más originales|lo más originado|lo más original
L	4056	Son de lo más originales.
L	4057	Son lo suficientemente seguros.
L	4058	Lo más eficaces posibles.
M	4058	LO_LOS	5	16	24	Other	Esta expresión se construye con <suggestion>posible</suggestion> en singular.	posible
L	4059	Las medidas serán lo menos traumáticas posibles.
M	4059	LO_LOS	5	39	47	Other	Esta expresión se construye con <suggestion>posible</suggestion> en singular.	posible
L	4060	a favor de uno acreedores.
M	4060	UPPERCASE_SENTENCE_START		0	1	Other	Esta frase no empieza con mayúscula.	A
M	4060	UNO_UNOS	1	11	14	Other	Posible error de concordancia. Puede ser correcto si es un pronombre.	unos
L	4061	a favor de uno azulados.
M	4061	UPPERCASE_SENTENCE_START		0	1	Other	Esta frase no empieza con mayúscula.	A
M	4061	UNO_UNOS	1	11	14	Other	Posible error de concordancia. Puede ser correcto si es un pronombre.	unos
L	4062	Alguno pequeños roedores.
M	4062	UNO_UNOS	1	0	6	Other	Posible error de concordancia. Puede ser correcto si es un pronombre.	Algunos
L	4063	Uno aburridos roedores.
M	4063	UNO_UNOS	1	0	3	Other	Posible error de concordancia. Puede ser correcto si es un pronombre.	Unos
L	4064	El Canal Uno Guerreros
L	4065	Cada uno temas diferentes.
L	4066	No son de modo alguno diferentes al hombre.
L	4067	Le pueden salir a uno canas verdes
L	4068	Vendrá mañana por lo noche.
M	4068	LO_LA	1	18	20	Other	Posible error de concordancia.	la
L	4069	Pero un tercio de lo población lleva una vida miserable.
M	4069	LO_LA	1	18	20	Other	Posible error de concordancia.	la
L	4070	Disculpe, ¿usted sabe lo tarde que es?
L	4071	Vendrá mañana por lo mañana.
M	4071	LO_LA	2	18	20	Other	Posible error de concordancia.	la|el
L	4072	Para que la cuenta este configurada.
M	4072	PARA_QUE_IND	2	0	18	Other	Construcción errónea: falta una tilde o un verbo en subjuntivo.	Para qué la cuenta|Para que la cuente
M	4072	AGREEMENT_DET_ADJ	1	19	35	Other	Error de concordancia.	esté configurada|este configurado|estos configurados|esta configurada|estas configuradas
L	4073	Este rojo y estas rojas.
L	4074	De las rosas quiero la rojo.
M	4074	AGREEMENT_DET_NOUN	1	20	27	Other	Error de concordancia.	el rojo|los rojos
L	4075	El rojo y las rojas.
L	4076	Unas veces está contento, otras melancólico.
L	4077	Nosotros aprendemos mucho juntos.
L	4078	Los hombres son mucho peores.
L	4079	Unas veces me pone eufórica y otras nostálgica.
L	4080	algunas de ellas de carácter político y otras cultural
M	4080	UPPERCASE_SENTENCE_START		0	7	Other	Esta frase no empieza con mayúscula.	Algunas
L	4081	Saldremos de esta reforzadas.
L	4082	Los problemas reales de los y las latinoamericanos/as.
L	4083	En la pelvis crestas ilíacas presentan contorno regular.
L	4084	Quiero el del rojos.
M	4084	AGREEMENT_DET_NOUN	4	10	19	Other	Error de concordancia.	de los rojos|del rojo
L	4085	Apunta al rojos.
M	4085	AGREEMENT_DET_NOUN	4	7	15	Other	Error de concordancia.	a los rojos|al rojo
L	4086	del informadas
M	4086	AGREEMENT_DET_ADJ	3	0	14	Other	Error de concordancia.	del informado|de los informados|de la informada|de las informadas
L	4087	De las rosas quiero la más rojo.
M	4087	AGREEMENT_DET_ADJ	4	20	31	Other	Error de concordancia.	el más rojo|los más rojos|la más roja|las más rojas
L	4088	El rojo y las rojas.
L	4089	Su comunicación podría ser mucho más compleja de lo que pensamos.
L	4090	La explicación es mucho más complicada.
L	4091	Los hermanos están bastante más bronceados que ella.
L	4092	Mary acabo muchísimo más bronceada.
M	4092	SE_CREO2	1	5	10	Other	Si el verbo está en pasado, se escribe con tilde.	acabó
L	4093	Tienen una explicación tanto más satisfactoria cuanto mejor se conoce
L	4094	Los biomas están bastante bien distribuidos.
L	4095	un momento están felices y al otro muy tristes
M	4095	UPPERCASE_SENTENCE_START		0	2	Other	Esta frase no empieza con mayúscula.	Un
M	4095	AGREEMENT_SUBJECT_VERB_SG_PL	1	11	16	Other	Posible error de concordancia.	está
M	4095	CONCORDANCIAS_ATRIBUTO	1	17	24	Other	Posible error de concordancia.	feliz
L	4096	Cuanto más cocida esté la carne, más rápida será la digestión.
L	4097	Cuanto más ignorantes sean los usuarios, más rápidamente se degradan los sistemas.
L	4098	Quiero el del más rojos.
M	4098	AGREEMENT_DET_ADJ	5	10	23	Other	Error de concordancia.	del más rojo|de los más rojos|de la más roja|de las más rojas
L	4099	Apunta al más rojos.
M	4099	AGREEMENT_DET_ADJ	5	7	19	Other	Error de concordancia.	al más rojo|a los más rojos|a la más roja|a las más rojas
L	4100	del más informadas
M	4100	AGREEMENT_DET_ADJ	5	0	18	Other	Error de concordancia.	del más informado|de los más informados|de la más informada|de las más informadas
L	4101	Los importes del mimo superiores a treinta euros.
L	4102	Aparentaba mucho más edad.
M	4102	MUCHO_MAS_EDAD	1	11	16	Other	Error de concordancia.	mucha
L	4103	Ella es mucho más alta que yo.
L	4104	Ella está mucho más informada que yo.
L	4105	Es mucho más ingenua y sencilla.
L	4106	Es mucho más lógica que la lengua francesa.
L	4107	Es mucho más tarde de lo que piensas.
L	4108	Me gusta la agua que hay ahí.
M	4108	DET_FEM_NOM_FEM	1	9	16	Other	En este caso se usa el artículo determinado masculino.	el agua
L	4109	Le dieron la alta en el hospital.
M	4109	DET_FEM_NOM_FEM	1	10	17	Other	En este caso se usa el artículo determinado masculino.	el alta
L	4110	Le dieron la alta médica en el hospital.
M	4110	DET_FEM_NOM_FEM	1	10	17	Other	En este caso se usa el artículo determinado masculino.	el alta
L	4111	La ama se fue.
M	4111	DET_FEM_NOM_FEM	1	0	6	Other	En este caso se usa el artículo determinado masculino.	El ama
L	4112	La Ática es una región griega.
M	4112	DET_FEM_NOM_FEM	1	0	8	Other	En este caso se usa el artículo determinado masculino.	El Ática
L	4113	Él todavía la ama.
L	4114	Me dan el alta en el hospital.
L	4115	La alta tensión.
L	4116	La alta fiebre.
L	4117	Me gusta el agua que hay ahí.
L	4118	Me dan el alta en el hospital.
L	4119	La alta tensión
L	4120	La gente baja necesita dormir más que la alta.
L	4121	En la Alta Andalucía.
L	4122	Que la haya vendido.
L	4123	Llegó a La Haya.
L	4124	La Alta y la Baja Andalucía.
L	4125	En la alta edad media.
L	4126	En la alta y baja edad media.
L	4127	Ni en la alta ni en la baja edad media.
L	4128	Ni en la alta ni en la baja.
L	4129	La alma máter.
L	4130	La alma mater.
L	4131	Es de un media alta.
M	4131	AGREEMENT_DET_ADJ	2	6	14	Other	Error de concordancia.	un medio|unos medios|una media|unas medias
L	4132	«Miles» es una sustantivo masculino.
M	4132	AGREEMENT_DET_NOUN	1	11	25	Other	Error de concordancia.	un sustantivo|unos sustantivos
L	4133	Ted tiene alguna ideas brillantes para este lugar.
M	4133	AGREEMENT_DET_GN	1	10	22	Other	Error de concordancia.	algunas ideas
L	4134	¿Me aconsejas alguna otro elemento?
M	4134	AGREEMENT_DET_GN	1	14	25	Other	Error de concordancia.	algún otro
L	4135	y muchos otras cosas
M	4135	UPPERCASE_SENTENCE_START		0	1	Other	Esta frase no empieza con mayúscula.	Y
M	4135	AGREEMENT_DET_GN	1	2	14	Other	Error de concordancia.	muchas otras
L	4136	una entre otras 100.000 millones de estrellas
M	4136	UPPERCASE_SENTENCE_START		0	3	Other	Esta frase no empieza con mayúscula.	Una
M	4136	AGREEMENT_DET_GN	1	10	23	Other	Error de concordancia.	otros 100.000
L	4137	Fue llevado al hospital una pocas semanas antes de Navidad.
M	4137	AGREEMENT_DET_GN	1	24	33	Other	Error de concordancia.	unas pocas
L	4138	Y entregó unos 200 citaciones el mes pasado.
M	4138	AGREEMENT_DET_GN	1	10	18	Other	Error de concordancia.	unas 200
L	4139	Tango vive con un pequeño muchacho en una pueblo pequeño.
M	4139	AGREEMENT_DET_GN	1	38	48	Other	Error de concordancia.	un pueblo
L	4140	No me esperaba, ni de lejos, que os gustara tanto la idea!
M	4140	ES_QUESTION_MARK		0	2	Other	Símbolo desparejado: Parece que falta un '¡'	¡No
L	4141	Cada 2 años le decimos lo mismo.
L	4142	Algunos le temen a la altura, algunos al agua.
L	4143	Me ha distraído mucho esta novela.
L	4144	En su 12 cumpleaños.
L	4145	Me perdonaste sin pregunta alguna todos mis pecados.
L	4146	la necesidad de avanzar algunos un fin semana
M	4146	UPPERCASE_SENTENCE_START		0	2	Other	Esta frase no empieza con mayúscula.	La
L	4147	sin importarme mucho cuántas veces cambio de estilo
M	4147	UPPERCASE_SENTENCE_START		0	3	Other	Esta frase no empieza con mayúscula.	Sin
L	4148	Esta clase de libros no atrajo mucho mi atención.
L	4149	Últimamente aprecio muchísimo cualquier cosa.
M	4149	COMMA_ADVERB	1	0	11	Other	Si el adverbio "últimamente" se refiere a toda la frase, y no solo al verbo, es recomendable usar una coma.	Últimamente,
L	4150	Marcas una cada día y la vendes.
L	4151	para otros dos palabras.
M	4151	UPPERCASE_SENTENCE_START		0	4	Other	Esta frase no empieza con mayúscula.	Para
M	4151	AGREEMENT_DET_GN	1	5	14	Other	Error de concordancia.	otras dos
L	4152	o a otros un set perfecto
M	4152	UPPERCASE_SENTENCE_START		0	1	Other	Esta frase no empieza con mayúscula.	O
L	4153	No comprendo por qué te altera tanto una nimiedad así.
L	4154	Con un 3 Joe, estás eliminado.
M	4154	AGREEMENT_DET_GN	1	4	8	Other	Error de concordancia.	unos 3
L	4155	Te ha estado escribiendo una cada día esta semana.
L	4156	Sería mejor para la salud comer mucho tres veces al día.
L	4157	comer poco cinco veces al día
M	4157	UPPERCASE_SENTENCE_START		0	5	Other	Esta frase no empieza con mayúscula.	Comer
L	4158	Ya no era aplicable a cualquier otras escuelas
M	4158	AGREEMENT_DET_GN	2	22	37	Other	Error de concordancia.	cualesquiera otras
L	4159	La tres reglas son estas.
M	4159	AGREEMENT_DET_GN	3	0	7	Other	Error de concordancia.	Las tres
L	4160	No juzgues a los demás basado en su color de piel.
L	4161	¿Las dos estáis bien?
L	4162	Mantendrás a los demás igual de firmes.
L	4163	Es del tres reglas.
M	4163	AGREEMENT_DET_GN	4	3	11	Other	Error de concordancia.	de las tres
L	4164	Emite señales al Gran Concepción.
L	4165	la línea de servicio al cliente adecuada
M	4165	UPPERCASE_SENTENCE_START		0	2	Other	Esta frase no empieza con mayúscula.	La
L	4166	La velocidad al volante causa accidentes.
L	4167	La Voz del Interior SA.
L	4168	Si la voz del concursante conquista a un miembro del jurado.
L	4169	Toda las frases del párrafo.
M	4169	TODO_EL	1	0	8	Other	Posible falta de concordancia.	Todas las
L	4170	Toda estas frases del párrafo.
M	4170	TODO_EL	1	0	10	Other	Posible falta de concordancia.	Todas estas
L	4171	Sueño con vos todos las noches.
M	4171	TODO_EL	1	14	23	Other	Posible falta de concordancia.	todas las
L	4172	Ante todo los mejores son ellos.
L	4173	Debemos dar a todos las gracias por su presencia.
L	4174	Se eliminan del todo las diferencias.
L	4175	Era todo lo que quería.
L	4176	No uses toda el agua caliente.
L	4177	Eran sobre todo las charlas del profesor.
L	4178	¿Tienen todos el mismo precio?
L	4179	Los productos tienen todos la garantía que marca la ley vigente
L	4180	Vamos a emborracharnos todos esta noche.
L	4181	Queremos emborracharnos todos esta noche.
L	4182	De toda lo grande que ha pasado.
M	4182	TODO_LO	1	3	7	Other	Posible error de concordancia.	todo
L	4183	Todos lo dulce me gusta.
M	4183	TODO_LO	1	0	5	Other	Posible error de concordancia.	Todo
L	4184	No uses todo el agua.
M	4184	TODA_EL_AGUA	1	8	12	Other	Error de concordancia. Debe usarse la forma femenina <suggestion>toda</suggestion> delante de "el agua".	toda
L	4185	Casi todo el arte románico.
L	4186	De todas modos, no me interesa.
M	4186	TODO_MODO	1	3	14	Other	Posible error de concordancia.	todo modo|todos modos
L	4187	Con el permiso de todos y todas deseo desahogar mi inquietud.
L	4188	¿Son todas iguales?
L	4189	Todo deporte.com
L	4190	Todo marcha sobre ruedas.
L	4191	Todo suma.
L	4192	Todo vertical.
L	4193	Se pone toda marrón.
L	4194	Son todas iguales.
L	4195	Y sobre todo ambición.
L	4196	La vida no es todo cerveza y bolos.
L	4197	Fue todo culpa suya.
L	4198	Era todo falsedad.
L	4199	Tom come sobre todo fruta y verdura.
L	4200	No hagas caso, son todo pamplinas.
L	4201	Mary os lo contará todo tarde o temprano.
L	4202	¡Cambiar a nuestros Servidores WordPress son todo ventajas para tus proyectos!
L	4203	Es de todos conocido su hábito.
L	4204	Esos estudiantes están estudiando todos inglés.
L	4205	Os deseamos a todos suerte en vuestro contacto.
L	4206	Ejemplos de todo orden.
L	4207	Toda orden debe ser obedecida.
L	4208	Cumplir dos de las tres preceptos.
M	4208	AGREEMENT_DET_GN	3	15	23	Other	Error de concordancia.	los tres
L	4209	De las 16 restantes.
L	4210	Las dos somos estudiantes.
L	4211	Están relacionadas con las dos precedentes.
L	4212	Cumplir dos de los tres preguntas.
M	4212	AGREEMENT_DET_GN	3	15	23	Other	Error de concordancia.	las tres
L	4213	Puede dar los cinco ideas nuevas.
M	4213	AGREEMENT_DET_GN	3	10	19	Other	Error de concordancia.	las cinco
L	4214	¿Cuál de los dos eres?
L	4215	Se hizo con el agravante de nocturnidad.
M	4215	EL_AGRAVANTE	3	12	24	Other	En Derecho, «agravante» tiene tratamiento femenino, ya que se omite la palabra «circunstancia».	la agravante
L	4216	En este caso concurre el atenuante del pronto pago.
M	4216	EL_AGRAVANTE	3	22	34	Other	En Derecho, «atenuante» tiene tratamiento femenino, ya que se omite la palabra «circunstancia».	la atenuante
L	4217	Se da por hecho la profundización de la crisis.
M	4217	DAR_POR_HECHO_EL	1	10	15	Other	Esta expresión debe concordar en género y número.	hecha
L	4218	Se da por supuesto la profundización de la crisis.
M	4218	DAR_POR_HECHO_EL	1	10	18	Other	Esta expresión debe concordar en género y número.	supuesta
L	4219	Se da por hecha el resultado.
M	4219	DAR_POR_HECHO_EL	2	10	15	Other	Esta expresión debe concordar en género y número.	hecho
L	4220	Se da por supuesta el resultado.
M	4220	DAR_POR_HECHO_EL	2	10	18	Other	Esta expresión debe concordar en género y número.	supuesto
L	4221	Se da por hecho las crisis.
M	4221	DAR_POR_HECHO_EL	3	10	15	Other	Esta expresión debe concordar en género y número.	hechas
L	4222	Se da por supuesto las crisis.
M	4222	DAR_POR_HECHO_EL	3	10	18	Other	Esta expresión debe concordar en género y número.	supuestas
L	4223	Se da por hecho los resultados.
M	4223	DAR_POR_HECHO_EL	4	10	15	Other	Esta expresión debe concordar en género y número.	hechos
L	4224	Se da por supuesta los resultados.
M	4224	DAR_POR_HECHO_EL	4	10	18	Other	Esta expresión debe concordar en género y número.	supuestos
L	4225	Está previsto la profundización de la crisis.
M	4225	TENER_PREVISTO_EL	1	5	13	Other	Esta expresión debe concordar en género y número.	prevista
L	4226	Tenía prevista el resultado.
M	4226	TENER_PREVISTO_EL	2	6	14	Other	Esta expresión debe concordar en género y número.	previsto
L	4227	Estaban previstos las crisis.
M	4227	TENER_PREVISTO_EL	3	8	17	Other	Esta expresión debe concordar en género y número.	previstas
L	4228	Tenían previsto los resultados.
M	4228	TENER_PREVISTO_EL	4	7	15	Other	Esta expresión debe concordar en género y número.	previstos
L	4229	¿Tienen previsto los dioses hacerme una visita?
L	4230	De esta forma queda garantizado la comercialización.
M	4230	AGREEMENT_QUEDAR_VP	1	20	31	Other	Esta expresión debe concordar en género y número.	garantizada
L	4231	los camiones que queden descargados el jueves
M	4231	UPPERCASE_SENTENCE_START		0	3	Other	Esta frase no empieza con mayúscula.	Los
L	4232	El hecho es que se quedó dormido esa mañana.
L	4233	Ella se quedó sentada unos momentos más
L	4234	quedó hecha un arapo
M	4234	UPPERCASE_SENTENCE_START		0	5	Other	Esta frase no empieza con mayúscula.	Quedó
M	4234	MORFOLOGIK_RULE_ES		12	20	UnknownWord	Se ha encontrado un posible error ortográfico.	una rapo|un arado|un atrapó|un trapo|un GRAPO|un Arano|un rapó|un arañó|un atrapo|un harapo|un arabo|un rapo|un araño|un arpó|un Arafo|un aralo|un arao|un arpo|un arupo|un atapo|un atapó|un grapo|un grapó|un áralo|un a rapo
L	4235	ambos quedan prendados el uno del otro
M	4235	UPPERCASE_SENTENCE_START		0	5	Other	Esta frase no empieza con mayúscula.	Ambos
L	4236	Queda abolido lo que era ceremonial.
L	4237	De esta forma quedan garantizados las comercializaciones.
M	4237	AGREEMENT_QUEDAR_VP	2	21	33	Other	Esta expresión debe concordar en género y número.	garantizadas
L	4238	De esta forma queda garantizada el éxito.
M	4238	AGREEMENT_QUEDAR_VP	3	20	31	Other	Esta expresión debe concordar en género y número.	garantizado
L	4239	De esta forma quedan garantizadas los éxitos.
M	4239	AGREEMENT_QUEDAR_VP	4	21	33	Other	Esta expresión debe concordar en género y número.	garantizados
L	4240	Buenas tarde!
M	4240	BUENAS_TARDES	1	0	12	Other	Error de concordancia.	Buenas tardes
L	4241	Buena tardes!
M	4241	BUENAS_TARDES	2	0	12	Other	Error de concordancia.	Buenas tardes
L	4242	He tenido una buena tarde.
L	4243	El impulso motriz.
M	4243	AGREEMENT_POSTPONED_ADJ	1	11	17	Other	Revise la concordancia de «motriz» con los nombres precedentes. Recuerde que "motriz" es una forma femenina. Para el masculino use "motor".	motor
L	4244	Disculpe el retraso maestra.
M	4244	AGREEMENT_POSTPONED_ADJ	2	19	27	Other	Probablemente falta una coma. O bien revise la concordancia de «maestra» con los nombres precedentes.	, maestra| maestro
L	4245	La casa del pueblo blancas.
M	4245	AGREEMENT_POSTPONED_ADJ	3	19	26	Other	Revise la concordancia de «blancas» con los nombres precedentes o revise la puntuación.	blanco|blanca
L	4246	Análisis clínica.
M	4246	AGREEMENT_POSTPONED_ADJ	3	9	16	Other	Revise la concordancia de «clínica» con los nombres precedentes o revise la puntuación.	clínico|clínicos
L	4247	Estas son las sillas blancos de las que te hablé.
M	4247	AGREEMENT_POSTPONED_ADJ	3	21	28	Other	Revise la concordancia de «blancos» con los nombres precedentes o revise la puntuación.	blancas
L	4248	Son casas rojos.
M	4248	AGREEMENT_POSTPONED_ADJ	3	10	15	Other	Revise la concordancia de «rojos» con los nombres precedentes o revise la puntuación.	rojas
L	4249	La casa del pueblo blancos.
M	4249	AGREEMENT_POSTPONED_ADJ	3	19	26	Other	Revise la concordancia de «blancos» con los nombres precedentes o revise la puntuación.	blanco|blanca
L	4250	La casa de pueblo blancas.
M	4250	AGREEMENT_POSTPONED_ADJ	3	18	25	Other	Revise la concordancia de «blancas» con los nombres precedentes o revise la puntuación.	blanco|blanca
L	4251	Un loro puede imitar el habla humano.
M	4251	AGREEMENT_POSTPONED_ADJ	3	30	36	Other	Revise la concordancia de «humano» con los nombres precedentes o revise la puntuación.	humana
L	4252	en un restaurante lujosa
M	4252	UPPERCASE_SENTENCE_START		0	2	Other	Esta frase no empieza con mayúscula.	En
M	4252	AGREEMENT_POSTPONED_ADJ	3	18	24	Other	Revise la concordancia de «lujosa» con los nombres precedentes o revise la puntuación.	lujoso
L	4253	en un restaurante solemnemente decorada
M	4253	UPPERCASE_SENTENCE_START		0	2	Other	Esta frase no empieza con mayúscula.	En
M	4253	AGREEMENT_POSTPONED_ADJ	3	31	39	Other	Revise la concordancia de «decorada» con los nombres precedentes o revise la puntuación.	decorado
L	4254	¿Cuál es el más calurosa de todas las estaciones?
M	4254	AGREEMENT_DET_ADJ	4	9	24	Other	Error de concordancia.	el más caluroso|los más calurosos|la más calurosa|las más calurosas
L	4255	con la bobina y la placa electrónica montados en una caja
M	4255	UPPERCASE_SENTENCE_START		0	3	Other	Esta frase no empieza con mayúscula.	Con
M	4255	AGREEMENT_POSTPONED_ADJ	3	37	45	Other	Revise la concordancia de «montados» con los nombres precedentes o revise la puntuación.	montadas
L	4256	Y tocando con una rapidez increíbles.
M	4256	AGREEMENT_POSTPONED_ADJ	3	26	36	Other	Revise la concordancia de «increíbles» con los nombres precedentes o revise la puntuación.	increíble
L	4257	Por eso, los tipos más característico son el bifaz y los centrípetos.
M	4257	AGREEMENT_POSTPONED_ADJ	3	23	37	Other	Revise la concordancia de «característico» con los nombres precedentes o revise la puntuación.	característicos
L	4258	Con rigor y honor mezcladas.
M	4258	AGREEMENT_POSTPONED_ADJ	3	18	27	Other	Revise la concordancia de «mezcladas» con los nombres precedentes o revise la puntuación.	mezclado|mezclados
L	4259	Índice de dessarrollo humano y calidad de vida elevadas.
M	4259	MORFOLOGIK_RULE_ES		10	21	UnknownWord	Se ha encontrado un posible error ortográfico.	desarrollo|desarrolló
M	4259	AGREEMENT_POSTPONED_ADJ	3	47	55	Other	Revise la concordancia de «elevadas» con los nombres precedentes o revise la puntuación.	elevado|elevada|elevados
L	4260	El domingo pasada hubo corrida de toros de lujo.
M	4260	AGREEMENT_POSTPONED_ADJ	3	11	17	Other	Revise la concordancia de «pasada» con los nombres precedentes o revise la puntuación.	pasado
L	4261	De todas las maneras posible.
M	4261	AGREEMENT_POSTPONED_ADJ	3	21	28	Other	Revise la concordancia de «posible» con los nombres precedentes o revise la puntuación.	posibles
L	4262	Construyeron una torre bien alto.
M	4262	AGREEMENT_POSTPONED_ADJ	3	28	32	Other	Revise la concordancia de «alto» con los nombres precedentes o revise la puntuación.	alta
L	4263	La serie más seguido.
M	4263	AGREEMENT_POSTPONED_ADJ	3	13	20	Other	Revise la concordancia de «seguido» con los nombres precedentes o revise la puntuación.	seguida
L	4264	Dice que la película más seguido de la tele fue esa.
M	4264	AGREEMENT_POSTPONED_ADJ	3	25	32	Other	Revise la concordancia de «seguido» con los nombres precedentes o revise la puntuación.	seguida
L	4265	El jurado nominó la serie más seguido por el público.
M	4265	AGREEMENT_POSTPONED_ADJ	3	30	37	Other	Revise la concordancia de «seguido» con los nombres precedentes o revise la puntuación.	seguida
L	4266	Uno de los aspectos migratorios más criticado
L	4267	con la bobina y la placa electrónica montadas en una caja única
M	4267	UPPERCASE_SENTENCE_START		0	3	Other	Esta frase no empieza con mayúscula.	Con
L	4268	El contacto con la cultura y la historia japonesas.
L	4269	en un restaurante lujosa y solemnemente decorado
M	4269	UPPERCASE_SENTENCE_START		0	2	Other	Esta frase no empieza con mayúscula.	En
L	4270	Estas son las sillas blancas de las que te hablé.
L	4271	La casa del pueblo blanca.
L	4272	La casa del pueblo blanco.
L	4273	La casa de pueblo blanca.
L	4274	La casa de pueblo blanco.
L	4275	Debes aprender a ser cuidadosa.
L	4276	No encontré nada nuevo.
L	4277	Si no ocurre nada imprevisto, mañana podré verte.
L	4278	No habla solamente inglés, también habla francés.
L	4279	Algunas personas mueren de hambre incluso en medio de la abundancia.
L	4280	No leen muchos libros debido a la televisión.
L	4281	¿Hablas italiano?
L	4282	Dices una cosa y después haces otra.
L	4283	Salió de casa temprano para llegar a tiempo
L	4284	Él cría vacas y caballos
L	4285	Juan cría vacas y caballos
L	4286	Ni siquiera sabe escribir su propio nombre.
L	4287	El hechizo solo dura hasta la medianoche.
L	4288	Te miras al espejo, no te agrada lo que este refleja.
L	4289	Para ser cada día mejores.
L	4290	Todo el mundo habla de los niños soldado de África
L	4291	Él vino a casa desesperado.
L	4292	Vino a América impulsado por la fibre del oro.
M	4292	MORFOLOGIK_RULE_ES		32	37	UnknownWord	Se ha encontrado un posible error ortográfico.	libre|fibra|fiebre|vibre|libré|vibré|Fiore|fiare|fiaré
L	4293	Una piedra rodante no junta musgo.
L	4294	Una piedra rodante junta musgo.
L	4295	Salía cada semana cansado de todo.
L	4296	La señorita Sato es la nueva secretaria del presidente.
L	4297	con brazos y piernas largos
M	4297	UPPERCASE_SENTENCE_START		0	3	Other	Esta frase no empieza con mayúscula.	Con
L	4298	No va a haber Nueva China sin el partido comunista.
L	4299	No va a haber nuevas pruebas.
L	4300	Los hombres y mujeres pioneros tuvieron una vida ardua.
L	4301	el nombre de usuario y la contraseña correctos
M	4301	UPPERCASE_SENTENCE_START		0	2	Other	Esta frase no empieza con mayúscula.	El
L	4302	Solo quiero decir buena suerte.
L	4303	¡Qué tristeza ver ciertas cosas!
L	4304	Somos rubias.
L	4305	aunque sean un poco extremas.
M	4305	UPPERCASE_SENTENCE_START		0	6	Other	Esta frase no empieza con mayúscula.	Aunque
L	4306	Estados miembros, estados miembro.
L	4307	Países satélites, países satélite.
L	4308	Mi madre lleva dos días enferma.
L	4309	Construí una casa justo al lado de la jungla.
L	4310	Falta poco para que llegue la primavera.
L	4311	¿Usted enseña español?
L	4312	¿Juan enseña español?
L	4313	Es dos veces más grande que la de él.
L	4314	La bomba fue desactivada justo minutos antes.
L	4315	quedan un tanto apretados
M	4315	UPPERCASE_SENTENCE_START		0	6	Other	Esta frase no empieza con mayúscula.	Quedan
L	4316	Una capacidad de dar las cosas por hecho casi infinita.
L	4317	Vuelve a casa tan rápido como puedas.
L	4318	Eran en su mayoría jóvenes.
L	4319	No sales feo en las fotos.
L	4320	Donde manda patrón no manda marinero.
L	4321	¿Me puedes dejar el ordenador media hora?
L	4322	Estaban en cama profundamente dormidos.
L	4323	¿Por qué hablas tan fuerte?
L	4324	¿Por qué hablas sola?
L	4325	y lo deja tuerto
M	4325	UPPERCASE_SENTENCE_START		0	1	Other	Esta frase no empieza con mayúscula.	Y
L	4326	lo terrestre era imperfecto
M	4326	UPPERCASE_SENTENCE_START		0	2	Other	Esta frase no empieza con mayúscula.	Lo
L	4327	El chándal le parece a Silvia un poco caro.
L	4328	Dado que resulta un poco más complejo.
L	4329	Se dice que el alcalde acepta sobornos.
L	4330	Es un 58% más dura.
L	4331	Son un 58% más duras.
L	4332	El hechizo sólo dura hasta medianoche.
M	4332	SOLO	1	11	15	Other	La tilde es innecesaria según la norma actual. Con el sentido de "solamente" (adv.), cuando hay riesgo de ambigüedad con el adj. "solo", puede escribirse "sólo" (DRAE).	solo|solamente|únicamente
L	4333	El hechizo solo dura hasta medianoche.
L	4334	Es bueno ser caritativos.
L	4335	Pero le era embarazoso ser vista por sus amigos.
L	4336	Unas veces me pone eufórica y otras nostálgica.
L	4337	Una patética caricatura de mi más profundo ser.
L	4338	El embrague falla.
L	4339	Según la ley, la confesión bajo tortura no es válida.
L	4340	No puedo hacer el trabajo sola.
L	4341	Han aprendido esta lengua solos,
L	4342	Que busca políticas de integración.
L	4343	Están en general menos interesadas en el juego.
L	4344	Son en parte covalentes y en parte iónicas.
L	4345	Habrían permanecido durante millones de años separadas.
L	4346	Fue al concierto acompañada de una amiga.
L	4347	Un lenguaje multipropósito de programación estructurado.
L	4348	Por lo que pasan mucho tiempo erguidos en el campo.
L	4349	Liberar la parte baja de la memoria mediante emuladores.
L	4350	Las letras iniciales, medias o finales de cada verso u oración leídas en sentido vertical.
L	4351	No deben dificultar el ser vistos por los jueces.
L	4352	Se hace con ramitas de sauce asadas al horno.
L	4353	Rompiemdo el tratado de no agresión firmado dos años antes.
M	4353	MORFOLOGIK_RULE_ES		0	9	UnknownWord	Se ha encontrado un posible error ortográfico.	Rompiendo
L	4354	Es por ocho veces consecutivas campeona de África.
L	4355	Estos toman como referencia parejas de círculos máximos.
L	4356	Aparecen en otras obras literarias bajo el apodo de Ji Dian.
M	4356	MORFOLOGIK_RULE_ES		55	59	UnknownWord	Se ha encontrado un posible error ortográfico.	Día|Días|Dan|Diana|DIN|Deán|Dial|Digan|Odian|Dirán|Diván|Oían|Fían|Lían|Pian|Rían|Pían|Diaño|Dilan|Dina|Dylan|Dzan|Díaz|Ian|Iyán|Ryan|Xian|Cian|Din|Diwan|Diñan
L	4357	Se dan los ciervos, gamos, corzos, muflones y la cabra montés.
L	4358	a los antiguos habitantes de todo el archipiélago, entroncados étnica y culturalmente
M	4358	UPPERCASE_SENTENCE_START		0	1	Other	Esta frase no empieza con mayúscula.	A
L	4359	Y por tanto ser eyectados por las perturbaciones.
M	4359	COMMA_MARCADOR_DISCURSIVO	4	1	11	Other	Los marcadores discursivos se escriben preferiblemente entre comas.	, por tanto,
L	4360	Durante todo el año casi seguidas unas de otras.
L	4361	Le gustan las vacaciones igual que a mucha otra gente.
L	4362	De esta forma queda garantizado la comercialización.
M	4362	AGREEMENT_QUEDAR_VP	1	20	31	Other	Esta expresión debe concordar en género y número.	garantizada
L	4363	Lograría traer de vuelta incólumes a nuestros soldados.
L	4364	Identifique y descargue listados de empresas.
L	4365	El domingo corrida de toros de lujo.
L	4366	Es un factor determinante de reserva ovárica.
L	4367	Y son de forma fácil transportables.
L	4368	Hasta que al pincharlos con un palillo este salga limpio.
L	4369	Debía ceñirse necesariamente a otro, esta vez urbanístico.
L	4370	Comer en varios lugares algo rico.
L	4371	Ven a uno de los miembros ataviado con una mascarilla.
L	4372	Ven a uno de los miembros de nuestra comitiva ataviado con una mascarilla.
L	4373	Que hayas tenido bastante tiempo parada la impresora.
L	4374	Mitad nigeriano y mitad alemán.
L	4375	Ellos tienen una forma de procesar el mundo distinta.
L	4376	para no llevar a cabo políticas y medidas contra la pobreza
M	4376	UPPERCASE_SENTENCE_START		0	4	Other	Esta frase no empieza con mayúscula.	Para
L	4377	Chica busca chico.
L	4378	Se tienen en cuenta indicadores como ese.
L	4379	Llegué a casa sano y salvo.
L	4380	Los alumnos de 4º de la ESO de Carmelitas premiados en el concurso europeo.
L	4381	Durante el tiempo que su marido viva.
L	4382	No quiero pasar todas las vacaciones encerrado en casa.
L	4383	No quiero pasar el mes de julio encerrada en casa.
L	4384	No dejes abiertas las ventanas.
L	4385	Dando a su clima características muy definitorias.
L	4386	Abandonaron el país transcurridas diez semanas.
L	4387	Abandonaron el país transcurridos más de diez meses.
L	4388	El nuevo método era todo menos ideal.
L	4389	Debes vivir mirando a la realidad directo a los ojos.
L	4390	Cría puercos y te darán jamones.
L	4391	Estoy todo menos feliz con esta cuestión.
L	4392	¡Volveré a esta casa victorioso!
L	4393	Tiene las orejas igual de grandes.
L	4394	Comprendí que esa era justo la clave para la solución.
L	4395	Ella está medio viva y medio muerta.
L	4396	De día es demasiado caluroso allí, y de noche demasiado frío.
L	4397	¿La quito o la dejo puesta?
L	4398	Yo estudio matemáticas.
L	4399	Estudio matemáticas.
L	4400	Trescientas cajas de cartón llenas de ropa vieja preparadas para ser enviadas.
L	4401	Lleva una semana en la cama enfermo.
L	4402	La traducción español/inglés.
L	4403	Son primitivas, y en cualquier caso bastante infantiles.
L	4404	A falta de pan buenas son las tortas.
L	4405	Tomo somníferos y pago impuestos.
L	4406	No me gusta que él venga a mi casa tan seguido.
L	4407	Vive en el tercero izquierda.
L	4408	Volvieron pasada la medianoche borrachos.
L	4409	Keith deja claras sus intenciones.
M	4409	MORFOLOGIK_RULE_ES		0	5	UnknownWord	Se ha encontrado un posible error ortográfico.	Keita
L	4410	Algunos grupos de soldados que cruzaban las esquinas despreocupados.
L	4411	Hace referencia a la frontera política, ideológica, y en algunos casos también física.
L	4412	Nuestro departamento de Cálculo e Ingeniería compuesto por nuestros ingenieros.
L	4413	Entrega productos.
L	4414	Había tomado la curva demasiado rápido.
L	4415	Apareció en la fiesta hecho un fantoche.
L	4416	Se pondrá en marcha con una prueba piloto.
L	4417	Me desperté en mi cama totalmente desorientado.
L	4418	Él no pensó en qué era bueno para su esposa.
L	4419	15 estudiantes máximo por clase.
L	4420	Trabajando se hace todo más difícil.
L	4421	Reserva algo de dinero por si acaso enfermas.
L	4422	los trabajos más bajos generalmente bajo el rubro de servicio
M	4422	UPPERCASE_SENTENCE_START		0	3	Other	Esta frase no empieza con mayúscula.	Los
L	4423	No os internéis en la jungla solos.
L	4424	Que resulte claro a los legisladores conforme avancemos.
L	4425	Su sola aspiración es la de hacerse a su vez explotadores.
L	4426	la conjura para matar al Dictador descubierta seis meses antes
M	4426	UPPERCASE_SENTENCE_START		0	2	Other	Esta frase no empieza con mayúscula.	La
L	4427	No ha superado las pruebas necesarias para ser considerada aceptable
L	4428	Están agrupados los datos en categorías para hacer un poco más fácil la búsqueda.
L	4429	Tengo hueco para ser un poco más creativa.
L	4430	Giro claro en la gráfica acompañado de ganancia.
L	4431	Hay necesidad de "más mercado y menos estado".
L	4432	Muestra resultados.
L	4433	¿Cuánto mide una hoja tamaño carta?
L	4434	Por supuesto quedo atenta.
L	4435	Otra posibilidad consiste en instalar la bomba bajo carga.
L	4436	la conexión a la red de sus clientes bajo determinadas condiciones de calidad
M	4436	UPPERCASE_SENTENCE_START		0	2	Other	Esta frase no empieza con mayúscula.	La
L	4437	el Imperio Japonés y la Unión Soviética bajo Iósif Stalin
M	4437	UPPERCASE_SENTENCE_START		0	2	Other	Esta frase no empieza con mayúscula.	El
L	4438	las principales plazas y territorios bajo poder musulmán
M	4438	UPPERCASE_SENTENCE_START		0	3	Other	Esta frase no empieza con mayúscula.	Las
L	4439	Instrucciones incoadas bajo el nro. 4.
L	4440	Ves resultados mejores.
L	4441	Va por el camino en línea recta.
L	4442	Lo demás cobra sentido.
L	4443	A continuación adjunto el fichero.
L	4444	Un tratado sobre óptica.
L	4445	Levanta las manos bien alto.
L	4446	Levantaron una torre bien alto.
L	4447	La respuesta a todas estas interrogantes.
L	4448	DiDi no cobra impuestos.
L	4449	Mercado Libre acepta tarjetas de débito.
L	4450	Investigación a largo plazo basada en observaciones.
L	4451	el cerebro física, emocional y cognitivamente
M	4451	UPPERCASE_SENTENCE_START		0	2	Other	Esta frase no empieza con mayúscula.	El
L	4452	Composición química del agua resultado de la lixiviación
L	4453	porque mata animales
M	4453	UPPERCASE_SENTENCE_START		0	6	Other	Esta frase no empieza con mayúscula.	Porque
L	4454	A diario recibo docenas de pedidos.
L	4455	Son en lo general ignorantes de las consecuencias.
L	4456	Mesa solicitada bajo el n.° 2196.
M	4456	ABREVIATURA_NUMERO	1	24	27	Other	Abreviatura de 'número'.	n.º|núm.|nro.
L	4457	Era de color naranja pálido.
L	4458	Fue por momentos conmovedora.
L	4459	Fue por un momento conmovedora.
L	4460	Comunicar al mercado propuestas que triunfan.
L	4461	Toma características del cubismo.
L	4462	Desencanta cualquier saber mitificado o indudable verdad, saber y verdad colocados ahora en crisis.
L	4463	No lo dejes abierto.
L	4464	Llevo meses metida en mi propia envoltura.
L	4465	Encuentro bella la casa.
L	4466	El camino se hace muy aparente y sales cercano al dique de la presa.
L	4467	—Ponle las cosas muy clarito, cielo.
M	4467	AGREEMENT_POSTPONED_ADJ	3	21	28	Other	Revise la concordancia de «clarito» con los nombres precedentes o revise la puntuación.	claritas
L	4468	Todo esfuerzo que hace queda corto en los ojos de su papá.
L	4469	No se puede confiar en ella porque miente harto.
L	4470	Tú no quedas indiferente.
L	4471	Cierra los ojos mientras escuchas música.
L	4472	Aprovecha y lanza otro lp.
M	4472	MORFOLOGIK_RULE_ES		23	25	UnknownWord	Se ha encontrado un posible error ortográfico.	LP|la|lo|le|FP|CLP|AP|Alp|CP|GP|IP|L|L2|LI|LPO|LV|LX|Li|Lu|PP|l|ll|lx|BP|HP|LF|LG|LT
L	4473	Aprovecha y lanza otro LP.
L	4474	Si un árbol muere, planta otro en su lugar.
L	4475	La madera que pedí vino torcida.
L	4476	Si sales vivo y lo puedes contar en el foro.
L	4477	Durante los tres trimestres próximo.
M	4477	AGREEMENT_POSTPONED_ADJ	3	28	35	Other	Revise la concordancia de «próximo» con los nombres precedentes o revise la puntuación.	próximos
L	4478	Yo, una vez pasados los nervios iniciales, también estuve muy a gusto.
L	4479	Y desde entonces pasa dos meses en Veracruz.
L	4480	Los rodeleros eran soldados de infantería españoles.
L	4481	Están casi en su totalidad incluidos en el catálogo.
L	4482	En varios idiomas, incluidos inglés, alemán, español, portugués y holandés.
L	4483	Eran en efecto pagados por el gobierno.
L	4484	Son en efecto prácticamente inexistentes.
L	4485	A veces muy unidos y otras muy enojados.
L	4486	No podemos dar de alta más usuarios.
L	4487	Quiero dar de baja usuarios antiguos.
L	4488	¿En qué andas perdido?
L	4489	El sistema valida la zona.
L	4490	De esta forma queda claro lo difícil que es.
L	4491	El muchacho descubrió que tocar a la chica era placentero.
L	4492	¿Por qué no estáis seguras?
L	4493	Los bereberes son en gran parte bilingües.
L	4494	No es la primera vez que saco buena nota en el examen.
L	4495	Pago media corona, y tengo entrada.
L	4496	Que este momento valga, porque, francamente... es todo lo que tenemos.
L	4497	Se observa en región axilar izquierda tejido fibroglandular.
L	4498	Te daré mi dirección de correo electrónica.
M	4498	POSTPONED_ADJ_PARTICULAR	1	31	42	Other	El adjetivo <suggestion>electrónico</suggestion> concuerda con "correo".	electrónico
L	4499	Dirección de correo electrónico no válido.
M	4499	POSTPONED_ADJ_PARTICULAR	2	35	41	Other	El adjetivo <suggestion>válida</suggestion> debe concordar con "dirección".	válida
L	4500	Dirección de correo electrónico incorrecto.
M	4500	POSTPONED_ADJ_PARTICULAR	2	32	42	Other	El adjetivo <suggestion>incorrecta</suggestion> debe concordar con "dirección".	incorrecta
L	4501	Nuestro área.
M	4501	AGREEMENT_ADJ_NOUN_AREA	1	0	12	Other	Error de concordancia. Ante la palabra "área" solo adoptan la forma masculina los determinantes 'el' y 'un' (y opcionalmente 'algún' y 'ningún').	Nuestra área
L	4502	Otro área.
M	4502	AGREEMENT_ADJ_NOUN_AREA	1	0	9	Other	Error de concordancia. Ante la palabra "área" solo adoptan la forma masculina los determinantes 'el' y 'un' (y opcionalmente 'algún' y 'ningún').	Otra área
L	4503	Este área.
M	4503	AGREEMENT_ADJ_NOUN_AREA	1	0	9	Other	Error de concordancia. Ante la palabra "área" solo adoptan la forma masculina los determinantes 'el' y 'un' (y opcionalmente 'algún' y 'ningún').	Esta área
L	4504	Un área mayor.
L	4505	2016/08/09 Alta probabilidad de brillo.
L	4506	Por favor, no lo abra.
L	4507	El mismo área.
M	4507	AGREEMENT_ADJ_NOUN_AREA	2	0	13	Other	Error de concordancia. Ante la palabra "área" solo adoptan la forma masculina los determinantes 'el' y 'un' (y opcionalmente 'algún' y 'ningún').	La misma área
L	4508	El otro área.
M	4508	AGREEMENT_ADJ_NOUN_AREA	2	0	12	Other	Error de concordancia. Ante la palabra "área" solo adoptan la forma masculina los determinantes 'el' y 'un' (y opcionalmente 'algún' y 'ningún').	La otra área
L	4509	solamente por los estándares ASA/ANSI
M	4509	UPPERCASE_SENTENCE_START		0	9	Other	Esta frase no empieza con mayúscula.	Solamente
L	4510	Es del mismo área.
M	4510	AGREEMENT_ADJ_NOUN_AREA	3	3	17	Other	Error de concordancia. Ante la palabra "mismo" solo adoptan la forma masculina los determinantes 'el' y 'un' (y opcionalmente 'algún' y 'ningún').	de la misma área
L	4511	Viene del otro área.
M	4511	AGREEMENT_ADJ_NOUN_AREA	3	6	19	Other	Error de concordancia. Ante la palabra "otro" solo adoptan la forma masculina los determinantes 'el' y 'un' (y opcionalmente 'algún' y 'ningún').	de la otra área
L	4512	Está encerrando al equipo contrario en su propio área.
M	4512	AGREEMENT_ADJ_NOUN_AREA	4	39	53	Other	Error de concordancia. Ante la palabra "área" solo adoptan la forma masculina los determinantes 'el' y 'un' (y opcionalmente 'algún' y 'ningún').	su propia área
L	4513	40º Asamblea de la ONU.
M	4513	AGREEMENT_ADJ_NOUN	1	0	3	Other	Error de concordancia.	40ª
L	4514	40ª Aniversario de la ONU.
M	4514	AGREEMENT_ADJ_NOUN	2	0	3	Other	Error de concordancia.	40º
L	4515	Buen amigos.
M	4515	AGREEMENT_ADJ_NOUN	3	0	11	Other	Posible error de concordancia.	Buen amigo|Buenos amigos|Buen, amigos
L	4516	Quiero comerme un buena pastel.
M	4516	AGREEMENT_DET_ADJ	2	15	23	Other	Error de concordancia.	un bueno|unos buenos|una buena|unas buenas
L	4517	Él tiene buena cabeza.
L	4518	Es una buena cantante francesa.
L	4519	Magníficas cuchillos.
M	4519	AGREEMENT_ADJ_NOUN	5	0	20	Other	Posible error de concordancia.	Magnífico cuchillo|Magníficos cuchillos|Magníficas, cuchillos
L	4520	Magnífica cuchillos.
M	4520	AGREEMENT_ADJ_NOUN	5	0	19	Other	Posible error de concordancia.	Magnífico cuchillo|Magníficos cuchillos|Magnífica, cuchillos
L	4521	se encuentran en este ambiente pequeños reptiles.
M	4521	UPPERCASE_SENTENCE_START		0	2	Other	Esta frase no empieza con mayúscula.	Se
L	4522	En televisión es de gran popularidad Patricia Conde.
L	4523	la instalación de bases militares conjuntas hispano-estadounidenses
M	4523	UPPERCASE_SENTENCE_START		0	2	Other	Esta frase no empieza con mayúscula.	La
L	4524	Quito: Universidad Andina Simón Bolívar.
L	4525	Sube poco y baja rápido.
L	4526	Para plantar árboles.
L	4527	la encimera color lila
M	4527	UPPERCASE_SENTENCE_START		0	2	Other	Esta frase no empieza con mayúscula.	La
L	4528	Aproximar al lector datos históricos congruentes.
L	4529	Una batidora tipo KA.
L	4530	alguna fábrica de calzado abierta hoy festivo
M	4530	UPPERCASE_SENTENCE_START		0	6	Other	Esta frase no empieza con mayúscula.	Alguna
L	4531	San Marcos.
L	4532	Toque de queda nocturno.
L	4533	Calma dolores.
L	4534	algo parecido milenios antes
M	4534	UPPERCASE_SENTENCE_START		0	4	Other	Esta frase no empieza con mayúscula.	Algo
L	4535	Soy tu seguidora número 1610.
L	4536	Soy tu seguidora número uno.
L	4537	Soy tu seguidora número veinte.
L	4538	como seguras social y ambientalmente
M	4538	UPPERCASE_SENTENCE_START		0	4	Other	Esta frase no empieza con mayúscula.	Como
L	4539	Escalar icebergs es una práctica muy arriesgada.
L	4540	Se vende a un precio muy competitivo productos importados.
L	4541	en Lagasca 33 1º derecha 28001 Madrid
M	4541	UPPERCASE_SENTENCE_START		0	2	Other	Esta frase no empieza con mayúscula.	En
M	4541	MORFOLOGIK_RULE_ES		3	10	UnknownWord	Se ha encontrado un posible error ortográfico.	Lajas|Lasca|Tarasca|Atasca|Patasca|Lagaña|Lamisca|Lagarta|Lacasa|Lagata|Sagasta|Atascá|Lamiscá|Lascá|Ligasa|Tarascá
L	4542	Trae el manto que tienes encima y sujeta bien.
L	4543	calor y frío externos
M	4543	UPPERCASE_SENTENCE_START		0	5	Other	Esta frase no empieza con mayúscula.	Calor
L	4544	Una piedra rodante no junta musgo.
L	4545	¿Por qué no limpia papá su estudio?
L	4546	el masajeador facial que quita años de encima
M	4546	UPPERCASE_SENTENCE_START		0	2	Other	Esta frase no empieza con mayúscula.	El
L	4547	En Málaga se echan en falta parques grandes.
L	4548	Como si estuvieran juntos hombre y mujer.
L	4549	Con magníficos cucharas.
M	4549	AGREEMENT_ADJ_NOUN	6	4	23	Other	Posible error de concordancia.	magnífica cuchara|magníficas cucharas|magníficos, cucharas
L	4550	De magníficas cuchara.
M	4550	AGREEMENT_ADJ_NOUN	6	3	21	Other	Posible error de concordancia.	magnífica cuchara|magníficas cucharas|magníficas, cuchara
L	4551	Refrigerador vertical blanco cíclico.
L	4552	Caso especial es el de las funciones miembro estáticas.
L	4553	Yo no presto atención a esto.
L	4554	Lo único constante en este mundo.
L	4555	Mi esposo y yo solíamos escalar montañas juntos.
L	4556	Son relativamente autónomos gracias, al menos en parte, a la generalización de Internet.
L	4557	No es lo mismo producción que productividad.
L	4558	Combos creatina.
L	4559	Las clases alta y media españolas.
L	4560	Son pulsiones asaz primitivas.
L	4561	A buen hambre no hay pan duro.
L	4562	Veánse cuadros pp. 455-456.
M	4562	MORFOLOGIK_RULE_ES		0	6	UnknownWord	Se ha encontrado un posible error ortográfico.	Véanse|Véase|Léanse|Péanse|Séanse|Véanle|Véanme|Véante
L	4563	Ver cuadro p. 34.
L	4564	Toman en serio cosas que nosotros no consideramos.
L	4565	Campeón Eurocopa Sub-17.
L	4566	Tom adora escalar montañas.
L	4567	Estudio tomográfico que muestra pequeño lito en el polo inferior del riñón derecho.
L	4568	Eran antiguos aeronauta.
M	4568	AGREEMENT_ADJ_NOUN	7	5	23	Other	Posible error de concordancia.	antiguo aeronauta|antiguos aeronautas|antigua aeronauta|antiguas aeronautas|antiguos, aeronauta
L	4569	Eran antigua aeronautas.
M	4569	AGREEMENT_ADJ_NOUN	7	5	23	Other	Posible error de concordancia.	antiguo aeronauta|antiguos aeronautas|antigua aeronauta|antiguas aeronautas|antigua, aeronautas
L	4570	Datos demográficos u otra información.
L	4571	Dos profesores de física iraníes fueron asesinados.
L	4572	Ácidos grasos omega 3.
M	4572	ES_COMPOUNDS_OMEGA__		14	21	Other	Se escribe con un guion.	omega-3
L	4573	pudiendo participar de manera individual o colectiva artistas entre 18 y 35 años
M	4573	UPPERCASE_SENTENCE_START		0	8	Other	Esta frase no empieza con mayúscula.	Pudiendo
L	4574	Diseños de primera exteriores.
L	4575	técnicas médico-asistenciales de reproducción asistida
M	4575	UPPERCASE_SENTENCE_START		0	8	Other	Esta frase no empieza con mayúscula.	Técnicas
L	4576	las formaciones económico-sociales inca y azteca
M	4576	UPPERCASE_SENTENCE_START		0	3	Other	Esta frase no empieza con mayúscula.	Las
L	4577	Tom seguido baja películas.
L	4578	Tom baja películas a menudo.
L	4579	un entorno que propicia actitudes egoístas
M	4579	UPPERCASE_SENTENCE_START		0	2	Other	Esta frase no empieza con mayúscula.	Un
L	4580	Con deformados cuchillo.
M	4580	AGREEMENT_PARTICIPLE_NOUN	1	4	23	Other	Posible error de concordancia. Revise la puntuación.	deformado cuchillo|deformados cuchillos
L	4581	Son acuerdos consensuados producto de la negociación.
L	4582	estaban sentados alrededor de la mesa jugando a las cartas.
M	4582	UPPERCASE_SENTENCE_START		0	7	Other	Esta frase no empieza con mayúscula.	Estaban
L	4583	el abogado comprueba el inmueble
M	4583	UPPERCASE_SENTENCE_START		0	2	Other	Esta frase no empieza con mayúscula.	El
L	4584	Ustedes piden prestado joyas de sus amigas.
L	4585	¿Sabes cuantos años llevan casados Tom y Mary?
L	4586	de los ya citados Jonathan Swift, Thomas De Quincey y Ambrose Bierce
M	4586	UPPERCASE_SENTENCE_START		0	2	Other	Esta frase no empieza con mayúscula.	De
L	4587	La comida cumple con creces las expectativas creadas.
L	4588	Y dio por concluida Dios en el séptimo día la labor.
L	4589	Han luchado en nuestras guerra, creado negocios.
M	4589	AGREEMENT_DET_NOUN	2	15	30	Other	Error de concordancia.	nuestra guerra|nuestras guerras
L	4590	ha plenamente florecido y dado frutos.
M	4590	UPPERCASE_SENTENCE_START		0	2	Other	Esta frase no empieza con mayúscula.	Ha
L	4591	Creo que vivimos engañados 100%.
L	4592	Así narraba estos hechos Juan Bautista Lorenzo.
L	4593	Es normal que la herida pique.
L	4594	personas con las que has hablado o intercambiado correos
M	4594	UPPERCASE_SENTENCE_START		0	8	Other	Esta frase no empieza con mayúscula.	Personas
L	4595	1.000 personas han escrito y leído poemas, cuentos
L	4596	popularizada años más tarde por Guillermo Portales
M	4596	UPPERCASE_SENTENCE_START		0	12	Other	Esta frase no empieza con mayúscula.	Popularizada
L	4597	Ese mismo año dirige las revistas Contrastes y Cataluña viva
L	4598	la salida sur de Vigo
M	4598	UPPERCASE_SENTENCE_START		0	2	Other	Esta frase no empieza con mayúscula.	La
L	4599	salida sur de Vigo
M	4599	UPPERCASE_SENTENCE_START		0	6	Other	Esta frase no empieza con mayúscula.	Salida
L	4600	Entrada y salida jack 1/4
L	4601	Pensé que habías dicho dos y media.
L	4602	Da como resultado tiempos quirúrgicos más cortos.
L	4603	Tengo decididas mis preferidas entre la 4 y la 5.
L	4604	cómo tratan de mantenerse actualizadas millones de marcas personales
M	4604	UPPERCASE_SENTENCE_START		0	4	Other	Esta frase no empieza con mayúscula.	Cómo
L	4605	Ahora, envenenada gota a gota.
L	4606	En contados excepciones.
M	4606	AGREEMENT_PARTICIPLE_NOUN	2	3	23	Other	Posible error de concordancia. Revise la puntuación.	contada excepción|contadas excepciones
L	4607	En contado excepciones.
M	4607	AGREEMENT_PARTICIPLE_NOUN	2	3	22	Other	Posible error de concordancia. Revise la puntuación.	contada excepción|contadas excepciones
L	4608	Me quedé dormido cerca de las doce de la noche.
L	4609	para conseguir ser considerados personas
M	4609	UPPERCASE_SENTENCE_START		0	4	Other	Esta frase no empieza con mayúscula.	Para
L	4610	El primero de esos juegos ofrecido vía email.
L	4611	Y me hace la perdida horas después.
L	4612	pueden ser considerados formas de corrupción
M	4612	UPPERCASE_SENTENCE_START		0	6	Other	Esta frase no empieza con mayúscula.	Pueden
L	4613	Me quedé dormido tarde.
L	4614	Habiéndose, por fin, dado cuenta de que el señuelo no engaña.
L	4615	han asesinado a miles, llevado ciudades a la ruina
M	4615	UPPERCASE_SENTENCE_START		0	3	Other	Esta frase no empieza con mayúscula.	Han
L	4616	Su intervención no es ni pertinente, ni claras.
L	4617	Más de 30 mil jóvenes han salido de este programa como restauradores y otras profesiones.
L	4618	Debe asumir las consecuencias directas e indirectos.
L	4619	su labor en entornos abiertos u otras viviendas
M	4619	UPPERCASE_SENTENCE_START		0	2	Other	Esta frase no empieza con mayúscula.	Su
L	4620	el polvo del medio ambiente y otros factores
M	4620	UPPERCASE_SENTENCE_START		0	2	Other	Esta frase no empieza con mayúscula.	El
L	4621	Satisfarán vuestras esperanza, específicas e individual.
M	4621	AGREEMENT_DET_NOUN	2	11	29	Other	Error de concordancia.	vuestra esperanza|vuestras esperanzas
L	4622	Previamente se le entregó ropas hechas a medida, cubiertos, navajas, zapatos, botas y otros elementos.
M	4622	COMMA_ADVERB	1	0	11	Other	Si el adverbio "previamente" se refiere a toda la frase, y no solo al verbo, es recomendable usar una coma.	Previamente,
L	4623	Fue acompañado por malvados pequeño bribones.
M	4623	AGREEMENT_ADJ_NOUN	5	28	44	Other	Posible error de concordancia.	pequeño bribón|pequeños bribones|pequeño, bribones
L	4624	Tengo problemas con mi oído izquierdo otra vez.
L	4625	Por los nuevos o antiguo.
L	4626	Me despierto a las 6 y media de la madrugada.
L	4627	Somos consciente de ello.
L	4628	Seamos consciente de ello.
L	4629	Tenemos que ser consciente de ello.
L	4630	Debíamos ser consciente de ello.
L	4631	Debemos ser consciente de ello.
L	4632	Acabarán por ser consciente de ello.
L	4633	Soy conscientes de ello.
M	4633	AGREEMENT_SER_ADJ_SG	1	0	15	Other	Posible error de concordancia.	Soy consciente|Somos conscientes
L	4634	Sé conscientes de ello.
M	4634	AGREEMENT_SER_ADJ_SG	1	0	14	Other	Posible error de concordancia.	Sé consciente|Sabemos conscientes|Sed conscientes
L	4635	Tienes que ser conscientes de ello.
L	4636	Debes ser conscientes de ello.
L	4637	Acabarás por ser conscientes de ello.
L	4638	Serán directamente enviado a los clientes.
M	4638	AGREEMENT_VERB_PARTICIPLE	1	19	26	Other	Posible confusión o falta de concordancia.	enviados
L	4639	Son documentado.
M	4639	AGREEMENT_VERB_PARTICIPLE	1	4	15	Other	Posible confusión o falta de concordancia.	documentados
L	4640	Son siempre hecho de carne.
M	4640	AGREEMENT_VERB_PARTICIPLE	1	12	17	Other	Posible confusión o falta de concordancia.	hechos
L	4641	No eren pecado.
M	4641	ERAR	3	3	7	Other	¿Quería decir <suggestion>eran</suggestion> (v. 'ser') o <suggestion>yerren</suggestion> (v. 'errar')? "Eren" del v. 'erar' es poco usual.	eran|yerren
L	4642	Son resultado de una acción particular.
L	4643	No son nada comparado a los suyos.
L	4644	Somos manada.
L	4645	Están hecho de carne.
M	4645	AGREEMENT_VERB_PARTICIPLE	2	6	11	Other	Posible confusión o falta de concordancia.	hechos|haciendo
L	4646	Estamos documentado.
M	4646	AGREEMENT_VERB_PARTICIPLE	2	8	19	Other	Posible confusión o falta de concordancia.	documentados|documentando
L	4647	Están siempre cantado estas cosas.
M	4647	AGREEMENT_VERB_PARTICIPLE	2	14	21	Other	Posible confusión o falta de concordancia.	cantados|cantando
L	4648	No eran pecado.
L	4649	Son resultado de una acción particular.
L	4650	¿Estáis preparado?
L	4651	Podemos seguir demandado soluciones.
M	4651	AGREEMENT_VERB_PARTICIPLE	3	15	24	Other	Posible confusión o falta de concordancia.	demandados|demandando
L	4652	Quieren permanecer siempre callado.
M	4652	AGREEMENT_VERB_PARTICIPLE	3	27	34	Other	Posible confusión o falta de concordancia.	callados|callando
L	4653	Han sido cantado.
M	4653	AGREEMENT_VERB_PARTICIPLE	4	9	16	Other	Posible confusión o falta de concordancia.	cantados|cantando
L	4654	Hemos estado frecuentemente documentado.
M	4654	AGREEMENT_VERB_PARTICIPLE	4	28	39	Other	Posible confusión o falta de concordancia.	documentados|documentando
L	4655	No han sido pecado.
L	4656	Han sido resultado de una acción particular.
L	4657	¿Estáis preparado?
L	4658	Hemos podido seguir demandado.
M	4658	AGREEMENT_VERB_PARTICIPLE	5	20	29	Other	Posible confusión o falta de concordancia.	demandados|demandando
L	4659	Han querido permanecer callado.
M	4659	AGREEMENT_VERB_PARTICIPLE	5	23	30	Other	Posible confusión o falta de concordancia.	callados|callando
L	4660	Yo vienes
M	4660	AGREEMENT_PRONOUNSUBJECT_VERB	1	3	9	Other	Posible falta de concordancia entre «Yo» y «vienes».	vengo
L	4661	Yo vengo
L	4662	Entre vosotros y nosotros es imprescindible el diálogo.
L	4663	Quien como yo tiene el honor de presidir.
L	4664	Personas como yo seguirán comiendo chocolate.
L	4665	Yo apenas siendo un niño aprendí japonés.
L	4666	El hombre que veo yo es muy alto
L	4667	Yo hace pocos días he descubierto lo que pasaba.
L	4668	No es tan alto como lo era yo hace dos años.
L	4669	Yo hace cuestión de 2 años aproximadamente.
L	4670	Nosotros venís
M	4670	AGREEMENT_PRONOUNSUBJECT_VERB	2	9	14	Other	Posible falta de concordancia entre «Nosotros» y «venís».	venimos
L	4671	Entre vosotros y nosotros es imprescindible el diálogo.
L	4672	Quien como nosostros tiene el honor de presidir.
M	4672	MORFOLOGIK_RULE_ES		11	20	UnknownWord	Se ha encontrado un posible error ortográfico.	nosotros|nos ostros
L	4673	Personas como nosotros seguirán comiendo chocolate.
L	4674	Nosotros apenas siendo niños aprendimos japonés.
L	4675	El hombre que vemos nosotros es muy alto
L	4676	Nosotras hace pocos días hemos descubierto lo que pasaba.
L	4677	No es tan alto como lo éramos nosotras hace dos años.
L	4678	Nosotros hace cuestión de 2 años aproximadamente.
L	4679	Donde nosotros nieva en enero.
M	4679	AGREEMENT_PRONOUNSUBJECT_VERB	2	15	20	Other	Posible falta de concordancia entre «nosotros» y «nieva».	nevamos
L	4680	Grabar y producir el álbum nosotros imprime aún más carácter.
L	4681	En el corazón de todos nosotros late el deseo de aventura.
L	4682	Nadie más que nosotros sabe lo que pasa.
L	4683	Tú vengo
M	4683	AGREEMENT_PRONOUNSUBJECT_VERB	3	3	8	Other	Posible falta de concordancia entre «Tú» y «vengo».	vengas|vienes
L	4684	Tú tenés que venir.
M	4684	AGREEMENT_PRONOUNSUBJECT_VERB	3	3	8	Other	Posible falta de concordancia entre «Tú» y «tenés».	tienes
L	4685	Tú sos el que se queja.
M	4685	AGREEMENT_PRONOUNSUBJECT_VERB	3	3	6	Other	Posible falta de concordancia entre «Tú» y «sos».	eres
L	4686	Tú vienes
L	4687	Ellos con vosotros son solo ratas.
L	4688	Que tu familia y tú estéis tranquilos.
L	4689	Tú ve allá.
L	4690	¿De qué silencio eres tú silencio?
L	4691	Tú marchá.
M	4691	VOSEO	3	3	9	Hint	Forma correcta si se usa voseo. Si no, utilice una forma alternativa.	marcha|marchad
L	4692	Yo que tú atendería.
L	4693	Si yo fuera tú diría que sí.
L	4694	Tú diste el paso que yo no me atrevía.
L	4695	Gente como tú es la que hace girar al mundo.
L	4696	Tener un hijo como tú es una desesperación.
L	4697	Las palabras que yo y tú hemos hablado.
L	4698	Tú siéntate allí.
L	4699	Todos menos tú están equivocados.
L	4700	Tú había veces que no venías.
L	4701	Vosotros venimos
M	4701	AGREEMENT_PRONOUNSUBJECT_VERB	4	9	16	Other	Posible falta de concordancia entre «Vosotros» y «venimos».	venís
L	4702	Entre nosotros y vosotros es imprescindible el diálogo.
L	4703	Quien como vosostros tiene el honor de presidir.
M	4703	MORFOLOGIK_RULE_ES		11	20	UnknownWord	Se ha encontrado un posible error ortográfico.	vosotros|vos ostros
L	4704	Personas como vosotros seguirán comiendo chocolate.
L	4705	Vosotros apenas siendo niños aprendisteis japonés.
L	4706	El hombre que veis vosotros es muy alto
L	4707	Vosotras hace pocos días habéis descubierto lo que pasaba.
L	4708	No es tan alto como lo erais vosotras hace dos años.
L	4709	Vosotros hace cuestión de 2 años aproximadamente.
L	4710	Donde vosotros nieva en enero.
M	4710	AGREEMENT_PRONOUNSUBJECT_VERB	4	15	20	Other	Posible falta de concordancia entre «vosotros» y «nieva».	neváis
L	4711	Él vienen ahora.
M	4711	AGREEMENT_PRONOUNSUBJECT_VERB	5	3	9	Other	Posible falta de concordancia entre «Él» y «vienen».	viene
L	4712	Entre vosotros y él es imprescindible el diálogo.
L	4713	Quien como él tiene el honor de presidir.
L	4714	Personas como él seguirán comiendo chocolate.
L	4715	Él apenas siendo un niño aprendió japonés.
L	4716	El hombre que ve él es muy alto
L	4717	Él hace pocos días he descubierto lo que pasaba.
L	4718	No es tan alto como lo era ella hace dos años.
L	4719	Usted hace cuestión de 2 años aproximadamente.
L	4720	Todos menos él vienen de Kyushu.
M	4720	MORFOLOGIK_RULE_ES		25	31	UnknownWord	Se ha encontrado un posible error ortográfico.	Kiosco|Tisú|Ayuste|Ayuso|Aisha|Ayesha|Bisáu|Bush|Chuchú|Kuru|Minchu|Picchu|Pichu|Rishi|Rius|Rusu|Susu|Tish|Xichú|Yhú|Yusef|Yuste|Yusuf|Ayusta|Ayusto|Ayustá|Ayusté|Ayustó|Dius|Ichu|Kips|Kirsch|Kirschs|Kits|Kitsch|Kitschs|Kudú|Push|Sius|Sushi|Uchu|Yuyu|Kesha|Oysho
L	4721	Ha causado usted daño en la casa de señorío.
L	4722	Ellos viene ahora.
M	4722	AGREEMENT_PRONOUNSUBJECT_VERB	6	6	11	Other	Posible falta de concordancia entre «Ellos» y «viene».	vienen
L	4723	Ustedes ahora vendrá conmigo.
M	4723	AGREEMENT_PRONOUNSUBJECT_VERB	6	14	20	Other	Posible falta de concordancia entre «Ustedes» y «vendrá».	vendrán
L	4724	Entre vosotros y ellos es imprescindible el diálogo.
L	4725	Quien como ellos tiene el honor de presidir.
L	4726	Personas como ellas seguirán comiendo chocolate.
L	4727	Ellos apenas siendo niños aprendieron japonés.
L	4728	El hombre que ven ellas es muy alto
L	4729	Ellos hace pocos días han descubierto lo que pasaba.
L	4730	No es tan alto como lo eran ellas hace dos años.
L	4731	Ustedes hace cuestión de 2 años aproximadamente.
L	4732	Ustedes vayan hacia allá.
L	4733	El hombre detrás de ellos está tocando el piano.
L	4734	¿Según ustedes es una acto egoísta?
M	4734	AGREEMENT_DET_NOUN	1	18	26	Other	Error de concordancia.	un acto|unos actos
L	4735	Lo que han hecho ustedes es totalmente inexcusable.
L	4736	Y en todos ellos aborda la narrativa de su discurso.
L	4737	El más destacado de todos ellos fue Raúl.
L	4738	Ellos puede que no.
L	4739	Vos viene ahora.
M	4739	AGREEMENT_PRONOUNSUBJECT_VERB	7	4	9	Other	Posible falta de concordancia entre «Vos» y «viene».	venís
L	4740	Entre yo y vos es imprescindible el diálogo.
L	4741	Quien como vos tiene el honor de presidir.
L	4742	Personas como vos seguirán comiendo chocolate.
L	4743	Vos apenas siendo niños aprendiste japonés.
L	4744	El hombre que veis vos es muy alto
L	4745	Vos hace pocos días habéis descubierto lo que pasaba.
L	4746	No es tan alto como lo eras vos hace dos años.
L	4747	Vos hace cuestión de 2 años aproximadamente.
L	4748	Vos andá hacia allá.
L	4749	Vos ahora vendrá conmigo.
M	4749	AGREEMENT_PRONOUNSUBJECT_VERB	8	10	16	Other	Posible falta de concordancia entre «Vos» y «vendrá».	vendrás|vendréis
L	4750	Entre yo y vos es imprescindible el diálogo.
L	4751	Quien como vos tiene el honor de presidir.
L	4752	Personas como vos seguirán comiendo chocolate.
L	4753	Vos apenas siendo niño aprendiste japonés.
L	4754	El hombre que viste vos era muy alto
M	4754	AGREEMENT_PRONOUNSUBJECT_VERB	7	24	27	Other	Posible falta de concordancia entre «vos» y «era».	eráis|erás
L	4755	Vos hace pocos días habéis descubierto lo que pasaba.
L	4756	No es tan alto como lo eras vos hace dos años.
L	4757	Vos hace cuestión de 2 años aproximadamente.
L	4758	Vos andá hacia allá.
L	4759	Muchos de vosotros querrías hacerlo.
M	4759	AGREEMENT_PRONOUNSUBJECT_VERB	9	19	27	Other	Posible error de concordancia. La segunda persona del plural es <suggestion>querríais</suggestion>.	querríais
L	4760	Vosotras querías ir.
M	4760	AGREEMENT_PRONOUNSUBJECT_VERB	4	9	16	Other	Posible falta de concordancia entre «Vosotras» y «querías».	queríais
L	4761	¿Quién de vosotras está más bronceada?
L	4762	¿Alguno de vosotros quiere venir aquí y volver a hacer lo que yo acabo de hacer?
L	4763	Esta sopa son muy buena.
M	4763	AGREEMENT_SUBJECT_VERB_SG_PL	1	10	13	Other	Posible error de concordancia.	es
L	4764	Mención especial merecen su trabajo.
M	4764	AGREEMENT_SUBJECT_VERB_SG_PL	1	17	24	Other	Posible error de concordancia.	merece
L	4765	La cosa parecen que es así.
M	4765	AGREEMENT_SUBJECT_VERB_SG_PL	1	8	15	Other	Posible error de concordancia.	parece
L	4766	Este helado están muy bueno.
M	4766	AGREEMENT_SUBJECT_VERB_SG_PL	1	12	17	Other	Posible error de concordancia.	está
L	4767	Dos son sacerdotes.
L	4768	Su pasión son las fresas.
L	4769	Su pasión eran las fresas.
L	4770	Aquel par eran buenos.
M	4770	CONCORDANCIAS_ATRIBUTO	1	15	21	Other	Posible error de concordancia.	bueno
L	4771	Mención especial merecen sus trabajos.
L	4772	El resto son explicativos.
L	4773	El infierno son los demás.
L	4774	Derecha e izquierda son opuestos.
L	4775	Media docena son seis.
L	4776	Un ejemplo son los que existen en el Panteón.
L	4777	Esta obra son estampas del Antiguo Testamento.
L	4778	Esta franja solo la tienen para la publicidad.
L	4779	Esta sopa son muy buena.
M	4779	AGREEMENT_SUBJECT_VERB_SG_PL	1	10	13	Other	Posible error de concordancia.	es
L	4780	Mención especial merecen su trabajo.
M	4780	AGREEMENT_SUBJECT_VERB_SG_PL	1	17	24	Other	Posible error de concordancia.	merece
L	4781	La cosa parecen que es así.
M	4781	AGREEMENT_SUBJECT_VERB_SG_PL	1	8	15	Other	Posible error de concordancia.	parece
L	4782	Este helado están muy bueno.
M	4782	AGREEMENT_SUBJECT_VERB_SG_PL	1	12	17	Other	Posible error de concordancia.	está
L	4783	Dos son sacerdotes.
L	4784	Su pasión son las fresas.
L	4785	Su pasión eran las fresas.
L	4786	Aquel par eran buenos.
M	4786	CONCORDANCIAS_ATRIBUTO	1	15	21	Other	Posible error de concordancia.	bueno
L	4787	Mención especial merecen sus trabajos.
L	4788	El resto son explicativos.
L	4789	El infierno son los demás.
L	4790	Derecha e izquierda son opuestos.
L	4791	Media docena son seis.
L	4792	Un ejemplo son los que existen en el Panteón.
L	4793	Esta obra son estampas del Antiguo Testamento.
L	4794	Esta franja solo la tienen para la publicidad.
L	4795	Esta sopa han sido muy buena.
M	4795	AGREEMENT_SUBJECT_VERB_SG_PL	2	10	13	Other	Posible error de concordancia.	ha
L	4796	Mención especial han merecido su trabajo.
M	4796	AGREEMENT_SUBJECT_VERB_SG_PL	2	17	20	Other	Posible error de concordancia.	ha
L	4797	La cosa habían parecido que era así.
M	4797	AGREEMENT_SUBJECT_VERB_SG_PL	2	8	14	Other	Posible error de concordancia.	había
L	4798	Dos han sido sacerdotes.
L	4799	Su pasión han sido las fresas.
L	4800	Su pasión hubieran sido las fresas.
L	4801	Aquel par habían sido buenos.
M	4801	CONCORDANCIAS_ATRIBUTO	1	22	28	Other	Posible error de concordancia.	bueno
L	4802	Mención especial han merecido sus trabajos.
L	4803	El resto habían sido explicativos.
L	4804	Esta sopa han sido muy buena.
M	4804	AGREEMENT_SUBJECT_VERB_SG_PL	2	10	13	Other	Posible error de concordancia.	ha
L	4805	Mención especial han merecido su trabajo.
M	4805	AGREEMENT_SUBJECT_VERB_SG_PL	2	17	20	Other	Posible error de concordancia.	ha
L	4806	La cosa habían parecido que era así.
M	4806	AGREEMENT_SUBJECT_VERB_SG_PL	2	8	14	Other	Posible error de concordancia.	había
L	4807	Dos han sido sacerdotes.
L	4808	Su pasión han sido las fresas.
L	4809	Su pasión hubieran sido las fresas.
L	4810	Aquel par habían sido buenos.
M	4810	CONCORDANCIAS_ATRIBUTO	1	22	28	Other	Posible error de concordancia.	bueno
L	4811	Mención especial han merecido sus trabajos.
L	4812	El resto habían sido explicativos.
L	4813	Estas sopas era muy buenas.
M	4813	AGREEMENT_SUBJECT_VERB_PL_SG	1	12	15	Other	Posible error de concordancia.	eran
L	4814	Los amigos fue así.
M	4814	AGREEMENT_SUBJECT_VERB_PL_SG	1	11	14	Other	Posible error de concordancia.	fueron
L	4815	Los amigos tiene sed.
M	4815	AGREEMENT_SUBJECT_VERB_PL_SG	1	11	16	Other	Posible error de concordancia.	tienen
L	4816	Menciones especiales merece tus trabajos.
M	4816	AGREEMENT_SUBJECT_VERB_PL_SG	1	21	27	Other	Posible error de concordancia.	merecen
L	4817	Aquellas personas sigue igual.
M	4817	AGREEMENT_SUBJECT_VERB_PL_SG	1	18	23	Other	Posible error de concordancia.	siguen
L	4818	Estos helados está buenos.
M	4818	AGREEMENT_SER_ADJ_SG	1	14	25	Other	Posible error de concordancia.	está bueno|estad buenos|están buenos
L	4819	Aquellos días todo era bonito.
L	4820	Las cosas parece claramente que son así.
L	4821	¿Cuántos años tiene él?
L	4822	¿Cuantos años tiene él?
M	4822	INTERROGATIVOS_CON_TILDE_OS	1	1	8	Other	Si es interrogativo, se escribe con tilde.	Cuántos
L	4823	Tres millas es más de lo que puedo caminar.
L	4824	8 kilómetros es mucho para caminarlo.
L	4825	Las manzanas es más sano comerlas sin pelar.
L	4826	Estados Unidos es rico en recursos naturales.
L	4827	Estas sopas ha sido muy buenas.
M	4827	AGREEMENT_SUBJECT_VERB_PL_SG	2	12	14	Other	Posible error de concordancia.	han
L	4828	Los amigos ha sido así.
M	4828	AGREEMENT_SUBJECT_VERB_PL_SG	2	11	13	Other	Posible error de concordancia.	han
L	4829	Los amigos ha tenido sed.
M	4829	AGREEMENT_SUBJECT_VERB_PL_SG	2	11	13	Other	Posible error de concordancia.	han
L	4830	Menciones especiales ha merecido tus trabajos.
M	4830	AGREEMENT_SUBJECT_VERB_PL_SG	2	21	23	Other	Posible error de concordancia.	han
L	4831	Aquellas personas había seguido igual.
M	4831	AGREEMENT_SUBJECT_VERB_PL_SG	2	18	23	Other	Posible error de concordancia.	habían
L	4832	Aquellos días todo había sido bonito.
L	4833	Las cosas había parecido claramente que eran así.
L	4834	¿Cuántos coches ha tenido él?
L	4835	¿Cuantos coches había tenido él?
M	4835	INTERROGATIVOS_CON_TILDE_OS	1	1	8	Other	Si es interrogativo, se escribe con tilde.	Cuántos
L	4836	Las manzanas habría sido más sano comerlas sin pelar.
L	4837	Estados Unidos había sido rico en recursos naturales.
L	4838	¿Qué compra los niños?
L	4839	¿Qué causa las modificaciones en las rocas?
L	4840	¿Qué compran el niño?
L	4841	¿De dónde viene esos regalos?
L	4842	¿De dónde trae esos regalos?
L	4843	¿Quién acecha en las sombras?
L	4844	¿Qué causa las modificaciones en las rocas?
L	4845	¿Quién se comió todos los pasteles?
L	4846	¿A quién le está permitido llamar a las cosas por su nombre?
L	4847	¿Por qué hay doce meses?
L	4848	¿Quién proveerá las bebidas?
L	4849	¿Por qué tiene dos coches?
L	4850	¿A quién le toca lavar los platos?
L	4851	¿Para qué utiliza las cookies esta página web?
L	4852	¿Dónde ve los libros?
L	4853	¿De dónde vienen ese regalo?
L	4854	Esa cortina parece suaves
M	4854	AGREEMENT_SER_ADJ_SG	1	12	25	Other	Posible error de concordancia.	parece suave|pareced suaves|parecen suaves
L	4855	Los aviones son azules
L	4856	Las cortinas parecen suave
L	4857	Los aviones son azules
L	4858	La cortina es amarillo
L	4859	Los aviones son amarillos
L	4860	Este es amarilla
L	4861	La avioneta será costosa
L	4862	Violeta Alonso es española.
L	4863	Me gusta las manzanas.
M	4863	AGREEMENT_GUSTAR	1	3	8	Other	Posible error de concordancia.	gustan
L	4864	Me gustaba mucho más las verdes.
M	4864	AGREEMENT_GUSTAR	1	3	10	Other	Posible error de concordancia.	gustaban
L	4865	Lo que más le gustaba los fines de semana era ir de “clubs”
L	4866	Me gustan la manzana.
M	4866	AGREEMENT_GUSTAR	2	3	9	Other	Posible error de concordancia.	gusta
L	4867	Me gustaban mucho más la verde.
M	4867	AGREEMENT_GUSTAR	2	3	11	Other	Posible error de concordancia.	gustaba
L	4868	Me gustan la lluvia y la nieve.
L	4869	Me gustan tanto los gatos.
L	4870	Me gustan bastante esas historias.
L	4871	El sonido y el ritmo de tu traducción me gustan mucho.
L	4872	Me gustan la música y los deportes.
L	4873	Tom y María no se agradan el uno al otro.
L	4874	No me gustan esa clase de bromas.
L	4875	Algunas canciones que le gustaban mucho a uno.
L	4876	Me gustaron bastante muchas de las cosas.
L	4877	Me gustan el de chocolate y el de fresa.
L	4878	Me ha gustado las manzanas.
M	4878	AGREEMENT_GUSTAR	3	3	5	Other	Posible error de concordancia.	han
L	4879	Le tenía que gustar mucho más las verdes.
M	4879	AGREEMENT_GUSTAR	3	3	8	Other	Posible error de concordancia.	tenían
L	4880	Me han gustado la manzana.
M	4880	AGREEMENT_GUSTAR	4	3	6	Other	Posible error de concordancia.	ha
L	4881	Le tenían que gustar mucho más la verde.
M	4881	AGREEMENT_GUSTAR	4	3	9	Other	Posible error de concordancia.	tenía
L	4882	Me han gustado la manzana y la pera.
L	4883	Me han gustado mucho más la manzana y la pera.
L	4884	Me han gustado el de manzana y el de pera.
L	4885	Me han gustado mucho los batidos.
L	4886	Me han gustado mucho más los batidos.
L	4887	La casa es bonito.
M	4887	CONCORDANCIAS_ATRIBUTO	1	11	17	Other	Posible error de concordancia.	bonita
L	4888	La casa no es bonitos.
M	4888	AGREEMENT_SER_ADJ_SG	1	11	21	Other	Posible error de concordancia.	es bonito|son bonitos
L	4889	La calidad parecía altos.
M	4889	AGREEMENT_SER_ADJ_SG	1	11	24	Other	Posible error de concordancia.	parecía alto|parecíamos altos|parecían altos
L	4890	Su madre no estaba casado.
M	4890	CONCORDANCIAS_ATRIBUTO	1	19	25	Other	Posible error de concordancia.	casada
L	4891	Los dragones son guay.
M	4891	CONCORDANCIAS_ATRIBUTO	1	17	21	Other	Posible error de concordancia.	guais
L	4892	Su obra ha sido traducido al sueco.
M	4892	CONCORDANCIAS_ATRIBUTO	1	16	25	Other	Posible error de concordancia.	traducida
L	4893	El barco fue abandonado.
L	4894	La sola idea de ser enviados al extranjero les llenaba de alegría.
L	4895	La casa es muy bonito.
M	4895	CONCORDANCIAS_ATRIBUTO	2	15	21	Other	Posible error de concordancia.	bonita
L	4896	La casa no es demasiado bonitos.
M	4896	CONCORDANCIAS_ATRIBUTO	2	24	31	Other	Posible error de concordancia.	bonita
L	4897	La calidad parecía muy altos.
M	4897	CONCORDANCIAS_ATRIBUTO	2	23	28	Other	Posible error de concordancia.	alta
L	4898	Su madre estaba felizmente casado.
M	4898	CONCORDANCIAS_ATRIBUTO	2	27	33	Other	Posible error de concordancia.	casada
L	4899	Las manzanas es más sano comerlas sin pelar.
L	4900	África es bonito.
M	4900	CONCORDANCIAS_ATRIBUTO	3	10	16	Other	Posible error de concordancia.	bonita
L	4901	Ella es hermoso.
M	4901	CONCORDANCIAS_ATRIBUTO	3	8	15	Other	Posible error de concordancia.	hermosa
L	4902	Él es bella.
M	4902	CONCORDANCIAS_ATRIBUTO	3	6	11	Other	Posible error de concordancia.	bello
L	4903	Ellas son hermosos.
M	4903	CONCORDANCIAS_ATRIBUTO	3	10	18	Other	Posible error de concordancia.	hermosas
L	4904	Ellos son bella.
M	4904	CONCORDANCIAS_ATRIBUTO	3	10	15	Other	Posible error de concordancia.	bellos
L	4905	Mira que es raro.
L	4906	Odio estar soltera.
L	4907	Procura no quedarte dormido.
L	4908	Gambia no es muy bonito.
M	4908	CONCORDANCIAS_ATRIBUTO	4	17	23	Other	Posible error de concordancia.	bonita
L	4909	Ellos no son muy bonitas.
M	4909	CONCORDANCIAS_ATRIBUTO	4	17	24	Other	Posible error de concordancia.	bonitos
L	4910	Igual estáis tan perdidos como yo.
L	4911	Y es muy extraño.
L	4912	El niño se van a casa.
L	4913	El niño no se toman la sopa.
L	4914	Dijo que el niño no se tomaban la sopa.
L	4915	No confíes en que otro te ayuden.
L	4916	La próxima semana abren la nueva tienda
L	4917	La filosofía de Hegel es tan extraña que nadie habría esperado que él pudiera hacer que personas cuerdas la aceptaran.
L	4918	Sé que este curso se agotaron y bastante rápido.
L	4919	Son procesos industriales que cada vez se alejan más de la alimentación saludable y tradicional.
L	4920	Ese producto lo anunciaban en televisión.
L	4921	Esos productos los anunciaban en televisión.
L	4922	Estas revistas las anunciaban en televisión.
L	4923	Esta revista la anunciaban en televisión.
L	4924	Una vez citaron a Cristóbal Colón al decir que los piratas eran demasiado "ingenuos".
L	4925	Dos combaten, un tercero lucra.
L	4926	Mi hobby son las lenguas.
L	4927	Se lo dedico a todas las madres, a sus cajas de botones que tanto tienen que enseñarnos.
L	4928	Como dice Panchosilio, que poco se valoran estos militantes.
M	4928	MORFOLOGIK_RULE_ES		10	21	UnknownWord	Se ha encontrado un posible error ortográfico.	Pancholo
L	4929	Muy frecuentemente se pierde la voz de las personas que mucho hablan.
L	4930	Muy frecuentemente se pierde la voz de las personas que poco hablan.
L	4931	El niño se van a casa.
L	4932	El niño no se toman la sopa.
L	4933	Dijo que el niño no se tomaban la sopa.
L	4934	No confíes en que otro te ayuden.
L	4935	La próxima semana abren la nueva tienda
L	4936	La filosofía de Hegel es tan extraña que nadie habría esperado que él pudiera hacer que personas cuerdas la aceptaran.
L	4937	Sé que este curso se agotaron y bastante rápido.
L	4938	Son procesos industriales que cada vez se alejan más de la alimentación saludable y tradicional.
L	4939	Ese producto lo anunciaban en televisión.
L	4940	Esos productos los anunciaban en televisión.
L	4941	Estas revistas las anunciaban en televisión.
L	4942	Esta revista la anunciaban en televisión.
L	4943	Una vez citaron a Cristóbal Colón al decir que los piratas eran demasiado "ingenuos".
L	4944	Dos combaten, un tercero lucra.
L	4945	Mi hobby son las lenguas.
L	4946	Se lo dedico a todas las madres, a sus cajas de botones que tanto tienen que enseñarnos.
L	4947	Como dice Panchosilio, que poco se valoran estos militantes.
M	4947	MORFOLOGIK_RULE_ES		10	21	UnknownWord	Se ha encontrado un posible error ortográfico.	Pancholo
L	4948	Muy frecuentemente se pierde la voz de las personas que mucho hablan.
L	4949	Muy frecuentemente se pierde la voz de las personas que poco hablan.
L	4950	Los niños se va a casa.
L	4951	Los niños no se toma la sopa.
L	4952	Dijo que las niñas no se tomaba la sopa.
L	4953	No confíes en que otros te ayude.
L	4954	Las próximas semanas abre la nueva tienda
L	4955	Ese producto lo anunciaba en televisión.
L	4956	Esos productos los anunciaba en televisión.
L	4957	Estas revistas las anunciaba en televisión.
L	4958	Esta revista la anunciaba en televisión.
L	4959	Algunos libros hay que degustarlos.
L	4960	Familias disfuncionales hay a montones.
L	4961	Los niños se va a casa.
L	4962	Los niños no se toma la sopa.
L	4963	Dijo que las niñas no se tomaba la sopa.
L	4964	No confíes en que otros te ayude.
L	4965	Las próximas semanas abre la nueva tienda
L	4966	Ese producto lo anunciaba en televisión.
L	4967	Esos productos los anunciaba en televisión.
L	4968	Estas revistas las anunciaba en televisión.
L	4969	Esta revista la anunciaba en televisión.
L	4970	Algunos libros hay que degustarlos.
L	4971	Familias disfuncionales hay a montones.
L	4972	Juan García et ál.
M	4972	ET_ALII	1	12	18	Other	Las locuciones latinas se escriben sin tilde y en cursiva, aunque antiguamente esta expresión se escribía con tilde (et ál.).	et al.
L	4973	Juan García et álii
M	4973	ET_ALII	2	12	19	Other	Las locuciones latinas se escriben sin tilde y en cursiva, aunque antiguamente esta expresión se escribía con tilde (et álii).	et alii
L	4974	Me lo dió él.
M	4974	MONOSILABOS	1	6	9	Other	Según las normas ortográficas actuales, los monosílabos no llevan tilde.	dio
L	4975	El guión.
M	4975	MONOSILABOS	1	3	8	Other	Según las normas ortográficas actuales, los monosílabos no llevan tilde.	guion
L	4976	Se fué enseguida.
M	4976	MONOSILABOS	2	3	6	Other	Según las normas ortográficas actuales, los monosílabos no llevan tilde.	fue
L	4977	Me fuí enseguida.
M	4977	MONOSILABOS	3	3	6	Other	Según las normas ortográficas actuales, los monosílabos no llevan tilde.	fui
L	4978	Y sólo tiene tres.
M	4978	SOLO	1	2	6	Other	La tilde es innecesaria según la norma actual. Con el sentido de "solamente" (adv.), cuando hay riesgo de ambigüedad con el adj. "solo", puede escribirse "sólo" (DRAE).	solo|solamente|únicamente
L	4979	Son 15 ó 16 casos.
M	4979	O_NO_TILDE	1	7	8	Other	La conjunción <suggestion>o</suggestion> se escribe siempre sin tilde, incluso entre cifras.	o
L	4980	Éste señor.
M	4980	ESTE_ESE_AQUEL_NOTILDE	1	0	4	Other	La tilde es innecesaria según la norma actual. Se puede usar en caso de ambigüedad cuando es un pronombre.	Este
L	4981	Ésta señora.
M	4981	ESTE_ESE_AQUEL_NOTILDE	1	0	4	Other	La tilde es innecesaria según la norma actual. Se puede usar en caso de ambigüedad cuando es un pronombre.	Esta
L	4982	Éstos señores.
M	4982	ESTE_ESE_AQUEL_NOTILDE	1	0	5	Other	La tilde es innecesaria según la norma actual. Se puede usar en caso de ambigüedad cuando es un pronombre.	Estos
L	4983	Éstas señoras.
M	4983	ESTE_ESE_AQUEL_NOTILDE	1	0	5	Other	La tilde es innecesaria según la norma actual. Se puede usar en caso de ambigüedad cuando es un pronombre.	Estas
L	4984	Éste es el camino.
M	4984	ESTE_ESE_AQUEL_NOTILDE	1	0	4	Other	La tilde es innecesaria según la norma actual. Se puede usar en caso de ambigüedad cuando es un pronombre.	Este
L	4985	En relación con éste.
M	4985	ESTE_ESE_AQUEL_NOTILDE	1	16	20	Other	La tilde es innecesaria según la norma actual. Se puede usar en caso de ambigüedad cuando es un pronombre.	este
L	4986	En relación con ésa.
M	4986	ESTE_ESE_AQUEL_NOTILDE	1	16	19	Other	La tilde es innecesaria según la norma actual. Se puede usar en caso de ambigüedad cuando es un pronombre.	esa
L	4987	Aquél es el camino.
M	4987	ESTE_ESE_AQUEL_NOTILDE	1	0	5	Other	La tilde es innecesaria según la norma actual. Se puede usar en caso de ambigüedad cuando es un pronombre.	Aquel
L	4988	En relación con aquéllos.
M	4988	ESTE_ESE_AQUEL_NOTILDE	1	16	24	Other	La tilde es innecesaria según la norma actual. Se puede usar en caso de ambigüedad cuando es un pronombre.	aquellos
L	4989	Formado entre la costa oeste de la isla Delta y la este de la isla Olga.
M	4989	LA_ESTA	1	48	55	Other	Posible confusión.	al este
L	4990	El palacio consiste en cuatro fachadas: la oeste, la sur, la norte y la este.
M	4990	AGREEMENT_DET_NOUN	1	40	48	Other	Error de concordancia.	el oeste
M	4990	AGREEMENT_DET_NOUN	1	50	56	Other	Error de concordancia.	el sur|los sures
M	4990	AGREEMENT_DET_NOUN	1	58	66	Other	Error de concordancia.	el norte|los nortes
M	4990	ESTE_TILDE	6	72	76	Other	Si es del verbo estar, se escribe <suggestion>esté</suggestion>.	esté
L	4991	La ética en la ESO.
L	4992	Ahora escribe la ese.
L	4993	Quedó incorporado a la esta última en 1557.
M	4993	LA_ESTA	2	20	27	Other	Posible confusión. ¿Quería decir <suggestion>la</suggestion> o <suggestion>esta</suggestion>?	la|esta
L	4994	El palacio consiste en cuatro fachadas: la oeste, la sur, la norte y la este.
M	4994	AGREEMENT_DET_NOUN	1	40	48	Other	Error de concordancia.	el oeste
M	4994	AGREEMENT_DET_NOUN	1	50	56	Other	Error de concordancia.	el sur|los sures
M	4994	AGREEMENT_DET_NOUN	1	58	66	Other	Error de concordancia.	el norte|los nortes
M	4994	ESTE_TILDE	6	72	76	Other	Si es del verbo estar, se escribe <suggestion>esté</suggestion>.	esté
L	4995	La ética en la ESO.
L	4996	Ahora escribe la ese.
L	4997	Nada le ha importado, hasta ahora, que la tal acción fuera ilegal.
L	4998	Lo hizo el menos tres veces.
M	4998	EL_MENOS	1	8	16	Other	¿Quería decir <suggestion>al menos</suggestion>?	al menos
L	4999	Yo tengo el menos cuatro.
M	4999	EL_MENOS	2	9	17	Other	¿Quería decir <suggestion>al menos</suggestion>?	al menos
L	5000	Pero en el menos tres o cuatro lugares.
M	5000	EL_MENOS	2	8	16	Other	¿Quería decir <suggestion>al menos</suggestion>?	al menos
L	5001	Está en el menos tres.
M	5001	EL_MENOS	2	8	16	Other	¿Quería decir <suggestion>al menos</suggestion>?	al menos
L	5002	Tiene que haber el menos un libro.
M	5002	EL_MENOS	3	16	24	Other	¿Quería decir <suggestion>al menos</suggestion>?	al menos
L	5003	La pianis- ta canceló el concierto.
M	5003	ES_SPLIT_WORDS_HYPHEN	1	3	13	Other	Posible palabra mal partida.	pianista
L	5004	Esto -dicho de otra manera- es lo que hay.
L	5005	Esto es del Río de la Plata.
L	5006	La pia- nista canceló el concierto.
M	5006	ES_SPLIT_WORDS_HYPHEN	2	3	13	Other	Posible palabra mal partida.	pianista
L	5007	Esto -dicho de otra manera- es lo que hay.
L	5008	La pia- nista canceló el concierto.
M	5008	ES_SPLIT_WORDS_HYPHEN	2	3	13	Other	Posible palabra mal partida.	pianista
L	5009	Esto -dicho de otra manera- es lo que hay.
L	5010	Que ya otros "vándalos desagradecidos" -como debo parecerle yo- la 'destrozarán' con su mejor voluntad dentro de otros dos lustros.
L	5011	Explore nuestro hermoso planeta hogar –único en nuestro sistema solar- a través de los enlaces de esta sección.
L	5012	intentan brindar -haciendo una analogía en potencia- las posibilidades que ocultan
M	5012	UPPERCASE_SENTENCE_START		0	8	Other	Esta frase no empieza con mayúscula.	Intentan
L	5013	Lo más barato -e ideal- es operar a un paciente y que no le pase nada
L	5014	El costo de la inscripción –incluye el chip- es de $160.
L	5015	Marina- me ha gustado mucho.
L	5016	Esto te ara mucha gracia.
M	5016	ARA	1	8	11	Other	Si es del verbo 'hacer', se escribe <suggestion>hará</suggestion>.	hará
L	5017	Se observa el baldaquino y el retablo de plata, así como el ara románica.
L	5018	A derecha e izquierda del conjunto sendos cipreses y sobre la cara anterior del ara, tres cruces.
L	5019	Son las más oportunas ara llegar al final.
M	5019	ARA	2	22	25	Other	Posible confusión. ¿Quería decir <suggestion>para</suggestion>? "Ara" significa "altar".	para
L	5020	Se observa el baldaquino y el retablo de plata, así como el ara románica.
L	5021	A derecha e izquierda del conjunto sendos cipreses y sobre la cara anterior del ara, tres cruces.
L	5022	El programa ara ofrece más prestaciones.
M	5022	ARA	3	12	15	Other	Posible confusión. ¿Quería decir <suggestion>ahora</suggestion>? "Ara" significa "altar".	ahora
L	5023	Se observa el baldaquino y el retablo de plata, así como el ara románica.
L	5024	A derecha e izquierda del conjunto sendos cipreses y sobre la cara anterior del ara, tres cruces.
L	5025	Ara negocio también con el IVA.
M	5025	ARA	3	0	3	Other	Posible confusión. ¿Quería decir <suggestion>ahora</suggestion>? "Ara" significa "altar".	Ahora
L	5026	El programa ofrece ara más prestaciones.
M	5026	ARA	5	19	22	Other	Posible confusión. ¿Quería decir <suggestion>ahora</suggestion>? "Ara" significa "altar".	ahora|para
L	5027	Se observa el baldaquino y el retablo de plata, así como el ara románica.
L	5028	A derecha e izquierda del conjunto sendos cipreses y sobre la cara anterior del ara, tres cruces.
L	5029	Aún que no vengas, hablaremos de ello.
M	5029	AUNQUE	1	0	7	Other	"Aunque" se escribe junto cuando es una conjunción concesiva o adversativa.	Aunque
L	5030	Me gusta mucho esta, aún que la otra también.
M	5030	AUNQUE	1	21	28	Other	"Aunque" se escribe junto cuando es una conjunción concesiva o adversativa.	aunque
L	5031	Me gusta mucho esta, aún que la otra también.
M	5031	AUNQUE	1	21	28	Other	"Aunque" se escribe junto cuando es una conjunción concesiva o adversativa.	aunque
L	5032	Este me gusta más aún que el otro.
L	5033	Esta banda es más efímera aún que Rigor Mortis.
M	5033	MORFOLOGIK_RULE_ES		40	46	UnknownWord	Se ha encontrado un posible error ortográfico.	Muertos|Muertes|Muertas|Morís|Moréis|Moris|Moráis|Morris
L	5034	¿Pensáis aún que yo estoy loco?
L	5035	Me gusta aun que la otra también.
M	5035	AUNQUE	3	9	16	Other	"Aunque" se escribe junto cuando es una conjunción concesiva o adversativa. O bien falta una tilde en "aún" si significa 'todavía'.	aunque|aún que
L	5036	Este me gusta más aún que el otro.
L	5037	Esta banda es más efímera aún que Rigor Mortis.
M	5037	MORFOLOGIK_RULE_ES		40	46	UnknownWord	Se ha encontrado un posible error ortográfico.	Muertos|Muertes|Muertas|Morís|Moréis|Moris|Moráis|Morris
L	5038	¿Pensáis aún que yo estoy loco?
L	5039	Me gusta mucho esta, aun que la otra también.
M	5039	AUNQUE	1	21	28	Other	"Aunque" se escribe junto cuando es una conjunción concesiva o adversativa.	aunque
L	5040	Este me gusta más aún que el otro.
L	5041	Esta banda es más efímera aún que Rigor Mortis.
M	5041	MORFOLOGIK_RULE_ES		40	46	UnknownWord	Se ha encontrado un posible error ortográfico.	Muertos|Muertes|Muertas|Morís|Moréis|Moris|Moráis|Morris
L	5042	¿Pensáis aún que yo estoy loco?
L	5043	Verifica los establecimiento s de la compra.
M	5043	PLURALS	1	13	30	Other	¿Quería decir <suggestion>establecimientos</suggestion>?	establecimientos
L	5044	No entiendo la a propuesta.
M	5044	LA_A	1	12	26	Other	Posible confusión. ¿Quería decir <suggestion>la propuesta</suggestion>?	la propuesta
L	5045	Entonces frunció el seño.
M	5045	CENYO	1	20	24	Other	¿Quería decir <suggestion>ceño</suggestion> (entrecejo)? "Seño" es una apócope de "señora" o "señorita".	ceño
L	5046	Entonces se cayo de la bicicleta.
M	5046	CAYO	1	12	16	Other	¿Quería decir <suggestion>cayó</suggestion> (del v. 'caer')? "Cayo" es correcto como sustantivo.	cayó
L	5047	Fue cuando esta cayo inconsciente.
M	5047	CAYO	1	16	20	Other	¿Quería decir <suggestion>cayó</suggestion> (del v. 'caer')? "Cayo" es correcto como sustantivo.	cayó
L	5048	Augusto tras la muerte de sus dos nietos, Lucio y Cayo, se vio obligado a reconocer a Tiberio.
L	5049	Una vez en la isla (el cayo), encontrarás una carretera que la atraviesa de este a oeste.
L	5050	¿Por qué la mastate?
M	5050	MASTATE	1	12	19	Other	¿Quería decir <suggestion>mataste</suggestion> (del v. 'matar')?	mataste
L	5051	Esas persones que vinieron no las conozco.
M	5051	PERSONES	1	5	13	Other	¿Quería decir <suggestion>personas</suggestion> en vez de "persones" (del v. 'personar')?	personas
L	5052	Las persones que vinieron no las conozco.
M	5052	PERSONES	1	4	12	Other	¿Quería decir <suggestion>personas</suggestion> en vez de "persones" (del v. 'personar')?	personas
L	5053	Han exigido que te persones en el juzgado.
L	5054	Me pidió que te lo entregada.
M	5054	PRONOMBRE_SIN_VERBO	11	13	18	Other	Posible confusión. Pronombre átono sin verbo.	de lo|el lo|te leo|te loa|te lío|te LOE|te loo|te loó|te lio|te loe
M	5054	SE_LO_ENTREGADA	1	19	28	Other	Posible confusión.	entregara|entregase
L	5055	Se lo tajo del Japón.
M	5055	TAJO_TRAJO	1	6	10	Other	Posible confusión.	trajo
L	5056	Lo sabe desde era niño.
M	5056	DESDE_ERA	1	8	17	Other	Posible confusión.	desde que era
M	5056	MISSING_COMMA	5	17	22	Other	en este contexto es necesaria una coma.	, niño
L	5057	De las miles de personas que vinieron.
M	5057	LAS_MILES	1	3	12	Other	Error de concordancia. "Miles" es un sustantivo masculino independiente del sustantivo posterior (p. ej., unos miles de personas).	los miles
L	5058	De las millares de personas que vinieron.
M	5058	LAS_MILES	1	3	15	Other	Error de concordancia. "Millares" es un sustantivo masculino independiente del sustantivo posterior (p. ej., unos millares de personas).	los millares
L	5059	Trata los datos obtenidos través de las cookies.
M	5059	A_TRAVES	1	26	32	Other	¿Quería decir <suggestion>a través</suggestion>?	a través
L	5060	Se fue campo través.
M	5060	A_TRAVES	1	13	19	Other	¿Quería decir <suggestion>a través</suggestion>?	a través
L	5061	Apesar de todo, lo comprendo.
M	5061	APESAR	1	0	6	Other	Se escribe separado.	A pesar
L	5062	Tengo un problema con Google Doc.
M	5062	GOOGLE_DOC	1	22	32	Other	¿Quería decir <suggestion>Google Docs</suggestion>?	Google Docs
L	5063	Esta instalación no la puede hacer cuál quier electricista.
M	5063	CUALQUIERA	1	35	45	Other	Se escribe junto.	cualquier
L	5064	Esta instalación no la puede hacer cual quiera.
M	5064	CUALQUIERA	1	35	46	Other	Se escribe junto.	cualquiera
L	5065	Ellos no son unos cuales quieras.
M	5065	CUALQUIERA	2	18	32	Other	El plural de "cualquiera" es <suggestion>cualesquiera</suggestion>.	cualesquiera
L	5066	Son el hazme reír del país.
M	5066	HAZMERREIR	1	7	17	Other	Como sustantivo se escribe junto.	hazmerreír
L	5067	En mi cuidad.
M	5067	MI_TILDE	1	3	5	Other	Si es pronombre, se escribe con tilde.	mí
M	5067	CUIDAD_CIUDAD	1	6	12	Other	Posible confusión.	ciudad
L	5068	En la cuidad.
M	5068	CUIDAD_CIUDAD	1	6	12	Other	Posible confusión.	ciudad
L	5069	En nuestra cuidad.
M	5069	CUIDAD_CIUDAD	1	11	17	Other	Posible confusión.	ciudad
L	5070	En el centro de la cuidad.
M	5070	CUIDAD_CIUDAD	1	19	25	Other	Posible confusión.	ciudad
L	5071	Se tarta de otro tema.
M	5071	TARTA_TRATA	1	3	8	Other	¿Quería decir <suggestion>trata</suggestion>?	trata
L	5072	Tarta de frambuesa.
L	5073	La tarta es muy buena.
L	5074	Las tartas de manzana.
L	5075	Si te no mienten, vendrán mañana.
M	5075	TE_NO	1	3	8	Other	Orden incorrecto.	no te
L	5076	Estoy asiendo los deberes.
M	5076	ASIENDO_HACIENDO	1	6	13	Other	¿Quería decir <suggestion>haciendo</suggestion> (del verbo 'hacer')? "Asiendo" es una forma del verbo 'asir'.	haciendo
L	5077	Me divierto mucho asiéndolos.
M	5077	ASIENDO_HACIENDO	1	18	28	Other	¿Quería decir <suggestion>haciéndolos</suggestion> (del verbo 'hacer')? "Asiéndolos" es una forma del verbo 'asir'.	haciéndolos
L	5078	Eta situación es insostenible.
M	5078	ETA_ESTA	1	0	3	Other	¿Quería decir <suggestion>esta</suggestion> o <suggestion>esa</suggestion>?	Esta|Esa
L	5079	iHemos llegado!
M	5079	CONFUSION_I_EXCLAMACION	1	0	6	Other	¿Quería usar un signo de exclamación?	¡Hemos
L	5080	Hemo visto algunas mejoras.
M	5080	HEMO_HEMOS	1	0	4	Other	¿Quería decir <suggestion>hemos</suggestion> (del verbo 'haber')?	Hemos
L	5081	Añade esto a les compras.
M	5081	LES_LAS	1	13	16	Other	¿Quería decir <suggestion>las</suggestion>?	las
L	5082	Una pastilla idéntica a la de Les Paul.
L	5083	Palau de les Arts.
L	5084	E l otro día.
M	5084	E_L	1	0	3	Other	¿Quería decir <suggestion>El</suggestion>?	El
L	5085	Era el rey Carlos l.
M	5085	CONFUSION_ELE_I	1	18	19	Other	Posible confusión entre la letra ele minúscula y la letra i mayúscula (números romanos).	I
L	5086	Alqueria Nova l'.
M	5086	MORFOLOGIK_RULE_ES		0	8	UnknownWord	Se ha encontrado un posible error ortográfico.	Alquería|Arquería|Alquerías|Malquería
M	5086	ES_UNPAIRED_BRACKETS		15	16	Other	Símbolo desparejado: Parece que falta un ‘'’.	''|
L	5087	Era el rey Carlos ll.
M	5087	CONFUSION_ELE_I	2	18	20	Other	Posible confusión entre la letra ele minúscula y la letra i mayúscula (números romanos).	II
L	5088	Era el rey Carlos lI.
M	5088	CONFUSION_ELE_I	3	18	20	Other	Posible confusión entre la letra ele minúscula y la letra i mayúscula (números romanos).	II
L	5089	Park Il-soon.
M	5089	MORFOLOGIK_RULE_ES		5	7	UnknownWord	Se ha encontrado un posible error ortográfico.	El|Al|Él|Ir|Mil|Gil|Id|Vil|FIL|I|IA|ID|II|IP|IT|IU|IV|IX|Ilo|Iu|L|Nil|SL|TL|XL|Cl|Dl|Hl|Ll|mL|Ml|Sil|Ía|Ío|I l|IG
M	5089	MORFOLOGIK_RULE_ES		8	12	UnknownWord	Se ha encontrado un posible error ortográfico.	son|sueno|sobón|Sion
L	5090	Kim Il-Sung.
M	5090	MORFOLOGIK_RULE_ES		4	6	UnknownWord	Se ha encontrado un posible error ortográfico.	El|Al|Él|Ir|Mil|Gil|Id|Vil|FIL|I|IA|ID|II|IP|IT|IU|IV|IX|Ilo|Iu|L|Nil|SL|TL|XL|Cl|Dl|Hl|Ll|mL|Ml|Sil|Ía|Ío|I l|IG
M	5090	MORFOLOGIK_RULE_ES		7	11	UnknownWord	Se ha encontrado un posible error ortográfico.	Song|Sun|Suñé|Yung|Suní|Sun g
L	5091	Era el rey Carlos lll.
M	5091	CONFUSION_ELE_I	4	18	21	Other	Posible confusión entre la letra ele minúscula y la letra i mayúscula (números romanos).	III
L	5092	EI Sr. David.
M	5092	CONFUSION_ELE_I	5	0	2	Other	Posible confusión entre la letra ele minúscula y la letra i mayúscula.	El
L	5093	No quiero que se vulva a producir.
M	5093	VULVA_VUELVA	1	17	22	Other	¿Quería decir <suggestion>vuelva</suggestion>?	vuelva
L	5094	Me lamo Pedro.
M	5094	LAMO_LLAMO	1	3	7	Other	¿Quería decir <suggestion>llamo</suggestion> (del v. 'llamar') en vez de "lamo" (del v. 'lamer')?	llamo
L	5095	Se lama Juan.
M	5095	LAMO_LLAMO	1	3	7	Other	¿Quería decir <suggestion>llama</suggestion> (del v. 'llamar') en vez de "lama" (del v. 'lamer')?	llama
L	5096	¿Te lamas Juan?
M	5096	LAMO_LLAMO	1	4	9	Other	¿Quería decir <suggestion>llamas</suggestion> (del v. 'llamar') en vez de "lamas" (del v. 'lamer')?	llamas
L	5097	¿Qué te parece si lamamos a Julia?
M	5097	LAMO_LLAMO	1	18	25	Other	¿Quería decir <suggestion>llamamos</suggestion> (del v. 'llamar') en vez de "lamamos" (del v. 'lamer')?	llamamos
L	5098	Lama Indeformable.
L	5099	del Lama Norbu
M	5099	UPPERCASE_SENTENCE_START		0	3	Other	Esta frase no empieza con mayúscula.	Del
M	5099	MORFOLOGIK_RULE_ES		9	14	UnknownWord	Se ha encontrado un posible error ortográfico.	Ñorbo|Nor bu
L	5100	Diego Lamas Q.E.P.D.
L	5101	Me lamo Pedro.
M	5101	LAMO_LLAMO	1	3	7	Other	¿Quería decir <suggestion>llamo</suggestion> (del v. 'llamar') en vez de "lamo" (del v. 'lamer')?	llamo
L	5102	Se lama Juan.
M	5102	LAMO_LLAMO	1	3	7	Other	¿Quería decir <suggestion>llama</suggestion> (del v. 'llamar') en vez de "lama" (del v. 'lamer')?	llama
L	5103	¿Cómo te lamas?
M	5103	LAMO_LLAMO	2	9	14	Other	¿Quería decir <suggestion>llamas</suggestion> (del v. 'llamar') en vez de "lamas" (del v. 'lamer')?	llamas
L	5104	No me importa cómo se lame.
M	5104	LAMO_LLAMO	2	22	26	Other	¿Quería decir <suggestion>llame</suggestion> (del v. 'llamar') en vez de "lame" (del v. 'lamer')?	llame
L	5105	El buey solo, bien se lame.
L	5106	Él vive actualmente con su mamá, papa, hermano y abuelo.
M	5106	PAPA	1	33	37	Other	¿Quería decir <suggestion>papá</suggestion> (más habitual en el sentido de 'padre')?	papá
L	5107	Mi abuela nos hizo un guiso de carne y papa.
L	5108	¡Papa, ven aquí!
M	5108	PAPA	2	1	5	Other	¿Quería decir <suggestion>papá</suggestion> (más habitual en el sentido de 'padre')?	Papá
L	5109	Mi papa dice que sí.
M	5109	PAPA	3	3	7	Other	¿Quería decir <suggestion>papá</suggestion> (más habitual en el sentido de 'padre')?	papá
L	5110	El papa de Roma.
L	5111	Mis papas dicen que sí.
M	5111	PAPA	4	4	9	Other	¿Quería decir <suggestion>papás</suggestion> (más habitual en el sentido de 'padres')?	papás
L	5112	Los papas de Roma.
L	5113	Naide quiere comer mis papas.
M	5113	NADIE	1	0	5	Hint	Forma vulgar.	Nadie
L	5114	Es mi tía abuela biológicamente, pero siempre la vi como mi segunda mama.
M	5114	MAMA	1	68	72	Other	¿Quería decir <suggestion>mamá</suggestion> (más habitual en el sentido de 'madre')?	mamá
L	5115	Siempre la vi como mi segunda mama, aunque es mi tía abuela biológicamente.
M	5115	MAMA	2	30	34	Other	¿Quería decir <suggestion>mamá</suggestion> (más habitual en el sentido de 'madre')?	mamá
L	5116	¡Mama, ven aquí!
M	5116	MAMA	3	1	5	Other	¿Quería decir <suggestion>mamá</suggestion> (más habitual en el sentido de 'madre')?	Mamá
L	5117	Mi mama dice que sí.
M	5117	MAMA	4	3	7	Other	¿Quería decir <suggestion>mamá</suggestion> (más habitual en el sentido de 'madre')?	mamá
L	5118	Una molestia en mi mama izquierda.
L	5119	La mama dice que sí.
M	5119	MAMA	5	3	7	Other	¿Quería decir <suggestion>mamá</suggestion> (más habitual en el sentido de 'madre')?	mamá
L	5120	Una molestia en la mama izquierda.
L	5121	Los sarcomas son producto de la transformación maligna de células del tejido conectivo de la mama.
L	5122	Hinchazón de un brazo (próximo a la mama).
L	5123	Los con sejos que le da.
M	5123	ES_SPLIT_WORDS	1	4	13	Other	¿Quería decir <suggestion>consejos</suggestion>?	consejos
L	5124	Bueno, es fruta en lata.
L	5125	Le pidio ayuda
M	5125	MORFOLOGIK_RULE_ES		3	8	UnknownWord	Se ha encontrado un posible error ortográfico.	pidió|podio|midió|pido|lidio|lidió|oídio|pitio|nidio|pedio|pedió|pifio|pifió|pindio|pipió|pipío|pi dio
L	5126	que pa’ mí también fue un gustazo,
M	5126	UPPERCASE_SENTENCE_START		0	3	Other	Esta frase no empieza con mayúscula.	Que
M	5126	MORFOLOGIK_RULE_ES		4	6	UnknownWord	Se ha encontrado un posible error ortográfico.	la|a|ha|ya|da|paz|va|par|pan|ca|pH|PE|ka|ta|EPA|ja|pi|púa|pía|APA|Apa|CPA|Ea|IA|PAC|PC|PD|PDA|POA|PP|Pan|Pao|Pat|Pau|Paz|Pla|Pía|Ra|SA|Spa|ba|ea|epa|fa|oa|opa|opá|paf|pe|pea|pia|poa|spa|upa|upá|za|Å|Ía|PSA
M	5126	ES_UNPAIRED_BRACKETS		6	7	Other	Símbolo desparejado: Parece que falta un ‘‘’.	‘’|
M	5126	MI_SIN_TILDE	2	8	10	Other	Si es un posesivo o un nombre, se escribe sin tilde.	mi
L	5127	Compr ar
M	5127	ES_SPLIT_WORDS	2	0	8	Other	¿Quería decir <suggestion>Comprar</suggestion>?	Comprar
L	5128	Part ir
M	5128	ES_SPLIT_WORDS	2	0	7	Other	¿Quería decir <suggestion>Partir</suggestion>?	Partir
L	5129	Podría original problemas.
M	5129	ORIGINAL_ORIGINAR	1	7	15	Other	Posible confusión. ¿Quería decir <suggestion>originar</suggestion>?	originar
L	5130	U no de los casos más habituales.
M	5130	U_NO	1	0	4	Other	¿Quería decir <suggestion>uno</suggestion>?	Uno
L	5131	Des de otra parte.
M	5131	DESDE	1	0	6	Other	¿Quería decir <suggestion>desde</suggestion>?	Desde
L	5132	No te las des de valiente.
L	5133	No des de comer a los gatos callejeros.
L	5134	Nunca des de comer a un animal salvaje.
L	5135	Des del otro lado.
M	5135	DESDE_EL	1	0	7	Other	¿Quería decir <suggestion>desde el</suggestion>?	Desde el
L	5136	Casa día pasa lo mismo.
M	5136	CASA_CADA	1	0	4	Other	¿Quería decir <suggestion>cada</suggestion>? O bien revise la puntuación.	Cada|Casa,
L	5137	No salgas de casa hijo.
M	5137	CASA_CADA	1	13	17	Other	¿Quería decir <suggestion>cada</suggestion>? O bien revise la puntuación.	cada|casa,
L	5138	Viene a casa día y noche.
L	5139	Alquiler Casa Diciembre 2023
L	5140	Son objeto des discusión.
M	5140	DES_DE	1	11	14	Other	¿Quería decir <suggestion>de</suggestion>?	de
L	5141	Par ese motivo se separaron.
M	5141	PAR_POR	1	0	3	Other	¿Quería decir <suggestion>por</suggestion>?	Por|Para
L	5142	Del par 21.
L	5143	Un par 23 (cromosomas)
L	5144	de par en par dos segundos
M	5144	UPPERCASE_SENTENCE_START		0	2	Other	Esta frase no empieza con mayúscula.	De
L	5145	En el último par 23.
L	5146	¿Lo quiere con a sin leche?
M	5146	CON_O_SIN	1	15	16	Other	¿Quería decir <suggestion>o</suggestion>?	o
L	5147	Pasó durante a primera mitad del siglo.
M	5147	DURANTE_A	1	5	14	Other	¿Quería decir <suggestion>durante la</suggestion>?	durante la
L	5148	Pasó durante al día 30.
M	5148	DURANTE_AL	1	5	15	Other	¿Quería decir <suggestion>durante la</suggestion>?	durante la|durante el
L	5149	Durante al menos tres días.
L	5150	Sucedió posterior mente.
M	5150	ADVERBIO_MENTE	1	8	23	Other	¿Quería decir <suggestion>posteriormente</suggestion>?	posteriormente
L	5151	Nadie entiende la brillante mente de Beethoven
L	5152	Tu misma mente te hará sentir cansado.
L	5153	Vivía en el centro del la ciudad.
M	5153	DEL_LA	1	19	25	Other	Posible confusión. ¿Quería decir <suggestion>de la</suggestion>? Puede ser correcto si se refieren a la nota musical "la".	de la
L	5154	bajaban del la hasta el fa sostenido
M	5154	UPPERCASE_SENTENCE_START		0	7	Other	Esta frase no empieza con mayúscula.	Bajaban
L	5155	la cuerda del la del violín
M	5155	UPPERCASE_SENTENCE_START		0	2	Other	Esta frase no empieza con mayúscula.	La
L	5156	Doug Marvin Asom viene y también Chris Knight, del LA Times!
M	5156	MORFOLOGIK_RULE_ES		0	4	UnknownWord	Se ha encontrado un posible error ortográfico.	Dong
M	5156	MORFOLOGIK_RULE_ES		12	16	UnknownWord	Se ha encontrado un posible error ortográfico.	Asoma|Asomo|Asomó|Asome|Asó|Aso|SOM|Asomá|Asomé|Aso m|ASOS
M	5156	MORFOLOGIK_RULE_ES		39	45	UnknownWord	Se ha encontrado un posible error ortográfico.	Dwight|Wright|Insight|Light|iSight
L	5157	Está vamos muy contentos.
M	5157	ESTABAMOS	1	0	10	Other	Posible confusión.	Estábamos
L	5158	Me siento mal porno haberlo dicho antes.
M	5158	POR_NO	1	14	19	Other	Posible confusión.	por no
L	5159	Al fines de año vendré.
M	5159	A_FINES	1	0	8	Other	¿Quería decir <suggestion>a fines</suggestion>?	A fines|A fin|A los fines
L	5160	De arriba a bajo.
M	5160	ABAJO	2	10	16	Other	Para indicar posición, se escribe <suggestion>abajo</suggestion>.	abajo
L	5161	Vive a bajo.
M	5161	ABAJO	2	5	11	Other	Para indicar posición, se escribe <suggestion>abajo</suggestion>.	abajo
L	5162	Corre hacia a bajo.
M	5162	ABAJO	2	12	18	Other	Para indicar posición, se escribe <suggestion>abajo</suggestion>.	abajo
L	5163	Se vendía a bajo precio.
L	5164	Corre hacia a abajo.
M	5164	ABAJO	3	12	19	Other	Para indicar posición, se escribe <suggestion>abajo</suggestion>.	abajo
L	5165	De arriba a abajo.
L	5166	Aveces pienso lo mismo.
M	5166	AVECES	1	0	6	Other	¿Quería decir <suggestion>a veces</suggestion>? "Aveces" es una forma correcta del v. 'avezar'.	A veces
L	5167	Cuando te aveces, lo entenderás.
L	5168	Para mi era el mejor.
M	5168	PARA_MI_ERA	1	5	7	Other	Si es un pronombre, se escribe con acento. Correcto si es posesivo ("mi era").	mí
L	5169	Fue debido aun problema eléctrico.
M	5169	DEBIDO_AUN	1	11	14	Other	Posible confusión.	a un
L	5170	Se hico un lío con las respuestas.
M	5170	HICO	1	3	7	Other	¿Quería decir <suggestion>hizo</suggestion> (v. 'hacer')? Más raramente, es correcto con el sentido de 'cuerda'.	hizo
L	5171	Dos personas denudas.
M	5171	DENUDO	1	13	20	Other	¿Quería decir <suggestion>desnudas</suggestion>? "Denudas" es correcto como forma del v. 'denudar'.	desnudas
L	5172	Se quedó boca bajo.
M	5172	BOCABAJO	1	9	18	Other	Como adverbio, se escribe <suggestion>bocabajo</suggestion> o <suggestion>boca abajo</suggestion>.	bocabajo|boca abajo
L	5173	Lee enseñó la casa.
M	5173	LEE_LE	1	0	3	Other	Posible confusión. ¿Quería decir <suggestion>le</suggestion>?	Le
L	5174	Lee llevaba su mejor ropa.
M	5174	LEE_LE	1	0	3	Other	Posible confusión. ¿Quería decir <suggestion>le</suggestion>?	Le
L	5175	Tormenta tropical Lee toca tierra en Luisiana
L	5176	La señora Lee es una gran conversadora.
L	5177	No lee nada o casi nada.
L	5178	No lee revistas.
L	5179	Solo lee novelas.
L	5180	No lee chistes.
L	5181	Tú ya saber lo que pasa.
M	5181	SABER_SABES_	1	6	11	Other	Posible confusión.	sabes
L	5182	Tú saber lo que pasa.
M	5182	TU_SIN_TILDE	1	0	2	Other	Si es un posesivo, se escribe sin tilde.	Tu
M	5182	SABER_SABES_	1	3	8	Other	Posible confusión.	sabes
L	5183	Creo que es tu deber ir.
L	5184	Estar junto a tu ser amado.
L	5185	A lo lardo de la década.
M	5185	LARDO_LARGO	1	5	10	Other	¿Quería decir <suggestion>largo</suggestion>?	largo
L	5186	La vemos junto mares.
M	5186	JUNTO_A	1	9	14	Other	Posible confusión. ¿Quería decir <suggestion>junto a</suggestion>?	junto a
L	5187	El general junto el ejército.
M	5187	JUNTO_A	2	11	19	Other	Posible confusión. ¿Quería decir <suggestion>junto al</suggestion>?	junto al
L	5188	Las costumbres junto su principal opositor.
M	5188	JUNTO_A	3	15	20	Other	Posible confusión. ¿Quería decir <suggestion>junto a</suggestion>?	junto a
L	5189	Vimos la película ala vez?
M	5189	ES_QUESTION_MARK		0	5	Other	Símbolo desparejado: Parece que falta un '¿'	¿Vimos
M	5189	ALA_A_LA	1	18	25	Other	¿Quería decir <suggestion>a la vez</suggestion>?	a la vez
L	5190	tienen que venir ala junta una vez al mes.
M	5190	UPPERCASE_SENTENCE_START		0	6	Other	Esta frase no empieza con mayúscula.	Tienen
M	5190	ALA_A_LA	2	17	20	Other	¿Quería decir <suggestion>a la</suggestion>?	a la|la
L	5191	ala delta
M	5191	UPPERCASE_SENTENCE_START		0	3	Other	Esta frase no empieza con mayúscula.	Ala
L	5192	El ala derecha del edificio.
L	5193	voy ala ciudad
M	5193	UPPERCASE_SENTENCE_START		0	3	Other	Esta frase no empieza con mayúscula.	Voy
M	5193	ALA_A_LA	2	4	7	Other	¿Quería decir <suggestion>a la</suggestion>?	a la|la
L	5194	ala delta
M	5194	UPPERCASE_SENTENCE_START		0	3	Other	Esta frase no empieza con mayúscula.	Ala
L	5195	El ala derecha del edificio.
L	5196	tienen que venir ala junta una vez al mes.
M	5196	UPPERCASE_SENTENCE_START		0	6	Other	Esta frase no empieza con mayúscula.	Tienen
M	5196	ALA_A_LA	2	17	20	Other	¿Quería decir <suggestion>a la</suggestion>?	a la|la
L	5197	Asistió alas juntas de defensa.
M	5197	ALA_A_LA	4	8	12	Other	¿Quería decir <suggestion>a las</suggestion>?	a las
L	5198	Dio instrucciones alas fuerzas de seguridad.
M	5198	ALA_A_LA	5	18	22	Other	¿Quería decir <suggestion>a las</suggestion>?	a las
L	5199	De basa en otra solución.
M	5199	DE_BASA	1	0	7	Other	¿Quería decir <suggestion>se basa</suggestion>?	Se basa
L	5200	¡Hay de mí!
L	5201	¡Hay de aquellos que no crean!
L	5202	¡Hay de los que me ofendan!
L	5203	¿Qué hay de lo mío?
L	5204	¿Cuántos hay de los buenos?
L	5205	Hay de diversos tamaños y proyección hacia delante
L	5206	¿Hay de estos en mi talla?
L	5207	Las hay de varias clases.
L	5208	Suciedad hay de muchos tipos y grados.
L	5209	Las hay de muchos tipos
L	5210	¡Hay del que me ofenda!
L	5211	¿Qué hay de lo mío?
L	5212	Se va a ir variado.
M	5212	IR_GERUNDIO	1	11	18	Other	Posible confusión.	variando|variados
L	5213	Se tiene que ir variado.
M	5213	IR_PARTICIPIO_GERUNDIO	1	16	23	Other	Posible confusión.	variando
L	5214	Se ha de ir variado.
M	5214	IR_PARTICIPIO_GERUNDIO	1	12	19	Other	Posible confusión.	variando
L	5215	Se ha ido variado.
M	5215	IR_GERUNDIO	2	10	17	Other	Posible confusión.	variando
L	5216	El coche fue abandonado.
L	5217	Fui aceptado en el club.
L	5218	Se fue variado.
M	5218	IR_GERUNDIO	2	7	14	Other	Posible confusión.	variando
L	5219	El coche fue abandonado.
L	5220	Fui aceptado en el club.
L	5221	Se fue cansado a casa.
L	5222	Ha ido aumentado.
M	5222	IR_PARTICIPIO_GERUNDIO	3	7	16	Other	Posible confusión.	aumentando
L	5223	Va llegado.
M	5223	IR_PARTICIPIO_GERUNDIO	3	3	10	Other	Posible confusión.	llegando
L	5224	El coche fue abandonado.
L	5225	Fui aceptado en el club.
L	5226	Entonces ve realizado su ideal.
L	5227	Ve llegado su momento.
L	5228	¡Vaya resfriado!
L	5229	Ha estado intentado llamarte.
M	5229	ESTAR_PARTICIPIO_GERUNDIO	1	10	19	Other	Posible confusión. ¿Quería decir <suggestion>intentando</suggestion>?	intentando
L	5230	¿Estás intentado burlarte de mí?
M	5230	ESTAR_PARTICIPIO_GERUNDIO	1	7	16	Other	Posible confusión. ¿Quería decir <suggestion>intentando</suggestion>?	intentando
L	5231	Se va a estar variado.
M	5231	ESTAR_PARTICIPIO_GERUNDIO	2	14	21	Other	Posible confusión.	variando
L	5232	Se tiene que estar variado.
M	5232	ESTAR_PARTICIPIO_GERUNDIO	2	19	26	Other	Posible confusión.	variando
L	5233	Se ha de estar variado.
M	5233	ESTAR_PARTICIPIO_GERUNDIO	2	15	22	Other	Posible confusión.	variando
L	5234	Te he estado mirado.
M	5234	ESTAR_PARTICIPIO_GERUNDIO	2	13	19	Other	Posible confusión.	mirando
L	5235	La ha estado buscado durante cinco horas.
M	5235	ESTAR_PARTICIPIO_GERUNDIO	2	13	20	Other	Posible confusión.	buscando
L	5236	Se está variado.
M	5236	ESTAR_PARTICIPIO_GERUNDIO	3	8	15	Other	Posible confusión.	variando
L	5237	Me estoy acostumbrado.
M	5237	ESTAR_PARTICIPIO_GERUNDIO	3	9	21	Other	Posible confusión.	acostumbrando
L	5238	John Hopkins University.
M	5238	JOHNS_HOPKINS	1	0	12	Other	¿Quería decir <suggestion>Johns Hopkins</suggestion> (universidad americana)?	Johns Hopkins
M	5238	MORFOLOGIK_RULE_ES		13	23	UnknownWord	Se ha encontrado un posible error ortográfico.	Universia
L	5239	No lo trajeron debido que no estaba acabado.
M	5239	DEBIDO_QUE	1	15	25	Other	¿Quería decir <suggestion>debido a que</suggestion>?	debido a que
L	5240	Y podes pensar lo que quieras.
M	5240	PODAR_PODER	1	2	7	Other	Posible confusión.	podés|podéis|puedes
L	5241	Y podo pensar lo que quiera.
M	5241	PODAR_PODER	2	2	6	Other	Posible confusión.	puedo
L	5242	Dame la ora.
M	5242	ORA_HORA	1	8	11	Other	¿Quería decir <suggestion>hora</suggestion>? Correcto si es del v. 'orar'.	hora
L	5243	El monje ora durante una hora.
L	5244	Pueden ven el resultado al final.
M	5244	VEN	1	7	10	Other	¿Quería decir <suggestion>ver</suggestion>?	ver
L	5245	Está ven deuda.
M	5245	VEN	2	5	8	Other	¿Quería decir <suggestion>en</suggestion>?	en
L	5246	Si tú me dices ven lo dejo todo.
L	5247	Los años que siguen ven la creación de asociaciones culturales croatas.
L	5248	Incluso algunos productores a gran escala ven descensos en la producción.
L	5249	Mientras que las compañías de software espía ven una compra de exploits como un pago
M	5249	MORFOLOGIK_RULE_ES		63	71	UnknownWord	Se ha encontrado un posible error ortográfico.	explota|explotó|explote|expolios|exploto|exploras|explotas|explotes|exploté|explayas|explayes|explayás|explores|explorás|explotá|explotás|expolias|expolies|expoliás|éxplicits
L	5250	No deberán formalizase.
M	5250	SUBJUNTIVO_INFINITIVO	1	11	22	Other	Posible confusión.	formalizarse
L	5251	No tiene que formalizase.
M	5251	TENER_QUE_INFINITIVO	2	13	24	Other	¿Quería decir <suggestion>formalizar</suggestion>?	formalizar
L	5252	Podías encontrara por todas partes.
M	5252	SUBJUNTIVO_INFINITIVO	3	7	17	Other	Posible confusión.	encontrar|encontrarla
L	5253	Tienes que llevara por todas partes.
M	5253	TENER_QUE_INFINITIVO	2	11	18	Other	¿Quería decir <suggestion>llevar</suggestion>?	llevar
L	5254	La situación del a inspección.
M	5254	DE_LA	1	13	18	Other	¿Quería decir <suggestion>de la</suggestion>?	de la
L	5255	La situación del as personas.
M	5255	DE_LAS	1	13	28	Other	¿Quería decir <suggestion>de las personas</suggestion>?	de las personas
L	5256	Al as excluidas.
M	5256	DE_LAS	1	0	15	Other	¿Quería decir <suggestion>A las excluidas</suggestion>?	A las excluidas
L	5257	Jamas dije eso.
M	5257	JAMAS	1	0	5	Other	¿Quería decir <suggestion>jamás</suggestion> (nunca)? "Jamas" puede ser una forma del v. 'jamar' (coloquial).	Jamás
L	5258	Te eh mandado un correo.
M	5258	AH_HA	1	3	5	Other	¿Quería decir <suggestion>he</suggestion>?	he
L	5259	Tampoco está tal mal
M	5259	TAL_TAN	1	13	16	Other	Posible confusión. ¿Quería decir <suggestion>tan</suggestion>?	tan
L	5260	Está tal bueno que me lo comería todo.
M	5260	TAL_TAN	2	5	8	Other	Posible confusión. ¿Quería decir <suggestion>tan</suggestion>?	tan
L	5261	Debemos actuar de tal forma que luego no nos arrepintamos.
L	5262	Tiene que se el mejor.
M	5262	TENER_QUE_INFINITIVO	1	10	12	Other	¿Quería decir <suggestion>ser</suggestion>?	ser
L	5263	Tiene que considera el mejor.
M	5263	TENER_QUE_INFINITIVO	2	10	19	Other	¿Quería decir <suggestion>considerar</suggestion>?	considerar
L	5264	Tiene que cree que es posible.
M	5264	TENER_QUE_INFINITIVO	2	10	14	Other	¿Quería decir <suggestion>creer</suggestion>?	creer
L	5265	¿Qué tiene que cree que es el mejor?
L	5266	Se ha de considera el mejor.
M	5266	HABER_DE_INFINITIVO	1	9	18	Other	¿Quería decir <suggestion>considerar</suggestion>?	considerar
L	5267	Había de cree que es posible.
M	5267	HABER_DE_INFINITIVO	1	9	13	Other	¿Quería decir <suggestion>creer</suggestion>?	creer
L	5268	Sus precios han de incorporan toda la información disponible
M	5268	HABER_DE_INFINITIVO	1	19	29	Other	¿Quería decir <suggestion>incorporar</suggestion>?	incorporar
L	5269	400 ha de cebada.
L	5270	Hubo de hecho una riña.
L	5271	la cantidad que haya de dichos elementos
M	5271	UPPERCASE_SENTENCE_START		0	2	Other	Esta frase no empieza con mayúscula.	La
L	5272	ha de hecho difundido
M	5272	UPPERCASE_SENTENCE_START		0	2	Other	Esta frase no empieza con mayúscula.	Ha
L	5273	He de Han, emperador chino.
L	5274	puede haber de hecho hasta tres cesuras
M	5274	UPPERCASE_SENTENCE_START		0	5	Other	Esta frase no empieza con mayúscula.	Puede
L	5275	He de veras pensado en ello.
L	5276	Puede haber de uno a ocho casos.
M	5276	HABER_DE_INFINITIVO	2	15	18	Other	Probablemente falta un infinitivo después de la expresión 'haber de'.	
L	5277	Habías de ahorar lo que pudieras.
M	5277	HABER_DE_INFINITIVO	2	10	16	Other	Probablemente falta un infinitivo después de la expresión 'haber de'.	ahorrar|adorar|ahogar|ahorcar|añorar|aforar|ahuecar|atorar|ahormar|acorar
L	5278	Había de manifestarlo.
L	5279	400 ha de cebada.
L	5280	Hubo de hecho una riña.
L	5281	la cantidad que haya de dichos elementos
M	5281	UPPERCASE_SENTENCE_START		0	2	Other	Esta frase no empieza con mayúscula.	La
L	5282	ha de hecho difundido
M	5282	UPPERCASE_SENTENCE_START		0	2	Other	Esta frase no empieza con mayúscula.	Ha
L	5283	He de Han, emperador chino.
L	5284	puede haber de hecho hasta tres cesuras
M	5284	UPPERCASE_SENTENCE_START		0	5	Other	Esta frase no empieza con mayúscula.	Puede
L	5285	He de veras pensado en ello.
L	5286	Porque entremedio hubo de todo.
L	5287	Lo que pueda haber de exorbitante.
L	5288	Una protección similar ah sido argumentada.
M	5288	SIDO	1	23	30	Other	¿Quería decir <suggestion>ha sido</suggestion>?	ha sido
L	5289	Habían sido expulsados.
L	5290	Habría sido excepcional.
L	5291	Ha sido bonito.
L	5292	Una protección similar sido argumentada.
M	5292	SIDO	2	23	27	Other	¿Quería decir <suggestion>ha sido</suggestion>?	ha sido
L	5293	Habían sido expulsados.
L	5294	Habría sido excepcional.
L	5295	Ha sido bonito.
L	5296	Había muerto y sido sepultado en esta ciudad.
L	5297	Se reveló contra el rey.
M	5297	REBELAR_REVELAR	1	3	9	Other	¿Quería decir <suggestion>rebeló</suggestion> (sublevar) en vez de "revelar" (desvelar, descubrir)?	rebeló
L	5298	Tuvo que revelarse contra el rey.
M	5298	REBELAR_REVELAR	1	9	18	Other	¿Quería decir <suggestion>rebelarse</suggestion> (sublevar) en vez de "revelar" (desvelar, descubrir)?	rebelarse
L	5299	Se rebeló que era mentira.
M	5299	REBELAR_REVELAR	2	3	9	Other	¿Quería decir <suggestion>reveló</suggestion> (descubrir, desvelar) en vez de "rebelar" (sublevar)?	reveló
L	5300	Hay que rebelar que no es verdad.
M	5300	REBELAR_REVELAR	2	8	15	Other	¿Quería decir <suggestion>revelar</suggestion> (descubrir, desvelar) en vez de "rebelar" (sublevar)?	revelar
L	5301	Según rebeló la prensa, el presidente dimitió.
M	5301	REBELAR_REVELAR	3	6	12	Other	¿Quería decir <suggestion>reveló</suggestion> (descubrir, desvelar) en vez de "rebelar" (sublevar)?	reveló
L	5302	Tal y como ha rebelado el diario, el presidente no ha dimitido.
M	5302	REBELAR_REVELAR	3	14	22	Other	¿Quería decir <suggestion>revelado</suggestion> (descubrir, desvelar) en vez de "rebelar" (sublevar)?	revelado
L	5303	El misterio rebelado por el detective.
M	5303	REBELAR_REVELAR	4	12	20	Other	¿Quería decir <suggestion>revelado</suggestion> (descubrir, desvelar) en vez de "rebelar" (sublevar)?	revelado
L	5304	Los detalles rebelados por el presidente.
M	5304	REBELAR_REVELAR	4	13	22	Other	¿Quería decir <suggestion>revelados</suggestion> (descubrir, desvelar) en vez de "rebelar" (sublevar)?	revelados
L	5305	Se rebeló el misterio.
M	5305	REBELAR_REVELAR	5	3	9	Other	¿Quería decir <suggestion>reveló</suggestion> (descubrir, desvelar) en vez de "rebelar" (sublevar)?	reveló
L	5306	Hay que rebelar la verdad.
M	5306	REBELAR_REVELAR	5	8	15	Other	¿Quería decir <suggestion>revelar</suggestion> (descubrir, desvelar) en vez de "rebelar" (sublevar)?	revelar
L	5307	Nos vemos visto obligados a hacerlo.
M	5307	VEMOS_HEMOS	1	4	9	Other	¿Quería decir <suggestion>hemos</suggestion>?	hemos
L	5308	Nos vemos obligados a hacerlo.
L	5309	Dame laque quieras.
M	5309	LAQUE	1	5	10	Other	¿Quería decir <suggestion>la que</suggestion>? "Laque" es correcto si es del v. 'lacar'.	la que
L	5310	Cuando se laque el pelo, no la reconocerás.
L	5311	Le quise decir ola, pero ya se había ido.
M	5311	OLA_HOLA	1	15	18	Other	¿Quería decir <suggestion>hola</suggestion> (saludo)?	hola
L	5312	Ola Juan!
M	5312	OLA_HOLA	2	0	3	Other	¿Quería decir <suggestion>hola,</suggestion> (saludo)?	Hola,
L	5313	¿Ola qué tal, Juan?
M	5313	OLA_HOLA	2	1	4	Other	¿Quería decir <suggestion>hola,</suggestion> (saludo)?	Hola,
L	5314	"¿Ola quién es?"
M	5314	OLA_HOLA	2	2	5	Other	¿Quería decir <suggestion>hola,</suggestion> (saludo)?	Hola,
L	5315	¡Ola quien va!
M	5315	OLA_HOLA	2	1	4	Other	¿Quería decir <suggestion>hola,</suggestion> (saludo)?	Hola,
L	5316	Ola de calor en la costa.
L	5317	Vino una gran hola.
M	5317	HOLA_OLA	1	14	18	Other	¿Quería decir <suggestion>ola</suggestion> (onda, oleada)?	ola
L	5318	Una hola enorme.
M	5318	HOLA_OLA	1	4	8	Other	¿Quería decir <suggestion>ola</suggestion> (onda, oleada)?	ola
L	5319	hola de calor.
M	5319	HOLA_OLA	2	0	4	Other	¿Quería decir <suggestion>ola</suggestion> (onda, oleada)?	ola
L	5320	Hola de nuevo.
L	5321	Hola de parte de mi hermano.
L	5322	He intenta hacerlo mejor.
M	5322	HE_E	1	0	10	Other	Si es una conjunción, se escribe sin hache. Si no, falta un participio después del verbo auxiliar 'haber'.	E intenta|He intentado
L	5323	He intenta hacerlo mejor.
M	5323	HE_E	1	0	10	Other	Si es una conjunción, se escribe sin hache. Si no, falta un participio después del verbo auxiliar 'haber'.	E intenta|He intentado
L	5324	He trabajad mejor.
M	5324	HE_E	3	0	11	Other	Falta un participio después del verbo auxiliar 'haber'.	He trabajado
L	5325	¿Por qué he decido dejar de usar WordPress?
M	5325	HE_E	3	9	18	Other	Falta un participio después del verbo auxiliar 'haber'.	he decidido|he debido|he decaído|he mecido
L	5326	He quedé extrañado.
M	5326	HE_E	3	0	8	Other	Falta un participio después del verbo auxiliar 'haber'.	He quedado
L	5327	Me he cansa mucho.
M	5327	HE_E	3	3	11	Other	Falta un participio después del verbo auxiliar 'haber'.	he cansado
L	5328	He trabajad mejor.
M	5328	HE_E	3	0	11	Other	Falta un participio después del verbo auxiliar 'haber'.	He trabajado
L	5329	He me sentido muy bien.
M	5329	HE_E	7	0	13	Other	Orden incorrecto.	me he sentido
L	5330	He coche més nuevo.
M	5330	MORFOLOGIK_RULE_ES		9	12	UnknownWord	Se ha encontrado un posible error ortográfico.	mes|es|más|vez|les|mas|me|des|mesa|mis|pez|res|ves|tez|CES|mee|meso|mus|tés|mea|mese|mies|bes|ames|meo|meza|emes|hez|meas|mees|meé|meó|Ames|Fez|IES|MERS|MIES|Meis|Mey|Mos|Mues|aes|ces|ees|fes|ges|meos|mesá|mesé|mesó|mezo|meá|meás|mos|ms|oes|pes|yes|íes|úes
L	5331	Nunca he 'lavao'.
M	5331	MORFOLOGIK_RULE_ES		10	15	UnknownWord	Se ha encontrado un posible error ortográfico.	lava|labio|lavado|lavar|labró|lavabo|lavas|lavan|labro|lavó|lábaro|lavo|lavajo|lavad|lavalo|lavaos|lavá|lavás|lávalo|lava o
L	5332	Ha leido todo el libro.
M	5332	HA_A	1	0	8	Other	Falta un participio tras el verbo auxiliar 'haber'.	Ha leído|Ha reído|Ha peído
L	5333	Ha estos no me los creo.
M	5333	HA_A	2	0	2	Other	Si no es del v. 'haber', se escribe sin hache.	A
L	5334	Ha dicho que sí.
L	5335	Ha claramente dicho que sí.
L	5336	Ha, ha, ha: no me lo creo.
L	5337	Lo ha vuelto ha hacer.
M	5337	HA_A	2	13	15	Other	Si no es del v. 'haber', se escribe sin hache.	a
L	5338	Volver ha casa.
M	5338	HA_A	2	7	9	Other	Si no es del v. 'haber', se escribe sin hache.	a
L	5339	Voy ha St. James.
M	5339	HA_A	2	4	6	Other	Si no es del v. 'haber', se escribe sin hache.	a
M	5339	MORFOLOGIK_RULE_ES		7	9	UnknownWord	Se ha encontrado un posible error ortográfico.	Se|Su|Si|Sí|So|Sé|IT|Ot|SA|SAT|SD|SL|STC|Set|Sr|TT|S|FT|LT|RT
L	5340	Lo ha dicho.
L	5341	Lo ha claramente dicho.
L	5342	Ha de regarse sin falta.
L	5343	que alguien ha incluso incrementado
M	5343	UPPERCASE_SENTENCE_START		0	3	Other	Esta frase no empieza con mayúscula.	Que
L	5344	3.500 ha limpias en el bosque.
L	5345	Este año ha llovido bastante.
L	5346	¿Ha usted reservado un cuarto de hotel?
L	5347	Años ha de aquello.
L	5348	¡Ha, y ahora de pronto es "mi" idea!
L	5349	Ha estos no me los creo.
M	5349	HA_A	2	0	2	Other	Si no es del v. 'haber', se escribe sin hache.	A
L	5350	Ha dicho que sí.
L	5351	Ha claramente dicho que sí.
L	5352	Ha, ha, ha: no me lo creo.
L	5353	Lo ha vuelto ha hacer.
M	5353	HA_A	2	13	15	Other	Si no es del v. 'haber', se escribe sin hache.	a
L	5354	Volver ha casa.
M	5354	HA_A	2	7	9	Other	Si no es del v. 'haber', se escribe sin hache.	a
L	5355	Voy ha St. James.
M	5355	HA_A	2	4	6	Other	Si no es del v. 'haber', se escribe sin hache.	a
M	5355	MORFOLOGIK_RULE_ES		7	9	UnknownWord	Se ha encontrado un posible error ortográfico.	Se|Su|Si|Sí|So|Sé|IT|Ot|SA|SAT|SD|SL|STC|Set|Sr|TT|S|FT|LT|RT
L	5356	Lo ha dicho.
L	5357	Lo ha claramente dicho.
L	5358	Ha de regarse sin falta.
L	5359	que alguien ha incluso incrementado
M	5359	UPPERCASE_SENTENCE_START		0	3	Other	Esta frase no empieza con mayúscula.	Que
L	5360	3.500 ha limpias en el bosque.
L	5361	Este año ha llovido bastante.
L	5362	¿Ha usted reservado un cuarto de hotel?
L	5363	Años ha de aquello.
L	5364	¡Ha, y ahora de pronto es "mi" idea!
L	5365	Más aya de esto.
M	5365	AYA_HAYA	1	0	7	Other	¿Quería decir <suggestion>más allá</suggestion>? "Aya" existe como sustantivo poco usual.	Más allá|Más haya
L	5366	Cuando aya venido, llámala.
M	5366	AYA_HAYA	2	7	10	Other	¿Quería decir <suggestion>haya</suggestion> (v. haber; árbol)? "Aya" existe como sustantivo poco usual.	haya
M	5366	AGREEMENT_POSTPONED_ADJ	3	11	17	Other	Revise la concordancia de «venido» con los nombres precedentes o revise la puntuación.	venida
L	5367	No ve vale este resultado.
M	5367	VE_LE	1	3	5	Other	¿Quería decir <suggestion>le</suggestion>?	le|me|te
L	5368	El lago se ve com un mar.
M	5368	MORFOLOGIK_RULE_ES		14	17	UnknownWord	Se ha encontrado un posible error ortográfico.	con|como|cm|cómo|coma|come|ROM|col|coz|comí|CAM|CO|COI|COP|COU|CO₂|CPM|CRM|Cam|CoA|CoV|Cox|SOM|Tom|WOM|coa|comé
L	5369	No ve nada allá abajo.
L	5370	Todo lo que ve despierta su curiosidad.
L	5371	Podría a ber sido peor.
M	5371	A_VER_HABER	1	7	12	Other	¿Quería decir <suggestion>haber</suggestion>?	haber
L	5372	Podría, sin duda, a ver sido peor.
M	5372	A_VER_HABER	2	18	23	Other	¿Quería decir <suggestion>haber</suggestion>?	haber
M	5372	SIDO	2	24	28	Other	¿Quería decir <suggestion>ha sido</suggestion>?	ha sido
L	5373	Podría, sin duda, a verlo hecho peor.
M	5373	A_VER_HABER	2	18	25	Other	¿Quería decir <suggestion>haberlo</suggestion>?	haberlo
L	5374	¡A ver estudiado!
M	5374	A_VER_HABER	2	1	6	Other	¿Quería decir <suggestion>haber</suggestion>?	Haber
L	5375	¡A verlo dicho antes!
M	5375	A_VER_HABER	2	1	8	Other	¿Quería decir <suggestion>haberlo</suggestion>?	Haberlo
L	5376	No se puede aprobar sin a ver presentado el trabajo.
M	5376	A_VER_HABER	2	24	29	Other	¿Quería decir <suggestion>haber</suggestion>?	haber
L	5377	Voy a verlos contento del esfuerzo.
L	5378	Podría a ver otros.
M	5378	A_VER_HABER	3	7	12	Other	¿Quería decir <suggestion>haber</suggestion>?	haber
L	5379	Podría a verlos.
M	5379	A_VER_HABER	3	7	15	Other	¿Quería decir <suggestion>haberlos</suggestion>?	haberlos
L	5380	Tenía que a verlos dicho esto.
M	5380	A_VER_HABER	2	10	18	Other	¿Quería decir <suggestion>haberlos</suggestion>?	haberlos
L	5381	Tenía que a vérselo dicho.
M	5381	A_VER_HABER	2	10	19	Other	¿Quería decir <suggestion>habérselo</suggestion>?	habérselo
L	5382	Parece a ver algo ahí.
M	5382	A_VER_HABER	3	7	12	Other	¿Quería decir <suggestion>haber</suggestion>?	haber
L	5383	Sin a ver alguien más, no se puede.
M	5383	A_VER_HABER	3	4	9	Other	¿Quería decir <suggestion>haber</suggestion>?	haber
L	5384	Haber, ¿qué te pasa?
M	5384	HABER_A_VER	1	0	5	Other	¿Quería decir <suggestion>a ver</suggestion>?	A ver
L	5385	¡Tiene que haber!
L	5386	A ver, ¿cuántas casas tienes en tu haber?
L	5387	¿Qué otra explicación puede haber?
L	5388	es lo que hay, y no debería haber, en el encuentro de las mujeres
M	5388	UPPERCASE_SENTENCE_START		0	2	Other	Esta frase no empieza con mayúscula.	Es
L	5389	con la mejor lana habida y por haber,
M	5389	UPPERCASE_SENTENCE_START		0	3	Other	Esta frase no empieza con mayúscula.	Con
L	5390	Debe de haber, por ahí, alguno.
L	5391	Con el auxiliar haber, etc.
L	5392	hacer, ser, haber, bastar
M	5392	UPPERCASE_SENTENCE_START		0	5	Other	Esta frase no empieza con mayúscula.	Hacer
L	5393	Haber si lo conseguimos.
M	5393	HABER_AVER	2	0	8	Other	¿Quería decir <suggestion>a ver si</suggestion>?	A ver si
L	5394	Fue haber a su abuela.
M	5394	HABER_A_VER	3	4	9	Other	¿Quería decir <suggestion>a ver</suggestion>?	a ver
L	5395	Las llevaron haber una película.
M	5395	HABER_A_VER	4	13	18	Other	¿Quería decir <suggestion>a ver</suggestion>?	a ver|a haber
L	5396	Empezó haber la serie.
M	5396	HABER_A_VER	4	7	12	Other	¿Quería decir <suggestion>a ver</suggestion>?	a ver|a haber
L	5397	Empieza haber buenos melones.
M	5397	HABER_A_VER	4	8	13	Other	¿Quería decir <suggestion>a ver</suggestion>?	a ver|a haber
L	5398	¡Vamos haber!
M	5398	HABER_AVER	3	1	12	Other	¿Quería decir <suggestion>vamos a ver</suggestion>?	Vamos a ver
L	5399	Lo que más me molestó fue haber sido engañado.
L	5400	su éxito fue haber seguido al pie de la letra una estrategia
M	5400	UPPERCASE_SENTENCE_START		0	2	Other	Esta frase no empieza con mayúscula.	Su
L	5401	Haber quién viene.
M	5401	HABER_A_VER	5	0	5	Other	¿Quería decir <suggestion>a ver</suggestion>?	A ver
L	5402	Haber cuántos hay.
M	5402	HABER_A_VER	5	0	5	Other	¿Quería decir <suggestion>a ver</suggestion>?	A ver
L	5403	Haber por qué tiene que ser así.
M	5403	HABER_A_VER	5	0	5	Other	¿Quería decir <suggestion>a ver</suggestion>?	A ver
L	5404	¡Tiene que haber quién lo diga!
L	5405	Haber señor presidente.
M	5405	HABER_A_VER	6	0	5	Other	¿Quería decir <suggestion>a ver</suggestion>?	A ver
L	5406	Haber cuando me llega y os comento.
M	5406	HABER_A_VER	6	0	5	Other	¿Quería decir <suggestion>a ver</suggestion>?	A ver
L	5407	Lo que más me molestó fue haber sido engañado.
L	5408	su éxito fue haber seguido al pie de la letra una estrategia
M	5408	UPPERCASE_SENTENCE_START		0	2	Other	Esta frase no empieza con mayúscula.	Su
L	5409	¡Tiene que haber quién lo diga!
L	5410	haya (verbo “haber”)
M	5410	UPPERCASE_SENTENCE_START		0	4	Other	Esta frase no empieza con mayúscula.	Haya
L	5411	SER, HABER Y HACER
L	5412	Se pude hacer mejor.
M	5412	PUDE_PUEDE	1	0	7	Other	Posible confusión. Falta de concordancia.	Se puede
L	5413	Pude ser correcto.
L	5414	Yo pude ser el primero.
L	5415	Puude ser yo el primero.
M	5415	MORFOLOGIK_RULE_ES		0	5	UnknownWord	Se ha encontrado un posible error ortográfico.	Puede|Pude
L	5416	No me ha llegado e correo.
M	5416	E_SINGLE_CHAR	1	17	18	Other	Asegúrese de que el carácter 'e' es correcto y no es un error de escritura.	el|en|de|es|y
L	5417	Libres e iguales.
L	5418	los ejes principales X e Y
M	5418	UPPERCASE_SENTENCE_START		0	3	Other	Esta frase no empieza con mayúscula.	Los
L	5419	No me ha llegado e vuelta.
M	5419	E_SINGLE_CHAR	2	17	18	Other	Asegúrese de que el carácter 'e' es correcto y no es un error de escritura.	en|de|es|y
L	5420	Cerrar el archivo e ejecutar el programa.
M	5420	E_SINGLE_CHAR	2	18	19	Other	Asegúrese de que el carácter 'e' es correcto y no es un error de escritura.	en|de|es|y
L	5421	Cuando e como tú quieras.
M	5421	E_SINGLE_CHAR	2	7	8	Other	Asegúrese de que el carácter 'e' es correcto y no es un error de escritura.	en|de|es|y
L	5422	Alemania e Italia.
L	5423	Agua e iones.
M	5423	Y_E_O_U	3	5	6	Other	Cuando precede a palabras que comienzan con diptongo, se usa la conjunción 'y', no 'e'.	y
L	5424	La letra e.
L	5425	El apartado e del artículo 4 de la Ley.
L	5426	Tom le remitió el correo-e que recibió de Mary a John.
L	5427	Los ejes principales X e Y.
L	5428	Se escribe con e mayúscula.
L	5429	Mi casa e su casa.
M	5429	E_SINGLE_CHAR	3	8	9	Other	Asegúrese de que el carácter 'e' es correcto y no es un error de escritura.	en|de|es|y
L	5430	En esto ámbito es el mejor.
M	5430	ESTO_ESTE	1	3	7	Other	¿Quería decir <suggestion>este</suggestion>?	este
L	5431	En esto campo es el mejor.
M	5431	ESTO_ESTE	1	3	7	Other	¿Quería decir <suggestion>este</suggestion>?	este
L	5432	Estoy viviendo en esto momento en Rusia
M	5432	ESTO_ESTE	1	18	22	Other	¿Quería decir <suggestion>este</suggestion>?	este
L	5433	Es con esto deseo que lo solicito.
M	5433	ESTO_ESTE	1	7	11	Other	¿Quería decir <suggestion>este</suggestion>?	este
L	5434	En esto momento no puedo responderle.
M	5434	ESTO_ESTE	1	3	7	Other	¿Quería decir <suggestion>este</suggestion>?	este
L	5435	Por esto motivo, las ciudades se encuentran en declive.
M	5435	ESTO_ESTE	1	4	8	Other	¿Quería decir <suggestion>este</suggestion>?	este
L	5436	En esto suelo ser el primero.
L	5437	¿Es esto intrusismo?
L	5438	Esto pasó en el año 2000.
L	5439	Tendré todo esto preparadao a las ocho.
M	5439	MORFOLOGIK_RULE_ES		17	27	UnknownWord	Se ha encontrado un posible error ortográfico.	preparado|preparada|preparadas|preparadlo|preparada o
L	5440	Tendré esto preparadao a las ocho.
M	5440	MORFOLOGIK_RULE_ES		12	22	UnknownWord	Se ha encontrado un posible error ortográfico.	preparado|preparada|preparadas|preparadlo|preparada o
L	5441	Lo haré para evitar que esto pase.
L	5442	Con esto seguro que se paliará el dolor.
L	5443	Hay que dejar esto hecho.
L	5444	Esto logro detectarlo.
L	5445	¿Sabría decirme en qué idioma está esto escrito?
L	5446	Quiero que deje esto claro.
L	5447	Es importante tener esto presente.
L	5448	que de verdad permita hacer esto efectivo
M	5448	UPPERCASE_SENTENCE_START		0	3	Other	Esta frase no empieza con mayúscula.	Que
L	5449	y con esto deseo acabar mi intervención
M	5449	UPPERCASE_SENTENCE_START		0	1	Other	Esta frase no empieza con mayúscula.	Y
L	5450	Esto debe ahora aplicarse.
L	5451	No ha de ser esto motivo para no agradecerle su inmenso trabajo.
L	5452	A esto debe usted oponerse.
L	5453	Cuando digo esto pienso sobre todo en los intereses.
L	5454	En eso ámbito es el mejor.
M	5454	ESO_ESE	1	3	6	Other	¿Quería decir <suggestion>ese</suggestion>?	ese|eso,
L	5455	En eso campo es el mejor.
M	5455	ESO_ESE	1	3	6	Other	¿Quería decir <suggestion>ese</suggestion>?	ese|eso,
L	5456	Estoy viviendo en eso momento en Rusia
M	5456	ESO_ESE	1	18	21	Other	¿Quería decir <suggestion>ese</suggestion>?	ese|eso,
L	5457	Es con eso deseo que lo solicito.
M	5457	ESO_ESE	1	7	10	Other	¿Quería decir <suggestion>ese</suggestion>?	ese|eso,
L	5458	En eso momento no puedo responderle.
M	5458	ESO_ESE	1	3	6	Other	¿Quería decir <suggestion>ese</suggestion>?	ese|eso,
L	5459	Por eso motivo, las ciudades se encuentran en declive.
M	5459	ESO_ESE	1	4	7	Other	¿Quería decir <suggestion>ese</suggestion>?	ese|eso,
L	5460	Por eso señor te pido fuerzas.
M	5460	ESO_ESE	1	4	7	Other	¿Quería decir <suggestion>ese</suggestion>?	ese|eso,
L	5461	En eso suelo ser el primero.
L	5462	¿Es eso intrusismo?
L	5463	Eso pasó en el año 2000.
L	5464	Tendré todo eso preparadao a las ocho.
M	5464	MORFOLOGIK_RULE_ES		16	26	UnknownWord	Se ha encontrado un posible error ortográfico.	preparado|preparada|preparadas|preparadlo|preparada o
L	5465	Tendré eso preparadao a las ocho.
M	5465	MORFOLOGIK_RULE_ES		11	21	UnknownWord	Se ha encontrado un posible error ortográfico.	preparado|preparada|preparadas|preparadlo|preparada o
L	5466	Lo haré para evitar que eso pase.
L	5467	Con eso seguro que se paliará el dolor.
L	5468	Hay que dejar eso hecho.
L	5469	Eso logro detectarlo.
L	5470	¿Sabría decirme en qué idioma está eso escrito?
L	5471	Quiero que deje eso claro.
L	5472	Es importante tener eso presente.
L	5473	que de verdad permita hacer eso efectivo
M	5473	UPPERCASE_SENTENCE_START		0	3	Other	Esta frase no empieza con mayúscula.	Que
L	5474	y con eso deseo acabar mi intervención
M	5474	UPPERCASE_SENTENCE_START		0	1	Other	Esta frase no empieza con mayúscula.	Y
L	5475	Eso debe ahora aplicarse.
L	5476	No ha de ser eso motivo para no agradecerle su inmenso trabajo.
L	5477	A eso debe usted oponerse.
L	5478	Cuando digo eso pienso sobre todo en los intereses.
L	5479	Eso dije yo.
L	5480	En lugar de eso comienzo a ser fantástico.
L	5481	Por eso trabajo.
L	5482	Pero en Oaxaca eso imposible.
L	5483	Por eso vino Jesús.
L	5484	Para eso trabajo.
L	5485	Y por eso Papá Noel no les trae regalos.
L	5486	Por eso Señor te pido fuerzas.
L	5487	Porque eso puntos son válidos.
M	5487	ESO_ESOS	1	7	10	Other	Posible confusión. ¿Quería decir <suggestion>esos</suggestion>, en concordancia con "puntos"? O revise la puntuación.	esos|eso,
L	5488	Así que hay que discernir esto hermanos.
M	5488	ESO_ESOS	1	26	30	Other	Posible confusión. ¿Quería decir <suggestion>estos</suggestion>, en concordancia con "hermanos"? O revise la puntuación.	estos|esto,
L	5489	Y todo esto gracias al ojo de Pedro.
L	5490	Y no afirmamos esto guiados solamente por un conjunto de formas externas.
L	5491	Y no afirmamos esto guiados por un conjunto de formas externas.
L	5492	Los Carrari eran gibelinos y fueron por eso exiliados en 1274.
M	5492	MORFOLOGIK_RULE_ES		4	11	UnknownWord	Se ha encontrado un posible error ortográfico.	Carrera|Cargar|Cerrar|Narrar|Carraca|Cerrara|Cerrará|Cerraría|Cargara|Cargará|Cargaría|Narrará|Narraría|Cardar|Carrero|Narrara|Currar|Barrar|Carral|Cerraré|Caray|Carear|Carraco|Cerrare|Marrar|Campari|Carcasí|Cariati|Cárcar|Ferrari|Garray|Margari|Acarrar|Acarrara|Acarrare|Acarrará|Acarraré|Acarraría|Ariary|Barrara|Barrare|Barrará|Barraré|Barraría|Capraria|Caprario|Carare|Carbalí|Cardara|Cardare|Cardario|Cardará|Cardaré|Cardaría|Careara|Careare|Careará|Carearé|Carearía|Cargare|Cargaré|Cariar|Cariara|Cariare|Cariará|Cariaré|Cariaría|Caricari|Carra|Carrada|Carrafa|Carrao|Carraos|Carras|Carraza|Carrazo|Carraña|Carraón|Catarí|Cañari|Cañarí|Currara|Currare|Currará|Curraré|Curraría|Garrar|Garrara|Garrare|Garrará|Garraré|Garraría|Marrara|Marrare|Marrará|Marraré|Marraría|Narrare|Narraré|Tararí|Harari
L	5493	Por eso cuantos más firmantes haya más difícil será que un grupo deshonesto tenga cierto éxito.
L	5494	Por eso cerrajeros Calafell, se encarga de mejorar cada día la calidad de las cerraduras que instala.
L	5495	Los Estanos Unidos.
M	5495	WRONG_IMPERATIVE	1	4	11	Other	Combinación imposible con verbo en imperativo.	Estaños|Estados|Escaños|Estamos|Estaño|Estancos|Cestaños|Estajos|Estands|Estañas
L	5496	Lo dame.
M	5496	WRONG_IMPERATIVE	2	3	7	Other	Combinación imposible con verbo en imperativo.	ame|daré|date|amé|dañe|lame|mame|dome|jame|mamé
L	5497	La dame.
M	5497	WRONG_IMPERATIVE	3	3	7	Other	Combinación imposible con verbo en imperativo.	dama|ame|daré|date|amé|dañe|lame|mame|dome|jame
L	5498	Las dame.
M	5498	WRONG_IMPERATIVE	4	4	8	Other	Combinación imposible con verbo en imperativo.	ame|daré|date|amé|dañe|lame|mame|dome|jame|mamé
L	5499	Le dale
M	5499	WRONG_IMPERATIVE	5	3	7	Other	Combinación imposible con verbo en imperativo.	sale|vale|daré|date|dañe|tale|cale|dalle|calé|salé
L	5500	Le daos esto.
M	5500	WRONG_IMPERATIVE	5	3	7	Other	Combinación imposible con verbo en imperativo.	das|damos|dais
L	5501	De este dale.
M	5501	WRONG_IMPERATIVE	6	3	12	Other	Combinación imposible con verbo en imperativo.	este, dale|este vale|este Dalí|este cale|este dable|este dalle|este calé|este dele|este DLE|este Daule
L	5502	De esta danos.
M	5502	WRONG_IMPERATIVE	7	3	13	Other	Combinación imposible con verbo en imperativo.	esta, danos|esta dañosa|esta Davos|esta Janos
L	5503	De estos dales.
M	5503	WRONG_IMPERATIVE	8	3	14	Other	Combinación imposible con verbo en imperativo.	estos, dales|estos Gales|estos males|estos duales|estos vales|estos diales|estos dalles|estos deles|estos calés|estos Eales
L	5504	De estas danos.
M	5504	WRONG_IMPERATIVE	9	3	14	Other	Combinación imposible con verbo en imperativo.	estas, danos|estas manos|estas danas|estas panos
L	5505	De estas, danos cuatro.
L	5506	Te augúr un buen resultado.
M	5506	MORFOLOGIK_RULE_ES		3	8	UnknownWord	Se ha encontrado un posible error ortográfico.	augur|augura|auguró|auguro|agur|augure|augurá|auguré
L	5507	¿Dónde se encuenta?
M	5507	ES_SIMPLE_REPLACE_SIMPLE_ENCUENTA		10	18	Other	¿Quería decir «en cuenta»?	en cuenta
L	5508	Te quier
M	5508	MORFOLOGIK_RULE_ES		3	8	UnknownWord	Se ha encontrado un posible error ortográfico.	quien|quiere|quién|quiera|quiero|Quer|queer
L	5509	Estaba cantando lo en la puerta.
M	5509	PRONOMBRE_ENCLITICO_SEPARADO	1	7	18	Other	Probablemente se escribe junto.	cantándolo
L	5510	mezcla lo «lírico, épico, trágico, cómico»
M	5510	UPPERCASE_SENTENCE_START		0	6	Other	Esta frase no empieza con mayúscula.	Mezcla
L	5511	y para empezar lo comunican en el tablón de anuncios
M	5511	UPPERCASE_SENTENCE_START		0	1	Other	Esta frase no empieza con mayúscula.	Y
L	5512	Estaba cantando los en la puerta.
M	5512	PRONOMBRE_ENCLITICO_SEPARADO	2	7	19	Other	Probablemente se escribe junto.	cantándolos
L	5513	para ver los "caminos naturales"
M	5513	UPPERCASE_SENTENCE_START		0	4	Other	Esta frase no empieza con mayúscula.	Para
L	5514	quiero completar los 52 retos
M	5514	UPPERCASE_SENTENCE_START		0	6	Other	Esta frase no empieza con mayúscula.	Quiero
L	5515	dejando los no utilizados
M	5515	UPPERCASE_SENTENCE_START		0	7	Other	Esta frase no empieza con mayúscula.	Dejando
L	5516	Estaba cantando la en la puerta.
M	5516	PRONOMBRE_ENCLITICO_SEPARADO	3	7	18	Other	Probablemente se escribe junto.	cantándola
L	5517	¡Que empiece la "traducción"!
L	5518	ha sido acusado de ser la «música del diablo»
M	5518	UPPERCASE_SENTENCE_START		0	2	Other	Esta frase no empieza con mayúscula.	Ha
L	5519	Desde Bailén parte la A-44.
L	5520	Estaba cantando las en la puerta.
M	5520	PRONOMBRE_ENCLITICO_SEPARADO	4	7	19	Other	Probablemente se escribe junto.	cantándolas
L	5521	Trae las por la mañana.
M	5521	PRONOMBRE_ENCLITICO_SEPARADO	4	0	8	Other	Probablemente se escribe junto.	Tráelas
L	5522	imitando las de estilo gótico
M	5522	UPPERCASE_SENTENCE_START		0	8	Other	Esta frase no empieza con mayúscula.	Imitando
L	5523	El sitio web consulta las «cookies» automáticamente.
L	5524	Estaba diciéndose lo en la puerta.
M	5524	PRONOMBRE_ENCLITICO_SEPARADO	5	7	20	Other	Probablemente se escribe junto.	diciéndoselo
L	5525	Estaba diciéndose los en la puerta.
M	5525	PRONOMBRE_ENCLITICO_SEPARADO	6	7	21	Other	Probablemente se escribe junto.	diciéndoselos
L	5526	Muéstreme los de manga corta, por favor.
L	5527	Estaba diciéndose la en la puerta.
M	5527	PRONOMBRE_ENCLITICO_SEPARADO	7	7	20	Other	Probablemente se escribe junto.	diciéndosela
L	5528	armarse la de Dios es Cristo
M	5528	UPPERCASE_SENTENCE_START		0	7	Other	Esta frase no empieza con mayúscula.	Armarse
L	5529	Estaba dándome las en la puerta.
M	5529	PRONOMBRE_ENCLITICO_SEPARADO	8	7	18	Other	Probablemente se escribe junto.	dándomelas
L	5530	Nos acomodarnos a todo.
M	5530	PRONOMBRE_SIN_VERBO	1	0	15	Other	Combinación imposible de pronombre y verbo.	Nos acomodamos
L	5531	El ayudar es un primer paso
L	5532	En contraposición con lo solar.
L	5533	Lo militar es otra cosa.
L	5534	Nos lo confeso.
M	5534	PRONOMBRE_SIN_VERBO	2	0	14	Other	Si es un verbo, se escribe con tilde.	Nos lo confesó
L	5535	Esto te ayudar a mejorar.
M	5535	PRONOMBRE_SIN_VERBO	3	5	14	Other	Posible confusión. Pronombre átono sin verbo.	de ayudar|te ayuda|te ayudará
L	5536	El ayudar es un primer paso
L	5537	En contraposición con lo solar.
L	5538	Lo militar es otra cosa.
L	5539	Esto os ayudar a mejorar.
M	5539	PRONOMBRE_SIN_VERBO	4	5	14	Other	Posible confusión. Pronombre átono sin verbo.	os ayuda|os ayudará
L	5540	El ayudar es un primer paso
L	5541	En contraposición con lo solar.
L	5542	Lo militar es otra cosa.
L	5543	Pero no en la granular.
L	5544	Lo que le dado es secreto.
M	5544	PRONOMBRE_SIN_VERBO	5	7	14	Other	Posible confusión.	le ha dado|le he dado
L	5545	¿Cuándo te encontrado?
M	5545	PRONOMBRE_SIN_VERBO	5	8	21	Other	Posible confusión.	te ha encontrado|te he encontrado
L	5546	Las vacas le leche.
M	5546	PRONOMBRE_SIN_VERBO	6	10	18	Other	Posible confusión. Pronombre átono sin verbo.	la leche|de leche|le luche|le eche|le feche|le luché|le peche|le eché|le fleche|le feché
L	5547	Y le mujer dijo esto.
M	5547	PRONOMBRE_SIN_VERBO	6	2	10	Other	Posible confusión. Pronombre átono sin verbo.	la mujer|de mujer|le mugen|le muge|le muges
L	5548	Le prometi ser valiente.
M	5548	MORFOLOGIK_RULE_ES		3	10	UnknownWord	Se ha encontrado un posible error ortográfico.	prometí|prometió|promete|prometía|prometo|prometa|prometio|prometé
L	5549	para impedir que su hermano de 5 años le «copiara»
M	5549	UPPERCASE_SENTENCE_START		0	4	Other	Esta frase no empieza con mayúscula.	Para
L	5550	En el país de Le Pen.
L	5551	¿Dónde le o la has conocido?
L	5552	el régimen que le resulta más favorable
M	5552	UPPERCASE_SENTENCE_START		0	2	Other	Esta frase no empieza con mayúscula.	El
L	5553	Le tiempo perdido.
M	5553	PRONOMBRE_SIN_VERBO	7	0	9	Other	Posible confusión. Pronombre átono sin verbo.	El tiempo|De tiempo
L	5554	Le augur cosas interesantes.
M	5554	PRONOMBRE_SIN_VERBO	7	0	8	Other	Posible confusión. Pronombre átono sin verbo.	El augur|De augur|Le augura|Le auguró|Le auguro|Le augure|Le auguré
L	5555	Le prometi ser valiente.
M	5555	MORFOLOGIK_RULE_ES		3	10	UnknownWord	Se ha encontrado un posible error ortográfico.	prometí|prometió|promete|prometía|prometo|prometa|prometio|prometé
L	5556	para impedir que su hermano de 5 años le «copiara»
M	5556	UPPERCASE_SENTENCE_START		0	4	Other	Esta frase no empieza con mayúscula.	Para
L	5557	En el país de Le Pen.
L	5558	¿Dónde le o la has conocido?
L	5559	Y les medidas.
M	5559	PRONOMBRE_SIN_VERBO	8	2	13	Other	Posible confusión. Pronombre átono sin verbo.	las medidas|les medias|les medicas|les medías|les meditas|les medicás|les medirás|les meditás|les mediás
L	5560	Les americanos.
M	5560	PRONOMBRE_SIN_VERBO	9	0	14	Other	Posible confusión. Pronombre átono sin verbo.	Los americanos
L	5561	os pasos
M	5561	PRONOMBRE_SIN_VERBO	9	0	8	Other	Posible confusión. Pronombre átono sin verbo.	los pasos|os paso|os pasó|os pases|os pasas|os pasás
L	5562	os interesados
M	5562	PRONOMBRE_SIN_VERBO	9	0	14	Other	Posible confusión. Pronombre átono sin verbo.	los interesados|os interesamos
L	5563	Nos buenos tiempos
M	5563	PRONOMBRE_SIN_VERBO	9	0	10	Other	Posible confusión. Pronombre átono sin verbo.	Los buenos
L	5564	Les 20.
M	5564	PRONOMBRE_SIN_VERBO	10	0	6	Other	Posible confusión. Pronombre átono sin verbo.	Los 20|Las 20
L	5565	Les 20 primeros.
M	5565	PRONOMBRE_SIN_VERBO	10	0	6	Other	Posible confusión. Pronombre átono sin verbo.	Los 20|Las 20
L	5566	Es te hoy.
M	5566	PRONOMBRE_SIN_VERBO	11	3	9	Other	Posible confusión. Pronombre átono sin verbo.	de hoy|el hoy|te hay|te huella|te soy|te voy|te doy|te huelle|te hollé|te holló
L	5567	Yo te augur buenos resultados.
M	5567	PRONOMBRE_SIN_VERBO	11	3	11	Other	Posible confusión. Pronombre átono sin verbo.	de augur|el augur|te augura|te auguró|te auguro|te augure|te auguré
L	5568	No te cortés.
M	5568	PRONOMBRE_SIN_VERBO	11	3	12	Other	Posible confusión. Pronombre átono sin verbo.	de cortés|el cortés|te cortes|te corte|te cortas|te corten|te portes|te corres|te corté|te cuentes
L	5569	Te augur cosas interesantes.
M	5569	PRONOMBRE_SIN_VERBO	11	0	8	Other	Posible confusión. Pronombre átono sin verbo.	De augur|El augur|Te augura|Te auguró|Te auguro|Te augure|Te auguré
L	5570	se te "compensará"
M	5570	UPPERCASE_SENTENCE_START		0	2	Other	Esta frase no empieza con mayúscula.	Se
L	5571	dale que te dale
M	5571	UPPERCASE_SENTENCE_START		0	4	Other	Esta frase no empieza con mayúscula.	Dale
L	5572	Y él corre que te pillo.
M	5572	EL_NO_TILDE	2	2	4	Other	No se escribe con tilde si no es un pronombre.	el
L	5573	Créeme, esa excusa no te la van a creer.
L	5574	Me augur cosas interesantes.
M	5574	PRONOMBRE_SIN_VERBO	12	0	8	Other	Posible confusión. Pronombre átono sin verbo.	Me augura|Me auguró|Me auguro|Me augure|Me auguré
L	5575	se te "compensará"
M	5575	UPPERCASE_SENTENCE_START		0	2	Other	Esta frase no empieza con mayúscula.	Se
L	5576	dale que te dale
M	5576	UPPERCASE_SENTENCE_START		0	4	Other	Esta frase no empieza con mayúscula.	Dale
L	5577	Y él corre que te pillo.
M	5577	EL_NO_TILDE	2	2	4	Other	No se escribe con tilde si no es un pronombre.	el
L	5578	Me junto con él en el patio.
L	5579	Me encuentro muy cansado.
L	5580	Me la baja.
L	5581	Les cuchillo.
M	5581	PRONOMBRE_SIN_VERBO	13	0	12	Other	Posible error ortográfico.	Les acuchilló|Les acuchillo
L	5582	versiones anteriores de Mac OS
M	5582	UPPERCASE_SENTENCE_START		0	9	Other	Esta frase no empieza con mayúscula.	Versiones
L	5583	Con las/os niñas/os del Centro.
L	5584	Lo bueno del caso.
L	5585	Lo bonitas que son.
L	5586	Ojalá no nos salga nada mal esta vez.
L	5587	Lo augur.
M	5587	PRONOMBRE_SIN_VERBO	14	0	8	Other	Posible confusión. Pronombre átono sin verbo.	Lo augura|Lo auguró|Lo auguro|Lo augure|Lo auguré
L	5588	lo hábito.
M	5588	PRONOMBRE_SIN_VERBO	14	0	9	Other	Posible confusión. Pronombre átono sin verbo.	lo habitó|lo habito|lo habita|lo habite|lo habituó|lo abito|lo abitó|lo habité|lo habitúo
L	5589	A lo largo de todo el año.
L	5590	Me horroriza lo mal que se portan esos niños.
L	5591	Y lo bien que lo hizo.
L	5592	Se lo ve ya mayor.
L	5593	Lo dije charlando.
L	5594	Le encanta todo lo irracional.
L	5595	En función de lo duro o suave que sea.
L	5596	Todo lo sucedido pudo haber sido distinto.
L	5597	No lo deje tomar.
L	5598	No se lo coma.
L	5599	Disculpe, ¿usted sabe lo tarde que es?
L	5600	¡No hay quién lo aguante!
L	5601	¡Mantelo abierto.
M	5601	MANTELO	1	1	8	Other	¿Quería decir <suggestion>mantenlo</suggestion> (verbo en imperativo)?	Mantenlo
M	5601	ES_INITIAL_QUESTION_MARK	4	16	17	Other	Símbolo de exclamación desparejado.	!
L	5602	El mantelo es una especie de delantal.
L	5603	¡Ojala vengas hoy!
M	5603	OJALA	1	1	6	Other	¿Quería decir <suggestion>ojalá</suggestion> (interjección)? "Ojala" es una forma del v. ojalar.	Ojalá
L	5604	Al finales del siglo XX.
M	5604	A_FINALES	1	0	10	Other	¿Quería decir <suggestion>a finales</suggestion>?	A finales
L	5605	¿Lo dices enserio?
M	5605	ENSERIO	1	10	17	Other	¿Quería decir <suggestion>en serio</suggestion> (locución adverbial)? "Enserio" es una forma del verbo enseriar.	en serio
L	5606	El gobierno cumple son su función.
M	5606	SON_CON	1	19	22	Other	Posible confusión.	con
L	5607	En el ano 1920.
M	5607	ANO	1	6	9	Other	¿Quería decir <suggestion>año</suggestion> (período de doce meses)?	año
L	5608	En el ano ochenta.
M	5608	ANO	1	6	9	Other	¿Quería decir <suggestion>año</suggestion> (período de doce meses)?	año
L	5609	En los anos ochenta.
M	5609	ANO	1	7	11	Other	¿Quería decir <suggestion>años</suggestion> (período de doce meses)?	años
L	5610	Aquel ano lo ganó todo.
M	5610	ANO	1	6	9	Other	¿Quería decir <suggestion>año</suggestion> (período de doce meses)?	año
L	5611	Esos anos no ocurrió nada.
M	5611	ANO	1	5	9	Other	¿Quería decir <suggestion>años</suggestion> (período de doce meses)?	años
L	5612	En su primer ano como profesional.
M	5612	ANO	1	13	16	Other	¿Quería decir <suggestion>año</suggestion> (período de doce meses)?	año
L	5613	El ano pasado.
M	5613	ANO	1	3	6	Other	¿Quería decir <suggestion>año</suggestion> (período de doce meses)?	año
L	5614	Los anos siguientes.
M	5614	ANO	1	4	8	Other	¿Quería decir <suggestion>años</suggestion> (período de doce meses)?	años
L	5615	El pasado ano.
M	5615	ANO	1	10	13	Other	¿Quería decir <suggestion>año</suggestion> (período de doce meses)?	año
L	5616	Los siguientes anos.
M	5616	ANO	1	15	19	Other	¿Quería decir <suggestion>años</suggestion> (período de doce meses)?	años
L	5617	El pasado ano.
M	5617	ANO	1	10	13	Other	¿Quería decir <suggestion>año</suggestion> (período de doce meses)?	año
L	5618	Los siguientes anos.
M	5618	ANO	1	15	19	Other	¿Quería decir <suggestion>años</suggestion> (período de doce meses)?	años
L	5619	El ano que viene.
M	5619	ANO	1	3	6	Other	¿Quería decir <suggestion>año</suggestion> (período de doce meses)?	año
L	5620	Toma dos cursos por ano.
M	5620	ANO	1	20	23	Other	¿Quería decir <suggestion>año</suggestion> (período de doce meses)?	año
L	5621	Los anos que vienen.
M	5621	ANO	1	4	8	Other	¿Quería decir <suggestion>años</suggestion> (período de doce meses)?	años
L	5622	Se ordena por el ano de publicación.
M	5622	ANO	1	17	20	Other	¿Quería decir <suggestion>año</suggestion> (período de doce meses)?	año
L	5623	Se forma con el sufijo -ano.
L	5624	¡Si la mierda tuviera valor el hombre nacería sin ano!
L	5625	El ano es el orificio por el que se expele el excremento.
L	5626	El ano es el agujero por el que sale la mierda.
L	5627	Las hecese salen por el ano.
M	5627	MORFOLOGIK_RULE_ES		4	10	UnknownWord	Se ha encontrado un posible error ortográfico.	heces|hócese|récese|he cese|heces e
L	5628	Salen por el ano.
L	5629	Gana 3.000.000 € al ano.
M	5629	ANO	1	20	23	Other	¿Quería decir <suggestion>año</suggestion> (período de doce meses)?	año
L	5630	Esto -ano 2000- era importante.
M	5630	ANO	3	6	9	Other	¿Quería decir <suggestion>año</suggestion> (período de doce meses)?	año
L	5631	Saldrán por el ano 2050.
M	5631	ANO	3	15	18	Other	¿Quería decir <suggestion>año</suggestion> (período de doce meses)?	año
L	5632	Se hizo una colonoscopia el ano 2010.
M	5632	ANO	1	28	31	Other	¿Quería decir <suggestion>año</suggestion> (período de doce meses)?	año
L	5633	En octubre del ano pasado.
M	5633	ANO	1	15	18	Other	¿Quería decir <suggestion>año</suggestion> (período de doce meses)?	año
L	5634	Tres veces al ano.
M	5634	ANO	1	14	17	Other	¿Quería decir <suggestion>año</suggestion> (período de doce meses)?	año
L	5635	Todos los días del ano.
M	5635	ANO	1	19	22	Other	¿Quería decir <suggestion>año</suggestion> (período de doce meses)?	año
L	5636	Durante todo el ano.
M	5636	ANO	1	16	19	Other	¿Quería decir <suggestion>año</suggestion> (período de doce meses)?	año
L	5637	Le operarán el intestino el ano que viene.
M	5637	ANO	6	28	31	Other	¿Quería decir <suggestion>año</suggestion> (período de doce meses)?	año
L	5638	Le operaron el intestino el ano pasado.
M	5638	ANO	7	28	31	Other	¿Quería decir <suggestion>año</suggestion> (período de doce meses)?	año
L	5639	Le operaron el intestino el ano 2010.
M	5639	ANO	3	28	31	Other	¿Quería decir <suggestion>año</suggestion> (período de doce meses)?	año
L	5640	Sufro de cáncer ano rectal
L	5641	Le operaron del intestino el pasado ano.
M	5641	ANO	8	36	39	Other	¿Quería decir <suggestion>año</suggestion> (período de doce meses)?	año
L	5642	Le operarán del intestino el próximo ano.
M	5642	ANO	8	37	40	Other	¿Quería decir <suggestion>año</suggestion> (período de doce meses)?	año
L	5643	Sin embrago, me gusta.
M	5643	SIN_EMBRAGO	1	0	11	Other	Confusión.	Sin embargo
L	5644	Hable con el Departamento de Presa.
M	5644	PRESA_PRENSA	1	29	34	Other	Posible confusión.	Prensa
L	5645	Cada ves que te veo.
M	5645	VES_VEZ	1	5	8	Other	¿Quería decir <suggestion>vez</suggestion>?	vez
L	5646	Esto a su ves tendrá impacto.
M	5646	VES_VEZ	1	10	13	Other	¿Quería decir <suggestion>vez</suggestion>?	vez
L	5647	Esto tal ves tendrá impacto.
M	5647	VES_VEZ	1	9	12	Other	¿Quería decir <suggestion>vez</suggestion>?	vez
L	5648	Sé lo que dolería esta ves.
M	5648	VES_VEZ	1	23	26	Other	¿Quería decir <suggestion>vez</suggestion>?	vez
L	5649	Entrarás a tu ves.
M	5649	TU_TILDE	5	11	13	Other	El pronombre personal <suggestion>tú</suggestion> lleva tilde.	tú
M	5649	VES_VEZ	2	14	17	Other	¿Quería decir <suggestion>vez</suggestion>?	vez
L	5650	Aquella ves que lo vi.
M	5650	VES_VEZ	3	8	11	Other	¿Quería decir <suggestion>vez</suggestion>?	vez
L	5651	¿La ves ahí?
L	5652	Tú misma ves lo que pasa.
L	5653	Al final ves pasar el día.
L	5654	En tu realidad lineal ves la experiencia.
L	5655	La primera ves que lo vi.
M	5655	VES_VEZ	1	11	14	Other	¿Quería decir <suggestion>vez</suggestion>?	vez
L	5656	La tercera ves que lo vi.
M	5656	VES_VEZ	4	11	14	Other	¿Quería decir <suggestion>vez</suggestion>?	vez
L	5657	aquella única ves
M	5657	UPPERCASE_SENTENCE_START		0	7	Other	Esta frase no empieza con mayúscula.	Aquella
M	5657	VES_VEZ	4	14	17	Other	¿Quería decir <suggestion>vez</suggestion>?	vez
L	5658	¿La ves ahí?
L	5659	Tú misma ves lo que pasa.
L	5660	Al final ves pasar el día.
L	5661	En tu realidad lineal ves la experiencia.
L	5662	Lo haremos a la ves.
M	5662	VES_VEZ	5	16	19	Other	¿Quería decir <suggestion>vez</suggestion>?	vez
L	5663	¿La ves ahí?
L	5664	La primera ves.
M	5664	VES_VEZ	1	11	14	Other	¿Quería decir <suggestion>vez</suggestion>?	vez
L	5665	La milésima ves.
M	5665	VES_VEZ	4	12	15	Other	¿Quería decir <suggestion>vez</suggestion>?	vez
L	5666	¿La ves ahí?
L	5667	Primero ves la sonrisa, después el gato.
L	5668	Una ves quise llamarlo.
M	5668	VES_VEZ	7	4	7	Other	¿Quería decir <suggestion>vez</suggestion>?	vez
L	5669	Aquella ves quise llamarlo.
M	5669	VES_VEZ	3	8	11	Other	¿Quería decir <suggestion>vez</suggestion>?	vez
L	5670	Una ves terminado el trabajo, nos vamos de fiesta.
M	5670	VES_VEZ	7	4	7	Other	¿Quería decir <suggestion>vez</suggestion>?	vez
L	5671	¿La ves ahí?
L	5672	Una ves que quise llamarlo.
M	5672	VES_VEZ	7	4	7	Other	¿Quería decir <suggestion>vez</suggestion>?	vez
L	5673	La ves que quise llamarlo.
M	5673	VES_VEZ	8	3	6	Other	¿Quería decir <suggestion>vez</suggestion>?	vez
L	5674	¿La ves ahí?
L	5675	Pero por ahí la ves que viene caminando
L	5676	¿No la ves que se ahoga?
L	5677	¿Quién da la ves?
M	5677	VES_VEZ	9	13	16	Other	¿Quería decir <suggestion>vez</suggestion>?	vez
L	5678	¿La ves ahí?
L	5679	Esto sucedió la ves primera.
M	5679	VES_VEZ	10	16	19	Other	¿Quería decir <suggestion>vez</suggestion>?	vez
L	5680	Y sucederá la ves última.
M	5680	VES_VEZ	10	14	17	Other	¿Quería decir <suggestion>vez</suggestion>?	vez
L	5681	¿No la ves guapa?
L	5682	Esto sucedió la ves pasada.
M	5682	VES_VEZ	11	16	19	Other	¿Quería decir <suggestion>vez</suggestion>?	vez
L	5683	Y sucederá la ves siguiente.
M	5683	VES_VEZ	11	14	17	Other	¿Quería decir <suggestion>vez</suggestion>?	vez
L	5684	¿No la ves guapa?
L	5685	Nos hemos ido desarrollado
M	5685	IR_GERUNDIO	1	14	26	Other	Posible confusión.	desarrollando|desarrollados
L	5686	Nos hemos ido cansado
M	5686	IR_GERUNDIO	1	14	21	Other	Posible confusión.	cansando|cansados
L	5687	Se han ido cansado
M	5687	IR_GERUNDIO	1	11	18	Other	Posible confusión.	cansando|cansados
L	5688	Se fueron cansado
M	5688	IR_GERUNDIO	1	10	17	Other	Posible confusión.	cansando|cansados
L	5689	Os habéis ido cansado
M	5689	IR_GERUNDIO	1	14	21	Other	Posible confusión.	cansando|cansados
L	5690	Nos hemos ido cansados
L	5691	Se fue desarrollado
M	5691	IR_GERUNDIO	2	7	19	Other	Posible confusión.	desarrollando
L	5692	Se va desarrollado
M	5692	IR_GERUNDIO	2	6	18	Other	Posible confusión.	desarrollando
L	5693	Se ha ido desarrollado
M	5693	IR_GERUNDIO	2	10	22	Other	Posible confusión.	desarrollando
L	5694	Él se ha ido desarrollado
M	5694	IR_GERUNDIO	2	13	25	Other	Posible confusión.	desarrollando
L	5695	Se va deprimido.
L	5696	Me voy cansado.
L	5697	Me he ido cansado.
L	5698	Nos hemos ido cansados
L	5699	Que le fue denegado el ingreso.
L	5700	Se va cansado
L	5701	Él se fue enfadado.
L	5702	Juan se va cansado.
L	5703	Voy al casa de campo.
M	5703	CONFUSION_AL_LA	1	4	6	Other	Posible error de concordancia.	la|a la
L	5704	Al final
L	5705	Estamos al habla.
L	5706	Cayó al agua.
L	5707	Estaba al corriente de todo.
L	5708	Siglos VI al XI.
L	5709	Nos referimos al I Campus de Multideportivo.
M	5709	CONFUSION_AL_LA	2	14	16	Other	Posible error de concordancia.	la
L	5710	El presidente de al República italiana.
M	5710	CONFUSION_AL_LA	2	17	19	Other	Posible error de concordancia.	la
L	5711	Al final
L	5712	Estamos al habla.
L	5713	Cayó al agua.
L	5714	Estaba al corriente de todo.
L	5715	De cáncer de mana.
M	5715	MANA_MAMA	1	3	17	Other	Posible confusión.	cáncer de mama
L	5716	He ha dicho que sí
M	5716	HE_E	3	0	5	Other	Falta un participio después del verbo auxiliar 'haber'.	He (ha)
L	5717	He habido de hacerlo.
L	5718	Erase una vez.
M	5718	ERAR	1	0	5	Other	¿Quería decir <suggestion>érase</suggestion>? 'Erar' es un verbo poco usual.	Érase|Errase
L	5719	Entonces eramos felices.
M	5719	ERAR	2	9	15	Other	¿Quería decir <suggestion>éramos</suggestion> (v. 'ser') o <suggestion>erramos</suggestion> (v. 'errar')? "Eramos" del v. 'erar' es poco usual.	éramos|erramos
L	5720	Entonces eren buenos.
M	5720	ERAR	3	9	13	Other	¿Quería decir <suggestion>eran</suggestion> (v. 'ser') o <suggestion>yerren</suggestion> (v. 'errar')? "Eren" del v. 'erar' es poco usual.	eran|yerren
L	5721	Mi amigo Eren es de Turquía.
L	5722	Eren es mi amigo de Turquía.
L	5723	Tú ere el mejor.
M	5723	ERAR	4	3	6	Other	¿Quería decir <suggestion>ERE</suggestion> (expediente de regulación de empleo) o <suggestion>eres</suggestion> v. 'ser'?	ERE|eres
L	5724	Eró completamente.
M	5724	ERAR	5	0	3	Other	¿Quería decir <suggestion>erró</suggestion>? 'Erar' es un verbo poco usual.	Erró
L	5725	Cuando erase.
M	5725	ERAR	1	7	12	Other	¿Quería decir <suggestion>érase</suggestion>? 'Erar' es un verbo poco usual.	érase|errase
L	5726	Era muy bonito.
L	5727	Érase una vez.
L	5728	Con la terminación -ero.
L	5729	Pesco en el la represa.
M	5729	EL_LA_EN_LA	1	6	14	Other	Posible confusión.	en el|en la
L	5730	A ver si el la tiene.
M	5730	EL_LA_EN_LA	2	9	11	Other	Se escribe con tilde si es un pronombre.	él
L	5731	El la del diapasón.
M	5731	EL_TILDE	2	0	2	Other	El pronombre personal <suggestion>él</suggestion> lleva tilde.	Él
L	5732	El la sobreagudo.
L	5733	En el La a 440Hz.
M	5733	SPACE_UNITIES	1	11	16	Other	Falta un espacio antes de la unidad.	440 Hz
L	5734	En el La a 440 Hz.
L	5735	En el La 440 Hz.
L	5736	Fue el la plaza.
M	5736	EL_LA_EN_LA	3	4	6	Other	Posible confusión.	en|él|es
L	5737	Viven el las calles.
M	5737	EL_LA_EN_LA	3	6	8	Other	Posible confusión.	en|él|es
L	5738	Ocurrió el la fecha histórica del 23 de abril.
M	5738	EL_LA_EN_LA	3	8	10	Other	Posible confusión.	en|él|es
L	5739	estudiar doctorado el la rea de sociología.
M	5739	UPPERCASE_SENTENCE_START		0	8	Other	Esta frase no empieza con mayúscula.	Estudiar
M	5739	EL_LA_EN_LA	3	19	21	Other	Posible confusión.	en|él|es
L	5740	usados el la práctica de karate
M	5740	UPPERCASE_SENTENCE_START		0	6	Other	Esta frase no empieza con mayúscula.	Usados
M	5740	EL_LA_EN_LA	3	7	9	Other	Posible confusión.	en|él|es
L	5741	El la del diapasón.
M	5741	EL_TILDE	2	0	2	Other	El pronombre personal <suggestion>él</suggestion> lleva tilde.	Él
L	5742	El la sobreagudo.
L	5743	En el La a 440Hz.
M	5743	SPACE_UNITIES	1	11	16	Other	Falta un espacio antes de la unidad.	440 Hz
L	5744	En el La a 440 Hz.
L	5745	En el La 440 Hz.
L	5746	Oculta los datos de mortandad
M	5746	MORTANDAD	1	20	29	Other	Palabra inadecuada en este contexto.	mortalidad
L	5747	Oculta la mortandad infantil.
M	5747	MORTANDAD	2	10	19	Other	Palabra inadecuada en este contexto.	mortalidad
L	5748	Esto revierte mucha importancia.
M	5748	REVERTIR_REVESTIR	1	5	13	Other	¿Quería decir <suggestion>reviste</suggestion> (=presentar un carácter)?	reviste
L	5749	Esto revierte una gran gravedad.
M	5749	REVERTIR_REVESTIR	1	5	13	Other	¿Quería decir <suggestion>reviste</suggestion> (=presentar un carácter)?	reviste
L	5750	Esto revertía gravedad.
M	5750	REVERTIR_REVESTIR	1	5	13	Other	¿Quería decir <suggestion>revestía</suggestion> (=presentar un carácter)?	revestía
L	5751	Es de 64 Mb.
M	5751	MB	1	9	11	Other	¿Quería decir <suggestion>MB</suggestion> (megabytes)? "Mb", menos habitual, es la abreviatura de megabits.	MB
L	5752	Le ensenaba los resultados.
M	5752	ENSENAR	1	3	11	Other	¿Quería decir <suggestion>enseñaba</suggestion> (instruir, mostrar)? "Ensenar" es un verbo válido, menos frecuente, con otros sentidos.	enseñaba
L	5753	Me ensenó cómo hacerlo.
M	5753	ENSENAR	1	3	9	Other	¿Quería decir <suggestion>enseñó</suggestion> (instruir, mostrar)? "Ensenar" es un verbo válido, menos frecuente, con otros sentidos.	enseñó
L	5754	La Plata-Ensenada
L	5755	C/ Marqués de la Ensenada, 12.
L	5756	en el centro de la ensenada
M	5756	UPPERCASE_SENTENCE_START		0	2	Other	Esta frase no empieza con mayúscula.	En
L	5757	playas arenosas, ensenadas y bahías
M	5757	UPPERCASE_SENTENCE_START		0	6	Other	Esta frase no empieza con mayúscula.	Playas
L	5758	¿Subimos a la montana?
M	5758	MONTANA	1	14	21	Other	¿Quería decir <suggestion>montaña</suggestion>? "Montano" es un adjetivo que significa 'relativo al monte'.	montaña
L	5759	húmedas montanas por encima de los 3000 m.
M	5759	UPPERCASE_SENTENCE_START		0	7	Other	Esta frase no empieza con mayúscula.	Húmedas
M	5759	MONTANA	1	8	16	Other	¿Quería decir <suggestion>montañas</suggestion>? "Montano" es un adjetivo que significa 'relativo al monte'.	montañas
L	5760	En el estado americano de Montana.
L	5761	En las zonas montanas.
L	5762	Joe Montana en Helena de Troya.
L	5763	Él es un montanero experimentado.
M	5763	MONTANERO	1	9	18	Other	¿Quería decir <suggestion>montañero</suggestion>? "Montanero", menos frecuente, significa 'guarda de monte'.	montañero
L	5764	Es un experto en montanismo.
M	5764	MONTANISMO	1	17	27	Other	¿Quería decir <suggestion>montañismo</suggestion>? "Montanismo", menos frecuente, significa 'doctrina de Montano'.	montañismo
L	5765	Es un experto montanista.
M	5765	MONTANISTA	1	14	24	Other	¿Quería decir <suggestion>montañista</suggestion>? "Montanista", menos frecuente, significa 'seguidor de la doctrina de Montano'.	montañista
L	5766	Todos los panos están tendidos.
M	5766	PANO	1	10	15	Other	¿Quería decir <suggestion>paños</suggestion>? "Pano", menos frecuente, es el nombre de un grupo de lenguas amerindias.	paños
L	5767	He visto una arana.
M	5767	ARANA	1	13	18	Other	¿Quería decir <suggestion>araña</suggestion> (arácnido)? "Arana" es un sustantivo, menos frecuente, que significa 'embuste'.	araña
L	5768	Sabino Arana.
L	5769	Eligió a Arana.
L	5770	Arana dijo esto.
L	5771	Cómprame una pina.
M	5771	PINA	1	13	17	Other	¿Quería decir <suggestion>piña</suggestion> (fruto)? "Pina" es un sustantivo menos frecuente.	piña
L	5772	Fue en Pina de Ebro.
L	5773	Me ha caído una pestana.
M	5773	PESTANA	1	16	23	Other	¿Quería decir <suggestion>pestaña</suggestion>? "Pestano" significa 'natural de Pesto, antigua ciudad italiana'.	pestaña
L	5774	Ha comprado casi 11 millones de dólares en armas.
M	5774	COMPRAR_GASTAR	1	3	11	Other	Uso impropio del v. 'comprar' (*comprar millones en).	gastado|comprado ... por valor de
L	5775	Compró casi 11 millones de dólares en armas.
M	5775	COMPRAR_GASTAR	1	0	6	Other	Uso impropio del v. 'comprar' (*comprar millones en).	Gastó|Compró ... por valor de
L	5776	Se pueden comprar ya por 18 euros en las taquillas.
L	5777	Adolecía de los recursos adecuados.
M	5777	ADOLECER_CARECER	1	0	8	Other	Uso impropio si equivale a <suggestion>carecía</suggestion>.	Carecía
L	5778	Han adolecido de financiación.
M	5778	ADOLECER_CARECER	1	4	13	Other	Uso impropio si equivale a <suggestion>carecido</suggestion>.	carecido
L	5779	El programa de ayuda adolece de los medios necesarios.
M	5779	ADOLECER_CARECER	1	21	28	Other	Uso impropio si equivale a <suggestion>carece</suggestion>.	carece
L	5780	En tanto heredera de la monarquía.
M	5780	EN_TANTO	1	0	8	Other	Con el sentido de 'en calidad de, considerado como' es preferible usar otra expresión.	En cuanto
L	5781	El aforo fue de 5000 personas.
M	5781	AFORO	1	3	8	Other	Uso inadecuado en el sentido de 'cantidad de asistentes a un acto'. Correcto si significa 'número máximo autorizado de personas'.	afluencia|asistentes
L	5782	El aforo del pabellón es de 5000 personas.
L	5783	Bailar es equivalente caminar deprisa.
M	5783	EQUIVALENTE_A	1	10	21	Other	Parece que falta la preposición 'a'. ¿Quería decir <suggestion>equivalente a</suggestion>?	equivalente a
L	5784	La multiplicación no es equivalente la división.
M	5784	EQUIVALENTE_A	1	24	35	Other	Parece que falta la preposición 'a'. ¿Quería decir <suggestion>equivalente a</suggestion>?	equivalente a
L	5785	Es equivalente bailar y caminar deprisa.
L	5786	No es equivalente la división a la multiplicación
L	5787	No es equivalente la división y la multiplicación
L	5788	Esto depende en si te gusta o no
M	5788	DEPENDER_DE	1	13	15	Other	La preposición adecuada es <suggestion>de</suggestion>.	de
M	5788	SI	6	16	18	Other	Como pronombre personal reflexivo, se escribe con tilde.	sí
L	5789	No desconfíes en el sistema.
M	5789	DESCONFIAR_DE	1	14	19	Other	Preposición no adecuada para este verbo.	del
L	5790	Desconfiamos en los políticos.
M	5790	DESCONFIAR_DE	2	13	15	Other	Preposición no adecuada para este verbo.	de
L	5791	No insistas de que vayamos al cine
M	5791	INSISTIR_DE	1	12	18	Other	Preposición no adecuada para este verbo.	en que
L	5792	No insistas más de que vayamos al cine
M	5792	INSISTIR_DE	1	16	22	Other	Preposición no adecuada para este verbo.	en que
L	5793	Inisitieron en que les faltaba un documento.
M	5793	MORFOLOGIK_RULE_ES		0	11	UnknownWord	Se ha encontrado un posible error ortográfico.	Insistieron|Invistieron|Insirieron
L	5794	Se enfrentó ante las autoridades.
M	5794	ENFRENTARSE_ANTE	1	12	16	Other	Preposición no adecuada.	a|con
L	5795	Se enfrentó siempre ante las autoridades.
M	5795	ENFRENTARSE_ANTE	1	20	24	Other	Preposición no adecuada.	a|con
L	5796	Tuvo que enfrentarse ante las autoridades.
M	5796	ENFRENTARSE_ANTE	1	21	25	Other	Preposición no adecuada.	a|con
L	5797	Tres, cuatro, cinco, etc…
M	5797	ETCETERA	1	21	25	Other	Redundancia. Use <suggestion>etc.</suggestion> o <suggestion>…</suggestion>.	etc.|…
L	5798	Un, dos, etc.
L	5799	Tres, cuatro, cinco, etc...
M	5799	ETCETERA	2	21	27	Other	Redundancia. Use <suggestion>etc.</suggestion> o <suggestion>…</suggestion>.	etc.|…
L	5800	Un, dos, etc.
L	5801	Tres, cuatro, cinco,…etc.
M	5801	ETCETERA	3	19	25	Other	Redundancia. Use <suggestion>, etc.</suggestion> o <suggestion>…</suggestion>.	, etc.|…
L	5802	Un, dos, etc.
L	5803	Tres, cuatro, cinco,... etc.
M	5803	ETCETERA	4	19	28	Other	Redundancia. Use <suggestion>, etc.</suggestion> o <suggestion>…</suggestion>.	, etc.|…
L	5804	Un, dos, etc.
L	5805	Tres, cuatro, cinco…etc.
M	5805	ETCETERA	5	19	24	Other	Redundancia. Use <suggestion>, etc.</suggestion> o <suggestion>…</suggestion>.	, etc.|…
L	5806	Un, dos, etc.
L	5807	Tres, cuatro, cinco... etc.
M	5807	ETCETERA	6	19	27	Other	Redundancia. Use <suggestion>, etc.</suggestion> o <suggestion>…</suggestion>.	, etc.|…
L	5808	Un, dos, etc.
L	5809	Tres, cuatro, cinco,…etc
M	5809	ETCETERA	7	19	24	Other	Redundancia. Use <suggestion>, etc.</suggestion> o <suggestion>…</suggestion>.	, etc.|…
L	5810	Un, dos, etc.
L	5811	Tres, cuatro, cinco,... etc
M	5811	ETCETERA	8	19	27	Other	Redundancia. Use <suggestion>, etc.</suggestion> o <suggestion>…</suggestion>.	, etc.|…
L	5812	Un, dos, etc.
L	5813	Tres, cuatro, cinco…etc
M	5813	ETCETERA	9	19	23	Other	Redundancia. Use <suggestion>, etc.</suggestion> o <suggestion>…</suggestion>.	, etc.|…
L	5814	Un, dos, etc.
L	5815	Tres, cuatro, cinco... etc
M	5815	ETCETERA	10	19	26	Other	Redundancia. Use <suggestion>, etc.</suggestion> o <suggestion>…</suggestion>.	, etc.|…
L	5816	Un, dos, etc.
L	5817	La orografía del terreno complica las tareas de extinción.
M	5817	OROGRAFIA_DEL_TERRENO	1	3	24	Other	Expresión redundante. Basta con decir <suggestion>orografía</suggestion>.	orografía
L	5818	La orografía montañosa complica las tareas de extinción.
M	5818	OROGRAFIA_DEL_TERRENO	2	3	22	Other	Expresión poco recomendable.	terreno montañoso
L	5819	Hemos llegado todas y todos
L	5820	Defenderemos a nuestros compañeros.
L	5821	Hemos llegado todos y todas
L	5822	Defenderemos a nuestros compañeros.
L	5823	Mira cómo se divierten las mozas y los mozos
L	5824	Queda sopa para todos los alumnos y para todas las jugadoras.
L	5825	Debemos ayudar a los mozos y las mozas
L	5826	Debemos ayudar a los alumnos.
L	5827	Me acuerdo que en mayo del '90 hice un bello viaje a Italia.
M	5827	APOSTROFO_ANO	1	27	30	Other	Si se desea indicar abreviadamente el año, no debe usarse el apóstrofo.	90
L	5828	Grabado en los años '71—'72.
M	5828	APOSTROFO_ANO	1	20	23	Other	Si se desea indicar abreviadamente el año, no debe usarse el apóstrofo.	71
M	5828	APOSTROFO_ANO	2	24	27	Other	Si se desea indicar abreviadamente el año, no debe usarse el apóstrofo.	72
L	5829	Adiós,. le dije.
M	5829	COMMA_PARENTHESIS_WHITESPACE		5	7	Other	Deje un espacio después de coma.	, .
M	5829	UPPERCASE_SENTENCE_START		8	10	Other	Esta frase no empieza con mayúscula.	Le
L	5830	Adiós., le dije.
M	5830	COMA_Y_PUNTO	2	5	7	Other	Dos signos de puntuación seguidos. ¿Quería usar el punto o la coma?	.|,
L	5831	sistemas de refrigeración. Co., Ltd., Vilter Manufacturing.
M	5831	UPPERCASE_SENTENCE_START		0	8	Other	Esta frase no empieza con mayúscula.	Sistemas
M	5831	MORFOLOGIK_RULE_ES		38	44	UnknownWord	Se ha encontrado un posible error ortográfico.	Vil ter
M	5831	MORFOLOGIK_RULE_ES		45	58	UnknownWord	Se ha encontrado un posible error ortográfico.	Manufacturan|Manufacturen
L	5832	Aldea Solutions Inc., líder global proveedor de servicios
M	5832	MORFOLOGIK_RULE_ES		6	15	UnknownWord	Se ha encontrado un posible error ortográfico.	Solución|Soluciones|Soluciona|Solucionó|Solucione|Soluciono|Solucionas|Solucioná|Solucionás|Solucioné|Solutivas|Solutivos|Solutos
L	5833	En los EE.UU., es ilegal torturar a la gente.
L	5834	Explica las modificaciones incluidas en las ordenanzas fiscales para 2.024.
M	5834	ANOS_SIN_PUNTO	1	69	74	Other	Los años se escriben sin punto.	2024
L	5835	Las predicciones de Baba Vanga para 2.024 despiertan el pánico en todo el planeta.
M	5835	MORFOLOGIK_RULE_ES		25	30	UnknownWord	Se ha encontrado un posible error ortográfico.	Manga|Vaga|Venga|Zanja|Valga|Ganga|Tanga|Vana|Langa|Varga|Zanga|Vania|Yanga|Canga|Mangá|Panga|Vagá|Vanea|Vaneá|Vengá|Zanjá|Ñanga
M	5835	ANOS_SIN_PUNTO	1	36	41	Other	Los años se escriben sin punto.	2024
L	5836	Es del año 1.989.
M	5836	ANOS_SIN_PUNTO	2	11	16	Other	Los años se escriben sin punto.	1989
L	5837	Es de los años 1986 y 1.989.
M	5837	ANOS_SIN_PUNTO	3	22	27	Other	Los años se escriben sin punto.	1989
L	5838	Es de diciembre del 1.989.
M	5838	ANOS_SIN_PUNTO	4	20	25	Other	Los años se escriben sin punto.	1989
L	5839	Es de mayo de 2.007.
M	5839	ANOS_SIN_PUNTO	4	14	19	Other	Los años se escriben sin punto.	2007
L	5840	Este es de 1.989 aC.
M	5840	ANOS_SIN_PUNTO	5	11	16	Other	Los años se escriben sin punto.	1989
L	5841	Este es del 1.989 a. C.
M	5841	ANOS_SIN_PUNTO	6	12	17	Other	Los años se escriben sin punto.	1989
L	5842	La p. 1.989.
M	5842	ANOS_SIN_PUNTO	7	6	11	Other	Los números de página o de código postal se escriben sin punto.	1989
L	5843	Las págs. 1981-1.989.
M	5843	ANOS_SIN_PUNTO	8	15	20	Other	Los números de página se escriben sin punto.	1989
L	5844	Es de 9.5.
L	5845	9349.5
L	5846	1 999 349.56
L	5847	Peso 1.4 kg
L	5848	peso 1.4 kg
M	5848	UPPERCASE_SENTENCE_START		0	4	Other	Esta frase no empieza con mayúscula.	Peso
L	5849	Peso: 1.4 kg
L	5850	peso: 1.4 kg
M	5850	UPPERCASE_SENTENCE_START		0	4	Other	Esta frase no empieza con mayúscula.	Peso
L	5851	9.5 El futuro de las pensiones
L	5852	1.231
L	5853	1.231.437
L	5854	Las tablas 5.7 y 5.8.
L	5855	Is 3,1-5.9 es Isaías, capítol 3, del versículo 1 al 5 y versículo 9.
L	5856	1.0. Introducción.
L	5857	A las 5.40 de la madrugada.
L	5858	Llegarán a las 17.40 h.
L	5859	Llegan a las 17.40h.
M	5859	SPACE_UNITIES	1	13	19	Other	Falta un espacio antes de la unidad.	17.40 h
L	5860	Los arts. 5.4 y 5.6.
M	5860	MORFOLOGIK_RULE_ES		4	8	UnknownWord	Se ha encontrado un posible error ortográfico.	arte|artes|aras|aros|ares|ATS|Aras|Ares|Ars|Artà|Artés|Orts|arta|artas|arás|karts|Artsy
L	5861	La versión 2.4.x es la más nueva.
M	5861	ESPACIO_DESPUES_DE_PUNTO	1	14	16	Other	Falta un espacio tras el punto.	. X
L	5862	La versión 2.4 es la mejor.
L	5863	En Apache 2.4 es así.
L	5864	En la web 2.0 es así.
L	5865	Gn 4,9.27 – Génesis, capítulo 4, versículos 9 y 27
L	5866	La versión 5.6.3.4 de LibreOffice.
L	5867	La versión 5.6.3 de LibreOffice.
L	5868	Desde 15.30 hasta 16.30 h.
L	5869	De lunes a jueves de 9 a 14.00 y de 16 a 19 y los viernes de 09.00 a 14.00.
L	5870	«Hypertext Transfer Protocol -- HTTP/1.0»
M	5870	MORFOLOGIK_RULE_ES		1	10	UnknownWord	Se ha encontrado un posible error ortográfico.	Hipertexto
M	5870	MORFOLOGIK_RULE_ES		20	28	UnknownWord	Se ha encontrado un posible error ortográfico.	Protocolo|Protocola|Protocole|Protocolá|Protocolé|Protocoló|Protosol
L	5871	un motor de gasolina 1.4 TSI
M	5871	UPPERCASE_SENTENCE_START		0	2	Other	Esta frase no empieza con mayúscula.	Un
M	5871	MORFOLOGIK_RULE_ES		25	28	UnknownWord	Se ha encontrado un posible error ortográfico.	ASÍ|SI|SÍ|TI|RSI|TUI|PSI|TAI|TASI|TOSÍ
L	5872	OS X 10.9 Mavericks
M	5872	MORFOLOGIK_RULE_ES		10	19	UnknownWord	Se ha encontrado un posible error ortográfico.	Maverick
L	5873	Los lunes y jueves de 10.30 a 11.30 con grupos abiertos.
L	5874	9,349.5
L	5875	21,999,349.56
L	5876	Más de 5,000 correcciones.
L	5877	Millares: 5.344
L	5878	Decimales: 5,344
L	5879	Más de 5,500,300 caracteres
L	5880	El N.I.F es el 333333333F.
M	5880	MISSING_POINT	1	7	8	Other	Probablemente falta un punto.	F.
L	5881	El nuevo libro de J. K Rowling.
M	5881	MISSING_POINT	1	21	22	Other	Probablemente falta un punto.	K.
L	5882	Editorial Tarraco, S. A, 1969.
M	5882	MORFOLOGIK_RULE_ES		10	17	UnknownWord	Se ha encontrado un posible error ortográfico.	Carraco|Varraco|Tararaco|Tarrago|Tarrico|Tar raco
M	5882	MISSING_POINT	1	22	23	Other	Probablemente falta un punto.	A.
L	5883	en la ciudad de Bogotá D.C e identificada con el NIT
M	5883	UPPERCASE_SENTENCE_START		0	2	Other	Esta frase no empieza con mayúscula.	En
M	5883	MISSING_POINT	1	25	26	Other	Probablemente falta un punto.	C.
L	5884	N.I.F.
L	5885	J. K. Rowling.
L	5886	SYSTEMS S.A.S. E INTEGRALES
M	5886	MORFOLOGIK_RULE_ES		0	7	UnknownWord	Se ha encontrado un posible error ortográfico.	SISTEMA|SISTEMAS|SESTEAS|SESTEES|SESTEOS|SESTEÁS
L	5887	Hola amigo cómo estás?
M	5887	ES_QUESTION_MARK		0	4	Other	Símbolo desparejado: Parece que falta un '¿'	¿Hola
M	5887	MISSING_COMMA	1	5	10	Other	En este contexto es necesaria una coma.	amigo,
L	5888	¿Cómo estás?
L	5889	Hola, ¿amigo, cómo estás?
L	5890	¿Recordaste cómo era?
L	5891	¿Que cómo son?
L	5892	¡Felicidades amigo!
M	5892	MISSING_COMMA	2	1	12	Other	En este contexto es necesaria una coma después de "felicidades" (ej. "Felicidades, Ana").	Felicidades,
M	5892	AGREEMENT_POSTPONED_ADJ	3	13	18	Other	Revise la concordancia de «amigo» con los nombres precedentes o revise la puntuación.	amigas
L	5893	¡Felicidades mi querido amigo!
M	5893	MISSING_COMMA	2	1	12	Other	En este contexto es necesaria una coma después de "felicidades" (ej. "Felicidades, Ana").	Felicidades,
L	5894	¡Felicidades Meg!
M	5894	MISSING_COMMA	2	1	12	Other	En este contexto es necesaria una coma después de "felicidades" (ej. "Felicidades, Ana").	Felicidades,
M	5894	MORFOLOGIK_RULE_ES		13	16	UnknownWord	Se ha encontrado un posible error ortográfico.	Me|Mes|Mega|Mee|Mea|Meo|Meé|Meó|Mey|Meá|Mg|Me g|MPEG
L	5895	¡Hola a todos!
L	5896	Felicidades por la victoria.
L	5897	Saludos cordiales.
L	5898	¡Enhorabuena una vez más, chicos!
L	5899	Beso grande.
L	5900	¡Buenos días amigo .
M	5900	MISSING_COMMA	6	8	12	Other	En este contexto es necesaria una coma.	días,
M	5900	COMMA_PARENTHESIS_WHITESPACE		18	20	Other	No se deja un espacio antes del punto.	.
L	5901	Muy buen día estimados.
M	5901	MISSING_COMMA	3	12	22	Other	En este contexto es necesaria una coma después de "buen día" (ej. "Buen día, Ana").	, estimados
L	5902	Buen día Georg.
M	5902	MISSING_COMMA	3	8	14	Other	En este contexto es necesaria una coma después de "buen día" (ej. "Buen día, Ana").	, Georg
L	5903	¡Buenas tardes a todos!
L	5904	Buenos días tenga usted.
L	5905	Buenas noches y adiós.
L	5906	¡Te deseo buenos días amigo .
M	5906	MISSING_COMMA	6	17	21	Other	En este contexto es necesaria una coma.	días,
M	5906	COMMA_PARENTHESIS_WHITESPACE		27	29	Other	No se deja un espacio antes del punto.	.
L	5907	Os deseo muy buen día estimados.
M	5907	MISSING_COMMA	4	21	31	Other	En este contexto es necesaria una coma después de "buen día" (ej. "Buen día, Ana").	, estimados
L	5908	¡Buenas tardes a todos!
L	5909	Buenos días tenga usted.
L	5910	Buenas noches y adiós.
L	5911	Un buen día miró hacia África
L	5912	Felices fiestas guapo.
M	5912	MISSING_COMMA	6	8	15	Other	En este contexto es necesaria una coma.	fiestas,
L	5913	¡Muchos besos guapa!
M	5913	MISSING_COMMA	5	13	19	Other	en este contexto es necesaria una coma.	, guapa
L	5914	¡A sus órdenes señora!
M	5914	MISSING_COMMA	5	14	21	Other	en este contexto es necesaria una coma.	, señora
L	5915	de la Asociación Amigos de la Catedral
M	5915	UPPERCASE_SENTENCE_START		0	2	Other	Esta frase no empieza con mayúscula.	De
L	5916	Fue recibido por Augusto Chicas, director de Desarrollo Sostenible.
L	5917	Aparecieron cien personas, la mayoría niños.
L	5918	¡Buenos días chicas!
M	5918	MISSING_COMMA	6	8	12	Other	En este contexto es necesaria una coma.	días,
L	5919	Adiós chicos.
M	5919	MISSING_COMMA	7	0	5	Other	En este contexto es necesaria una coma.	Adiós,
L	5920	¡Muchos besos preciosa!
M	5920	MISSING_COMMA	8	13	22	Other	En este contexto es necesaria una coma.	, preciosa
L	5921	Una hoja de cálculo preciosa.
L	5922	¡Un beso amigo!
M	5922	MISSING_COMMA	9	4	8	Other	En este contexto es necesaria una coma después de "beso" (ej. "Un beso, Ana").	beso,
L	5923	¡Un beso amigos!
M	5923	MISSING_COMMA	9	4	8	Other	En este contexto es necesaria una coma después de "beso" (ej. "Un beso, Ana").	beso,
L	5924	¡Hola a todos!
L	5925	Felicidades por la victoria.
L	5926	Saludos cordiales.
L	5927	¡Enhorabuena una vez más, chicos!
L	5928	Beso grande.
L	5929	Un beso grande
L	5930	Decreto 943 de mayo de 2014
M	5930	MISSING_COMMA	10	8	11	Other	Falta una coma.	943,
L	5931	Cuídate mucho tía.
M	5931	MUCHO_NF	1	8	17	Other	Probablemente falta una coma o hay un error de concordancia.	mucho, tía|mucha tía|muchas tías
L	5932	Os quiero mucho tías.
M	5932	MUCHO_NF	1	10	20	Other	Probablemente falta una coma o hay un error de concordancia.	mucho, tías|mucha tía|muchas tías
L	5933	Por cierto Valeria está preciosa.
M	5933	POR_CIERTO	1	4	10	Other	Probablemente falta una coma.	cierto,
L	5934	Mi amigo, va hacia su casa.
M	5934	COMA_SUJETO_PREDICADO	1	8	12	Other	Probablemente sobra la coma entre el sujeto y el predicado.	 va
L	5935	Esta discusión bizantina, está siempre presente.
M	5935	COMA_SUJETO_PREDICADO	1	24	30	Other	Probablemente sobra la coma entre el sujeto y el predicado.	 está
L	5936	Nuestro objetivo principal, es lograr una permanente mejora
M	5936	COMA_SUJETO_PREDICADO	1	26	30	Other	Probablemente sobra la coma entre el sujeto y el predicado.	 es
L	5937	El 1918, partió hacia el sur.
L	5938	El año 1918, partió hacia el sur.
L	5939	En año 1918, partió hacia el sur.
L	5940	Juan, ven aquí.
L	5941	La primavera anterior, había estado en Venecia.
L	5942	Come comida rápida, muere en seguida.
L	5943	Este paisaje, rico en oro, es espectacular.
L	5944	George, te tengo que decir algo.
L	5945	Los otros, venid conmigo.
L	5946	¿Este método, es bastante seguro?
L	5947	El objetivo, dice, es salvar vidas.
L	5948	El objetivo, nos dice, es salvar vidas.
L	5949	El objetivo, nos ha dicho, es salvar vidas.
L	5950	La aplicación, activa desde octubre
L	5951	Los peces marions, susurró.
M	5951	MORFOLOGIK_RULE_ES		10	17	UnknownWord	Se ha encontrado un posible error ortográfico.	marinos|mariona|Marion|Mariona|Marión|marionas
L	5952	Esta sangre, baja en oxígeno, se suministra al resto del cuerpo.
L	5953	Los usuarios, además, pueden publicar comentarios en las historias.
L	5954	Un momento, espera un minuto.
L	5955	Mi amigo, no va hacia su casa.
M	5955	COMA_SUJETO_PREDICADO	2	8	12	Other	Probablemente sobra la coma entre el sujeto y el predicado.	 no
L	5956	Mi amigo, se va hacia su casa.
M	5956	COMA_SUJETO_PREDICADO	2	8	12	Other	Probablemente sobra la coma entre el sujeto y el predicado.	 se
L	5957	El 1918, partió hacia el sur.
L	5958	El año 1918, partió hacia el sur.
L	5959	En año 1918, partió hacia el sur.
L	5960	Juan, ven aquí.
L	5961	La primavera anterior, había estado en Venecia.
L	5962	Come comida rápida, muere en seguida.
L	5963	Este paisaje, rico en oro, es espectacular.
L	5964	George, te tengo que decir algo.
L	5965	Los otros, venid conmigo.
L	5966	¿Este método, es bastante seguro?
L	5967	El objetivo, dice, es salvar vidas.
L	5968	El objetivo, nos dice, es salvar vidas.
L	5969	El objetivo, nos ha dicho, es salvar vidas.
L	5970	La aplicación, activa desde octubre
L	5971	Los peces marions, susurró.
M	5971	MORFOLOGIK_RULE_ES		10	17	UnknownWord	Se ha encontrado un posible error ortográfico.	marinos|mariona|Marion|Mariona|Marión|marionas
L	5972	Esta sangre, baja en oxígeno, se suministra al resto del cuerpo.
L	5973	Los usuarios, además, pueden publicar comentarios en las historias.
L	5974	Juan, va hacia su casa.
M	5974	COMA_SUJETO_PREDICADO	3	4	8	Other	Probablemente sobra la coma entre el sujeto y el predicado. Es correcto si es un vocativo ("Juan, ven aquí.").	 va
L	5975	Juan García, va hacia su casa.
M	5975	COMA_SUJETO_PREDICADO	3	11	15	Other	Probablemente sobra la coma entre el sujeto y el predicado. Es correcto si es un vocativo ("Juan, ven aquí.").	 va
L	5976	Julio Andrade, fundó con Isaac J. Barrera el periódico.
M	5976	COMA_SUJETO_PREDICADO	3	13	20	Other	Probablemente sobra la coma entre el sujeto y el predicado. Es correcto si es un vocativo ("Juan, ven aquí.").	 fundó
L	5977	Mañana, alunizará.
L	5978	Gracias, es todo.
L	5979	No, es de segunda mano.
L	5980	Cansado, se fue a la cama antes de lo normal.
L	5981	Tranquilo, es sólo un espantapájaros.
M	5981	SOLO	1	14	18	Other	La tilde es innecesaria según la norma actual. Con el sentido de "solamente" (adv.), cuando hay riesgo de ambigüedad con el adj. "solo", puede escribirse "sólo" (DRAE).	solo|solamente|únicamente
L	5982	Bill, abre la puerta.
L	5983	Jim, cierra la ventana.
L	5984	Segundo, recibe una violenta oposición.
L	5985	Mira, está lloviendo.
L	5986	Louis, vienen tus amigos.
L	5987	Tom, hay algo que quiero darte.
L	5988	Mira, se le rompió la fuente a esa señora.
L	5989	Tom, te llama tu mamá.
L	5990	Mary, venga, deja de protestar.
L	5991	Ricardo, ora por mi.
M	5991	MI_TILDE	1	17	19	Other	Si es pronombre, se escribe con tilde.	mí
L	5992	María, me gustan mucho las enumeraciones.
L	5993	Tom, te llama mamá.
L	5994	Claro, le duele.
L	5995	Juan , se va hacia su casa.
M	5995	COMMA_PARENTHESIS_WHITESPACE		4	6	Other	Se deja un espacio después de coma y nunca antes del signo ortográfico.	,
L	5996	Juan García, se va hacia su casa.
M	5996	COMA_SUJETO_PREDICADO	4	11	15	Other	Probablemente sobra la coma entre el sujeto y el predicado. Es correcto si es un vocativo ("Juan, ven aquí.").	 se
L	5997	Mañana, alunizará.
L	5998	Gracias, es todo.
L	5999	No, es de segunda mano.
L	6000	Cansado, se fue a la cama antes de lo normal.
L	6001	Tranquilo, es sólo un espantapájaros.
M	6001	SOLO	1	14	18	Other	La tilde es innecesaria según la norma actual. Con el sentido de "solamente" (adv.), cuando hay riesgo de ambigüedad con el adj. "solo", puede escribirse "sólo" (DRAE).	solo|solamente|únicamente
L	6002	Bill, abre la puerta.
L	6003	Jim, cierra la ventana.
L	6004	Segundo, recibe una violenta oposición.
L	6005	Mira, está lloviendo.
L	6006	Louis, vienen tus amigos.
L	6007	Tom, hay algo que quiero darte.
L	6008	Mira, se le rompió la fuente a esa señora.
L	6009	Tom, te llama tu mamá.
L	6010	Mary, venga, deja de protestar.
L	6011	Ricardo, ora por mi.
M	6011	MI_TILDE	1	17	19	Other	Si es pronombre, se escribe con tilde.	mí
L	6012	María, me gustan mucho las enumeraciones.
L	6013	Tom, te llama mamá.
L	6014	Claro, le duele.
L	6015	Tom, no es necesario que te disculpes.
L	6016	Éstas, se dividen en tres.
M	6016	COMA_SUJETO_PREDICADO	5	0	6	Other	Probablemente sobra la coma entre el sujeto y el predicado.	Éstas
L	6017	Esas, se dividen en tres.
M	6017	COMA_SUJETO_PREDICADO	5	0	5	Other	Probablemente sobra la coma entre el sujeto y el predicado.	Esas
L	6018	Busque atención profesional ya que pueden deberse a una infección.
M	6018	YA_QUE	1	27	34	Other	Como locución causal, se escribe con coma.	, ya que| porque
L	6019	4.- Ya que no se encontraron las causas, seguimos igual
L	6020	Llámale tú pues lo conoces de hace tiempo.
M	6020	PUES_COMAS	1	10	15	Other	Con el sentido de causa ('puesto que'), "pues" se escribe preferiblemente con una coma antes. Con valor continuativo ('por tanto'), se escribe entre dos comas.	, pues|, pues,
L	6021	Insisto pues que esto es imprescindible.
M	6021	PUES_COMAS	1	7	12	Other	Con el sentido de causa ('puesto que'), "pues" se escribe preferiblemente con una coma antes. Con valor continuativo ('por tanto'), se escribe entre dos comas.	, pues|, pues,
L	6022	Así pues esta frase corresponde a otra regla.
M	6022	COMMA_MARCADOR_DISCURSIVO	6	4	8	Other	Esta locución se escribe normalmente entre comas. Use un punto y coma para empezar una nueva frase que contrasta con la anterior.	pues,
L	6023	Busque atención profesional puesto que pueden deberse a una infección.
M	6023	PUESTO_QUE	1	27	34	Other	Como locución causal, se escribe con coma.	, puesto
L	6024	Es un puesto que interesa.
L	6025	Es un buen puesto que le gusta.
L	6026	Cita un buen puesto que hayas tenido.
L	6027	Su mismo puesto que el año anterior.
L	6028	Se enfrentó al cuarto puesto que era el Madrid.
L	6029	Se enfrentó al cuarto, puesto que era el Madrid.
L	6030	En cualquier caso y puesto que no quiero extenderme, señor presidente.
L	6031	La mujer del César no solo debe ser honesta sino parecerlo en todo momento.
M	6031	COMMA_SINO	1	43	48	Other	En la mayoría de los casos la conjunción 'sino' va precedida de una coma.	, sino
L	6032	No quiero hablar sino irme enseguida a mi casa.
M	6032	COMMA_SINO	1	16	21	Other	En la mayoría de los casos la conjunción 'sino' va precedida de una coma.	, sino
L	6033	La mujer del César no solo debe ser honesta sino parecerlo.
L	6034	No quiero hablar sino irme.
L	6035	Su sino es fracasar.
L	6036	Nadie lo sabe sino Juan.
L	6037	No te pido sino que te vayas enseguida
L	6038	No sólo en lo institucional sino también en lo político.
M	6038	SOLO	1	3	7	Other	La tilde es innecesaria según la norma actual. Con el sentido de "solamente" (adv.), cuando hay riesgo de ambigüedad con el adj. "solo", puede escribirse "sólo" (DRAE).	solo|solamente|únicamente
L	6039	No sólo en lo institucional sino también en lo político, ya que la universidad ha ido consolidándose.
M	6039	SOLO	1	3	7	Other	La tilde es innecesaria según la norma actual. Con el sentido de "solamente" (adv.), cuando hay riesgo de ambigüedad con el adj. "solo", puede escribirse "sólo" (DRAE).	solo|solamente|únicamente
L	6040	Sabes que no quiero a nadie sino a él.
L	6041	No deseaba sino retornar a la sede.
L	6042	Mi madre no hizo nada sino llorar.
L	6043	Lo importante en la vida no es el triunfo sino la lucha.
L	6044	No lo hice yo sino que lo hizo él.
M	6044	COMMA_SINO	2	13	18	Other	En la mayoría de los casos la conjunción 'sino' va precedida de una coma.	, sino
L	6045	No estudia en Sevilla sino que trabaja en Granada.
M	6045	COMMA_SINO2	1	21	26	Other	En la mayoría de los casos la conjunción 'sino' va precedida de una coma.	, sino
L	6046	Nunca fue rechazada sino que optó por seguir sola su camino.
M	6046	COMMA_SINO	2	19	24	Other	En la mayoría de los casos la conjunción 'sino' va precedida de una coma.	, sino
L	6047	No estudia sino que trabaja.
L	6048	Su sino es fracasar.
L	6049	Nadie lo sabe sino Juan.
L	6050	No te pido sino que te vayas enseguida
L	6051	No sólo en lo institucional sino también en lo político.
M	6051	SOLO	1	3	7	Other	La tilde es innecesaria según la norma actual. Con el sentido de "solamente" (adv.), cuando hay riesgo de ambigüedad con el adj. "solo", puede escribirse "sólo" (DRAE).	solo|solamente|únicamente
L	6052	No sólo en lo institucional sino también en lo político, ya que la universidad ha ido consolidándose.
M	6052	SOLO	1	3	7	Other	La tilde es innecesaria según la norma actual. Con el sentido de "solamente" (adv.), cuando hay riesgo de ambigüedad con el adj. "solo", puede escribirse "sólo" (DRAE).	solo|solamente|únicamente
L	6053	Sabes que no quiero a nadie sino a él.
L	6054	No deseaba sino retornar a la sede.
L	6055	Mi madre no hizo nada sino llorar.
L	6056	No vivo en Salamanca sino en un barrio de León.
M	6056	COMMA_SINO2	1	20	25	Other	En la mayoría de los casos la conjunción 'sino' va precedida de una coma.	, sino
L	6057	No es el exceso de agua sino la sequía tan extrema.
M	6057	COMMA_SINO2	2	23	28	Other	En la mayoría de los casos la conjunción 'sino' va precedida de una coma.	, sino
L	6058	No hablamos del campo económico sino de otros campos.
M	6058	COMMA_SINO2	2	31	36	Other	En la mayoría de los casos la conjunción 'sino' va precedida de una coma.	, sino
L	6059	Nunca utiliza su nombre real sino un seudónimo muy original.
M	6059	COMMA_SINO2	2	28	33	Other	En la mayoría de los casos la conjunción 'sino' va precedida de una coma.	, sino
L	6060	La alianza suma bastantes escaños pero no son suficientes.
M	6060	COMMA_PERO	1	33	38	Other	En la mayoría de los casos la conjunción 'pero' va precedida de una coma.	, pero
L	6061	Son mayoritarios pero no tienen derecho a voto en las elecciones comunales, ni tampoco pueden ser presidentes.
M	6061	COMMA_PERO	1	16	21	Other	En la mayoría de los casos la conjunción 'pero' va precedida de una coma.	, pero
L	6062	¿Pero qué pasa aquí?
L	6063	Es bonito pero barato, y lo demás no importa.
L	6064	Efectivamente dijo que sí después de haber escuchado todas las opiniones.
M	6064	COMMA_ADVERB	1	0	13	Other	Si el adverbio "efectivamente" se refiere a toda la frase, y no solo al verbo, es recomendable usar una coma.	Efectivamente,
L	6065	Últimamente ¿te encuentras bien?
M	6065	COMMA_ADVERB	1	0	11	Other	Si el adverbio "últimamente" se refiere a toda la frase, y no solo al verbo, es recomendable usar una coma.	Últimamente,
L	6066	Absolutamente de acuerdo con vuestra opinón.
M	6066	MORFOLOGIK_RULE_ES		37	43	UnknownWord	Se ha encontrado un posible error ortográfico.	opinión|opinan|opinó|piñón|opino|opinen
L	6067	Antiguamente sujetas al abad del monasterio.
L	6068	Completamente amueblado.
L	6069	Concretamente en Espanya, la Reforma fiscal de 2015 modificó las condiciones.
M	6069	MORFOLOGIK_RULE_ES		17	24	UnknownWord	Se ha encontrado un posible error ortográfico.	España|Espanta|Espacia|Españita|Espaciá|Espantá
L	6070	Contrariament a Dinamarca, en Alemania no sucedió.
M	6070	MORFOLOGIK_RULE_ES		0	13	UnknownWord	Se ha encontrado un posible error ortográfico.	Contrariamente
L	6071	Conjuntamente con ellos, hicieron todo el trabajo.
L	6072	-- Contrariamente allí no pasó nada.
M	6072	COMMA_ADVERB	1	3	17	Other	Si el adverbio "contrariamente" se refiere a toda la frase, y no solo al verbo, es recomendable usar una coma.	Contrariamente,
L	6073	¿Comúnmente viajas solo?
L	6074	¿Exactamente cómo lo hiciste?
L	6075	Estrictamente hablando, la Tierra no es redonda.
L	6076	Exactamente por la razón que he dicho.
L	6077	Seguramente el casco le salvó la vida.
L	6078	Totalmente online.
L	6079	* Temporalmente no disponible.
L	6080	Absolutamente no.
L	6081	¡Absolutamente no!
L	6082	Relativamente pocos casos.
L	6083	Principalmente como actor.
L	6084	Atentamente
L	6085	Igualmente = adverbio
L	6086	Igualmente -dijo él.
L	6087	Igualmente —dijo él.
L	6088	Probablemente el mejor del mundo.
L	6089	Probablemente es el mejor.
L	6090	Simplemente empieza a escribir...
L	6091	En primer lugar hablaremos de un tema importante.
M	6091	COMMA_MARCADOR_DISCURSIVO	1	10	15	Other	Escribimos coma después de los marcadores discursivos.	lugar,
L	6092	Por lo tanto hablaremos de un tema importante.
M	6092	COMMA_MARCADOR_DISCURSIVO	2	7	12	Other	Escribimos coma después de los marcadores discursivos.	tanto,
L	6093	Por tanto hablaremos de un tema importante.
M	6093	COMMA_MARCADOR_DISCURSIVO	2	4	9	Other	Escribimos coma después de los marcadores discursivos.	tanto,
L	6094	Es por lo tanto lo que hay que hacer.
M	6094	COMMA_MARCADOR_DISCURSIVO	3	2	15	Other	Los marcadores discursivos se escriben preferiblemente entre comas.	, por lo tanto,
L	6095	Es por tanto lo que hay que hacer.
M	6095	COMMA_MARCADOR_DISCURSIVO	4	2	12	Other	Los marcadores discursivos se escriben preferiblemente entre comas.	, por tanto,
L	6096	Gracias por tanto.
L	6097	Estoy cansado por tanto homenaje.
L	6098	Sin embargo no logró ganar.
M	6098	COMMA_MARCADOR_DISCURSIVO	5	4	11	Other	Esta locución se escribe normalmente entre comas. Use un punto y coma para empezar una nueva frase que contrasta con la anterior.	embargo,
L	6099	Me gusta mucho este, sin embargo prefiero aquel.
M	6099	COMMA_MARCADOR_DISCURSIVO	5	19	32	Other	Esta locución se escribe normalmente entre comas. Use un punto y coma para empezar una nueva frase que contrasta con la anterior.	; sin embargo,|, sin embargo,
L	6100	Así pues no logró ganar.
M	6100	COMMA_MARCADOR_DISCURSIVO	6	4	8	Other	Esta locución se escribe normalmente entre comas. Use un punto y coma para empezar una nueva frase que contrasta con la anterior.	pues,
L	6101	No me gusta mucho este, así pues me quedaré el otro.
M	6101	COMMA_MARCADOR_DISCURSIVO	6	22	32	Other	Esta locución se escribe normalmente entre comas. Use un punto y coma para empezar una nueva frase que contrasta con la anterior.	; así pues,|, así pues,
L	6102	Ya sé que eso no es así pues tienen valores morales.
M	6102	PUES_COMAS	1	23	28	Other	Con el sentido de causa ('puesto que'), "pues" se escribe preferiblemente con una coma antes. Con valor continuativo ('por tanto'), se escribe entre dos comas.	, pues|, pues,
L	6103	Además se trata de un caso único.
M	6103	COMMA_MARCADOR_DISCURSIVO	7	0	6	Other	En este contexto es recomendable usar una coma.	Además,
L	6104	Además —añadió—, ¿en cuántos lugares está?
L	6105	Además de este, ¿en qué otros lugares está?
L	6106	En los primeros instantes hablaremos de un tema importante.
M	6106	COMMA_MARCADOR_DISCURSIVO	8	16	25	Other	En este contexto es recomendable usar una coma.	instantes,
L	6107	En el I Encuentro Nacional de Jóvenes Periodistas.
L	6108	En el 2000 Google presentó AdWords.
L	6109	En cambio no logró ganar.
M	6109	COMMA_MARCADOR_DISCURSIVO	9	3	9	Other	Esta locución se escribe normalmente entre comas.	cambio,
L	6110	Por el contrario no logró ganar.
M	6110	COMMA_MARCADOR_DISCURSIVO	10	7	16	Other	Esta locución se escribe normalmente entre comas.	contrario,
L	6111	Tal vez por lo contrario.
L	6112	Muy por el contrario
L	6113	Al contrario no logró ganar.
M	6113	COMMA_MARCADOR_DISCURSIVO	11	3	12	Other	Esta locución se escribe normalmente entre comas.	contrario,
L	6114	Al contrario de los otros.
L	6115	El piensa al contrario.
M	6115	EL_TILDE	2	0	2	Other	El pronombre personal <suggestion>él</suggestion> lleva tilde.	Él
L	6116	Por otro lado no logró ganar.
M	6116	COMMA_MARCADOR_DISCURSIVO	12	9	13	Other	Esta locución se escribe normalmente entre comas.	lado,
L	6117	Y por otro lado no logró ganar.
M	6117	COMMA_MARCADOR_DISCURSIVO	12	1	15	Other	Esta locución se escribe normalmente entre comas.	, por otro lado,
L	6118	Sí sí, tienes que venir.
M	6118	COMMA_REPETITION	1	0	5	Other	Probablemente falta una coma.	Sí, sí
L	6119	Si lo hecho me lo dices clarito, y si no no me hagas perder el tiempo.
L	6120	O si no no funciona.
L	6121	‘Los hijos de Húrin‘.
M	6121	ES_UNPAIRED_BRACKETS		0	1	Other	Símbolo desparejado: Parece que falta un ‘’’.	‘’|
M	6121	COMILLAS_APOSTROFO	1	14	21	Other	El carácter de apertura de comillas probablemente incorrecto.	Húrin’.
L	6122	Los historiales clínicos (‘medical records’)
M	6122	MORFOLOGIK_RULE_ES		27	34	UnknownWord	Se ha encontrado un posible error ortográfico.	médica|médicas|medial|medica|medicas|medicar|metical|medicad|medicala|medicale|medicalo|medican|medicá|medicán|medicás|medícala|medícale|medícalo|medica l
M	6122	MORFOLOGIK_RULE_ES		35	42	UnknownWord	Se ha encontrado un posible error ortográfico.	récords|recuerda|recuerdo|récord|recuerdos|recordó|recuerde|recuerdas|recordé|recuerdes|Recuerda|racords|recordá|recordás|recueros
L	6123	As-Sa‘ūdiyyah.
M	6123	COMILLAS_APOSTROFO	2	3	13	Other	El carácter de apertura de comillas simples no se usa como apóstrofo.	Sa’ūdiyyah|Sa'ūdiyyah
L	6124	Al-‘Arabiyyah.
M	6124	COMILLAS_APOSTROFO	2	2	13	Other	El carácter de apertura de comillas simples no se usa como apóstrofo.	-’Arabiyyah|-'Arabiyyah
L	6125	Los historiales clínicos (‘medical records’)
M	6125	MORFOLOGIK_RULE_ES		27	34	UnknownWord	Se ha encontrado un posible error ortográfico.	médica|médicas|medial|medica|medicas|medicar|metical|medicad|medicala|medicale|medicalo|medican|medicá|medicán|medicás|medícala|medícale|medícalo|medica l
M	6125	MORFOLOGIK_RULE_ES		35	42	UnknownWord	Se ha encontrado un posible error ortográfico.	récords|recuerda|recuerdo|récord|recuerdos|recordó|recuerde|recuerdas|recordé|recuerdes|Recuerda|racords|recordá|recordás|recueros
L	6126	Ha ilustrado ‘El Hobbit’, ‘El Señor de los Anillos‘ y ‘Los hijos de Húrin’.
M	6126	ES_UNPAIRED_BRACKETS		26	27	Other	Símbolo desparejado: Parece que falta un ‘’’.	‘’|
M	6126	COMILLAS_APOSTROFO	3	43	51	Other	El carácter de apertura de comillas probablemente incorrecto.	Anillos’
M	6126	MORFOLOGIK_RULE_ES		68	73	UnknownWord	Se ha encontrado un posible error ortográfico.	Hurón|Hurí|Turín|Hurís|Purín
L	6127	Los historiales clínicos (‘medical records’)
M	6127	MORFOLOGIK_RULE_ES		27	34	UnknownWord	Se ha encontrado un posible error ortográfico.	médica|médicas|medial|medica|medicas|medicar|metical|medicad|medicala|medicale|medicalo|medican|medicá|medicán|medicás|medícala|medícale|medícalo|medica l
M	6127	MORFOLOGIK_RULE_ES		35	42	UnknownWord	Se ha encontrado un posible error ortográfico.	récords|recuerda|recuerdo|récord|recuerdos|recordó|recuerde|recuerdas|recordé|recuerdes|Recuerda|racords|recordá|recordás|recueros
L	6128	Esto es una frase con dos espacios.
L	6129	Esto es una frase, que tiene dos espacios.
L	6130	Diario de la República n.° 18
M	6130	ABREVIATURA_NUMERO	1	23	26	Other	Abreviatura de 'número'.	n.º|núm.|nro.
L	6131	Diario de la República n° 18
M	6131	ABREVIATURA_NUMERO	2	23	25	Other	Abreviatura de 'número'.	n.º|núm.|nro.
L	6132	Diario de la República nº 18
M	6132	ABREVIATURA_NUMERO	2	23	25	Other	Abreviatura de 'número'.	n.º|núm.|nro.
L	6133	n.º
L	6134	Diario de la República n°18.
M	6134	ABREVIATURA_NUMERO	3	23	27	Other	Abreviatura de 'número'.	n.º 18
L	6135	Diario de la República nº18.
M	6135	ABREVIATURA_NUMERO	3	23	27	Other	Abreviatura de 'número'.	n.º 18
L	6136	n.º
L	6137	Diario de la República num 18.
M	6137	ABREVIATURA_NUMERO	4	23	26	Other	Abreviatura de 'número'.	núm.|n.º|nro.
L	6138	Diario de la República num. 18.
M	6138	ABREVIATURA_NUMERO	5	23	27	Other	Abreviatura de 'número'.	núm.|n.º|nro.
L	6139	Diario de la República n 18.
M	6139	ABREVIATURA_NUMERO	6	23	24	Other	Abreviatura de 'número'.	n.|núm.|n.º|nro.
L	6140	N 41º 2' 44.35'' , O -74º 17' 40.54''
M	6140	MORFOLOGIK_RULE_ES		0	1	UnknownWord	Se ha encontrado un posible error ortográfico.	
M	6140	COMMA_PARENTHESIS_WHITESPACE		16	18	Other	Se deja un espacio después de coma y nunca antes del signo ortográfico.	,
L	6141	N 41° 2′ 44.35″
M	6141	MORFOLOGIK_RULE_ES		0	1	UnknownWord	Se ha encontrado un posible error ortográfico.	
L	6142	Está en la pag. 4.
M	6142	ABREVIATURA_PAGINA	1	11	15	Other	Abreviatura de "página".	pág.
L	6143	Está en la pag 4.
M	6143	ABREVIATURA_PAGINA	2	11	14	Other	Abreviatura de "página".	pág.
L	6144	Llama al telf. 666666.
M	6144	ABREVIATURA_TELEFONO	1	9	14	Other	Abreviatura de teléfono.	tel.|teléf.|tfno.
L	6145	TLF: 666666.
M	6145	ABREVIATURA_TELEFONO	1	0	4	Other	Abreviatura de teléfono.	Tel.|Teléf.|Tfno.
L	6146	Llama al tel. 44444444.
L	6147	Llama al telf 666666.
M	6147	ABREVIATURA_TELEFONO	2	9	13	Other	Abreviatura de teléfono.	tel.|teléf.|tfno.
L	6148	TLF 666666.
M	6148	ABREVIATURA_TELEFONO	2	0	3	Other	Abreviatura de teléfono.	Tel.|Teléf.|Tfno.
L	6149	Llama al tfno. 44444444.
L	6150	Londres, Nueva York, Tel Aviv y Ámsterdam.
L	6151	Eran....
M	6151	CUATRO_PUNTOS	1	4	8	Other	Los puntos suspensivos deben ser solo tres.	...|…
L	6152	.......
L	6153	Es así.siempre.
M	6153	ESPACIO_DESPUES_DE_PUNTO	1	6	14	Other	Falta un espacio tras el punto.	. Siempre
L	6154	Ven.Como prefieras.
M	6154	ESPACIO_DESPUES_DE_PUNTO	1	3	8	Other	Falta un espacio tras el punto.	. Como
L	6155	Ven.¿Como te gusta?
M	6155	ESPACIO_DESPUES_DE_PUNTO	1	3	5	Other	Falta un espacio tras el punto.	. ¿
M	6155	INTERROGATIVOS_CON_TILDE_OS	2	5	9	Other	Si es interrogativo o exclamativo, se escribe con tilde.	Cómo
L	6156	Es así?Siempre.
M	6156	ESPACIO_DESPUES_DE_PUNTO	1	6	14	Other	Falta un espacio tras el punto.	? Siempre
L	6157	con P.A.Čerenkov
M	6157	UPPERCASE_SENTENCE_START		0	3	Other	Esta frase no empieza con mayúscula.	Con
M	6157	ESPACIO_DESPUES_DE_PUNTO	1	7	16	Other	Falta un espacio tras el punto.	. Čerenkov
L	6158	Una frase.Y otra.
M	6158	ESPACIO_DESPUES_DE_PUNTO	1	9	11	Other	Falta un espacio tras el punto.	. Y
L	6159	Es así. Sempre.
M	6159	MORFOLOGIK_RULE_ES		8	14	UnknownWord	Se ha encontrado un posible error ortográfico.	Siempre|Sembré|Sempere|Sem pre
L	6160	Es así.
L	6161	Es así...
L	6162	(Es así...)
L	6163	Es así.
L	6164	Es así.»
M	6164	ES_UNPAIRED_BRACKETS		7	8	Other	Símbolo desparejado: Parece que falta un ‘«’.	«»|
L	6165	Estelrich, etc., no vinieron.
M	6165	MORFOLOGIK_RULE_ES		0	9	UnknownWord	Se ha encontrado un posible error ortográfico.	Esteárico|Estérico|Esteárica|Estérica
L	6166	ha expresado [...] la necesidad
M	6166	UPPERCASE_SENTENCE_START		0	2	Other	Esta frase no empieza con mayúscula.	Ha
L	6167	ha expresado […] la necesidad
M	6167	UPPERCASE_SENTENCE_START		0	2	Other	Esta frase no empieza con mayúscula.	Ha
L	6168	o simplemente ornamental.[1]
M	6168	UPPERCASE_SENTENCE_START		0	1	Other	Esta frase no empieza con mayúscula.	O
L	6169	Binvenidos a socialismo.com
M	6169	MORFOLOGIK_RULE_ES		0	10	UnknownWord	Se ha encontrado un posible error ortográfico.	Bienvenidos
L	6170	Binvenidos a www.languagetool.org
M	6170	MORFOLOGIK_RULE_ES		0	10	UnknownWord	Se ha encontrado un posible error ortográfico.	Bienvenidos
L	6171	El documento no contiene «maindoc.xml2».
M	6171	MORFOLOGIK_RULE_ES		26	33	UnknownWord	Se ha encontrado un posible error ortográfico.	mando|mandó|mandos|mandón|manido|manidos|Mainque|mayado|mayador|mayados|mayando|mayido|mayidos|Pandoc
M	6171	MORFOLOGIK_RULE_ES		34	38	UnknownWord	Se ha encontrado un posible error ortográfico.	XML
L	6172	Un paquete .zip.
L	6173	La extensión .doc.
L	6174	5.- Casos especiales: plurales irregulares
L	6175	Peñón Verde (723 m.s.n.m.)
L	6176	Desde las 9:00 a.m. hasta las 8:00 p.m.
L	6177	3200 a.C.– 1600 a.C.
L	6178	3200 a. C.– 1600 a. C.
L	6179	Versión 1.x
M	6179	MORFOLOGIK_RULE_ES		10	11	UnknownWord	Se ha encontrado un posible error ortográfico.	X
L	6180	- LETRAS.COM. Recuperado 1-2-3.
L	6181	- Letras.com. Recuperado 1-2-3.
L	6182	En los EE.UU., es ilegal torturar a la gente.
L	6183	Pues dice “…se practicará una liquidación provisional…”
M	6183	ESPACIO_DESPUES_DE_PUNTO	5	11	14	Other	Falta un espacio después del punto.	… se|… Se
L	6184	Es así .siempre.
M	6184	ESPACIO_DESPUES_DE_PUNTO	2	3	15	Other	Falta un espacio tras el punto, no antes.	así. Siempre
L	6185	Ven .Como prefieras.
M	6185	ESPACIO_DESPUES_DE_PUNTO	2	0	9	Other	Falta un espacio tras el punto, no antes.	Ven. Como
L	6186	Ven .¿Como te gusta?
M	6186	ESPACIO_DESPUES_DE_PUNTO	2	0	6	Other	Falta un espacio tras el punto, no antes.	Ven. ¿
M	6186	INTERROGATIVOS_CON_TILDE_OS	2	6	10	Other	Si es interrogativo o exclamativo, se escribe con tilde.	Cómo
L	6187	Es así ?Siempre.
M	6187	ESPACIO_DESPUES_DE_PUNTO	2	3	15	Other	Falta un espacio tras el punto, no antes.	así? Siempre
L	6188	Es así …Siempre!
M	6188	ES_QUESTION_MARK		0	2	Other	Símbolo desparejado: Parece que falta un '¡'	¡Es
M	6188	ESPACIO_DESPUES_DE_PUNTO	2	3	15	Other	Falta un espacio tras el punto, no antes.	así… Siempre
L	6189	con P.A .Čerenkov
M	6189	UPPERCASE_SENTENCE_START		0	3	Other	Esta frase no empieza con mayúscula.	Con
M	6189	ESPACIO_DESPUES_DE_PUNTO	2	6	17	Other	Falta un espacio tras el punto, no antes.	A. Čerenkov
L	6190	Es así. Sempre.
M	6190	MORFOLOGIK_RULE_ES		8	14	UnknownWord	Se ha encontrado un posible error ortográfico.	Siempre|Sembré|Sempere|Sem pre
L	6191	Es así.
L	6192	Es así...
L	6193	(Es así...)
L	6194	Es así.
L	6195	Es así.»
M	6195	ES_UNPAIRED_BRACKETS		7	8	Other	Símbolo desparejado: Parece que falta un ‘«’.	«»|
L	6196	Estelrich, etc., no vinieron.
M	6196	MORFOLOGIK_RULE_ES		0	9	UnknownWord	Se ha encontrado un posible error ortográfico.	Esteárico|Estérico|Esteárica|Estérica
L	6197	ha expresado [...] la necesidad
M	6197	UPPERCASE_SENTENCE_START		0	2	Other	Esta frase no empieza con mayúscula.	Ha
L	6198	ha expresado […] la necesidad
M	6198	UPPERCASE_SENTENCE_START		0	2	Other	Esta frase no empieza con mayúscula.	Ha
L	6199	o simplemente ornamental.[1]
M	6199	UPPERCASE_SENTENCE_START		0	1	Other	Esta frase no empieza con mayúscula.	O
L	6200	Binvenidos a socialismo.com
M	6200	MORFOLOGIK_RULE_ES		0	10	UnknownWord	Se ha encontrado un posible error ortográfico.	Bienvenidos
L	6201	Binvenidos a www.languagetool.org
M	6201	MORFOLOGIK_RULE_ES		0	10	UnknownWord	Se ha encontrado un posible error ortográfico.	Bienvenidos
L	6202	El documento no contiene «maindoc.xml2».
M	6202	MORFOLOGIK_RULE_ES		26	33	UnknownWord	Se ha encontrado un posible error ortográfico.	mando|mandó|mandos|mandón|manido|manidos|Mainque|mayado|mayador|mayados|mayando|mayido|mayidos|Pandoc
M	6202	MORFOLOGIK_RULE_ES		34	38	UnknownWord	Se ha encontrado un posible error ortográfico.	XML
L	6203	Un paquete .zip.
L	6204	La extensión .doc.
L	6205	5.- Casos especiales: plurales irregulares
L	6206	Peñón Verde (723 m.s.n.m.)
L	6207	Desde las 9:00 a.m. hasta las 8:00 p.m.
L	6208	3200 a.C.– 1600 a.C.
L	6209	3200 a. C.– 1600 a. C.
L	6210	Versión 1.x
M	6210	MORFOLOGIK_RULE_ES		10	11	UnknownWord	Se ha encontrado un posible error ortográfico.	X
L	6211	Es así…Siempre.
M	6211	ESPACIO_DESPUES_DE_PUNTO	3	6	14	Other	Falta un espacio después del punto.	… Siempre
L	6212	Es así…Siempre!
M	6212	ES_QUESTION_MARK		0	2	Other	Símbolo desparejado: Parece que falta un '¡'	¡Es
M	6212	ESPACIO_DESPUES_DE_PUNTO	3	6	14	Other	Falta un espacio después del punto.	… Siempre
L	6213	Es así …Siempre.
M	6213	ESPACIO_DESPUES_DE_PUNTO	2	3	15	Other	Falta un espacio tras el punto, no antes.	así… Siempre
L	6214	Es así…siempre.
M	6214	ESPACIO_DESPUES_DE_PUNTO	5	6	14	Other	Falta un espacio después del punto.	… siempre|… Siempre
L	6215	Pues dice “…se practicará una liquidación provisional…”
M	6215	ESPACIO_DESPUES_DE_PUNTO	5	11	14	Other	Falta un espacio después del punto.	… se|… Se
L	6216	Es así …siempre.
M	6216	ESPACIO_DESPUES_DE_PUNTO	2	3	15	Other	Falta un espacio tras el punto, no antes.	así… Siempre
L	6217	Es así...Siempre.
M	6217	ESPACIO_DESPUES_DE_PUNTO	7	6	16	Other	Falta un espacio después del punto.	... Siempre
L	6218	Es así ...Siempre.
M	6218	ESPACIO_DESPUES_DE_PUNTO	8	3	17	Other	Falta un espacio después del punto y no antes.	así... Siempre
L	6219	Es así...siempre.
M	6219	ESPACIO_DESPUES_DE_PUNTO	9	6	16	Other	Falta un espacio después del punto.	... siempre|... Siempre
L	6220	Es así ...siempre.
M	6220	ESPACIO_DESPUES_DE_PUNTO	10	3	17	Other	Falta un espacio después del punto y no antes.	así... siempre|así... Siempre
L	6221	¿Cuándo empieza? la semana siguiente.
M	6221	CAPITALIZATION_AFTER_QUESTION_MARK	1	15	19	Other	Posible error de puntuación o mayúsculas.	? La|?, la
L	6222	¿Vamos? Él pidió a sus amigos ayuda.
L	6223	—¿Es vodka? —preguntó Margarita con voz débil.
L	6224	¿Qué quieres? ¡y qué más!
M	6224	CAPITALIZATION_AFTER_QUESTION_MARK	2	12	16	Other	Falta una mayúscula o un signo de puntuación.	? ¡Y|?, ¡y
L	6225	¿Qué quieres? "¡y qué más!"
M	6225	CAPITALIZATION_AFTER_QUESTION_MARK	3	16	17	Other	Falta una mayúscula o un signo de puntuación.	Y
L	6226	—¿Es vodka? —preguntó Margarita con voz débil.
L	6227	¿Qué quieres?" preguntó el espíritu.
M	6227	ES_UNPAIRED_BRACKETS		13	14	Other	Símbolo desparejado: Parece que falta un ‘"’.	""|
M	6227	CAPITALIZATION_AFTER_QUESTION_MARK	4	14	23	Other	Falta una mayúscula o un signo de puntuación.	, preguntó| Preguntó
L	6228	—¿Es vodka? —preguntó Margarita con voz débil.
L	6229	¿Qué es lo que pasa
M	6229	ES_INITIAL_QUESTION_MARK	1	15	19	Other	Símbolo de interrogación desparejado.	pasa?
L	6230	¿Quién sabe hablar francés mejor: Tom o Mary?
L	6231	¿Qué es lo que pasa aquí.
M	6231	ES_INITIAL_QUESTION_MARK	2	24	25	Other	Símbolo de interrogación desparejado.	?
L	6232	¡Qué bonito
M	6232	ES_INITIAL_QUESTION_MARK	3	5	11	Other	Símbolo de exclamación desparejado.	bonito!
L	6233	¡Qué bonito.
M	6233	ES_INITIAL_QUESTION_MARK	4	11	12	Other	Símbolo de exclamación desparejado.	!
L	6234	¡Qué bonito:
M	6234	ES_INITIAL_QUESTION_MARK	5	11	12	Other	Símbolo de exclamación desparejado.	!:
L	6235	¿Qué quieres decir ?
M	6235	INCORRECT_SPACES	1	13	20	Other	Sobra un espacio.	decir?
L	6236	Entonces dijo : ¡ven!
M	6236	INCORRECT_SPACES	1	9	15	Other	Sobra un espacio.	dijo:
L	6237	¿Qué importa?...
L	6238	¿ Estás seguro?
M	6238	INCORRECT_SPACES	2	0	7	Other	Sobra un espacio.	¿Estás
L	6239	¿Estás seguro?
L	6240	Dijo que " sí".
M	6240	COMMA_PARENTHESIS_WHITESPACE		8	11	Other	No se deja un espacio a ambos lados de las comillas.	" | "
L	6241	Dijo que "sí".
L	6242	" Sí", dijo.
M	6242	INCORRECT_SPACES	4	0	4	Other	Sobra un espacio.	"Sí
L	6243	"Sí", dijo.
L	6244	"Sí ", dijo.
M	6244	INCORRECT_SPACES	5	1	5	Other	Sobra un espacio.	Sí"
L	6245	Dijo que "sí".
L	6246	Dijo: "... no puede ser".
L	6247	"Sí "
M	6247	INCORRECT_SPACES	6	1	5	Other	Sobra un espacio.	Sí"
L	6248	"Ahora sí"
L	6249	Vino;pero se fue.
M	6249	INCORRECT_SPACES	7	4	9	Other	Falta un espacio.	; pero
L	6250	Vino; pero se fue.
L	6251	No me lo puedo creer ;-)
L	6252	El 9° clasificado
M	6252	ORDINAL_CHAR	1	3	5	Other	Carácter incorrecto para indicar un número ordinal. Correcto si son grados.	9.º
L	6253	1ºC
M	6253	DEGREE_CHAR	1	0	3	Other	Carácter incorrecto para indicar grados.	1 °C
L	6254	1 ºC
M	6254	DEGREE_CHAR	2	2	4	Other	Carácter incorrecto para indicar grados.	°C
L	6255	22º23'
M	6255	DEGREE_CHAR	3	0	5	Other	Carácter incorrecto para indicar grados.	22°23
M	6255	ES_UNPAIRED_BRACKETS		5	6	Other	Símbolo desparejado: Parece que falta un ‘'’.	''|
L	6256	30 km2
M	6256	SUPERINDEX	1	3	6	Other	Si es una unidad de medida, se escribe como superíndice.	km²
L	6257	es superior a los 1000 W/m2
M	6257	UPPERCASE_SENTENCE_START		0	2	Other	Esta frase no empieza con mayúscula.	Es
M	6257	SUPERINDEX	1	25	27	Other	Si es una unidad de medida, se escribe como superíndice.	m²
L	6258	KM2
L	6259	10 m3
M	6259	SUPERINDEX	2	3	5	Other	Si es una unidad de medida, se escribe como superíndice.	m³
L	6260	colaborador de TV3 y RAC1
M	6260	UPPERCASE_SENTENCE_START		0	11	Other	Esta frase no empieza con mayúscula.	Colaborador
L	6261	En 1950 TV3 no existía.
L	6262	Vive en el núm . 25 de la calle.
M	6262	PUNTO_EN_ABREVIATURAS	1	11	16	Other	El punto debe ir junto a la abreviatura.	núm.
L	6263	Vive en el núm 25 de la calle.
M	6263	PUNTO_EN_ABREVIATURAS	2	11	14	Other	Probablemente falta un punto después de la abreviatura.	núm.
L	6264	Vive en la Av Centraol.
M	6264	PUNTO_EN_ABREVIATURAS	2	11	13	Other	Probablemente falta un punto después de la abreviatura.	Av.
M	6264	MORFOLOGIK_RULE_ES		14	22	UnknownWord	Se ha encontrado un posible error ortográfico.	Central|Centralo|Centraos|Céntralo
L	6265	Mr Hill se fue ayer de viaje a Japón.
M	6265	PUNTO_EN_ABREVIATURAS	2	0	2	Other	Probablemente falta un punto después de la abreviatura.	Mr.
M	6265	MORFOLOGIK_RULE_ES		3	7	UnknownWord	Se ha encontrado un posible error ortográfico.	Hay|Hoy|Hilo|Hiel|Hila|Huy|Hile|Hiló|Bill|Mill|Will|Hall|Hilá|Hilé|Hi ll
L	6266	La vid del campo.
L	6267	Fue en el año 453 dC, ¿verdad?
L	6268	En la AP-7.
L	6269	El DJ pinchó toda la noche.
L	6270	Jugava en el Valencia CF el año pasado.
M	6270	MORFOLOGIK_RULE_ES		0	6	UnknownWord	Se ha encontrado un posible error ortográfico.	Jugaba|Jugada|Jugaban|Jugará|Jugara|Juzgaba|Juraba|Fugaba|Jugabas|Pujaba|Jugala|Jumaba
L	6271	DG de Servicios Sociales.
L	6272	Delantero del Valencia.
L	6273	Artikkelitoiveet fr:
M	6273	MORFOLOGIK_RULE_ES		0	16	UnknownWord	Se ha encontrado un posible error ortográfico.	
M	6273	MORFOLOGIK_RULE_ES		17	19	UnknownWord	Se ha encontrado un posible error ortográfico.	ir|fe|Dr|fu|FP|FC|FM|Fe|Fer|GR|QR|Sr|ar|fa|fi|fo|CR|FB|FT
L	6274	The Art of Computer Science.
M	6274	MORFOLOGIK_RULE_ES		0	3	UnknownWord	Se ha encontrado un posible error ortográfico.	Te|He|TVE|Té|Che|Toe|Toé|TAE|Theo|Ther
M	6274	MORFOLOGIK_RULE_ES		4	7	UnknownWord	Se ha encontrado un posible error ortográfico.	Arte|Are|Aro|Aró|Aré|ARL|ARN|ATT|Arlt|Arp|Ars|Artà|Bart|Ar|Ara|Arta|Ará|Kart|RT
M	6274	MORFOLOGIK_RULE_ES		8	10	UnknownWord	Se ha encontrado un posible error ortográfico.	o|CF|oh|oí|Ot|O₂|fo|oa|ok|os|ox|uf|ó|LF
M	6274	MORFOLOGIK_RULE_ES		11	19	UnknownWord	Se ha encontrado un posible error ortográfico.	Computar|Compute|Competer|Computen|Computes|Computé|Compu ter
L	6275	Roquebrune-Cap-Martin
M	6275	MORFOLOGIK_RULE_ES		0	10	UnknownWord	Se ha encontrado un posible error ortográfico.	Requebrale|Requebrame|Requebrare|Requebraré|Requebrase|Requebrate|Requebré
M	6275	MORFOLOGIK_RULE_ES		11	14	UnknownWord	Se ha encontrado un posible error ortográfico.	Capa|Cae|Cal|Ca|Can|CAD|Capo|Capó|Gap|CLP|CNP|Caí|Cape|Caz|Capá|AP|CAM|CAS|COP|CP|Calp|Cam|Camp|Cao|Capé|Car|Caé|Rap|SAP|TAP
M	6275	MORFOLOGIK_RULE_ES		15	21	UnknownWord	Se ha encontrado un posible error ortográfico.	Martín|Mártir|Martina|Mastín|Marin|Marlín|Marti|Martins|Martinů|Martiño|Martí|Marvin|Marín|Martini
L	6276	Metropolitan Museum of Art
L	6277	Vive en Tel Aviv.
L	6278	de Google Doc
M	6278	UPPERCASE_SENTENCE_START		0	2	Other	Esta frase no empieza con mayúscula.	De
M	6278	GOOGLE_DOC	1	3	13	Other	¿Quería decir <suggestion>Google Docs</suggestion>?	Google Docs
L	6279	El autor Ed Morales lo afirma.
M	6279	MORFOLOGIK_RULE_ES		9	11	UnknownWord	Se ha encontrado un posible error ortográfico.	El|En|Es|E|Él|Red|Id|Sed|Ved|2D|3D|CD|Ea|Edo|Edu|HD|ID|Ned|PD|SD|Ted|UD|eV|Eh|Ex|Led
L	6280	Envíame el documento .doc esta tarde.
L	6281	Vive con el Sr . García.
M	6281	PUNTO_EN_ABREVIATURAS	3	12	16	Other	El punto debe ir junto a la abreviatura.	Sr.
L	6282	Vive con el Sr García.
M	6282	PUNTO_EN_ABREVIATURAS	4	12	14	Other	Probablemente falta un punto después de la abreviatura.	Sr.
L	6283	Rojo, azul, verde, etc
M	6283	PUNTO_EN_ABREVIATURAS	5	19	22	Other	Probablemente falta un punto después de la abreviatura.	etc.
L	6284	s XVIII.
M	6284	ABREVIATURA_SIGLO	1	0	1	Other	Falta un punto después de la abreviatura de "siglo".	S.|Siglo
L	6285	Vive en el s XVIII.
M	6285	ABREVIATURA_SIGLO	2	11	12	Other	Falta un punto después de la abreviatura de "siglo".	s.|siglo
L	6286	Vive en el S XVIII.
M	6286	ABREVIATURA_SIGLO	2	11	12	Other	Falta un punto después de la abreviatura de "siglo".	s.|siglo
L	6287	Es él ─dijo.
M	6287	WRONG_DASH	1	6	7	Other	Carácter de guion incorrecto.	—
L	6288	Es él ㅡdijo.
M	6288	WRONG_DASH	1	6	11	Other	Carácter de guion incorrecto.	—dijo
L	6289	A las 5 hrs. del domingo.
M	6289	ABREV_HORA	1	8	12	Other	Para indicar horas se usa el símbolo h, en minúscula y sin punto.	h
L	6290	A las 5 HRS. del domingo.
M	6290	ABREV_HORA	1	8	12	Other	Para indicar horas se usa el símbolo h, en minúscula y sin punto.	h
L	6291	A las 5 hrs.
M	6291	ABREV_HORA	2	8	11	Other	Para indicar horas se usa el símbolo h, en minúscula y sin punto.	h
L	6292	A las 5hrs. del domingo.
M	6292	ABREV_HORA	3	6	11	Other	Para indicar horas se usa el símbolo h, en minúscula y sin punto.	5 h
L	6293	A las 5hs.
M	6293	SPACE_UNITIES	2	6	9	Other	Falta un espacio antes de la unidad.	5 hs
L	6294	A las 48hrs.
M	6294	ABREV_HORA	4	6	11	Other	Para indicar horas se usa el símbolo h, en minúscula y sin punto.	48 h
L	6295	A las 15 h. será la reunión.
M	6295	ABREV_HORA	5	6	11	Other	Para indicar horas se usa el símbolo h sin punto.	15 h
L	6296	A las 15.30 h. será la reunión.
M	6296	ABREV_HORA	5	6	14	Other	Para indicar horas se usa el símbolo h sin punto.	15.30 h
L	6297	A las 5.30 h. será la reunión.
M	6297	ABREV_HORA	5	6	13	Other	Para indicar horas se usa el símbolo h sin punto.	5.30 h
L	6298	Llegará a las 15.30 h.
L	6299	Vivían 500 h. de diferentes nacionalidaes.
M	6299	MORFOLOGIK_RULE_ES		28	41	UnknownWord	Se ha encontrado un posible error ortográfico.	nacionalidades
L	6300	Tenía 15 h./km2
M	6300	MORFOLOGIK_RULE_ES		12	15	UnknownWord	Se ha encontrado un posible error ortográfico.	km|km²|km³
L	6301	Pesa 5grs. de más.
M	6301	ABREV_HORA	6	5	10	Other	Para indicar 'gramos' se usa el símbolo g.	5 g
L	6302	Pesa 5grs.
M	6302	ABREV_HORA	7	5	9	Other	Para indicar 'gramos' se usa el símbolo g.	5 g
L	6303	En el 2do. caso.
M	6303	ABREV_ORDINALES	1	6	10	Other	Abreviatura de número ordinal.	2.º
L	6304	En el 5to. puesto.
M	6304	ABREV_ORDINALES	1	6	10	Other	Abreviatura de número ordinal.	5.º
L	6305	En la 2da. ronda.
M	6305	ABREV_ORDINALES	2	6	10	Other	Abreviatura de número ordinal.	2.ª
L	6306	En la 5ta. posición.
M	6306	ABREV_ORDINALES	2	6	10	Other	Abreviatura de número ordinal.	5.ª
L	6307	En el 1r. caso.
M	6307	ABREV_ORDINALES	3	6	9	Other	Abreviatura de número ordinal.	1.er|1.º
L	6308	En el 1er. caso.
M	6308	ABREV_ORDINALES	3	6	10	Other	Abreviatura de número ordinal.	1.er|1.º
L	6309	En el 2do caso.
M	6309	ABREV_ORDINALES	4	6	9	Other	Abreviatura de número ordinal.	2.º
L	6310	En el 5to puesto.
M	6310	ABREV_ORDINALES	4	6	9	Other	Abreviatura de número ordinal.	5.º
L	6311	En la 2da ronda.
M	6311	ABREV_ORDINALES	5	6	9	Other	Abreviatura de número ordinal.	2.ª
L	6312	En la 5ta posición.
M	6312	ABREV_ORDINALES	5	6	9	Other	Abreviatura de número ordinal.	5.ª
L	6313	En el 1r caso.
M	6313	ABREV_ORDINALES	6	6	8	Other	Abreviatura de número ordinal.	1.er|1.º
L	6314	En el 31er caso.
M	6314	ABREV_ORDINALES	6	6	10	Other	Abreviatura de número ordinal.	31.er|31.º
L	6315	P .ej. el campo.
M	6315	P_EJ	1	0	6	Other	Abreviatura de 'por ejemplo'.	P. ej.
L	6316	P.ej. el campo.
M	6316	P_EJ	1	0	5	Other	Abreviatura de 'por ejemplo'.	P. ej.
L	6317	P .ej . el campo.
M	6317	P_EJ	1	0	7	Other	Abreviatura de 'por ejemplo'.	P. ej.
M	6317	UPPERCASE_SENTENCE_START		8	10	Other	Esta frase no empieza con mayúscula.	El
L	6318	P ej . el campo.
M	6318	P_EJ	1	0	6	Other	Abreviatura de 'por ejemplo'.	P. ej.
M	6318	UPPERCASE_SENTENCE_START		7	9	Other	Esta frase no empieza con mayúscula.	El
L	6319	(p .ej. el campo).
M	6319	P_EJ	1	1	7	Other	Abreviatura de 'por ejemplo'.	p. ej.
L	6320	(p .e. el campo).
M	6320	P_EJ	1	1	6	Other	Abreviatura de 'por ejemplo'.	p. ej.
L	6321	P. ej. el campo.
L	6322	P. E. Berry
M	6322	MORFOLOGIK_RULE_ES		6	11	UnknownWord	Se ha encontrado un posible error ortográfico.	Ferry|Berro|Barry|Berli|Berni|Berrio|Berriz|Jerry|Terry|Berra|Ferri
L	6323	Había 33,4km.
M	6323	SPACE_UNITIES	1	6	12	Other	Falta un espacio antes de la unidad.	33,4 km
L	6324	Cuesta 100€.
M	6324	SPACE_UNITIES	1	7	11	Other	Falta un espacio antes de la unidad.	100 €
L	6325	13.000km2
M	6325	SPACE_UNITIES	1	0	9	Other	Falta un espacio antes de la unidad.	13.000 km2
L	6326	Es de los años 50s.
M	6326	DECADAS_1920	1	15	18	Other	Las décadas se escriben sin 's'.	50
L	6327	Es de los 1950s.
M	6327	DECADAS_1920	1	10	15	Other	Las décadas se escriben sin 's'.	1950
L	6328	En los años 30s, 40s y 50s.
M	6328	DECADAS_1920	1	12	15	Other	Las décadas se escriben sin 's'.	30
M	6328	DECADAS_1920	2	17	20	Other	Las décadas se escriben sin 's'.	40
M	6328	DECADAS_1920	2	23	26	Other	Las décadas se escriben sin 's'.	50
L	6329	Según una encuesta de 40dB. para El País
L	6330	Había 33.4V.
M	6330	SPACE_UNITIES	2	6	11	Other	Falta un espacio antes de la unidad.	33.4 V
L	6331	13.000km2
M	6331	SPACE_UNITIES	1	0	9	Other	Falta un espacio antes de la unidad.	13.000 km2
L	6332	Es de los años 50s.
M	6332	DECADAS_1920	1	15	18	Other	Las décadas se escriben sin 's'.	50
L	6333	Es de los 1950s.
M	6333	DECADAS_1920	1	10	15	Other	Las décadas se escriben sin 's'.	1950
L	6334	En los años 30s, 40s y 50s.
M	6334	DECADAS_1920	1	12	15	Other	Las décadas se escriben sin 's'.	30
M	6334	DECADAS_1920	2	17	20	Other	Las décadas se escriben sin 's'.	40
M	6334	DECADAS_1920	2	23	26	Other	Las décadas se escriben sin 's'.	50
L	6335	El grupo de 2ºB.
M	6335	SPACE_UNITIES	3	12	15	Other	Falta un espacio.	2º B
L	6336	En los años 1930s.
M	6336	DECADAS_1920	1	12	17	Other	Las décadas se escriben sin 's'.	1930
L	6337	En los años 20s y 30s.
M	6337	DECADAS_1920	1	12	15	Other	Las décadas se escriben sin 's'.	20
M	6337	DECADAS_1920	2	18	21	Other	Las décadas se escriben sin 's'.	30
L	6338	En los años 1930's.
M	6338	DECADAS_1920	3	12	18	Other	Las décadas se escriben sin 's'.	1930
L	6339	En los años treintas.
M	6339	DECADAS_1920	4	12	20	Other	Los números de las décadas se escriben en singular.	treinta
L	6340	En los noventas pasaron muchas cosas.
M	6340	DECADAS_1920	4	7	15	Other	Los números de las décadas se escriben en singular.	noventa
L	6341	La entrada es a las 7.30 AM.
L	6342	El servicio se realizará a las 5 pm.
L	6343	El servicio se realizará a las 5 p.m.
L	6344	El servicio se realizará a las 5 a. m.!
M	6344	ES_QUESTION_MARK		0	2	Other	Símbolo desparejado: Parece que falta un '¡'	¡El
L	6345	La entrada es a las 7.30 am
L	6346	La entrada es a las 7.30 AM
L	6347	El servicio se realizará a las 5 pm!
M	6347	ES_QUESTION_MARK		0	2	Other	Símbolo desparejado: Parece que falta un '¡'	¡El
L	6348	El servicio se realizará a las 5 p.m.
L	6349	El servicio se realizará a las 5 a.m.
L	6350	De las cuales 36 son AM y 25 FM
L	6351	Frankfurt am Main
M	6351	MORFOLOGIK_RULE_ES		10	12	UnknownWord	Se ha encontrado un posible error ortográfico.	AM|a|al|km|cm|mm|as|ama|amo|RAM|dm|ah|amó|ay|ame|amé|AI|AP|Amy|CAM|Cam|FM|Sam|aC|aj|ami|amá|ar|ax|m|Å|a m|3M|AMC|AMD|GM
M	6351	MORFOLOGIK_RULE_ES		13	17	UnknownWord	Se ha encontrado un posible error ortográfico.	Mayo|Maíz|Maya|Caín|Magín|Saín|Aín|Maia|Maine|Mainz|Man|Marin|Marín|Maón|Naín|Mail|Mayan|Maye|Mayen|Mayá|Mayé|Mayó|Zayn
L	6352	-> Punto 1
L	6353	A <- B
M	6353	MORFOLOGIK_RULE_ES		5	6	UnknownWord	Se ha encontrado un posible error ortográfico.	
L	6354	A ← B
L	6355	-128 < -127 < -126
L	6356	A <=> B
L	6357	A ⇔ B
L	6358	Ahora mismo...
L	6359	Ahora…
L	6360	Ven -dijo.
L	6361	Ven –dijo.
L	6362	Ven ‒dijo.
L	6363	Se alteró mucho -¿no?-, y después se fue.
L	6364	Correspondió a Yoel Finol –medalla de bronce en Río 2016–, quien se impuso ante el cubano Yosbany Veitía.
M	6364	MORFOLOGIK_RULE_ES		20	25	UnknownWord	Se ha encontrado un posible error ortográfico.	Final|Fino|Finos|Fenol|Finó|Fiol|Piñol|Fitol|Pinol|Fino l
M	6364	MORFOLOGIK_RULE_ES		90	97	UnknownWord	Se ha encontrado un posible error ortográfico.	Jovany|Yobái
M	6364	MORFOLOGIK_RULE_ES		98	104	UnknownWord	Se ha encontrado un posible error ortográfico.	Vestía|Vertía|Beitia
L	6365	Ven —dijo.
L	6366	Años 1950‒1954.
L	6367	Nivel medio-alto.
L	6368	dijo entonces- ven.
M	6368	UPPERCASE_SENTENCE_START		0	4	Other	Esta frase no empieza con mayúscula.	Dijo
L	6369	LOS COMENTARISTAS DEPORTIVOS -QUE CASI SIEMPRE SON DE ESPN Y MEXICANOS- LUEGO
L	6370	Correspondió a Yoel Finol –medalla de bronce en Río 2016– quien se impuso ante el cubano Yosbany Veitía.
M	6370	MORFOLOGIK_RULE_ES		20	25	UnknownWord	Se ha encontrado un posible error ortográfico.	Final|Fino|Finos|Fenol|Finó|Fiol|Piñol|Fitol|Pinol|Fino l
M	6370	MORFOLOGIK_RULE_ES		89	96	UnknownWord	Se ha encontrado un posible error ortográfico.	Jovany|Yobái
M	6370	MORFOLOGIK_RULE_ES		97	103	UnknownWord	Se ha encontrado un posible error ortográfico.	Vestía|Vertía|Beitia
L	6371	Nivel bajo-medio.
L	6372	demás, Roy puede esquiar en el K- 12.
M	6372	UPPERCASE_SENTENCE_START		0	5	Other	Esta frase no empieza con mayúscula.	Demás
L	6373	demás, Roy puede esquiar en el K-12.
M	6373	UPPERCASE_SENTENCE_START		0	5	Other	Esta frase no empieza con mayúscula.	Demás
L	6374	dijo-, ven.
M	6374	UPPERCASE_SENTENCE_START		0	4	Other	Esta frase no empieza con mayúscula.	Dijo
L	6375	Correspondió a Yoel Finol –medalla de bronce en Río 2016–, quien se impuso ante el cubano Yosbany Veitía.
M	6375	MORFOLOGIK_RULE_ES		20	25	UnknownWord	Se ha encontrado un posible error ortográfico.	Final|Fino|Finos|Fenol|Finó|Fiol|Piñol|Fitol|Pinol|Fino l
M	6375	MORFOLOGIK_RULE_ES		90	97	UnknownWord	Se ha encontrado un posible error ortográfico.	Jovany|Yobái
M	6375	MORFOLOGIK_RULE_ES		98	104	UnknownWord	Se ha encontrado un posible error ortográfico.	Vestía|Vertía|Beitia
L	6376	--
L	6377	—
L	6378	- Primer punto del orden del día.
L	6379	-¿Perdón?
L	6380	Es "grande".
L	6381	Es de “gran calidad”.
L	6382	Es de "gran calidad".
L	6383	Es de “gran calidad”.
L	6384	Es de "gran calidad".
L	6385	De “gran calidad”
L	6386	-"Dime qué pasó".
L	6387	"Decidme qué pasó".
L	6388	-“Gran calidad”
L	6389	("gran calidad").
L	6390	(“gran calidad”)
L	6391	("gran calidad").
L	6392	¿“Gran calidad”?
L	6393	Sotheby's.
L	6394	Sotheby’s
L	6395	Es de 'gran calidad'.
L	6396	De ‘gran calidad’.
L	6397	Marvel’s Spider-Man
L	6398	Es de 'gran calidad'.
L	6399	De ‘gran calidad’.
L	6400	Marvel’s Spider-Man
L	6401	-'Dime qué pasó'.
L	6402	De ‘gran calidad’.
L	6403	('gran calidad').
L	6404	De ‘gran calidad’.
L	6405	('gran calidad').
L	6406	(‘gran calidad’)
L	6407	Contámelas.
M	6407	VOSEO	1	0	10	Hint	Forma correcta si se usa voseo. Si no, utilice una forma alternativa.	Cuéntamelas|Contádmelas
L	6408	Permitime que lo diga.
M	6408	VOSEO	2	0	9	Hint	Forma correcta si se usa voseo. Si no, utilice una forma alternativa.	Permíteme|Permitidme
L	6409	¡Cuidate mucho!
M	6409	VOSEO	2	1	8	Hint	Forma correcta si se usa voseo. Si no, utilice una forma alternativa.	Cuídate
L	6410	Los anticonceptivos orales.
L	6411	De la marca Colgate.
L	6412	En inglés, "pirate" (pirata) y "parrot" (loro) son casi homófonos.
M	6412	MORFOLOGIK_RULE_ES		32	38	UnknownWord	Se ha encontrado un posible error ortográfico.	parrón|parro|parros
L	6413	Pensá en ello.
M	6413	VOSEO	3	0	5	Hint	Forma correcta si se usa voseo. Si no, utilice una forma alternativa.	Piensa|Pensad
L	6414	Vino con su pequeño bebé.
L	6415	¿Cuándo volverá a casa mamá?
L	6416	Sos el mejor.
M	6416	VOSEO	4	0	3	Hint	Forma correcta si se usa voseo. Si no, utilice una forma alternativa.	Eres|Sois
L	6417	¿Qué pensás?
M	6417	VOSEO	4	5	11	Hint	Forma correcta si se usa voseo. Si no, utilice una forma alternativa.	piensas|pensáis
L	6418	Tomate tu tiempo.
M	6418	VOSEO	5	0	6	Hint	Forma correcta si se usa voseo. Si no, utilice una forma alternativa.	Tómate
L	6419	Tomate un descanso.
M	6419	VOSEO	5	0	6	Hint	Forma correcta si se usa voseo. Si no, utilice una forma alternativa.	Tómate
L	6420	Con salsa de tomate esta semana.
L	6421	Está caro el tomate esta temporada.
L	6422	Esto es no es lo mejor.
M	6422	ES_NO_ES	1	5	13	Other	Palabra repetida. Posible error.	no es
L	6423	Dijo que o que no podía ser.
M	6423	QUE_QUE	1	5	14	Other	Palabra repetida. Posible error.	que|que o|o que
L	6424	Los objetivos que tenía que cumplir.
L	6425	Cualquiera que sea que elijan.
L	6426	Pues que bien que regresaste.
L	6427	También se llama también así.
M	6427	REPETEAD_ELEMENTS	1	0	24	Other	Repetición probablemente incorrecta.	También se llama|Se llama también
L	6428	Esto aún no es aún definitivo.
M	6428	REPETEAD_ELEMENTS	1	5	18	Other	Repetición probablemente incorrecta.	aún no es|no es aún
L	6429	Y ya los tenía ya en su despacho.
M	6429	REPETEAD_ELEMENTS	1	2	17	Other	Repetición probablemente incorrecta.	ya los tenía|los tenía ya
L	6430	También es blanco y también es negreo.
L	6431	Ya por verguenza ya por timidez
M	6431	MORFOLOGIK_RULE_ES		7	16	UnknownWord	Se ha encontrado un posible error ortográfico.	vergüenza|avergüenza|vergüenzas
L	6432	Solo faltaba solo esto.
M	6432	REPETEAD_ELEMENTS	2	0	17	Other	Repetición probablemente incorrecta.	Solo faltaba|Faltaba solo
L	6433	Solo ha faltado solo esto.
M	6433	REPETEAD_ELEMENTS	2	0	20	Other	Repetición probablemente incorrecta.	Solo ha faltado|Ha faltado solo
L	6434	Solo es blanco, solo es negro.
L	6435	Ni solo por verguenza ni solo por timidez.
M	6435	MORFOLOGIK_RULE_ES		12	21	UnknownWord	Se ha encontrado un posible error ortográfico.	vergüenza|avergüenza|vergüenzas
L	6436	Eso no yo no lo haría.
M	6436	REPETEAD_ELEMENTS	3	4	12	Other	Repetición probablemente incorrecta.	yo no|no yo
L	6437	No solo no me gusta, me repugna.
L	6438	No, no me gusta.
L	6439	No y no: esta es mi respuesta.
L	6440	No que no pudiese ser.
L	6441	Una persona que no te entiende no tiene por qué ser idiota.
L	6442	No puedes no verlo.
L	6443	Vuelvo a mi a madriguera.
M	6443	MI_TILDE	1	9	11	Other	Si es pronombre, se escribe con tilde.	mí
L	6444	Le dicen que son las ya las cuatro de la tarde.
M	6444	REPETEAD_ELEMENTS	5	17	27	Other	Repetición probablemente incorrecta.	ya las|las ya
L	6445	Después de haber tomado la firme decisión.
L	6446	Un triángulo de más de 180 grados
L	6447	Piensa diariamente en algo en que nadie más esté pensando.
L	6448	Algo de alrededor de ochocientos reales.
L	6449	Dos más dos son cuatro.
L	6450	2 más dos son cuatro.
L	6451	La cerca la pintó mi padre.
L	6452	A él le da lo mismo lo que otros digan.
L	6453	Es la misma la que vino.
L	6454	Bienvenidos a casa a casa.
M	6454	PHRASE_REPETITION	1	12	25	Other	Frase duplicada.	a casa
L	6455	Lo pongo como un como un ejemplo.
M	6455	PHRASE_REPETITION	1	9	24	Other	Frase duplicada.	como un
L	6456	Es el americano el americano.
M	6456	PHRASE_REPETITION	1	3	28	Other	Frase duplicada.	el americano
L	6457	Solo quería mirar y mirar y mirar.
L	6458	A diferència de los de los pájaros.
M	6458	MORFOLOGIK_RULE_ES		2	12	UnknownWord	Se ha encontrado un posible error ortográfico.	diferencia|diferenciá|diferencias|diferencial|diferencian|diferenciar|diferenció|deferencia|diferencie|diferenciad|diferencio|diferenciás|diferencié
L	6459	Sube paso a paso a la montaña.
L	6460	Sea quien sea quien venga.
L	6461	De heredero a heredero a través de generaciones.
L	6462	De dos en dos en el árbol.
L	6463	No había ni demasiado ni demasiado pocos.
L	6464	Dejándolas de una en una en las casillas siguientes.
L	6465	No marcan uno a uno a sus oponentes.
L	6466	Hizo el boca a boca a Mary.
L	6467	Es del año 20014.
M	6467	INVIERNO_DDDDD	2	11	16	Other	¿Quería decir un año de cuatro dígitos?	
L	6468	Es de 20014.
M	6468	ANY20011_2011	1	6	11	Other	¿Quería decir <suggestion>2014</suggestion>?	2014
L	6469	Es del 2015.
L	6470	En el verano de 20211 no habrá nieve.
M	6470	INVIERNO_DDDDD	2	16	21	Other	¿Quería decir un año de cuatro dígitos?	
L	6471	En Oct. 20211 no habrá nieve.
M	6471	INVIERNO_DDDDD	2	8	13	Other	¿Quería decir un año de cuatro dígitos?	
L	6472	7 de octubre de 2013
L	6473	7 oct de 2013
L	6474	7-10-2013
L	6475	Lunes, 7 de octubre de 2014
M	6475	ES_DATE_WEEKDAY	1	0	8	Other	Esta fecha no es un lunes sino un <suggestion>martes</suggestion>.	Martes, 7|Lunes, 6
L	6476	Lunes 7 de octubre de 2014
M	6476	ES_DATE_WEEKDAY	1	0	7	Other	Esta fecha no es un lunes sino un <suggestion>martes</suggestion>.	Martes 7|Lunes 6
L	6477	Martes, 7 de octubre de 2014
L	6478	Lunes, 7 de octubre del 2014
M	6478	ES_DATE_WEEKDAY	1	0	8	Other	Esta fecha no es un lunes sino un <suggestion>martes</suggestion>.	Martes, 7|Lunes, 6
L	6479	Lunes 7 de octubre del 2014
M	6479	ES_DATE_WEEKDAY	1	0	7	Other	Esta fecha no es un lunes sino un <suggestion>martes</suggestion>.	Martes 7|Lunes 6
L	6480	Martes, 7 d'octubre del 2014
L	6481	Washington DC, 7 de octubre del 2014
L	6482	Lunes 7 de octubre
M	6482	ES_DATE_WEEKDAY_CURRENTYEAR	2	0	7	Other	Si se refiere al año actual (2026), esta fecha no es un lunes sino un <suggestion>miércoles</suggestion>.	Miércoles 7|Lunes 5
L	6483	Lunes, 7 de octubre
M	6483	ES_DATE_WEEKDAY_CURRENTYEAR	2	0	8	Other	Si se refiere al año actual (2026), esta fecha no es un lunes sino un <suggestion>miércoles</suggestion>.	Miércoles, 7|Lunes, 5
L	6484	Martes, 7 de octubre
M	6484	ES_DATE_WEEKDAY_CURRENTYEAR	2	0	9	Other	Si se refiere al año actual (2026), esta fecha no es un martes sino un <suggestion>miércoles</suggestion>.	Miércoles, 7|Martes, 6
L	6485	Washington DC, 7 de octubre
L	6486	Lunes 27 de noviembre de 1922
L	6487	Lunes 27 de noviembre del 1922
L	6488	Lunes 27 de noviembre 1922
L	6489	Viernes 5 de octubre del año 2018.
L	6490	Viernes 5 de octubre, 2018.
L	6491	Viernes 5 de octubre 2018.
L	6492	Lunes, 7 oct 2014
M	6492	ES_DATE_WEEKDAY	1	0	8	Other	Esta fecha no es un lunes sino un <suggestion>martes</suggestion>.	Martes, 7|Lunes, 6
L	6493	Lu 7 oct 2014
M	6493	ES_DATE_WEEKDAY	1	0	4	Other	Esta fecha no es un lunes sino un <suggestion>martes</suggestion>.	Martes 7|Lu 6
L	6494	Martes, 7 oct 2014
L	6495	Lunes, 7-10-2014
M	6495	ES_DATE_WEEKDAY	4	0	8	Other	Esta fecha no es un lunes sino un <suggestion>martes</suggestion>.	Martes, 7|Lunes, 6
L	6496	Lu 7/10/2014
M	6496	ES_DATE_WEEKDAY	4	0	4	Other	Esta fecha no es un lu sino un <suggestion>martes</suggestion>.	Martes 7|Lu 6
L	6497	Martes, 7-10-2014
L	6498	Nació el 31 de septiembre.
M	6498	NUMBER_DAYS_MONTH	1	9	11	Other	El mes de septiembre solo tiene 30 días.	30
L	6499	Nació el 31/11/1988.
M	6499	NUMBER_DAYS_MONTH	1	9	11	Other	El mes de 11 solo tiene 30 días.	30
L	6500	Nació el 31 de novbre.
M	6500	NUMBER_DAYS_MONTH	1	9	11	Other	El mes de novbre solo tiene 30 días.	30
L	6501	Nació el 31 de febrero.
M	6501	NUMBER_DAYS_MONTH	2	9	11	Other	El mes de febrero solo tiene <suggestion>28</suggestion> o <suggestion>29</suggestion> días.	28|29
L	6502	Nació el 30/2/1988.
M	6502	NUMBER_DAYS_MONTH	2	9	11	Other	El mes de febrero solo tiene <suggestion>28</suggestion> o <suggestion>29</suggestion> días.	28|29
L	6503	El 29 de febrero de 1900.
M	6503	NUMBER_DAYS_MONTH	3	3	5	Other	El mes de febrero solo tiene <suggestion>28</suggestion> días, porque el año 1900 no es bisiesto.	28
L	6504	El 29/febrero/1900.
M	6504	NUMBER_DAYS_MONTH	3	3	5	Other	El mes de febrero solo tiene <suggestion>28</suggestion> días, porque el año 1900 no es bisiesto.	28
L	6505	El 29/02/1900.
M	6505	NUMBER_DAYS_MONTH	3	3	5	Other	El mes de febrero solo tiene <suggestion>28</suggestion> días, porque el año 1900 no es bisiesto.	28
L	6506	El 29/2/1900.
M	6506	NUMBER_DAYS_MONTH	3	3	5	Other	El mes de febrero solo tiene <suggestion>28</suggestion> días, porque el año 1900 no es bisiesto.	28
L	6507	El 29 de febrero 2000.
L	6508	El 29/febrero/2000.
L	6509	El 29/02/2000.
L	6510	El 29/2/2000.
L	6511	El 29 de febrero 2001.
M	6511	NUMBER_DAYS_MONTH	3	3	5	Other	El mes de febrero solo tiene <suggestion>28</suggestion> días, porque el año 2001 no es bisiesto.	28
L	6512	El 29 febrero 2002.
M	6512	NUMBER_DAYS_MONTH	3	3	5	Other	El mes de febrero solo tiene <suggestion>28</suggestion> días, porque el año 2002 no es bisiesto.	28
L	6513	El 29 de febrero 2003.
M	6513	NUMBER_DAYS_MONTH	3	3	5	Other	El mes de febrero solo tiene <suggestion>28</suggestion> días, porque el año 2003 no es bisiesto.	28
L	6514	El 29 febrero 2004.
L	6515	El 29 febrero de 2005.
M	6515	NUMBER_DAYS_MONTH	3	3	5	Other	El mes de febrero solo tiene <suggestion>28</suggestion> días, porque el año 2005 no es bisiesto.	28
L	6516	El 29 de febrero de 2006.
M	6516	NUMBER_DAYS_MONTH	3	3	5	Other	El mes de febrero solo tiene <suggestion>28</suggestion> días, porque el año 2006 no es bisiesto.	28
L	6517	El 29 febrero 2007.
M	6517	NUMBER_DAYS_MONTH	3	3	5	Other	El mes de febrero solo tiene <suggestion>28</suggestion> días, porque el año 2007 no es bisiesto.	28
L	6518	El 29 febrero 2008.
L	6519	El 29 de febrero de 2009.
M	6519	NUMBER_DAYS_MONTH	3	3	5	Other	El mes de febrero solo tiene <suggestion>28</suggestion> días, porque el año 2009 no es bisiesto.	28
L	6520	El 29 de febrero de 2010.
M	6520	NUMBER_DAYS_MONTH	3	3	5	Other	El mes de febrero solo tiene <suggestion>28</suggestion> días, porque el año 2010 no es bisiesto.	28
L	6521	El 29 de febrero de 2011.
M	6521	NUMBER_DAYS_MONTH	3	3	5	Other	El mes de febrero solo tiene <suggestion>28</suggestion> días, porque el año 2011 no es bisiesto.	28
L	6522	El 29 febrero 2012.
L	6523	El 29 febrero del 2014.
M	6523	NUMBER_DAYS_MONTH	3	3	5	Other	El mes de febrero solo tiene <suggestion>28</suggestion> días, porque el año 2014 no es bisiesto.	28
L	6524	El 29 febrero de 2016.
L	6525	El 29 febrero 2018.
M	6525	NUMBER_DAYS_MONTH	3	3	5	Other	El mes de febrero solo tiene <suggestion>28</suggestion> días, porque el año 2018 no es bisiesto.	28
L	6526	El 29 febrero 2020.
L	6527	El 29 febrero del 2100.
M	6527	NUMBER_DAYS_MONTH	3	3	5	Other	El mes de febrero solo tiene <suggestion>28</suggestion> días, porque el año 2100 no es bisiesto.	28
L	6528	El 29-02-1900
M	6528	NUMBER_DAYS_MONTH	3	3	5	Other	El mes de febrero solo tiene <suggestion>28</suggestion> días, porque el año 1900 no es bisiesto.	28
L	6529	El 29-feb-2005
M	6529	NUMBER_DAYS_MONTH	3	3	5	Other	El mes de febrero solo tiene <suggestion>28</suggestion> días, porque el año 2005 no es bisiesto.	28
L	6530	El 29-feb-2004
L	6531	Nació el 32 de enero.
M	6531	NUMBER_DAYS_MONTH	4	9	20	Other	Verifique que la fecha es correcta. Ningún mes tiene más de 31 días.	
L	6532	Nació el 300 de enero.
M	6532	NUMBER_DAYS_MONTH	4	9	21	Other	Verifique que la fecha es correcta. Ningún mes tiene más de 31 días.	
L	6533	Nació el 31 de enero.
L	6534	Nació el 30 de enero.
L	6535	Nació el 20 de enero.
L	6536	Nació el 2 de enero.
L	6537	Nació el 32/01/1985.
M	6537	NUMBER_DAYS_MONTH	5	9	14	Other	Verifique que la fecha es correcta. Ningún mes tiene más de 31 días.	
L	6538	Nació el 300/01/1985.
M	6538	NUMBER_DAYS_MONTH	5	9	15	Other	Verifique que la fecha es correcta. Ningún mes tiene más de 31 días.	
L	6539	Nació el 32/1/1985.
M	6539	NUMBER_DAYS_MONTH	5	9	13	Other	Verifique que la fecha es correcta. Ningún mes tiene más de 31 días.	
L	6540	Nació el 300/1/1985.
M	6540	NUMBER_DAYS_MONTH	5	9	14	Other	Verifique que la fecha es correcta. Ningún mes tiene más de 31 días.	
L	6541	Nació el 31/01/1985.
L	6542	Nació el 30/01/1985.
L	6543	Nació el 20/01/1985.
L	6544	Nació el 2/01/1985.
L	6545	Nació el 31/1/1985.
L	6546	Nació el 30/1/1985.
L	6547	Nació el 20/1/1985.
L	6548	Nació el 2/1/1985.
L	6549	Nació el 32.01.1985.
M	6549	NUMBER_DAYS_MONTH	6	9	19	Other	Verifique que la fecha es correcta. Ningún mes tiene más de 31 días.	
L	6550	Nació el 300.01.1985.
M	6550	NUMBER_DAYS_MONTH	6	9	20	Other	Verifique que la fecha es correcta. Ningún mes tiene más de 31 días.	
L	6551	Nació el 31.01.1985.
L	6552	Nació el 30.01.1985.
L	6553	Nació el 20.01.1985.
L	6554	Nació el 32.1.1985.
M	6554	NUMBER_DAYS_MONTH	7	9	18	Other	Verifique que la fecha es correcta. Ningún mes tiene más de 31 días.	
L	6555	Nació el 300.1.1985.
M	6555	NUMBER_DAYS_MONTH	7	9	19	Other	Verifique que la fecha es correcta. Ningún mes tiene más de 31 días.	
L	6556	Nació el 31.1.1985.
L	6557	Nació el 30.1.1985.
L	6558	Nació el 20.1.1985.
L	6559	Nació el 11/50/2014.
M	6559	NUMBER_DAYS_MONTH	8	9	19	Other	Si se trata de una fecha, el mes no es correcto.	
L	6560	Nació el 01/32/2014.
M	6560	NUMBER_DAYS_MONTH	8	9	19	Other	Si se trata de una fecha, el mes no es correcto.	
L	6561	Nació el 13/31/2014.
M	6561	NUMBER_DAYS_MONTH	8	9	19	Other	Si se trata de una fecha, el mes no es correcto.	
L	6562	Nació el 31/13/2014.
M	6562	NUMBER_DAYS_MONTH	8	9	19	Other	Si se trata de una fecha, el mes no es correcto.	
L	6563	Nació el 11/05/2014.
L	6564	Nació el 01/31/2014.
L	6565	Nació el 12/31/2014.
L	6566	Nació el 31/12/2014.
L	6567	Nació el 11.50.2014.
M	6567	NUMBER_DAYS_MONTH	9	9	19	Other	Si se trata de una fecha, el mes no es correcto.	
L	6568	Nació el 01.32.2014.
M	6568	NUMBER_DAYS_MONTH	9	9	19	Other	Si se trata de una fecha, el mes no es correcto.	
L	6569	Nació el 13.31.2014.
M	6569	NUMBER_DAYS_MONTH	9	9	19	Other	Si se trata de una fecha, el mes no es correcto.	
L	6570	Nació el 31.13.2014.
M	6570	NUMBER_DAYS_MONTH	9	9	19	Other	Si se trata de una fecha, el mes no es correcto.	
L	6571	Nació el 11.05.2014.
L	6572	Nació el 01.31.2014.
L	6573	Nació el 12.31.2014.
L	6574	Nació el 31.12.2014.
L	6575	Nació el 31.11.1989.
M	6575	NUMBER_DAYS_MONTH	10	9	19	Other	Este mes solo tiene 30 días.	
L	6576	Nació el 31.11.89.
M	6576	NUMBER_DAYS_MONTH	10	9	17	Other	Este mes solo tiene 30 días.	
L	6577	Nació el 30.11.89.
L	6578	Nació el 31.04.
M	6578	NUMBER_DAYS_MONTH	11	9	14	Other	Este mes solo tiene 30 días.	
L	6579	Nació el 31.4.
M	6579	NUMBER_DAYS_MONTH	11	9	13	Other	Este mes solo tiene 30 días.	
L	6580	Nació el 31.4.1989.
M	6580	NUMBER_DAYS_MONTH	11	9	13	Other	Este mes solo tiene 30 días.	
L	6581	Nació el 30.04.
L	6582	Nació el 30.4.
L	6583	Nació el 30.4.1989.
L	6584	Nació el 30.02.1900.
M	6584	NUMBER_DAYS_MONTH	12	9	19	Other	El mes de febrero solo tiene 28 o 29 días.	
L	6585	Nació el 31.02.1900.
M	6585	NUMBER_DAYS_MONTH	12	9	19	Other	El mes de febrero solo tiene 28 o 29 días.	
L	6586	Nació el 28.02.1900
L	6587	Nació el 30.02.
M	6587	NUMBER_DAYS_MONTH	13	9	14	Other	El mes de febrero solo tiene 28 o 29 días.	
L	6588	Nació el 31.02.
M	6588	NUMBER_DAYS_MONTH	13	9	14	Other	El mes de febrero solo tiene 28 o 29 días.	
L	6589	Nació el 30.2.
M	6589	NUMBER_DAYS_MONTH	13	9	13	Other	El mes de febrero solo tiene 28 o 29 días.	
L	6590	Nació el 31.2.
M	6590	NUMBER_DAYS_MONTH	13	9	13	Other	El mes de febrero solo tiene 28 o 29 días.	
L	6591	Nació el 30.2.1900.
M	6591	NUMBER_DAYS_MONTH	13	9	13	Other	El mes de febrero solo tiene 28 o 29 días.	
L	6592	Nació el 31.2.1900.
M	6592	NUMBER_DAYS_MONTH	13	9	13	Other	El mes de febrero solo tiene 28 o 29 días.	
L	6593	Nació el 28.02.
L	6594	Nació el 28.2.
L	6595	Nació el 28.2.1900.
L	6596	Nació el 29.02.1900.
M	6596	NUMBER_DAYS_MONTH	14	9	19	Other	El mes de febrero solo tiene 28 días, porque este año no es bisiesto.	
L	6597	Nació el 28.02.1900.
L	6598	Nació el 29.02.2000.
L	6599	Nació el29.02.2004.
M	6599	MORFOLOGIK_RULE_ES		6	18	UnknownWord	Se ha encontrado un posible error ortográfico.	
L	6600	Nació el29.02.2008.
M	6600	MORFOLOGIK_RULE_ES		6	18	UnknownWord	Se ha encontrado un posible error ortográfico.	
L	6601	Nació el29.02.2012.
M	6601	MORFOLOGIK_RULE_ES		6	18	UnknownWord	Se ha encontrado un posible error ortográfico.	
L	6602	Nació el 29.02.2016.
L	6603	Nació el 29.02.2020.
L	6604	Sucederá el 29.02.2100.
M	6604	NUMBER_DAYS_MONTH	14	12	22	Other	El mes de febrero solo tiene 28 días, porque este año no es bisiesto.	
L	6605	Sucederá el 28.02.2100.
L	6606	Nació el 29.2.1900.
M	6606	NUMBER_DAYS_MONTH	15	9	18	Other	El mes de febrero solo tiene 28 días, porque este año no es bisiesto.	
L	6607	Nació el 28.2.1900.
L	6608	Nació el 29.2.2000.
L	6609	Nació el29.2.2004.
M	6609	MORFOLOGIK_RULE_ES		6	12	UnknownWord	Se ha encontrado un posible error ortográfico.	
L	6610	Nació el29.2.2008.
M	6610	MORFOLOGIK_RULE_ES		6	12	UnknownWord	Se ha encontrado un posible error ortográfico.	
L	6611	Nació el29.2.2012.
M	6611	MORFOLOGIK_RULE_ES		6	12	UnknownWord	Se ha encontrado un posible error ortográfico.	
L	6612	Nació el 29.2.2016.
L	6613	Nació el 29.2.2020.
L	6614	Sucederá el 29.2.2100.
M	6614	NUMBER_DAYS_MONTH	15	12	21	Other	El mes de febrero solo tiene 28 días, porque este año no es bisiesto.	
L	6615	Sucederá el 28.2.2100.
L	6616	Puedes instalar LanguageTool en Libre-Office.
M	6616	LIBREOFFICE	1	32	44	Other	¿Quería decir <suggestion>LibreOffice</suggestion> (paquete ofimático)?	LibreOffice
L	6617	Leonardo DeCaprio nació en 1974.
M	6617	PERSONAJES_FAMOSOS	1	0	17	Other	¿Quiso decir <suggestion>Leonardo DiCaprio</suggestion> (actor americano)?	Leonardo DiCaprio
L	6618	Leonardo Di Caprio nació en 1974.
M	6618	PERSONAJES_FAMOSOS	2	0	18	Other	¿Quiso decir <suggestion>Leonardo DiCaprio</suggestion> (actor americano)?	Leonardo DiCaprio
L	6619	Di Caprio nació en 1974.
M	6619	PERSONAJES_FAMOSOS	3	0	9	Other	¿Quiso decir <suggestion>DiCaprio</suggestion> (actor americano)?	DiCaprio|Leonardo DiCaprio
L	6620	Borís Johnson es el presidente del Reino Unido.
M	6620	PERSONAJES_FAMOSOS	4	0	13	Other	¿Quiso decir <suggestion>Boris Johnson</suggestion> (político británico)?	Boris Johnson
L	6621	Alan Poe escribió 'El escarabajo de oro'.
M	6621	PERSONAJES_FAMOSOS	5	0	8	Other	¿Quiso decir <suggestion>Allan Poe</suggestion> (escritor estadounidense)?	Allan Poe
L	6622	Recibió la visita de Angel Merkel.
M	6622	PERSONAJES_FAMOSOS	6	21	33	Other	¿Quiso decir <suggestion>Angela Merkel</suggestion> (política alemana)?	Angela Merkel
L	6623	Humfrey Bogard protagoniza 'Casablanca'.
M	6623	PERSONAJES_FAMOSOS	7	0	14	Other	¿Quiso decir <suggestion>Humphrey Bogart</suggestion> (actor norteamericano)?	Humphrey Bogart
L	6624	Emanuel Macron
M	6624	PERSONAJES_FAMOSOS	8	0	14	Other	¿Quiso decir <suggestion>Emmanuel Macron</suggestion>, presidente de Francia?	Emmanuel Macron
L	6625	Emmanuel Makron
M	6625	PERSONAJES_FAMOSOS	8	0	15	Other	¿Quiso decir <suggestion>Emmanuel Macron</suggestion>, presidente de Francia?	Emmanuel Macron
L	6626	Waren Buffet es el hombre más rico del mundo.
M	6626	PERSONAJES_FAMOSOS	9	0	12	Other	¿Quiso decir <suggestion>Warren Buffett</suggestion>, empresario estadounidense?	Warren Buffett
L	6627	Jean-Paul Sastre es un filósofo francés.
M	6627	PERSONAJES_FAMOSOS	10	10	16	Other	¿Quiso decir <suggestion>Sartre</suggestion>, filósofo francés?	Sartre
L	6628	Jean Paul Sastre es un filósofo francés.
M	6628	ES_COMPOUNDS_JEAN_PAUL		0	9	Other	Se escribe con un guion.	Jean-Paul
M	6628	PERSONAJES_FAMOSOS	10	10	16	Other	¿Quiso decir <suggestion>Sartre</suggestion>, filósofo francés?	Sartre
L	6629	Ali baba y los cuarenta ladrones.
M	6629	PERSONAJES_FAMOSOS	11	0	8	Other	¿Quiso decir <suggestion>Alí Babá</suggestion> (personaje de ficción) o <suggestion>Alibaba</suggestion> (empresa china)?	Alí Babá|Alibaba
L	6630	Rem Koolhass.
M	6630	PERSONAJES_FAMOSOS	12	4	12	Other	¿Quiso decir <suggestion>Koolhaas</suggestion>, arquitecto neerlandés?	Koolhaas
L	6631	Rem Kolhaas.
M	6631	PERSONAJES_FAMOSOS	12	4	11	Other	¿Quiso decir <suggestion>Koolhaas</suggestion>, arquitecto neerlandés?	Koolhaas
L	6632	"Rem" Kolhaas.
M	6632	PERSONAJES_FAMOSOS	12	6	13	Other	¿Quiso decir <suggestion>Koolhaas</suggestion>, arquitecto neerlandés?	Koolhaas
L	6633	Volodimyr Zelinski.
M	6633	PERSONAJES_FAMOSOS	13	0	18	Other	¿Quiso decir <suggestion>Volodímir Zelenski</suggestion>, presidente de Ucrania?	Volodímir Zelenski
L	6634	Vladimir Poutin.
M	6634	PERSONAJES_FAMOSOS	14	0	15	Other	¿Quiso decir <suggestion>Vladímir Putin</suggestion>, presidente de la Federación Rusa?	Vladímir Putin
L	6635	En la zona de Vladimir.
M	6635	PERSONAJES_FAMOSOS	15	14	22	Other	La escritura adecuada de este nombre ruso es con tilde.	Vladímir
L	6636	guns'n'roses.
M	6636	PERSONAJES_FAMOSOS	16	0	12	Other	¿Quiso decir <suggestion>Guns N' Roses</suggestion>, grupo musical?	Guns N' Roses
L	6637	guns 'n'roses.
M	6637	PERSONAJES_FAMOSOS	16	0	13	Other	¿Quiso decir <suggestion>Guns N' Roses</suggestion>, grupo musical?	Guns N' Roses
L	6638	guns n’roses.
M	6638	PERSONAJES_FAMOSOS	16	0	12	Other	¿Quiso decir <suggestion>Guns N' Roses</suggestion>, grupo musical?	Guns N' Roses
L	6639	guns 'n' roses.
M	6639	PERSONAJES_FAMOSOS	16	0	14	Other	¿Quiso decir <suggestion>Guns N' Roses</suggestion>, grupo musical?	Guns N' Roses
L	6640	guns ' n roses.
M	6640	PERSONAJES_FAMOSOS	16	0	14	Other	¿Quiso decir <suggestion>Guns N' Roses</suggestion>, grupo musical?	Guns N' Roses
L	6641	guns 'n roses.
M	6641	PERSONAJES_FAMOSOS	16	0	13	Other	¿Quiso decir <suggestion>Guns N' Roses</suggestion>, grupo musical?	Guns N' Roses
L	6642	Guns N’ Roses
L	6643	Helados de Hägen Daz.
M	6643	PERSONAJES_FAMOSOS	17	11	20	Other	¿Quiso decir <suggestion>Häagen-Dazs</suggestion> (marca de helados)?	Häagen-Dazs
L	6644	Estoy probando chat-gpt.
M	6644	PERSONAJES_FAMOSOS	18	15	23	Other	La escritura adecuada es <suggestion>ChatGPT</suggestion>.	ChatGPT
L	6645	Estoy probando chat gpt.
M	6645	PERSONAJES_FAMOSOS	18	15	23	Other	La escritura adecuada es <suggestion>ChatGPT</suggestion>.	ChatGPT
L	6646	Scarlet Johanson
M	6646	PERSONAJES_FAMOSOS	19	0	16	Other	¿Quería decir <suggestion>Scarlett Johansson</suggestion> (actriz)?	Scarlett Johansson
L	6647	Primo de ribera.
M	6647	PERSONAJES_FAMOSOS	20	0	15	Other	¿Quería decir <suggestion>Primo de Rivera</suggestion> (dictador y militar español)?	Primo de Rivera
L	6648	Nova Kakhovka.
M	6648	PERSONAJES_FAMOSOS	21	0	13	Other	La grafía adecuada es <suggestion>Nueva Kajovka</suggestion> (ciudad ucraniana)?	Nueva Kajovka
L	6649	Nuñez Fejioo.
M	6649	ES_SIMPLE_REPLACE_SIMPLE_NUÑEZ		0	5	Other	¿Quería decir «Núñez»?	Núñez
M	6649	MORFOLOGIK_RULE_ES		6	12	UnknownWord	Se ha encontrado un posible error ortográfico.	Feijóo
L	6650	Katherine Hepburn.
M	6650	KATHARINE_HEPBURN	23	0	17	Other	¿Quería decir<suggestion>Katharine Hepburn</suggestion> (actriz)?	Katharine Hepburn
L	6651	Jean austen.
M	6651	JANE_AUSTEN	24	0	11	Other	¿Quería decir <suggestion>Jane Austen</suggestion> (novelista inglesa)?	Jane Austen
L	6652	Jean Fonda.
M	6652	JANE_FONDA	25	0	10	Other	¿Quería decir <suggestion>Jane Fonda</suggestion> (actriz estadounidense)?	Jane Fonda
L	6653	Barbara Streisand.
M	6653	DIACRITICS_02	3	0	7	Other	Si es adjetivo o nombre, se escribe con tilde.	Bárbara
L	6654	Yamine Lamal.
M	6654	LAMINE_YAMAL	27	0	12	Other	¿Quería decir <suggestion>Lamine Yamal</suggestion> (jugador de fútbol)?	Lamine Yamal
L	6655	The Derk Knight Rises.
M	6655	ES_MULTITOKEN_SPELLING_FOUR	1	0	21	Other	Posible error de ortografía.	The Dark Knight Rises
L	6656	Tokyo Marble Chocolate.
M	6656	MORFOLOGIK_RULE_ES		0	5	UnknownWord	Se ha encontrado un posible error ortográfico.	Tokio|Torio|Tosió|Todio|Tonio|Toyo|Tocio
M	6656	MORFOLOGIK_RULE_ES		6	12	UnknownWord	Se ha encontrado un posible error ortográfico.	Marvel|Mable|Mar ble
L	6657	Ctrl + Shift + R
M	6657	MORFOLOGIK_RULE_ES		7	12	UnknownWord	Se ha encontrado un posible error ortográfico.	SWIFT|Swift
L	6658	+=n
L	6659	<= maxDate
M	6659	MORFOLOGIK_RULE_ES		3	10	UnknownWord	Se ha encontrado un posible error ortográfico.	mandate|mandaté|maxtate|mándate
L	6660	== day
M	6660	MORFOLOGIK_RULE_ES		3	6	UnknownWord	Se ha encontrado un posible error ortográfico.	hay|da|dar|dan|di|das|ay|doy|dad|lay|dais|dalle|Aday|Dali|Dan|Dani|Dari|Das|Davi|Dáil|Kai|dalla|dallo|dallá|dallé|dalló|dey|gay|jai|tai|da y|DAW
L	6661	University of the Arts London
M	6661	MORFOLOGIK_RULE_ES		0	10	UnknownWord	Se ha encontrado un posible error ortográfico.	Universia
M	6661	MORFOLOGIK_RULE_ES		11	13	UnknownWord	Se ha encontrado un posible error ortográfico.	o|CF|oh|oí|Ot|O₂|fo|oa|ok|os|ox|uf|ó|LF
M	6661	MORFOLOGIK_RULE_ES		14	17	UnknownWord	Se ha encontrado un posible error ortográfico.	te|he|TVE|té|che|toe|toé|Che|TAE|Theo|Ther
M	6661	MORFOLOGIK_RULE_ES		18	22	UnknownWord	Se ha encontrado un posible error ortográfico.	Arte|Artes|Aras|Aros|Ares|ATS|Ars|Artà|Artés|Orts|Arta|Artas|Arás|Karts|Artsy
L	6662	Montse Saez | Administración | Web master: FA? | Administración |
M	6662	ES_SIMPLE_REPLACE_SIMPLE_SAEZ		7	11	Other	¿Quería decir «Sáez»?	Sáez
M	6662	ES_SPLIT_WORDS	1	31	41	Other	¿Quería decir <suggestion>Webmaster</suggestion>?	Webmaster
M	6662	ES_QUESTION_MARK		43	45	Other	Símbolo desparejado: Parece que falta un '¿'	¿FA
L	6663	=mx+p
M	6663	MORFOLOGIK_RULE_ES		1	3	UnknownWord	Se ha encontrado un posible error ortográfico.	me|mi|mm|mí|IX|LX|MB|MXN|Max|Mb|UX|X|XX|ax|ex|lx|m|mL|mg|ml|ms|mu|m²|m³|ox|DMX|Mª|TMX
L	6664	=2Fx/ρvS
M	6664	MORFOLOGIK_RULE_ES		1	4	UnknownWord	Se ha encontrado un posible error ortográfico.	2 Fe|2 Fax|2 Fu|2 FP|2 FC|2 FM|2 Fox|2 IX|2 LX|2 UX|2 X|2 XX|2 Ax|2 Ex|2 Fa|2 Fi|2 Fo|2 Lx|2 Ox|2 FB|2 FT
M	6664	MORFOLOGIK_RULE_ES		5	8	UnknownWord	Se ha encontrado un posible error ortográfico.	CVS
L	6665	The Derk Knight Rises.
M	6665	ES_MULTITOKEN_SPELLING_FOUR	1	0	21	Other	Posible error de ortografía.	The Dark Knight Rises
L	6666	Rocki Mountains National Park.
M	6666	ES_MULTITOKEN_SPELLING_FOUR	2	0	29	Other	Posible error de ortografía.	Rocky Mountain National Park
L	6667	The Derk Knight Rises.
M	6667	ES_MULTITOKEN_SPELLING_FOUR	1	0	21	Other	Posible error de ortografía.	The Dark Knight Rises
L	6668	Rocki Mountains National Park.
M	6668	ES_MULTITOKEN_SPELLING_FOUR	2	0	29	Other	Posible error de ortografía.	Rocky Mountain National Park
L	6669	The Derk Knight Rises.
M	6669	ES_MULTITOKEN_SPELLING_FOUR	1	0	21	Other	Posible error de ortografía.	The Dark Knight Rises
L	6670	Rocki Mountains National Park.
M	6670	ES_MULTITOKEN_SPELLING_FOUR	2	0	29	Other	Posible error de ortografía.	Rocky Mountain National Park
L	6671	The Derk Knight Rises.
M	6671	ES_MULTITOKEN_SPELLING_FOUR	1	0	21	Other	Posible error de ortografía.	The Dark Knight Rises
L	6672	Rocki Mountains National Parrk.
M	6672	ES_MULTITOKEN_SPELLING_FOUR	1	0	30	Other	Posible error de ortografía.	Rocky Mountain National Park
L	6673	yuval Noha Harari.
M	6673	ES_MULTITOKEN_SPELLING_THREE	1	0	17	Other	Posible error de ortografía.	Yuval Noah Harari
L	6674	⛳️ LA MEJOR FORMA DE JUGAR AL GOLF
L	6675	Yuval Noha Hariri.
M	6675	ES_MULTITOKEN_SPELLING_THREE	2	0	17	Other	Posible error de ortografía.	Yuval Noah Harari
L	6676	Yuval Noha Harari.
M	6676	ES_MULTITOKEN_SPELLING_THREE	2	0	17	Other	Posible error de ortografía.	Yuval Noah Harari
L	6677	Alexander Von Humboldt
M	6677	ES_MULTITOKEN_SPELLING_THREE	2	0	22	Other	Posible error de ortografía.	Alexander von Humboldt
L	6678	Yuval Noha hariri.
M	6678	ES_MULTITOKEN_SPELLING_THREE	3	0	17	Other	Posible error de ortografía.	Yuval Noah Harari
L	6679	Yuvl Noha Hariri.
M	6679	ES_MULTITOKEN_SPELLING_THREE	1	0	16	Other	Posible error de ortografía.	Yuval Noah Harari
L	6680	Tokyo Marble Chocolate.
M	6680	MORFOLOGIK_RULE_ES		0	5	UnknownWord	Se ha encontrado un posible error ortográfico.	Tokio|Torio|Tosió|Todio|Tonio|Toyo|Tocio
M	6680	MORFOLOGIK_RULE_ES		6	12	UnknownWord	Se ha encontrado un posible error ortográfico.	Marvel|Mable|Mar ble
L	6681	Ctrl + Shift + R
M	6681	MORFOLOGIK_RULE_ES		7	12	UnknownWord	Se ha encontrado un posible error ortográfico.	SWIFT|Swift
L	6682	+=n
L	6683	<= maxDate
M	6683	MORFOLOGIK_RULE_ES		3	10	UnknownWord	Se ha encontrado un posible error ortográfico.	mandate|mandaté|maxtate|mándate
L	6684	== day
M	6684	MORFOLOGIK_RULE_ES		3	6	UnknownWord	Se ha encontrado un posible error ortográfico.	hay|da|dar|dan|di|das|ay|doy|dad|lay|dais|dalle|Aday|Dali|Dan|Dani|Dari|Das|Davi|Dáil|Kai|dalla|dallo|dallá|dallé|dalló|dey|gay|jai|tai|da y|DAW
L	6685	University of the Arts London
M	6685	MORFOLOGIK_RULE_ES		0	10	UnknownWord	Se ha encontrado un posible error ortográfico.	Universia
M	6685	MORFOLOGIK_RULE_ES		11	13	UnknownWord	Se ha encontrado un posible error ortográfico.	o|CF|oh|oí|Ot|O₂|fo|oa|ok|os|ox|uf|ó|LF
M	6685	MORFOLOGIK_RULE_ES		14	17	UnknownWord	Se ha encontrado un posible error ortográfico.	te|he|TVE|té|che|toe|toé|Che|TAE|Theo|Ther
M	6685	MORFOLOGIK_RULE_ES		18	22	UnknownWord	Se ha encontrado un posible error ortográfico.	Arte|Artes|Aras|Aros|Ares|ATS|Ars|Artà|Artés|Orts|Arta|Artas|Arás|Karts|Artsy
L	6686	Montse Saez | Administración | Web master: FA? | Administración |
M	6686	ES_SIMPLE_REPLACE_SIMPLE_SAEZ		7	11	Other	¿Quería decir «Sáez»?	Sáez
M	6686	ES_SPLIT_WORDS	1	31	41	Other	¿Quería decir <suggestion>Webmaster</suggestion>?	Webmaster
M	6686	ES_QUESTION_MARK		43	45	Other	Símbolo desparejado: Parece que falta un '¿'	¿FA
L	6687	Antoin de Saint-Exupéry.
M	6687	ES_MULTITOKEN_SPELLING_THREE	5	0	23	Other	Posible error de ortografía.	Antoine de Saint-Exupéry
L	6688	Universiti of Tejas.
M	6688	MEXICO	1	14	19	Hint	Grafía recomendada.	Texas
L	6689	Leonardo Da Vinsi.
M	6689	ES_MULTITOKEN_SPELLING_THREE	6	0	17	Other	Posible error de ortografía.	Leonardo da Vinci
L	6690	Universiti of Texes.
M	6690	ES_MULTITOKEN_SPELLING_THREE	2	0	19	Other	Posible error de ortografía.	University of Texas
L	6691	John le Carre.
M	6691	ES_MULTITOKEN_SPELLING_THREE	6	0	13	Other	Posible error de ortografía.	John le Carré
L	6692	britaney speers.
M	6692	ES_MULTITOKEN_SPELLING_TWO	1	0	15	Other	Posible error de ortografía.	Britney Spears
L	6693	britney speers.
M	6693	ES_MULTITOKEN_SPELLING_TWO	1	0	14	Other	Posible error de ortografía.	Britney Spears
L	6694	Garcìa Mrquez.
M	6694	ES_MULTITOKEN_SPELLING_TWO	1	0	13	Other	Posible error de ortografía.	García Márquez
L	6695	Garcìa Mraquez.
M	6695	ES_MULTITOKEN_SPELLING_TWO	1	0	14	Other	Posible error de ortografía.	García Márquez
L	6696	Rene Magrite
M	6696	ES_MULTITOKEN_SPELLING_TWO	1	0	12	Other	Posible error de ortografía.	René Magritte
L	6697	¿Cuántos episodios de One Pice has visto?
M	6697	ES_MULTITOKEN_SPELLING_TWO	1	22	30	Other	Posible error de ortografía.	One Piece
L	6698	Antonio leía the guardian.
M	6698	ES_MULTITOKEN_SPELLING_TWO	1	13	25	Other	Posible error de ortografía.	The Guardian
L	6699	Llegó a su cima con The wiz.
M	6699	ES_MULTITOKEN_SPELLING_TWO	1	20	27	Other	Posible error de ortografía.	The Wiz
L	6700	y venderlo
M	6700	UPPERCASE_SENTENCE_START		0	1	Other	Esta frase no empieza con mayúscula.	Y
L	6701	Massachusetts Institute of Technology
L	6702	el piano inicial d'I want you back
M	6702	UPPERCASE_SENTENCE_START		0	2	Other	Esta frase no empieza con mayúscula.	El
M	6702	MORFOLOGIK_RULE_ES		21	25	UnknownWord	Se ha encontrado un posible error ortográfico.	Kant|WAN|Walt|Wang|watt
M	6702	MORFOLOGIK_RULE_ES		26	29	UnknownWord	Se ha encontrado un posible error ortográfico.	yo|ion|COU|Jou|Pou|Yaú|Yhú|Yon|Yu|bou|yod|yol|yos|yo u|iOS
M	6702	MORFOLOGIK_RULE_ES		30	34	UnknownWord	Se ha encontrado un posible error ortográfico.	vaca|baca|vaco|vacó|Bach|Baco|Beck|Black|Zack|bock|hack|jack|pack|rack|vacá
L	6703	+ appendText
M	6703	MORFOLOGIK_RULE_ES		2	12	UnknownWord	Se ha encontrado un posible error ortográfico.	
L	6704	<br /
M	6704	MORFOLOGIK_RULE_ES		1	3	UnknownWord	Se ha encontrado un posible error ortográfico.	ver|ir|va|ve|Dr|bar|be|Bru|GR|QR|Sr|ar|ba|bi|bro|bu|vi|BC|BP|CR
L	6705	600md+
M	6705	MORFOLOGIK_RULE_ES		0	5	UnknownWord	Se ha encontrado un posible error ortográfico.	600 me|600 mi|600 mm|600 mí|600 dm|600 id|600 2D|600 3D|600 CD|600 HD|600 ID|600 MB|600 Mb|600 PD|600 SD|600 UD|600 m|600 mL|600 mg|600 ml|600 mod|600 ms|600 mu|600 m²|600 m³|600 AMD|600 Mª
L	6706	7c+
M	6706	MORFOLOGIK_RULE_ES		0	2	UnknownWord	Se ha encontrado un posible error ortográfico.	7 C
L	6707	= $target
M	6707	MORFOLOGIK_RULE_ES		2	9	UnknownWord	Se ha encontrado un posible error ortográfico.	target
L	6708	Alexander von Bach.
M	6708	MORFOLOGIK_RULE_ES		10	13	UnknownWord	Se ha encontrado un posible error ortográfico.	buen|con|son|buena|don|van|voz|ven|bueno|ion|non|voy|bono|buey|ron|vos|boa|boj|bol|bot|ton|VPN|eón|pon|ibón|Avon|Ion|Ivón|Jon|Obón|Vox|Yon|bob|bou|box|boy|fon|vion|won|Vue
L	6709	¡Gana por goleada! ️⚽️ Con tu compra.
L	6710	Lluís Lach.
M	6710	ES_MULTITOKEN_SPELLING_TWO	2	0	10	Other	Posible error de ortografía.	Lluís Llach
L	6711	Michael Jortan.
M	6711	ES_MULTITOKEN_SPELLING_TWO	2	0	14	Other	Posible error de ortografía.	Michael Jordan
L	6712	Stephen Hawkins
M	6712	ES_MULTITOKEN_SPELLING_TWO	2	0	15	Other	Posible error de ortografía.	Stephen Hawking
L	6713	Cindy Lauper
M	6713	ES_MULTITOKEN_SPELLING_TWO	2	0	12	Other	Posible error de ortografía.	Cyndi Lauper
L	6714	Yuval Hariri
M	6714	ES_MULTITOKEN_SPELLING_TWO	2	0	12	Other	Posible error de ortografía.	Yuval Harari
L	6715	Marie Cuirie
M	6715	ES_MULTITOKEN_SPELLING_TWO	2	0	12	Other	Posible error de ortografía.	Marie Curie
L	6716	MIGUEL ANGEL
M	6716	ES_MULTITOKEN_SPELLING_TWO	2	0	12	Other	Posible error de ortografía.	MIGUEL ÁNGEL
L	6717	¿Cuál es tu película favorita de Johnny Deep?
M	6717	ES_MULTITOKEN_SPELLING_TWO	2	33	44	Other	Posible error de ortografía.	Johnny Depp
L	6718	Mira, Sherlock Homes.
M	6718	ES_MULTITOKEN_SPELLING_TWO	2	6	20	Other	Posible error de ortografía.	Sherlock Holmes
L	6719	Introduïu açí el resultat.
M	6719	MORFOLOGIK_RULE_ES		0	9	UnknownWord	Se ha encontrado un posible error ortográfico.	Introdujo|Introduce|Introducir|Introducía|Introduje|Introducid|Introducí|Introducís
M	6719	MORFOLOGIK_RULE_ES		10	13	UnknownWord	Se ha encontrado un posible error ortográfico.	así|ahí|ACB|PCI|acá|nací|yací|ACS|AI|API|Achí|Acri|Alí|Ani|Paci|UCI|XCI|aC|ace|achí|acid|aco|ají|ali|ami|pací|uci|AHCI|AVI
M	6719	MORFOLOGIK_RULE_ES		17	25	UnknownWord	Se ha encontrado un posible error ortográfico.	resulta|resultan|resultar|resultas|resultad|resultate|resultá|resultás|resúltate
L	6720	Anna-Greta Winberg
M	6720	MORFOLOGIK_RULE_ES		11	18	UnknownWord	Se ha encontrado un posible error ortográfico.	Limberg|Lindberg
L	6721	Jean-Pierre Jeunet
L	6722	DIMARTS 14-M COOP.
M	6722	MORFOLOGIK_RULE_ES		0	7	UnknownWord	Se ha encontrado un posible error ortográfico.	DINARES|AIMARAS|DÍMEROS|DÍMERAS|MIMARTE|DIMAS|DÁMARIS|AIMARÁS|DAMARAS|DIMANAS|DIMANES|DIMANÁS|DIÑARAS|DIÑARES|DIÑAROS|DIÑARTE|DIÑARÁS|DOMARAS|DOMARES|DOMAROS|DOMARTE|DOMARÁS|DÁMARAS|LIMARAS|LIMARES|LIMAROS|LIMARTE|LIMARÁS|MIMARAS|MIMARES|MIMAROS|MIMARÁS|RIMARAS|RIMARES|RIMAROS|RIMARTE|RIMARÁS|TIMARAS|TIMARES|TIMAROS|TIMARTE|TIMARÁS
M	6722	MORFOLOGIK_RULE_ES		13	17	UnknownWord	Se ha encontrado un posible error ortográfico.	COP|COOK|COOL|LOOP
L	6723	A més també es va vendre el Citroën AX elèctric.
M	6723	MORFOLOGIK_RULE_ES		2	5	UnknownWord	Se ha encontrado un posible error ortográfico.	mes|es|más|vez|les|mas|me|des|mesa|mis|pez|res|ves|tez|CES|mee|meso|mus|tés|mea|mese|mies|bes|ames|meo|meza|emes|hez|meas|mees|meé|meó|Ames|Fez|IES|MERS|MIES|Meis|Mey|Mos|Mues|aes|ces|ees|fes|ges|meos|mesá|mesé|mesó|mezo|meá|meás|mos|ms|oes|pes|yes|íes|úes
M	6723	MORFOLOGIK_RULE_ES		6	11	UnknownWord	Se ha encontrado un posible error ortográfico.	tambo|tumbe|tamba|Tame|lambe|lambé|tambre|tumbé
M	6723	MORFOLOGIK_RULE_ES		18	24	UnknownWord	Se ha encontrado un posible error ortográfico.	vendré|vender|vende|vendrá|tendré|venere|cendre|cendré|venderé|veneré|avendré|vendare|vendaré|vendé
M	6723	MORFOLOGIK_RULE_ES		39	47	UnknownWord	Se ha encontrado un posible error ortográfico.	eléctrica|eléctrico|electrice|electricé|electriz
L	6724	–Robert Downey Jr.–
L	6725	Yolanda Perez
M	6725	ES_SIMPLE_REPLACE_SIMPLE_PEREZ		8	13	Other	¿Quería decir «Pérez»?	Pérez
L	6726	Yolanda Pérez
L	6727	Best Seller
L	6728	Mihael Jordan.
M	6728	ES_MULTITOKEN_SPELLING_TWO	3	0	13	Other	Posible error de ortografía.	Michael Jordan
L	6729	Woodie Alen
M	6729	ES_MULTITOKEN_SPELLING_TWO	3	0	11	Other	Posible error de ortografía.	Woody Allen
L	6730	Viginia Woolf
M	6730	ES_MULTITOKEN_SPELLING_TWO	3	0	13	Other	Posible error de ortografía.	Virginia Woolf
L	6731	Garcia Marquez.
M	6731	ES_MULTITOKEN_SPELLING_TWO	1	0	14	Other	Posible error de ortografía.	García Márquez
L	6732	Carlos Linares
L	6733	Yolanda Perez
M	6733	ES_SIMPLE_REPLACE_SIMPLE_PEREZ		8	13	Other	¿Quería decir «Pérez»?	Pérez
L	6734	Yolanda Pérez
L	6735	Alexander von Bach.
M	6735	MORFOLOGIK_RULE_ES		10	13	UnknownWord	Se ha encontrado un posible error ortográfico.	buen|con|son|buena|don|van|voz|ven|bueno|ion|non|voy|bono|buey|ron|vos|boa|boj|bol|bot|ton|VPN|eón|pon|ibón|Avon|Ion|Ivón|Jon|Obón|Vox|Yon|bob|bou|box|boy|fon|vion|won|Vue
L	6736	Sant-Exupery.
M	6736	ES_MULTITOKEN_SPELLING_HYPHEN	1	0	12	Other	Posible error de ortografía.	Saint-Exupéry
L	6737	Toulose-Lautrec
M	6737	ES_MULTITOKEN_SPELLING_HYPHEN	1	0	15	Other	Posible error de ortografía.	Toulouse-Lautrec
L	6738	Saint-Exupery.
M	6738	ES_MULTITOKEN_SPELLING_HYPHEN	1	0	13	Other	Posible error de ortografía.	Saint-Exupéry
L	6739	Rimsky-Kórsakov.
M	6739	ES_MULTITOKEN_SPELLING_HYPHEN	1	0	15	Other	Posible error de ortografía.	Rimski-Kórsakov
L	6740	Estos es un problema.
L	6741	Estas es muy buenas.
L	6742	Esos está muy buenos.
L	6743	Aquellos tiene sed.
L	6744	Estos son un problema.
L	6745	Estas son muy buenas.
L	6746	Esta son muy buena.
L	6747	Ese son un problema.
L	6748	Esa son las razones.
L	6749	Este están muy bueno.
L	6750	Esta tienen sed.
L	6751	Esta es muy buena.
L	6752	Ese es un problema.
L	6753	Este son un problema.
L	6754	Este son los motivos.
L	6755	Este son es bonito.
L	6756	Este son, un clásico, es bonito.
L	6757	El dalái lama.
L	6758	Es una resultado del 50%.
M	6758	AGREEMENT_DET_NOUN	1	3	16	Other	Error de concordancia.	un resultado|unos resultados
L	6759	Es una resultado del 50,3%.
M	6759	AGREEMENT_DET_NOUN	1	3	16	Other	Error de concordancia.	un resultado|unos resultados
L	6760	Una visita a la Capilla Sixtina.
L	6761	Queremos jugar a bádminton.
L	6762	Queremos jugar a bádminton.
L	6763	Queremos jugar a bádminton.
L	6764	—Tendríamos que informar al inspector de esto.
L	6765	Por tanto, es correcto.
L	6766	Están aquí: https://github.com/languagetool-org/languagetool/commits/master
L	6767	¿Ser quien quiero ser?
L	6768	Ahora sé quien es mi abuelo.
L	6769	¿Ser quien quiero ser?
L	6770	Ahora sé quien es mi abuelo.
L	6771	No importa el qué sino el quién.
L	6772	Esta tarde pretendo estudiar después de que haya llegado a la casa.
L	6773	¿Esta de aquí?
L	6774	Quita de aquí esta porquería.
L	6775	Mi amigo va hacia su casa.
L	6776	El 1918 partió hacia el sur.
L	6777	El año 1918 partió hacia el sur.
L	6778	En año 1918 partió hacia el sur.
L	6779	Juan ven aquí.
L	6780	La primavera anterior había estado en Venecia.
L	6781	Come comida rápida muere en seguida.
L	6782	Este paisaje, rico en oro es espectacular.
L	6783	George te tengo que decir algo.
L	6784	Los otros venid conmigo.
M	6784	WRONG_IMPERATIVE	8	4	15	Other	Combinación imposible con verbo en imperativo.	otros, venid
L	6785	¿Este método es bastante seguro?
L	6786	El objetivo dice, es salvar vidas.
L	6787	El objetivo nos dice, es salvar vidas.
L	6788	El objetivo nos ha dicho, es salvar vidas.
L	6789	La aplicación activa desde octubre
L	6790	Los peces marions susurró.
M	6790	MORFOLOGIK_RULE_ES		10	17	UnknownWord	Se ha encontrado un posible error ortográfico.	marinos|mariona|Marion|Mariona|Marión|marionas
L	6791	Esta sangre, baja en oxígeno se suministra al resto del cuerpo.
L	6792	Los usuarios además, pueden publicar comentarios en las historias.
L	6793	Los usuarios, además pueden publicar comentarios en las historias.
L	6794	Un momento espera un minuto.
L	6795	Esta discusión bizantina está siempre presente.
L	6796	Nuestro objetivo principal es lograr una permanente mejora.
L	6797	Mi buen amigo va hacia su casa.
L	6798	Esta nueva discusión bizantina está siempre presente.
L	6799	Mi primer buen amigo va hacia su casa.
L	6800	Esta primera nueva discusión bizantina está siempre presente.
L	6801	Mi lindo primer buen amigo va hacia su casa.
L	6802	Mi amigo no va hacia su casa.
L	6803	Mi amigo se va hacia su casa.
L	6804	Mi amigo no se va hacia su casa.
L	6805	Mi amigo no se lo da.
L	6806	El 1918 partió hacia el sur.
L	6807	El año 1918 partió hacia el sur.
L	6808	En año 1918 partió hacia el sur.
L	6809	Juan ven aquí.
L	6810	La primavera anterior había estado en Venecia.
L	6811	Come comida rápida muere en seguida.
L	6812	Este paisaje, rico en oro es espectacular.
L	6813	George te tengo que decir algo.
L	6814	Los otros venid conmigo.
M	6814	WRONG_IMPERATIVE	8	4	15	Other	Combinación imposible con verbo en imperativo.	otros, venid
L	6815	¿Este método es bastante seguro?
L	6816	El objetivo dice, es salvar vidas.
L	6817	El objetivo nos dice, es salvar vidas.
L	6818	El objetivo nos ha dicho, es salvar vidas.
L	6819	La aplicación activa desde octubre
L	6820	Los peces marions susurró.
M	6820	MORFOLOGIK_RULE_ES		10	17	UnknownWord	Se ha encontrado un posible error ortográfico.	marinos|mariona|Marion|Mariona|Marión|marionas
L	6821	Esta sangre, baja en oxígeno se suministra al resto del cuerpo.
L	6822	Los usuarios además, pueden publicar comentarios en las historias.
L	6823	Los usuarios, además pueden publicar comentarios en las historias.
L	6824	Mi buen amigo no va hacia su casa.
L	6825	Mi buen amigo se va hacia su casa.
L	6826	Mi buen amigo no se va hacia su casa.
L	6827	Mi buen amigo no se lo da.
L	6828	Esta discusión bizantina no se puede repetir.
L	6829	Mi primer buen amigo no va hacia su casa.
L	6830	Mi primer buen amigo se va hacia su casa.
L	6831	Mi primer buen amigo no se va hacia su casa.
L	6832	Mi primer buen amigo no se lo da.
L	6833	Esta larga discusión bizantina no se puede repetir.
L	6834	Mi lindo primer buen amigo no va hacia su casa.
L	6835	Mi lindo primer buen amigo se va hacia su casa.
L	6836	Mi lindo primer buen amigo no se va hacia su casa.
L	6837	Mi lindo primer buen amigo no se lo da.
L	6838	Esta primera larga discusión bizantina no se puede repetir.
L	6839	Juan va hacia su casa.
L	6840	Mañana alunizará.
L	6841	Gracias es todo.
L	6842	No es de segunda mano.
L	6843	Cansado se fue a la cama antes de lo normal.
L	6844	Tranquilo es sólo un espantapájaros.
M	6844	SOLO	1	13	17	Other	La tilde es innecesaria según la norma actual. Con el sentido de "solamente" (adv.), cuando hay riesgo de ambigüedad con el adj. "solo", puede escribirse "sólo" (DRAE).	solo|solamente|únicamente
L	6845	Bill abre la puerta.
L	6846	Jim cierra la ventana.
L	6847	Segundo recibe una violenta oposición.
L	6848	Mira está lloviendo.
L	6849	Louis vienen tus amigos.
L	6850	Tom hay algo que quiero darte.
L	6851	Mira se le rompió la fuente a esa señora.
L	6852	Tom te llama tu mamá.
L	6853	Mary venga, deja de protestar.
L	6854	Ricardo ora por mi.
M	6854	MI_TILDE	1	16	18	Other	Si es pronombre, se escribe con tilde.	mí
L	6855	María me gustan mucho las enumeraciones.
L	6856	Tom te llama mamá.
L	6857	Claro le duele.
L	6858	Juan García va hacia su casa.
L	6859	Julio Andrade fundó con Isaac J. Barrera el periódico.
L	6860	Juan Sánchez Martínez va hacia su casa.
L	6861	Juan se va hacia su casa.
L	6862	Juan no va hacia su casa.
L	6863	Juan no se va hacia su casa.
L	6864	Juan no se lo da.
L	6865	Mañana alunizará.
L	6866	Gracias es todo.
L	6867	No es de segunda mano.
L	6868	Cansado se fue a la cama antes de lo normal.
L	6869	Tranquilo es sólo un espantapájaros.
M	6869	SOLO	1	13	17	Other	La tilde es innecesaria según la norma actual. Con el sentido de "solamente" (adv.), cuando hay riesgo de ambigüedad con el adj. "solo", puede escribirse "sólo" (DRAE).	solo|solamente|únicamente
L	6870	Bill abre la puerta.
L	6871	Jim cierra la ventana.
L	6872	Segundo recibe una violenta oposición.
L	6873	Mira está lloviendo.
L	6874	Louis vienen tus amigos.
L	6875	Tom hay algo que quiero darte.
L	6876	Mira se le rompió la fuente a esa señora.
L	6877	Tom te llama tu mamá.
L	6878	Mary venga, deja de protestar.
L	6879	Ricardo ora por mi.
M	6879	MI_TILDE	1	16	18	Other	Si es pronombre, se escribe con tilde.	mí
L	6880	María me gustan mucho las enumeraciones.
L	6881	Tom te llama mamá.
L	6882	Claro le duele.
L	6883	Tom no es necesario que te disculpes.
L	6884	Juan García se va hacia su casa.
L	6885	Juan García no va hacia su casa.
L	6886	Juan García no se va hacia su casa.
L	6887	Juan García no se lo da.
L	6888	Juan Sánchez Martínez se va hacia su casa.
L	6889	Juan Sánchez Martínez no va hacia su casa.
L	6890	Juan Sánchez Martínez no se va hacia su casa.
L	6891	Juan Sánchez Martínez no se lo da.
L	6892	Éstas se dividen en tres.
M	6892	ESTE_ESE_AQUEL_NOTILDE	1	0	5	Other	La tilde es innecesaria según la norma actual. Se puede usar en caso de ambigüedad cuando es un pronombre.	Estas
L	6893	Esas se dividen en tres.
L	6894	Me sorprendió verte feliz.
L	6895	Nos importa verte feliz.
L	6896	Me dejó estupefacto verte feliz.
L	6897	Me vuelve loco verte feliz.
L	6898	Me da alegría verte feliz.
L	6899	Me llena de alegría verte feliz.
L	6900	Cuesta 15 millones.
L	6901	Así pues, vete, que yo estaré aquí.
L	6902	Él dijo: Bendita seas de Yahvé, hija mía; tu segundo acto de lealtad ha sido mejor que el primero, porque no has pretendido a ningún joven, pobre o rico.
L	6903	El aforo proyectado es de entre 9500 y 10 200 personas.
L	6904	vino fresco
M	6904	UPPERCASE_SENTENCE_START		0	4	Other	Esta frase no empieza con mayúscula.	Vino
L	6905	vidrios dobles, carpintería exterior aluminio, soleado
M	6905	UPPERCASE_SENTENCE_START		0	7	Other	Esta frase no empieza con mayúscula.	Vidrios
L	6906	cervecita fresca
M	6906	UPPERCASE_SENTENCE_START		0	9	Other	Esta frase no empieza con mayúscula.	Cervecita
L	6907	vidrios dobles, carpintería exterior aluminio, soleado
M	6907	UPPERCASE_SENTENCE_START		0	7	Other	Esta frase no empieza con mayúscula.	Vidrios
L	6908	estudiante de enfermería médica enfermera y médico
M	6908	UPPERCASE_SENTENCE_START		0	10	Other	Esta frase no empieza con mayúscula.	Estudiante
L	6909	vinos frescos
M	6909	UPPERCASE_SENTENCE_START		0	5	Other	Esta frase no empieza con mayúscula.	Vinos
L	6910	fantasmas culturales, sociales políticos, religiosos,
M	6910	UPPERCASE_SENTENCE_START		0	9	Other	Esta frase no empieza con mayúscula.	Fantasmas
L	6911	culturales, sociales políticos, religiosos
M	6911	UPPERCASE_SENTENCE_START		0	10	Other	Esta frase no empieza con mayúscula.	Culturales
L	6912	En el fondo se trata de oponer a unos estereotipos otros estereotipos.
L	6913	cervecitas fresquitas
M	6913	UPPERCASE_SENTENCE_START		0	10	Other	Esta frase no empieza con mayúscula.	Cervecitas
L	6914	buen vino
M	6914	UPPERCASE_SENTENCE_START		0	4	Other	Esta frase no empieza con mayúscula.	Buen
L	6915	vidrios dobles, carpintería exterior aluminio, soleado
M	6915	UPPERCASE_SENTENCE_START		0	7	Other	Esta frase no empieza con mayúscula.	Vidrios
L	6916	la realidad de tamaña barbaridad
M	6916	UPPERCASE_SENTENCE_START		0	2	Other	Esta frase no empieza con mayúscula.	La
L	6917	vidrios dobles, carpintería exterior aluminio, soleado
M	6917	UPPERCASE_SENTENCE_START		0	7	Other	Esta frase no empieza con mayúscula.	Vidrios
L	6918	estudiante de enfermería médica enfermera y médico
M	6918	UPPERCASE_SENTENCE_START		0	10	Other	Esta frase no empieza con mayúscula.	Estudiante
L	6919	buenos vinos
M	6919	UPPERCASE_SENTENCE_START		0	6	Other	Esta frase no empieza con mayúscula.	Buenos
L	6920	fantasmas culturales, sociales políticos, religiosos,
M	6920	UPPERCASE_SENTENCE_START		0	9	Other	Esta frase no empieza con mayúscula.	Fantasmas
L	6921	culturales, sociales políticos, religiosos
M	6921	UPPERCASE_SENTENCE_START		0	10	Other	Esta frase no empieza con mayúscula.	Culturales
L	6922	en nuestra pagina web horarios, tarifas, ubicación
M	6922	UPPERCASE_SENTENCE_START		0	2	Other	Esta frase no empieza con mayúscula.	En
M	6922	PAGINA	8	11	17	Other	Si es sustantivo, lleva tilde. Correcto si es del verbo 'paginar'.	página
M	6922	AGREEMENT_POSTPONED_ADJ	3	22	30	Other	Revise la concordancia de «horarios» con los nombres precedentes o revise la puntuación.	horario|horaria
L	6923	en nuestra página web horarios, tarifas, ubicación
M	6923	UPPERCASE_SENTENCE_START		0	2	Other	Esta frase no empieza con mayúscula.	En
M	6923	AGREEMENT_POSTPONED_ADJ	3	22	30	Other	Revise la concordancia de «horarios» con los nombres precedentes o revise la puntuación.	horario|horaria
L	6924	la realidad de tamañas barbaridades
M	6924	UPPERCASE_SENTENCE_START		0	2	Other	Esta frase no empieza con mayúscula.	La
L	6925	donde se pueden contemplar decenas de piezas industriales vagones y locomotoras de vapor
M	6925	UPPERCASE_SENTENCE_START		0	5	Other	Esta frase no empieza con mayúscula.	Donde
L	6926	En concreto, se trata de la primera y tercera persona del singular del pretérito imperfecto o indefinido del modo indicativo del verbo ir
L	6927	vigésimo primero
M	6927	UPPERCASE_SENTENCE_START		0	8	Other	Esta frase no empieza con mayúscula.	Vigésimo
L	6928	vigésima primera
M	6928	UPPERCASE_SENTENCE_START		0	8	Other	Esta frase no empieza con mayúscula.	Vigésima
L	6929	vigésimos primeros
M	6929	UPPERCASE_SENTENCE_START		0	9	Other	Esta frase no empieza con mayúscula.	Vigésimos
L	6930	vigésimas primeras
M	6930	UPPERCASE_SENTENCE_START		0	9	Other	Esta frase no empieza con mayúscula.	Vigésimas
L	6931	No quiero más, porque sí afecta a mi salud.
L	6932	No quiero más, ya que sí afecta a mi salud.
L	6933	Aunque librosramona.com sí guarda un registro de las solicitudes.
L	6934	Me siento frente a la pantalla de un computador el día entero, así que sí resulto enormemente bombardeado por ondas electromagnéticas.
L	6935	Dijo que sí puedo detener una Señal, que la cadena se romperia
M	6935	MORFOLOGIK_RULE_ES		54	62	UnknownWord	Se ha encontrado un posible error ortográfico.	rompería|romería|romperá|romperla|romperían|ropería|romperías
L	6936	Le digo a La Heredera que sí podemos jugar juntas.
L	6937	de modo que sí observamos alguna incomodidad o alguna reacción exagerada, poder parar para atender sus necesidades
M	6937	UPPERCASE_SENTENCE_START		0	2	Other	Esta frase no empieza con mayúscula.	De
L	6938	Prestaban más atención que sí gritaba sin parar.
L	6939	Es más agradable a la vista que sí lo tachas concienzudamente.
L	6940	Son menos que las posibles opciones sí aplicamos las 27 letras del alfabeto.
L	6941	No es igual que sí tienen algo que ocultar.
L	6942	Vaya que sí ha sido dramático.
L	6943	Sí que hacía tiempo que no nos veíamos.
L	6944	Sí, es el efecto que tiene el fármaco.
L	6945	Había una torre en la cima de la montaña.
L	6946	Había una torre en una cima de la montaña.
L	6947	Había una torre en aquella cima de la montaña.
L	6948	Había una torre en esta cima de la montaña.
L	6949	La cima del Monte Fuji está cubierta de nieve.
L	6950	Tom no tenía mucha agua para beber.
L	6951	Tenía tanta hambre que me lo comí.
L	6952	el coche
M	6952	UPPERCASE_SENTENCE_START		0	2	Other	Esta frase no empieza con mayúscula.	El
L	6953	la página
M	6953	UPPERCASE_SENTENCE_START		0	2	Other	Esta frase no empieza con mayúscula.	La
L	6954	Por favor, lea la página noventa y cuatro.
L	6955	Alguna observación vino anexa.
L	6956	Uno de su autoridad quiere tomarla.
L	6957	los coches
M	6957	UPPERCASE_SENTENCE_START		0	3	Other	Esta frase no empieza con mayúscula.	Los
L	6958	las páginas
M	6958	UPPERCASE_SENTENCE_START		0	3	Other	Esta frase no empieza con mayúscula.	Las
L	6959	Se depila las piernas.
L	6960	el coche
M	6960	UPPERCASE_SENTENCE_START		0	2	Other	Esta frase no empieza con mayúscula.	El
L	6961	la página
M	6961	UPPERCASE_SENTENCE_START		0	2	Other	Esta frase no empieza con mayúscula.	La
L	6962	Por favor, lea la página noventa y cuatro.
L	6963	Alguna observación vino anexa.
L	6964	Uno de su autoridad quiere tomarla.
L	6965	los coches
M	6965	UPPERCASE_SENTENCE_START		0	3	Other	Esta frase no empieza con mayúscula.	Los
L	6966	las páginas
M	6966	UPPERCASE_SENTENCE_START		0	3	Other	Esta frase no empieza con mayúscula.	Las
L	6967	Se depila las piernas.
L	6968	El efecto capitalidad.
L	6969	Tom no tenía mucha agua para beber.
L	6970	Tom no tenía mucha más agua para beber.
L	6971	Tenía tanta hambre que me lo comí.
L	6972	Gestionalo como puedas.
M	6972	VOSEO	2	0	10	Hint	Forma correcta si se usa voseo. Si no, utilice una forma alternativa.	Gestiónalo|Gestionadlo
L	6973	peleás vos
M	6973	UPPERCASE_SENTENCE_START		0	6	Other	Esta frase no empieza con mayúscula.	Peleás
L	6974	peleás siempre vos
M	6974	UPPERCASE_SENTENCE_START		0	6	Other	Esta frase no empieza con mayúscula.	Peleás
L	6975	Vos siempre peleás.
L	6976	Vos peleás.
L	6977	Los osos panda.
L	6978	El efecto capitalidad.
L	6979	Estaremos encantados y encantadas de volverlos a ver.
L	6980	Estaremos contentos y contentas de volverlos a ver.
L	6981	Da miedo que esta señora sea magistrada.
L	6982	En primer lugar, se deben revisar los documentos manualmente.
L	6983	En primer lugar, se deben comprobar los documentos manualmente.
L	6984	En primer lugar, se deben verificar los documentos manualmente.
L	6985	Están tratando de fomentar el uso del transporte público.
L	6986	Creo que tienes razón.
L	6987	Pensado para todo el mundo.
L	6988	Está pensado para todo el mundo.
L	6989	Pienso que tienes razón.
L	6990	La hermosa ciudad ocupa el primer lugar en la lista.
L	6991	Es importante ponerse en el lugar del otro.
L	6992	En lugar de venir a casa después del trabajo, decidió ir a dar un paseo.
L	6993	Propongo que hoy vayamos a otro lugar.
L	6994	Estas son algunas ideas para crear tu primera campaña.
L	6995	Son pasos pequeños, pero importantes.
L	6996	Son pasos pequeños, pero muy importantes.
L	6997	Por lo tanto, ganó el partido.
L	6998	La solución era buena, ya que gustaba a todos.
L	6999	Después lo arreglaremos.
L	7000	Pocos días después, todo estaba resuelto.
L	7001	Después del descanso, siguió la reunión.
L	7002	Antes lo arreglaremos.
L	7003	Pocos días antes, todo estaba tranquilo.
L	7004	Antes de descansar, hay que trabajar.
L	7005	Cantaba muy bien, pero desafinó cuando cantó la última.
L	7006	Las casas eran rojas, pero aquella casa era verde.
L	7007	Las casas eran rojas, pero aquel árbol también era rojo.
L	7008	Este pan está más bueno que el otro
L	7009	Cuando una solución es la más simple es mejor que cualquier otra.
L	7010	¡Qué cosa más buena!
L	7011	Este pan está más malo que el otro
L	7012	Cuando una solución es la más complicada es peor que cualquier otra.
L	7013	¡Qué cosa más mala!
L	7014	La renta per capita.
M	7014	PER_CAPITA	1	9	19	Hint	Esta expresión latina se suele escribir adaptada (sin comillas ni cursiva).	per cápita
L	7015	La renta por capita.
M	7015	PER_CAPITA	2	9	19	Hint	Esta expresión latina se suele escribir adaptada (sin comillas ni cursiva).	per cápita
L	7016	Se complejizó.
M	7016	COMPLEJIZAR	1	3	13	Hint	Excepto en usos especializados, es preferible utilizar otro verbo.	complicó
L	7017	Soy de Méjico.
M	7017	MEXICO	1	7	13	Hint	Grafía recomendada.	México
L	7018	Son mejicanas.
M	7018	MEXICO	1	4	13	Hint	Grafía recomendada.	mexicanas
L	7019	No me quedan tejas.
L	7020	Me compré unos tejanos.
L	7021	Hazlo asín.
M	7021	ASI	1	6	10	Hint	Forma coloquial del adverbio <suggestion>así</suggestion>.	así
L	7022	Asín no puede ser.
M	7022	ASI	1	0	4	Hint	Forma coloquial del adverbio <suggestion>así</suggestion>.	Así
L	7023	Fernando Asín.
L	7024	¿Pa qué lo quieres?
M	7024	PA_PARA	1	1	3	Hint	Forma coloquial de <suggestion>para</suggestion>.	Para
L	7025	Pa preparar la sopa, necesitas cebollas.
M	7025	PA_PARA	1	0	2	Hint	Forma coloquial de <suggestion>para</suggestion>.	Para
L	7026	naide
M	7026	NADIE	1	0	5	Hint	Forma vulgar.	nadie
L	7027	Con la propuesta de nuevo servidor
L	7028	Sobre todo lo demás.
L	7029	Sobre todo hombre.
L	7030	Sobre todo lo demás.
L	7031	Amb qui es casa Lídia?
M	7031	MORFOLOGIK_RULE_ES		0	3	UnknownWord	Se ha encontrado un posible error ortográfico.	ACB|Ama|Amo|Amó|Ame|Amé|AM|Amy|MB|Mb|Ambo|Ami|Amá|ABB|AMC|AMD
M	7031	MORFOLOGIK_RULE_ES		4	7	UnknownWord	Se ha encontrado un posible error ortográfico.	que|muy|aquí|qué|fui|quid|huy|quía|DUI|GUI|Qiu|Quim|Rui|Tui|Tuy|hui|quia|quif|quiz|quío|ui|uy|TUI
M	7031	MORFOLOGIK_RULE_ES		16	21	UnknownWord	Se ha encontrado un posible error ortográfico.	Lidia|Lidiá|Lidiar|Liria|Libia|Lidio|Licia|Lidian|Lidió|Nidia|Lidias|Lisia|Lida|Lilia|Livia|Lydia|Elidía|Lidiad|Lidie|Lidita|Lidiás|Lidié|Lisiá|Ludia|Ludía|Vidia
L	7032	El mal siempre triunfa.
L	7033	El bien siempre triunfa.
L	7034	Este sobre el otro.
L	7035	El yo que me define.
L	7036	Són massivament admiradors seus.
M	7036	MORFOLOGIK_RULE_ES		0	3	UnknownWord	Se ha encontrado un posible error ortográfico.	Son|Con|Sin|Don|Sol|San|Soy|Ion|Non|So|SOS|Ron|Sonó|Soñó|Ton|Eón|Pon|Sor|Soñé|Soné|Jon|SOM|Sion|Song|Sow|Sun|Yon|Fon|Soná|Sos|Soñá|Won|BSON|JSON|Sony
M	7036	MORFOLOGIK_RULE_ES		4	15	UnknownWord	Se ha encontrado un posible error ortográfico.	masivamente|lascivamente
M	7036	MORFOLOGIK_RULE_ES		16	26	UnknownWord	Se ha encontrado un posible error ortográfico.	admirador|admiradores|admirados|admiradora|admiradoras
M	7036	MORFOLOGIK_RULE_ES		27	31	UnknownWord	Se ha encontrado un posible error ortográfico.	sus|seis|seas|Neus|Reus|SEUR|Saus|Seúl|Zeus|ceas|cebús|leus|seos|sets|seós|sius
L	7037	Se la ve tranquila.
L	7038	Él apenas leyó 10.
L	7039	Él apenas leyó 10.
L	7040	Encontrar algo que los una.
L	7041	Algo que una los distintos partidos.
L	7042	LA CONSTANTE RIVALIDAD ENTRE ELLOS.
L	7043	Es una ocasión romántica.
L	7044	Es una romántica ocasión.
L	7045	Es una romántica ocasión.
L	7046	Es una ocasión romántica.
L	7047	si es pren vi acompanyat
M	7047	UPPERCASE_SENTENCE_START		0	2	Other	Esta frase no empieza con mayúscula.	Si
M	7047	MORFOLOGIK_RULE_ES		6	10	UnknownWord	Se ha encontrado un posible error ortográfico.	tren|paren|eren|oren|aren|preña|bren|preñe|preñó|Arén|Eren|PEN|Purén|dren|peen|piren|pre|prea|pres|prez|preño|preñá|preñé|píen
M	7047	MORFOLOGIK_RULE_ES		14	24	UnknownWord	Se ha encontrado un posible error ortográfico.	acompaña|acompañan|acompañar|acompañas|acompañad|acompañate|acompañá|acompañás|acompáñate
L	7048	De lo uno y lo otro
L	7049	Las hechas
L	7050	Me gusta la blanca.
L	7051	Eran demasiado siniestros.
L	7052	Una nueva formula.
M	7052	DIACRITICS_OTHERS	16	10	17	Other	Si es sustantivo, lleva tilde. Correcto si es del v. 'formular'.	fórmula
L	7053	Ya los estraño a todos.
M	7053	MORFOLOGIK_RULE_ES		7	14	UnknownWord	Se ha encontrado un posible error ortográfico.	estreno|estrenó|extraño|estaño|estrato|estrado|estrago|extrañó|entrañó|estragó|entraño|estañó|estriño|estriñó
L	7054	Es cierto que otros sectores han crecido mucho.
L	7055	en mi contra.
M	7055	UPPERCASE_SENTENCE_START		0	2	Other	Esta frase no empieza con mayúscula.	En
L	7056	Hay dos casa rojo.
M	7056	AGREEMENT_NUMERAL_PLURAL	2	8	12	Other	Posible error de concordancia. Revise la puntuación.	casas
