L	1	: To jest zdanie.
M	1	ZNAK_INTERPUNKCYJNY_NA_POCZATKU_ZDANIA	1	0	4	Other	Znaków interpunkcyjnych nie stawia się na początku zdania.	
L	2	To jest zdanie.
L	3	Kupiłem wino, chciałem też pić wodę.
L	4	Kupiłem wino chciałem też pić wodę.
M	4	ZDANIA_ZLOZONE	1	0	35	Other	W tym zdaniu złożonym brakuje przecinka lub spójnika między jednym czasownikiem („Kupiłem”) a drugim („chciałem”).	
L	5	Pokład szorowano by nie zostały ślady krwi.
M	5	ZDANIA_ZLOZONE	1	7	43	Other	W tym zdaniu złożonym brakuje przecinka lub spójnika między jednym czasownikiem („szorowano”) a drugim („zostały”).	
L	6	Praktycznie jedynym językiem, którym dobrze władał był niemiecki.
M	6	ZDANIA_ZLOZONE	1	44	65	Other	W tym zdaniu złożonym brakuje przecinka lub spójnika między jednym czasownikiem („władał”) a drugim („był”).	
L	7	Rozstanie się bywa trudne.
L	8	Wyjechał z kraju, to znaczy zerwał wszystkie stosunki z rodziną.
L	9	Chociaż kupiłem wino, chciałem też pić wodę.
L	10	Marek będzie pomagał Jurkowi odrabiać lekcje za Romana.
L	11	Tak to bywa... ludzie się zmieniają.
L	12	To jest jedna osoba.
L	13	Zzuwszy buty Marek zatruł atmosferę na sali.
M	13	ZDANIA_ZLOZONE	1	0	44	Other	W tym zdaniu złożonym brakuje przecinka lub spójnika między jednym czasownikiem („Zzuwszy”) a drugim („zatruł”).	
L	14	Chociaż kupiłem wino chciałem też pić wodę.
M	14	ZDANIA_ZLOZONE	1	8	43	Other	W tym zdaniu złożonym brakuje przecinka lub spójnika między jednym czasownikiem („kupiłem”) a drugim („chciałem”).	
L	15	Od wieków najwyższy arcykapłan zwykł był witać lud pozdrowieniem.
L	16	Jurek wygląda wypisz wymaluj jak babcia.
L	17	I byłby tego niezawodnie dokonał, pewno bardzo pięknie.
L	18	Zwykł był chadzać do parku.
L	19	Dosiadł już był dzielnego rumaka Rosynanta.
L	20	Wynalazł był znakomite miejsce.
L	21	Rozjuszony Don Kichot pewno by mu był nie darował.
L	22	Każdy inny, prócz naszego bohatera, byłby się był przeląkł.
L	23	Ponieważ powiedziałeś, że gdybyś był słuchał rad moich, uniknąłbyś tego wypadku...
L	24	Gdyż zaledwie wylądowałam w Osunie, zaraz doszły mnie o nim cuda i dziwy.
M	24	ZWROTNE_BEZ_SIE	1	28	34	Other	W tym zdaniu występuje czasownik zwrotny, a brakuje wyrazu „się”; powinno być: <suggestion>Osunie się</suggestion> lub <suggestion>się Osunie</suggestion>.	Osunie się|Się Osunie
L	25	Marek może być marszałkiem pozostając w partii opozycyjnej.
M	25	ZDANIA_ZLOZONE	1	6	59	Other	W tym zdaniu złożonym brakuje przecinka lub spójnika między jednym czasownikiem („może”) a drugim („pozostając”).	
L	26	Marek pozostając w partii opozycyjnej może być marszałkiem.
M	26	ZDANIA_ZLOZONE	1	6	59	Other	W tym zdaniu złożonym brakuje przecinka lub spójnika między jednym czasownikiem („pozostając”) a drugim („może”).	
L	27	Marek pomoże Romanowi przecież miał kupić łososia.
M	27	ZDANIA_ZLOZONE	1	6	50	Other	W tym zdaniu złożonym brakuje przecinka lub spójnika między jednym czasownikiem („pomoże”) a drugim („miał”).	
L	28	Marek miał szukać okularów a Jurek pomoże Romanowi odrabiać lekcje.
M	28	ZDANIA_ZLOZONE	1	6	67	Other	W tym zdaniu złożonym brakuje przecinka lub spójnika między jednym czasownikiem („miał”) a drugim („pomoże”).	
L	29	Poszedł do łóżka od razu jak znalazł się w domu.
M	29	ZDANIA_ZLOZONE	1	0	48	Other	W tym zdaniu złożonym brakuje przecinka lub spójnika między jednym czasownikiem („Poszedł”) a drugim („znalazł”).	
L	30	Dla Stefki zaś było jak znalazł, żeby wyrwać się z tej dziury.
L	31	Jeżeli w węglowodorze występuje wiązanie podwójne i potrójne to ważniejsze przy nazewnictwie jest podwójne.
M	31	ZDANIA_ZLOZONE	1	22	107	Other	W tym zdaniu złożonym brakuje przecinka lub spójnika między jednym czasownikiem („występuje”) a drugim („jest”).	
L	32	Jeżeli do danego atomu węgla są przyłączone dwa lub więcej podstawników to przypisujemy im tę samą cyfrę.
M	32	DWA_LUB_WIECEJ	14	44	58	Other	Konstrukcji tego typu nie da się użyć tak, aby nie budziła zastrzeżeń. Lepiej: <suggestion>co najmniej dwa</suggestion>. UWAGA: reszta zdania może wymagać dostosowania przypadków.	co najmniej dwa
L	33	Proces asymilacji został w pełni zakończony i Japonia jest krajem monoetnicznym.
L	34	Według jednego z nich Afrodyta nie miała rodziców i pewnego dnia wyłoniła się z piany morskiej w pobliżu Cypru.
L	35	Tym, co spostrzegamy (wzrokowo, słuchowo itd.) są cechy przedmiotu.
M	35	ZDANIA_ZLOZONE	1	8	67	Other	W tym zdaniu złożonym brakuje przecinka lub spójnika między jednym czasownikiem („spostrzegamy”) a drugim („są”).	
L	36	Początkowo działała pod nazwą American Engineering Standards Committee (AESC), w 1928 roku zmieniła nazwę na American Standards Association (ASA).
M	36	MORFOLOGIK_RULE_PL_PL		51	60	Other	Wykryto prawdopodobny błąd pisowni	Standard|Standardy|Standardu|Standard s
M	36	MORFOLOGIK_RULE_PL_PL		61	70	Other	Wykryto prawdopodobny błąd pisowni	
M	36	MORFOLOGIK_RULE_PL_PL		72	76	Other	Wykryto prawdopodobny błąd pisowni	JEŚĆ|TEŚĆ|ESC|ASC|A ESC|AE SC
M	36	MORFOLOGIK_RULE_PL_PL		118	127	Other	Wykryto prawdopodobny błąd pisowni	Standard|Standardy|Standardu|Standard s
M	36	MORFOLOGIK_RULE_PL_PL		128	139	Other	Wykryto prawdopodobny błąd pisowni	
L	37	Jotę zapisujemy zaś obok, ale nie wymawiamy (nazywając ją wtedy iota adscriptum, tj. Αι, Ηι, Ωι).
M	37	MORFOLOGIK_RULE_PL_PL		64	68	Other	Wykryto prawdopodobny błąd pisowni	jota|jotą|kota|jola|nota|Kota|miota|joga|jotę|lota|notą|rota|wota|Iowa|Pota|bota|ciota|fota|jolą|joty|Lota|Rota|ita|jeta|jogą|jot|juta|mota|vota|Gota|IATA|ciotą|Iata|Ota|Rotą|Wota|ista|jotka|rotą|gota|jutą|Sota|biota|fotą|Gotą|Iatą|Iową|Wotą|biotą|ilota|ilotą|istą|joja|joto|jęta|jętą|kotą|miotą|IoT
M	37	MORFOLOGIK_RULE_PL_PL		69	79	Other	Wykryto prawdopodobny błąd pisowni	
L	38	Anna z Janem wzięli ślub i Anna zaszła w ciążę.
L	39	Egzystują w nim różne grupy interesów — od klasowych począwszy, na klikowych skończywszy — to zaś stwarza kłopoty.
L	40	Sam jej właściciel, jak odniosłem wrażenie, wydawał się nieco bledszy i poważniejszy niż zazwyczaj go widywałem.
M	40	ZDANIA_ZLOZONE	1	44	112	Other	W tym zdaniu złożonym brakuje przecinka lub spójnika między jednym czasownikiem („wydawał”) a drugim („widywałem”).	
L	41	Romuald odpowiedział z ważną i tajemniczą miną zwielokrotniając głoskę.
M	41	ZDANIA_ZLOZONE	1	8	71	Other	W tym zdaniu złożonym brakuje przecinka lub spójnika między jednym czasownikiem („odpowiedział”) a drugim („zwielokrotniając”).	
L	42	Kali przypomniał sobie poniewczasie, że mając myśl zatroskaną i zajętą czym innym zapomniał kazać związać czarowników.
M	42	ZDANIA_ZLOZONE	1	40	118	Other	W tym zdaniu złożonym brakuje przecinka lub spójnika między jednym czasownikiem („mając”) a drugim („zapomniał”).	
L	43	Fatma ucałowawszy ręce obu inżynierów i dzieci wyszła, błogosławiąc szczególniej Nel.
M	43	MORFOLOGIK_RULE_PL_PL		0	5	Other	Wykryto prawdopodobny błąd pisowni	Matma|Fama|Farma|Fatima|Fata|Farmą|Matmą|FAMA|Fatwa|Famą|Fatwą|Atma|Atmą|Fatimą|Fatra|Fatrą|Fat ma
M	43	ZDANIA_ZLOZONE	1	6	54	Other	W tym zdaniu złożonym brakuje przecinka lub spójnika między jednym czasownikiem („ucałowawszy”) a drugim („wyszła”).	
L	44	Potężny zwierz ujrzawszy jeźdźców i konie podniósł się na przednie łapy i począł na nich patrzeć.
M	44	BRAK_PRZECINKA_PRZED_IMIESLOWEM_PRZYSLOWKOWYM	1	8	24	Other	Prawdopodobnie brak przecinka: <suggestion>zwierz, ujrzawszy</suggestion>.	zwierz, ujrzawszy
L	45	Nastąpiło głosowanie i Wilczur został wybrany.
L	46	Przyrzekł mi sekret i rzecz była ukryta, aż póki się moje suknie nie rozpadły.
L	47	Tymczasem Szmul przestał się modlić i zdjąwszy śmiertelną koszulę i cycełe poszedł je schować do alkierza.
M	47	MORFOLOGIK_RULE_PL_PL		68	74	Other	Wykryto prawdopodobny błąd pisowni	
L	48	Nie należy do tych, co obnażając nasze błędy i wady sądzą, że już wszystko zdziałali.
M	48	ZDANIA_ZLOZONE	1	23	58	Other	W tym zdaniu złożonym brakuje przecinka lub spójnika między jednym czasownikiem („obnażając”) a drugim („sądzą”).	
L	49	Apostoł zaś broniąc się od podzięki i czci rzekł:
M	49	ZDANIA_ZLOZONE	1	12	49	Other	W tym zdaniu złożonym brakuje przecinka lub spójnika między jednym czasownikiem („broniąc”) a drugim („rzekł”).	
L	50	Kazał mu jechać za sobą, ten zaś poznawszy trybuna i augustianina nie śmiał się rozkazowi sprzeciwić.
M	50	ZDANIA_ZLOZONE	1	33	101	Other	W tym zdaniu złożonym brakuje przecinka lub spójnika między jednym czasownikiem („poznawszy”) a drugim („śmiał”).	
L	51	Wydało mu się, że zalecając czystość i walkę z żądzami starzec śmie tym samym nie tylko potępiać jego miłość, ale zraża Ligię do niego.
M	51	ZDANIA_ZLOZONE	1	18	109	Other	W tym zdaniu złożonym brakuje przecinka lub spójnika między jednym czasownikiem („zalecając”) a drugim („śmie”).	
L	52	Na trzeci dzień Fabrycy był w Parmie, gdzie ubawił hrabiego i księżnę opowiadając im z najdrobniejszymi szczegółami, jak czynił zawsze, historię swej podróży.
M	52	ZDANIA_ZLOZONE	1	44	116	Other	W tym zdaniu złożonym brakuje przecinka lub spójnika między jednym czasownikiem („ubawił”) a drugim („opowiadając”).	
L	53	Stanisław podsunął mu cygaro i sam podawał ogień.
L	54	Trupia bladość pokryła mu twarz i ciało poczęło tężeć.
L	55	Muszę tam czekać śmierci, gdyż jestem stary i nerwy moje są chore.
L	56	— Dobrześ ułożyła dziś fałdy i rad jestem z ciebie, Eunice.
M	56	MORFOLOGIK_RULE_PL_PL		2	9	Other	Wykryto prawdopodobny błąd pisowni	Dobrze|Dobrzeń|Dobrzej|Dobrzec|Dobrzeć|Dobrze ś
L	57	Rząd jednak nie zdecydował się na tę zmianę i państwo nadal zachowuje militarną neutralność.
L	58	Tymczasem, kiedy odwiedziliśmy Państwowe Gospodarstwo Rolne tego regionu żniwa trwały już dziesięć dni, a nie był to nawet półmetek.
M	58	ZDANIA_ZLOZONE	1	17	103	Other	W tym zdaniu złożonym brakuje przecinka lub spójnika między jednym czasownikiem („odwiedziliśmy”) a drugim („trwały”).	
L	59	Obiecywał, że to już jutro zwycięży, a te jutra tworzyły długie miesiące i zwycięstwa nie było.
L	60	Jak wykazała autopsja jego obiektywnego ciała przyczyną śmierci była poważna infekcja dróg oddechowych.
M	60	ZDANIA_ZLOZONE	1	4	103	Other	W tym zdaniu złożonym brakuje przecinka lub spójnika między jednym czasownikiem („wykazała”) a drugim („była”).	
L	61	Starał się jak mógł.
L	62	Rzekłszy to, spiął Rosynanta i błyskawicy lotem zjechał z pagórka na dolinę.
L	63	— Mości kawalerze — odparł Don Kichot — mamże ja minę gospodarza?
L	64	Czyliż skaleczono ci nogę, złamano żebro lub głowę rozbito?
L	65	Jednakże niechaj się nie boi.
L	66	Ale panowie Miller i Szulc mieli fizjognomie jaśniejące nadzieją.
M	66	BOWIEM_ZAS	1	0	3	Hint	Ten wyraz nie powinien występować na początku zdania.	
L	67	Jak bryła masła stal się między nie wślizguje.
M	67	STAL_SIĘ	1	16	24	Other	Prawdopodobna literówka. Czy chodziło o <suggestion>stał się</suggestion>?	stał się
L	68	Jakim sposobem Patna została uszkodzona, nie sposób było się dowiedzieć.
L	69	Byłbym niezawodnie zemdlał, gdyby Lopez nie był mi pośpieszył na pomoc.
L	70	Wziąłem był Adę ze sobą na tę wycieczkę.
L	71	Inaczej wprawdzie wyobrażałem sobie był niegdyś małżeństwo „jednego z nas” z Martą.
L	72	Nie sposób było w takiej ciasnocie zachować wszystkie przepisy przyzwoitego urządzenia domu.
L	73	— Właśnie przejechał; pędził jak gdyby go diabli ścigali.
M	73	ZDANIA_ZLOZONE	1	22	57	Other	W tym zdaniu złożonym brakuje przecinka lub spójnika między jednym czasownikiem („pędził”) a drugim („ścigali”).	
L	74	Rzeka Loara opływała klasztor od strony północy.
L	75	Natomiast nie podoba mu się sposób, w jaki zepchnięto jego stację.
L	76	Nie jest tajemnicą, że Fidel w taki właśnie sposób się ich pozbywa.
L	77	Zarzuca mu się sposób zachowania charakterystyczny dla pokerzysty.
L	78	Mają być one gotowe do 2003 roku.
L	79	A jednak łatwo wyobrażamy sobie istoty ludzkie jako świadome, nawet jeśli nadal nie potrafimy wyobrazić sobie jak może się to dziać.
M	79	ZDANIA_ZLOZONE	1	84	132	Other	W tym zdaniu złożonym brakuje przecinka lub spójnika między jednym czasownikiem („potrafimy”) a drugim („może”).	
L	80	Nie jest to może ostrość paląca.
L	81	Jestem trochę obolały.
L	82	Zdanie człowieka, który powinien szorować gary nie liczy się w naszej organizacji.
M	82	ZDANIA_ZLOZONE	2	24	82	Other	W tym zdaniu złożonym brakuje przecinka lub spójnika między jednym czasownikiem („powinien”) a drugim („liczy”).	
L	83	Co z tego, że powinien, nic nie zrobił!
L	84	Bank powinien był już wtedy interweniować.
L	85	Zdanie człowieka, który powinien był szorować gary nie liczy się w naszej organizacji.
M	85	ZDANIA_ZLOZONE	2	24	86	Other	W tym zdaniu złożonym brakuje przecinka lub spójnika między jednym czasownikiem („powinien”) a drugim („liczy”).	
L	86	Bank powinien był już wtedy interweniować.
L	87	Chociaż wiedzieć to powinien było mu to obojętne.
M	87	ZDANIA_ZLOZONE	2	20	49	Other	W tym zdaniu złożonym brakuje przecinka lub spójnika między jednym czasownikiem („powinien”) a drugim („było”).	
L	88	Więcej, jak ostro, bo Horn gotów był się rzucić na Bucholca.
L	89	Trzeba kupić wino, można narwać owoców w ogrodzie.
L	90	Trzeba było kupić wino, można było narwać owoców w ogrodzie.
L	91	Trzeba byłoby kupić wino, można byłoby narwać owoców w ogrodzie.
L	92	Było trzeba kupić wino, było można narwać owoców w ogrodzie.
L	93	Trzeba kupić wino można narwać owoców w ogrodzie.
M	93	ZDANIA_ZLOZONE	3	0	49	Other	W tym zdaniu złożonym brakuje przecinka lub spójnika między jednym czasownikiem („Trzeba”) a drugim („można”).	
L	94	— Mój przyjacielu — odparł — ty widać nie wiesz, co to rozrywka na tym świecie.
L	95	Nie można się było wahać.
L	96	Można by było pomyśleć, że zdrzemnęli się.
M	96	SIE_SENT_END	1	38	41	Hint	Zaimek „się” nie powinien znajdować się na końcu zdania.	
L	97	Tymczasem wiadomo jest nie tylko w Górnym i Dolnym Egipcie, ale u Hetytów...
L	98	Trzeba tu było ciągle myśleć o drugich.
L	99	Trzeba bowiem było wyjść po schodkach.
L	100	Wiadomo ci jest, że Skyresh Bolgolam jada robaki?
M	100	MORFOLOGIK_RULE_PL_PL		20	27	Other	Wykryto prawdopodobny błąd pisowni	
M	100	MORFOLOGIK_RULE_PL_PL		28	36	Other	Wykryto prawdopodobny błąd pisowni	
L	101	Nie sposób jest być eleganckim.
L	102	Nawet z postawy jego żołnierzy nie można tego było wywnioskować.
L	103	W domu jakiś rosły mężczyzna (był to Anglik świeżo osiadły w willi) wziął go ostrożnie w rękę.
L	104	Był tak wzruszony, że pani Wąsowskiej żal go się zrobiło.
L	105	To są zbędne, w istocie, elementy.
L	106	Jak widać istnieje wiele innych wyjaśnień tego zjawiska.
M	106	ZDANIA_ZLOZONE	4	4	56	Other	W tym zdaniu złożonym brakuje przecinka lub spójnika między jednym czasownikiem („widać”) a drugim („istnieje”).	
L	107	— Mój przyjacielu — odparł — ty widać nie wiesz, co to rozrywka na tym świecie.
L	108	Trzeba kupić wino, można narwać owoców w ogrodzie.
L	109	Trzeba było kupić wino, można było narwać owoców w ogrodzie.
L	110	Trzeba byłoby kupić wino, można byłoby narwać owoców w ogrodzie.
L	111	Było trzeba kupić wino, było można narwać owoców w ogrodzie.
L	112	Teorię, która opisywałoby wszystkie jego własności można znaleźć tylko w podręcznikach.
M	112	ZDANIA_ZLOZONE	5	14	87	Other	W tym zdaniu złożonym brakuje przecinka lub spójnika między jednym czasownikiem („opisywałoby”) a drugim („można”).	
L	113	Śniło się widać biedakowi, że trzymał w ręku wielkoluda Pandafilando.
M	113	MORFOLOGIK_RULE_PL_PL		56	68	Other	Wykryto prawdopodobny błąd pisowni	
L	114	Rad nierad poszedłem do szkoły.
L	115	Jest to problem.
L	116	Zrobiło jej się żal, że nie śpi koło Heleny.
L	117	Ale i wujkowi Władkowi żal się nagle tej czapki zrobiło.
M	117	BOWIEM_ZAS	1	0	3	Hint	Ten wyraz nie powinien występować na początku zdania.	
L	118	Trzeba kupić wino, można narwać owoców w ogrodzie.
L	119	Istnieje wiele innych wyjaśnień co widać na przykładzie.
M	119	ZDANIA_ZLOZONE	6	31	34	Other	W tym zdaniu złożonym brakuje przecinka lub spójnika między jednym czasownikiem („Istnieje”) a drugim („co”). Prawdopodobnie powinno być: <suggestion>, co</suggestion>.	, co
L	120	Marek pomagał będzie Jurkowi odrabiać lekcje za Romana.
L	121	Marek będzie pomagał Jurkowi odrabiać lekcje za Romana.
L	122	Trzeba będzie pomóc Jurkowi odrabiać lekcje za Romana.
L	123	Trzeba będzie to zrobić.
L	124	Marek będzie szukać okularów a Jurek pomoże Romanowi odrabiać lekcje.
M	124	ZDANIA_ZLOZONE	7	6	69	Other	W tym zdaniu złożonym brakuje przecinka lub spójnika między jednym czasownikiem („będzie”) a drugim („pomoże”).	
L	125	Nie wiedząc, czy on tam będzie wczoraj pomógł mu bardzo.
M	125	ZDANIA_ZLOZONE	7	24	56	Other	W tym zdaniu złożonym brakuje przecinka lub spójnika między jednym czasownikiem („będzie”) a drugim („pomógł”).	
L	126	Nie wiedząc, czy on tam będzie wczoraj pomagali mu bardzo.
M	126	ZDANIA_ZLOZONE	7	24	58	Other	W tym zdaniu złożonym brakuje przecinka lub spójnika między jednym czasownikiem („będzie”) a drugim („pomagali”).	
L	127	Partie, które oni będą popierać przegrywały wybory.
M	127	ZDANIA_ZLOZONE	7	18	51	Other	W tym zdaniu złożonym brakuje przecinka lub spójnika między jednym czasownikiem („będą”) a drugim („przegrywały”).	
L	128	Schowaj do komórki, uschnie do zimy i będzie jak znalazł na podpałkę.
L	129	Będą umrzeć musieli.
L	130	Marek pomagał będzie Jurkowi odrabiać lekcje za Romana.
L	131	Trzeba będzie pomóc Jurkowi odrabiać lekcje za Romana.
L	132	Marek będzie pomagał Jurkowi odrabiać lekcje za Romana.
L	133	Jurek pomoże Romanowi odrabiać lekcje a Marek będzie szukać okularów.
M	133	ZDANIA_ZLOZONE	8	6	69	Other	W tym zdaniu złożonym brakuje przecinka lub spójnika między jednym czasownikiem („pomoże”) a drugim („będzie”).	
L	134	Trzeba to będzie sparzyć kipiątkiem i podrzucić kurom...
L	135	Analiza, która zignorowała stronę doświadczeniową będzie jedynie analizą czegoś nieistotnego.
M	135	MORFOLOGIK_RULE_PL_PL		34	49	Other	Wykryto prawdopodobny błąd pisowni	oświadczeniowa|oświadczeniową|d oświadczeniową|do świadczeniową|doświadczeni ową
L	136	Telefon to coś, bez czego nie sposób będzie się obejść.
L	137	Na bazie rozmów telefonicznych podczas przerw lunchowych (samochodem pod McDonald’s i potem w przerwach pomiędzy kęsami dzwonienie z zeszytem przed sobą) selekcjonowałem te, które uznałem, że warto będzie zobaczyć.
L	138	Trudno stwierdzić co miałoby dać włączenie jej do naszego grona.
M	138	PRZYSLOWKI_PREDYKATYWNE_BEZ_PRZECINKOW	9	7	28	Other	Prawdopodobnie brak przecinka w zdaniu złożonym.	
L	139	Przekonaniu, że tak ciężko zacząć wszystko od nowa towarzyszyło uczucie zagubienia.
M	139	PRZYSLOWKI_PREDYKATYWNE_BEZ_PRZECINKOW	9	27	63	Other	Prawdopodobnie brak przecinka w zdaniu złożonym.	
L	140	Co miałoby dać włączenie jej do naszego grona trudno stwierdzić.
M	140	PRZYSLOWKI_PREDYKATYWNE_BEZ_PRZECINKOW_2	10	3	52	Other	Prawdopodobnie brak przecinka w tym zdaniu złożonym.	
L	141	Dodać żółtka, jajko, aromat i tyle śmietany, aby ciasto dało się dobrze zagnieść i było w miarę elastyczne.
L	142	Jednakże nie sposób tak łatwo ogłosić sukces.
L	143	Wydaje się trudno ubrać w taką pogodę.
L	144	Dziesiąty rok wyobrażam sobie, że musi być pioruńsko przyjemnie śmiać się głośno, płakać cicho, uprawiać seks na plaży, pić zimne piwo wieczorową porą, snuć się nocą miastem pełnym zapachów i dźwięków.
L	145	Tego typu poradniki pozwalają dość wygodnie przyswoić sobie podstawy.
L	146	Pozostało już tylko je dobrze obsmażyć z każdej strony na małym ogniu.
L	147	A i potem ta historia długo siedzi w czytelniku, nie daje o sobie łatwo zapomnieć.
L	148	Tego się nie da łatwo opowiedzieć, bo jak opowiedzieć tyle przeszłych trudnych historii.
L	149	A pani konsultantka nie była w stanie tego dobrze wyartykułować.
L	150	Inaczej mówiąc, nie da się go źle podłączyć.
L	151	Rozwódka z traumatycznymi przejściami nie da tak łatwo zbliżyć się do siebie kolejnemu mężczyźnie.
L	152	Nie jestem już w stanie rozsądnie myśleć.
L	153	Marcin idąc do lekarza, wstąpił do sklepu.
M	153	BRAK_PRZECINKA_PRZED_IMIESLOWEM_PRZYSLOWKOWYM	1	0	11	Other	Prawdopodobnie brak przecinka: <suggestion>Marcin, idąc</suggestion>.	Marcin, idąc
L	154	Zrobić wywiercić dziurę.
M	154	BEZOKOLICZNIKI	1	0	16	Other	Dwa bezokoliczniki nierozdzielone przecinkiem. Czy chodziło o <suggestion>Zrobić, wywiercić</suggestion>?	Zrobić, wywiercić
L	155	Zrobić, wywiercić dziurę.
L	156	Lubię chodzić spać późno.
L	157	Zamierzam się dziś wcześniej położyć spać.
L	158	Można uniknąć zatruć pokarmowych, mając dwie deski do krojenia, do mięsa i do warzyw.
L	159	Muszę pozbyć się wyeliminować pryszcze.
M	159	BEZOKOLICZNIKI	2	6	29	Other	Dwa bezokoliczniki nierozdzielone przecinkiem. Czy chodziło o <suggestion>pozbyć, się wyeliminować</suggestion> lub <suggestion>pozbyć się, wyeliminować</suggestion>?	pozbyć, się wyeliminować|pozbyć się, wyeliminować
L	160	Muszę pozbyć się, wyeliminować pryszcze.
L	161	Błagała o noc, aby spać się położyć.
L	162	Możesz przyjść pomóc?
L	163	Minister miał coś do zakomunikowania, a mianowicie, że nic nie wie.
L	164	Minister miał coś do zakomunikowania a mianowicie, że nic nie wie.
M	164	MULTISPOJNIKI	1	21	49	Other	W tym miejscu stawia się przecinek: <suggestion>zakomunikowania, a mianowicie</suggestion>	zakomunikowania, a mianowicie
L	165	Nie rozumiał tego właśnie, że upadł na głowę.
L	166	Nie rozumiał tego właśnie że upadł na głowę.
M	166	DWUZNACZNOSC_W_COFANIU	1	13	28	Other	Należy postawić przecinek w zależności od intonacji i sensu zdania: <suggestion>tego właśnie, że</suggestion> lub <suggestion>tego, właśnie że</suggestion>.	tego właśnie, że|tego, właśnie że
L	167	Przemysław jest wierny, tylko że nic nie potrafi.
L	168	Przemysław jest wierny tylko że nic nie potrafi.
M	168	BRAK_PRZECINKA_ZE	6	16	31	Other	Brak przecinka przed spójnikiem złożonym: <suggestion>wierny, tylko że</suggestion> (niekiedy poprawnie może być: <suggestion>wierny tylko, że</suggestion>).	wierny, tylko że|wierny tylko, że
L	169	Filistyni nie tylko że nie zostali wówczas pobici, ale z czasem sami ujarzmili Izraelitów.
L	170	Przemysław jest wierny, tylko że nic nie potrafi.
L	171	Przemysław jest wierny tyle tylko że nic nie potrafi.
M	171	DWUZNACZNOSC_W_COFANIU	2	23	36	Other	Należy postawić przecinek w zależności od intonacji i sensu zdania: <suggestion>tyle tylko, że</suggestion> lub <suggestion>tyle, tylko że</suggestion>.	tyle tylko, że|tyle, tylko że
L	172	Nie rozumiał tego właśnie, kiedy upadł na głowę.
L	173	Nie rozumiał tego właśnie kiedy upadł na głowę.
M	173	BRAK_PRZECINKA_GDY	3	13	31	Other	Przecinek stawiamy przed całym spójnikiem złożonym: <suggestion>tego, właśnie kiedy</suggestion>.	tego, właśnie kiedy
L	174	Poszedłem tam, mimo że nie chciałem.
L	175	Poszedłem tam mimo, że nie chciałem.
M	175	COFANIE_PRZECINKA	1	10	22	Other	Spójników złożonych nie rozdziela się, a przecinek stawia się przed nimi: <suggestion>tam, mimo że</suggestion>.	tam, mimo że
L	176	Poszedłem tam, mimo że nie chciałem.
L	177	Poszedłem tam mimo, iż nie chciałem.
M	177	COFANIE_PRZECINKA	2	10	22	Other	Spójników złożonych nie rozdziela się, a przecinek stawia się przed nimi: <suggestion>tam, mimo iż</suggestion>.	tam, mimo iż
L	178	Mimo że nie chciałem, poszedłem tam.
L	179	Mimo, że nie chciałem, poszedłem tam.
M	179	COFANIE_PRZECINKA	3	0	8	Other	Spójników złożonych nie rozdziela się: <suggestion>Mimo że</suggestion>.	Mimo że
L	180	Mimo że nie chciałem, poszedłem tam.
L	181	Mimo, iż nie chciałem, poszedłem tam.
M	181	COFANIE_PRZECINKA	4	0	8	Other	Spójników złożonych nie rozdziela się: <suggestion>Mimo iż</suggestion>.	Mimo iż
L	182	Poszedłem tam, mimo że nie chciałem.
L	183	Poszedłem tam, mimo, że nie chciałem.
M	183	COFANIE_PRZECINKA	5	19	23	Other	Spójników złożonych nie rozdziela się: <suggestion>mimo że</suggestion>.	mimo że
L	184	Pan jako, że tak powiem, tubylec, na pewno mógłby polecić jakiś ciekawy lokal?
L	185	Poszedłem tam, mimo że nie chciałem.
L	186	Poszedłem tam, mimo, iż nie chciałem.
M	186	COFANIE_PRZECINKA	6	19	23	Other	Spójników złożonych nie rozdziela się: <suggestion>mimo iż</suggestion>.	mimo iż
L	187	Pod warunkiem, że mi zapłacisz!
M	187	COFANIE_PRZECINKA	7	0	17	Other	Spójników złożonych nie rozdziela się: <suggestion>Pod warunkiem że</suggestion>.	Pod warunkiem że
L	188	Poszedłem tam, mimo że nie chciałem.
L	189	Poszedłem tam, pod warunkiem, że mi zapłacą.
M	189	COFANIE_PRZECINKA	8	15	32	Other	Spójników złożonych nie rozdziela się: <suggestion>pod warunkiem że</suggestion>.	pod warunkiem że
L	190	Pan jako, że tak powiem, tubylec, na pewno mógłby polecić jakiś ciekawy lokal?
L	191	Poszedłem tam, mimo że nie chciałem.
L	192	Poszedłem tam, mimo, iż nie chciałem.
M	192	COFANIE_PRZECINKA	6	19	23	Other	Spójników złożonych nie rozdziela się: <suggestion>mimo iż</suggestion>.	mimo iż
L	193	Tyle że był głupi.
L	194	Tyle, że akurat on nie prowadził samochodu.
M	194	COFANIE_PRZECINKA	10	0	8	Other	Spójników złożonych nie rozdziela się: <suggestion>Tyle że</suggestion>.	Tyle że
L	195	Wprawdzie upił się, tyle że potrafił trzymać język za zębami.
L	196	Wprawdzie upił się, tyle, że akurat on nie prowadził samochodu.
M	196	COFANIE_PRZECINKA	11	24	28	Other	Spójników złożonych nie rozdziela się: <suggestion>tyle że</suggestion>.	tyle że
L	197	Poszedłem, podczas gdy on siedział na kanapie.
L	198	Poszedłem podczas, gdy on siedział na kanapie.
M	198	COFANIE_PRZECINKA	12	0	22	Other	Spójników złożonych nie rozdziela się, przecinek stawia się przed nimi: <suggestion>Poszedłem, podczas gdy</suggestion>.	Poszedłem, podczas gdy
L	199	W jakiś czas potem, kiedy sprzedano wino, wzięto się do mycia beczki.
L	200	On powinien bronić honoru dam w ogólności, a cóż dopiero, gdy idzie o królową Madasimę.
M	200	MORFOLOGIK_RULE_PL_PL		78	86	Other	Wykryto prawdopodobny błąd pisowni	Mada simę
L	201	Mimo to, gdy dzieci już leżały, poszedł do ich pokoju.
L	202	Atoli wkrótce potem, gdy stanął nad rzeką, by napić się wody, obaczył...
L	203	Dama ciągnęła dyskurs nieustannie, wtedy nawet, gdy powóz przechodził istne konwulsje w dołach.
M	203	COFANIE_PRZECINKA	18	35	51	Other	Spójników złożonych nie rozdziela się, przecinek stawia się przed nimi: <suggestion>wtedy, nawet gdy</suggestion>. Wyjątkiem mogą być tutaj wtrącenia.	wtedy, nawet gdy
L	204	- Teraz, kiedy takie rzeczy się dzieją, mielibyśmy wyjeżdżać…
L	205	Podczas gdy on siedział na kanapie, jadłem śledzia.
L	206	Podczas, gdy on siedział na kanapie, jadłem śledzia.
M	206	COFANIE_PRZECINKA	13	0	12	Other	Spójników złożonych nie rozdziela się: <suggestion>Podczas gdy</suggestion>.	Podczas gdy
L	207	Jadłem śledzia, podczas gdy on siedział na kanapie.
L	208	Jadłem śledzia, podczas, gdy on siedział na kanapie.
M	208	COFANIE_PRZECINKA	14	23	28	Other	Spójników złożonych nie rozdziela się: <suggestion>podczas gdy</suggestion>.	podczas gdy
L	209	- Teraz, kiedy takie rzeczy się dzieją, mielibyśmy wyjeżdżać…
L	210	Do partii rządzącej zapisują się tylko idioci, a więc nadajesz się znakomicie.
L	211	Nie lubię Deleuze'a, choć inni lubią.
M	211	MORFOLOGIK_RULE_PL_PL		10	17	Other	Wykryto prawdopodobny błąd pisowni	
L	212	Do partii rządzącej zapisują się tylko idioci a, więc nadajesz się znakomicie.
M	212	COFANIE_PRZECINKA	15	39	53	Other	Spójników złożonych nie rozdziela się, przecinek stawia się przed nimi: <suggestion>idioci, a więc</suggestion>.	idioci, a więc
L	213	A więc nadajesz się znakomicie.
L	214	A, więc nadajesz się znakomicie.
M	214	COFANIE_PRZECINKA	16	0	7	Other	Spójników złożonych nie rozdziela się: <suggestion>A więc</suggestion>.	A więc
L	215	Jesteś mierny, ale wierny, a więc nadajesz się znakomicie.
L	216	Jesteś mierny, ale wierny, a, więc nadajesz się znakomicie.
M	216	COFANIE_PRZECINKA	17	27	34	Other	Spójników złożonych nie rozdziela się: <suggestion>a więc</suggestion>.	a więc
L	217	Naprawdę odejdę nawet, jeśli pójdzie się myć.
M	217	COFANIE_PRZECINKA	18	9	28	Other	Spójników złożonych nie rozdziela się, przecinek stawia się przed nimi: <suggestion>odejdę, nawet jeśli</suggestion>. Wyjątkiem mogą być tutaj wtrącenia.	odejdę, nawet jeśli
L	218	Naprawdę odejdę, nawet jeśli pójdzie się myć.
L	219	Mimo to, jeśli przez dłuższy czas kulka pada na pole czerwone, rośnie w nas chęć obstawienia czarnych w kolejnym rzucie.
L	220	Zrobiłbym to, gdybym mógł.
L	221	Sam najlepiej przekonasz się o tym, gdy zawieziesz ode mnie list, cały wierszem.
L	222	I miłe są te kobiety, przy których, kiedy im człowiek w najlepszej wierze oddaje…
M	222	PREP_KTORY_COMMA	1	22	35	Other	Prawdopodobnie błąd interpunkcyjny. Powinno być: <suggestion>przy których</suggestion>.	przy których
L	223	— Dlaczegóż to, jeżeli łaska?…
L	224	Te dwie hipotezy różnią się zasadniczo jedynie tym, kiedy poszczególne wrażenia zostały odczute.
L	225	Zacytuj Ryle'a, jeśli go cenisz.
L	226	Powiedziałem mu, że, jeśli pójdzie się myć, to się wyprowadzam.
M	226	COFANIE_PRZECINKA	19	17	26	Other	Spójników złożonych nie rozdziela się: <suggestion>że jeśli</suggestion>. Wyjątkiem mogą być tutaj wtrącenia.	że jeśli
L	227	Powiedziałem mu, że jeśli pójdzie się myć, to się wyprowadzam.
L	228	Adenauer zdecydował się w nich startować, jednak, gdy zastanowił się, wycofał swoją kandydaturę.
M	228	COFANIE_PRZECINKA	19	42	53	Other	Spójników złożonych nie rozdziela się: <suggestion>jednak gdy</suggestion>. Wyjątkiem mogą być tutaj wtrącenia.	jednak gdy
L	229	A, jeśli pójdzie się myć, to się wyprowadzam.
M	229	COFANIE_PRZECINKA	16	0	8	Other	Spójników złożonych nie rozdziela się: <suggestion>A jeśli</suggestion>.	A jeśli
L	230	A jeśli pójdzie się myć, to się wyprowadzam.
L	231	Premier powołał go na stanowisko, chyba żeby go poniżyć.
L	232	Nic mu już nie brakowało, jak tylko, ażeby znaleźć środek odczarowania księżniczki.
L	233	Premier powołał go na stanowisko chyba, żeby go poniżyć.
M	233	COFANIE_PRZECINKA	21	22	44	Other	Spójników złożonych nie rozdziela się, przecinek stawia się przed nimi: <suggestion>stanowisko, chyba żeby</suggestion>. Wyjątkiem mogą być tutaj wtrącenia.	stanowisko, chyba żeby
L	234	Chyba żeby go poniżyć; innego powodu nie widzę.
L	235	Chyba, żeby go poniżyć; innego powodu nie widzę.
M	235	COFANIE_PRZECINKA	22	0	11	Other	Spójników złożonych nie rozdziela się: <suggestion>Chyba żeby</suggestion>. Wyjątkiem mogą być tutaj wtrącenia.	Chyba żeby
L	236	Premier powołał go na stanowisko, chyba żeby go poniżyć.
L	237	Premier powołał go na stanowisko, chyba, żeby go poniżyć.
M	237	COFANIE_PRZECINKA	23	39	45	Other	Spójników złożonych nie rozdziela się: <suggestion>chyba żeby</suggestion>. Wyjątkiem mogą być tutaj wtrącenia.	chyba żeby
L	238	Premier powołał go na stanowisko, jeszcze zanim odwołał go z funkcji przewodniczącego klubu
L	239	Premier powołał go na stanowisko jeszcze, zanim odwołał go z funkcji przewodniczącego klubu.
M	239	COFANIE_PRZECINKA	24	22	47	Other	Spójników złożonych nie rozdziela się, przecinek stawia się przed nimi: <suggestion>stanowisko, jeszcze zanim</suggestion>. Wyjątkiem mogą być tutaj wtrącenia.	stanowisko, jeszcze zanim
L	240	Jeszcze zanim odwołał go z funkcji przewodniczącego klubu, zjadł z nim kolację.
L	241	Jeszcze, zanim odwołał go z funkcji przewodniczącego klubu, zjadł z nim kolację.
M	241	COFANIE_PRZECINKA	25	0	14	Other	Spójników złożonych nie rozdziela się:<suggestion>Jeszcze zanim</suggestion>. Wyjątkiem mogą być tutaj wtrącenia.	Jeszcze zanim
L	242	Premier powołał go na stanowisko, jeszcze zanim odwołał go z funkcji przewodniczącego klubu
L	243	Premier powołał go na stanowisko, jeszcze, zanim odwołał go z funkcji przewodniczącego klubu.
M	243	COFANIE_PRZECINKA	26	41	48	Other	Spójników złożonych nie rozdziela się:<suggestion>jeszcze zanim</suggestion>. Wyjątkiem mogą być tutaj wtrącenia.	jeszcze zanim
L	244	Podaj adres e-mail, o, ile go posiadasz.
M	244	COFANIE_PRZECINKA	27	21	26	Other	Spójników złożonych nie rozdziela się:<suggestion>o ile</suggestion>. Wyjątkiem mogą być tutaj wtrącenia.	o ile
L	245	O, ile much tu lata!
L	246	O, ile tu much!
L	247	Podaj adres e-mail o, ile go posiadasz.
M	247	COFANIE_PRZECINKA	28	12	25	Other	Spójników złożonych nie rozdziela się, przecinek stawia się przed nimi: <suggestion>e-mail, o ile</suggestion>. Wyjątkiem mogą być tutaj wtrącenia.	e-mail, o ile
L	248	Podaj adres e-mail o ile go posiadasz.
M	248	BRAK_PRZECINKA_O_ILE	1	12	24	Other	Brak przecinka przed spójnikiem złożonym: <suggestion>e-mail, o ile</suggestion>.	e-mail, o ile
L	249	Aż do hipotetycznie bardziej złożonych organizmów o ile nie ma ono bezpośredniego kontaktu.
M	249	BRAK_PRZECINKA_O_ILE	1	39	55	Other	Brak przecinka przed spójnikiem złożonym: <suggestion>organizmów, o ile</suggestion>.	organizmów, o ile
L	250	Była to praca nie tylko ciężka, ale także skomplikowana, zwłaszcza o ile szło o ścinanie drzew w lesie, utwierdzanie pali i zaciosywanie ich na końcach.
L	251	*O ile więc nie jest to znów jakiś erotyczny rytuał wymyślony na Kubie Fidela Castro, ugryzienie cudzego języka jest jedną z praktyk santerii.
L	252	Była to praca nie tylko ciężka, ale także skomplikowana zwłaszcza o ile szło o ścinanie drzew w lesie, utwierdzanie pali i zaciosywanie ich na końcach.
M	252	BRAK_PRZECINKA_O_ILE	2	42	71	Other	Brak przecinka przed spójnikiem złożonym: <suggestion>skomplikowana, zwłaszcza o ile</suggestion>.	skomplikowana, zwłaszcza o ile
L	253	*O ile więc nie jest to znów jakiś erotyczny rytuał wymyślony na Kubie Fidela Castro, ugryzienie cudzego języka jest jedną z praktyk santerii.
L	254	Przemysław zdradził, że ma na drugie imię Edgar.
L	255	Przemysław ostrzegł, że się zemści, chyba że przestaniemy wołać na niego Edgar.
L	256	Przemysław zdradził że ma na drugie imię Edgar.
M	256	BRAK_PRZECINKA_ZE	1	11	22	Other	Przed spójnikiem „że” stawiamy przecinek: <suggestion>zdradził, że</suggestion>.	zdradził, że
L	257	To ich nieco stropiło, tak że przestali rozmawiać.
L	258	I cóż, stary Balu — dodała — jak żeś wyszedł z tej przygody?
L	259	Pierdziątko ty moje, jaki żeś ty cacany!
M	259	MORFOLOGIK_RULE_PL_PL		0	11	Other	Wykryto prawdopodobny błąd pisowni	
L	260	Omal że nie parsknąłem śmiechem.
M	260	NIEMALZE	1	0	7	Other	To słowo piszemy łącznie: <suggestion>Omalże</suggestion>.	Omalże
L	261	Gdzie żeś się podziewała tyle czasu!
M	261	GDZIEZES	1	0	9	Other	To wyrażenie piszemy łącznie: <suggestion>Gdzieżeś</suggestion>.	Gdzieżeś
L	262	Daj że mi spokój!
M	262	DAJZE	1	0	6	Other	Te wyrazy należy napisać łącznie (jeśli cząstka „że” funkcjonuje jako wzmocnienie rozkazu) lub z przecinkiem, jeśli wprowadza zdanie podrzędne.	Dajże|Daj, że
L	263	Przemysław zdradził, mimo że ma na drugie imię Edgar.
L	264	Przemysław zdradził mimo że ma na drugie imię Edgar.
M	264	BRAK_PRZECINKA_ZE	2	11	27	Other	Przecinek stawiamy przed całym spójnikiem złożonym: <suggestion>zdradził, mimo że</suggestion>.	zdradził, mimo że
L	265	Przemysław zdradził pomimo iż ma na drugie imię Edgar.
M	265	BRAK_PRZECINKA_ZE	2	11	29	Other	Przecinek stawiamy przed całym spójnikiem złożonym: <suggestion>zdradził, pomimo iż</suggestion>.	zdradził, pomimo iż
L	266	Mimo że cenię jego śpiew, hymnu śpiewać mu nie pozwolę.
L	267	W gruncie rzeczy zżył się już ze swoim prawie że ciągłym celibatem.
L	268	Nie lubię go tym bardziej że gra w siatkówkę.
M	268	BRAK_PRZECINKA_ZE	3	10	28	Other	Brak przecinka przed spójnikiem złożonym: <suggestion>go, tym bardziej że</suggestion>.	go, tym bardziej że
L	269	Nie lubię go, tym bardziej że gra w siatkówkę.
L	270	Licz się z tym że mam broń.
M	270	BRAK_PRZECINKA_ZE	4	5	17	Other	Brak przecinka przed spójnikiem złożonym: <suggestion>się, z tym że</suggestion> (lub <suggestion>się z tym, że</suggestion>, jeśli wcześniej występuje czasownik łączący się z przyimkiem „z”).	się, z tym że|się z tym, że
L	271	Licz się z tym, że mam broń.
L	272	Zrobię to pod warunkiem że mi zapłacisz.
M	272	BRAK_PRZECINKA_ZE	5	7	26	Other	Brak przecinka przed spójnikiem złożonym: <suggestion>to, pod warunkiem że</suggestion>.	to, pod warunkiem że
L	273	Nie wiadomo, o co im właściwie tam poszło dość że przez kilka minut za ścianą działo się piekło..
M	273	BRAK_PRZECINKA_ZE	6	35	49	Other	Brak przecinka przed spójnikiem złożonym: <suggestion>poszło, dość że</suggestion> (niekiedy poprawnie może być: <suggestion>poszło dość, że</suggestion>).	poszło, dość że|poszło dość, że
M	273	DOUBLE_PUNCTUATION	2	95	97	Other	Dwie kropki. Czy chodziło o <suggestion>.</suggestion>?	.
L	274	Nie wiadomo, o co im właściwie tam poszło, dość że przez kilka minut za ścianą działo się piekło.
L	275	Serce mi mówi, że to nieosobliwe dla nas miejsce i że więcej nam potrzeba teraz użytku nóg.
L	276	Jeżeli czemu się dziwię, to że dotąd zachowywała się tak spokojnie.
L	277	Zarzucano jednak iż jako program ma mało możliwości.
M	277	BRAK_PRZECINKA_ZE	6	0	19	Other	Brak przecinka przed spójnikiem złożonym: <suggestion>Zarzucano, jednak iż</suggestion> (niekiedy poprawnie może być: <suggestion>Zarzucano jednak, iż</suggestion>).	Zarzucano, jednak iż|Zarzucano jednak, iż
L	278	Nie dość, że dostali marny żołd, to jeszcze w fałszywych banknotach.
L	279	Nie dość że dostali marny żołd, to jeszcze w fałszywych banknotach.
M	279	BRAK_PRZECINKA_ZE	7	0	11	Other	Brak przecinka przed spójnikiem złożonym: <suggestion>Nie dość, że</suggestion>.	Nie dość, że
L	280	Denerwuje mnie to, że masz rację.
L	281	Denerwuje mnie to że masz rację.
M	281	BRAK_PRZECINKA_ZE	8	15	20	Other	Przed spójnikiem „że” stawiamy przecinek: <suggestion>to, że</suggestion>.	to, że
L	282	Licz się z tym że mam broń.
M	282	BRAK_PRZECINKA_ZE	4	5	17	Other	Brak przecinka przed spójnikiem złożonym: <suggestion>się, z tym że</suggestion> (lub <suggestion>się z tym, że</suggestion>, jeśli wcześniej występuje czasownik łączący się z przyimkiem „z”).	się, z tym że|się z tym, że
L	283	Powiedział nam, że jeśli Zyta się dowie, to ją zabije.
L	284	Może gdyby chodził, byłby szczęśliwszy.
L	285	Jednakże jeśli idzie o ceny zaopatrzeniowe, to można spodziewać się zmian.
L	286	Wyjechałaby dawno gdyby miała pieniądze.
M	286	BRAK_PRZECINKA_JESLI	1	12	23	Other	Przed tym spójnikiem stawiamy przecinek:<suggestion>dawno, gdyby</suggestion>.	dawno, gdyby
L	287	A widziało się wszystko jak gdyby po raz pierwszy.
L	288	Zrobię omleta, nawet jeśli nie poprosisz.
L	289	Zrobię omleta nawet jeśli nie poprosisz.
M	289	BRAK_PRZECINKA_JESLI	2	7	25	Other	Przecinek stawiamy przed całym spójnikiem złożonym: <suggestion>omleta, nawet jeśli</suggestion>.	omleta, nawet jeśli
L	290	Nie życzy sobie wkraczać w labirynt, z którego jeśliby wyszło się, to z sercem i sumieniem podartym.
L	291	W tej chwili dusza Julii jak gdyby przeszła w duszę oficera.
L	292	Jednolita gromadka jak gdyby się rozdzieliła.
L	293	Zrobię omleta, nawet jeśli nie poprosisz.
L	294	Zrobię omleta nawet gdybyś nie poprosił.
M	294	BRAK_PRZECINKA_JESLI	2	7	26	Other	Przecinek stawiamy przed całym spójnikiem złożonym: <suggestion>omleta, nawet gdybyś</suggestion>.	omleta, nawet gdybyś
L	295	Wiemy to, zanim zaczniemy ją oceniać jako teorię.
L	296	Wiemy to zanim zaczniemy ją oceniać jako teorię.
M	296	BRAK_PRZECINKA_JESLI	4	0	14	Other	Jeśli „to” użyto w funkcji spójnika, przecinek stawiamy przed całym spójnikiem złożonym: <suggestion>Wiemy, to zanim</suggestion>. Jeśli w funkcji zaimka, to piszemy: <suggestion>Wiemy to, zanim</suggestion>.	Wiemy, to zanim|Wiemy to, zanim
L	297	Przemysław wstąpił do domu, żeby spryskać się Przemysławką.
M	297	MORFOLOGIK_RULE_PL_PL		46	58	Other	Wykryto prawdopodobny błąd pisowni	Przemysława|Przemysłówka|Przemysławą|Przemysłówką
L	298	Przemysław wstąpił do domu żeby spryskać się Przemysławką.
M	298	BRAK_PRZECINKA_ZEBY	1	22	31	Other	Przed tym spójnikiem stawiamy przecinek: <suggestion>domu, żeby</suggestion>.	domu, żeby
M	298	MORFOLOGIK_RULE_PL_PL		45	57	Other	Wykryto prawdopodobny błąd pisowni	Przemysława|Przemysłówka|Przemysławą|Przemysłówką
L	299	Oddalam się z głośnym tupaniem i wrzawą, tak iżby mnie posłyszał człek o dużej stopie…
L	300	Przemysław wstąpił do domu, żeby spryskać się Przemysławką.
M	300	MORFOLOGIK_RULE_PL_PL		46	58	Other	Wykryto prawdopodobny błąd pisowni	Przemysława|Przemysłówka|Przemysławą|Przemysłówką
L	301	Przemysław do domu wstąpił zatem żeby spryskać się Przemysławką.
M	301	BRAK_PRZECINKA_ZEBY	2	27	37	Other	Przed tym spójnikiem stawiamy przecinek: <suggestion>zatem, żeby</suggestion>.	zatem, żeby
M	301	MORFOLOGIK_RULE_PL_PL		51	63	Other	Wykryto prawdopodobny błąd pisowni	Przemysława|Przemysłówka|Przemysławą|Przemysłówką
L	302	Przemysław poszedł do domu, tylko żeby spryskać się Przemysławką.
M	302	MORFOLOGIK_RULE_PL_PL		52	64	Other	Wykryto prawdopodobny błąd pisowni	Przemysława|Przemysłówka|Przemysławą|Przemysłówką
L	303	Przemysław poszedł do domu tylko żeby spryskać się Przemysławką.
M	303	BRAK_PRZECINKA_ZEBY	3	22	37	Other	Przecinek stawiamy przed całym spójnikiem złożonym: <suggestion>domu, tylko żeby</suggestion>.	domu, tylko żeby
M	303	MORFOLOGIK_RULE_PL_PL		51	63	Other	Wykryto prawdopodobny błąd pisowni	Przemysława|Przemysłówka|Przemysławą|Przemysłówką
L	304	Chyba że żartujesz.
L	305	Przemysław wstąpił do domu, by spryskać się Przemysławką.
M	305	MORFOLOGIK_RULE_PL_PL		44	56	Other	Wykryto prawdopodobny błąd pisowni	Przemysława|Przemysłówka|Przemysławą|Przemysłówką
L	306	Przemysław wstąpił do domu by spryskać się Przemysławką.
M	306	BRAK_PRZECINKA_ZEBY	4	22	29	Other	Przed tym spójnikiem prawdopodobnie należy postawić przecinek: <suggestion>domu, by</suggestion>.	domu, by
M	306	MORFOLOGIK_RULE_PL_PL		43	55	Other	Wykryto prawdopodobny błąd pisowni	Przemysława|Przemysłówka|Przemysławą|Przemysłówką
L	307	Gdzie by tego znów wysłać?
L	308	Lecz poza wyjątkami trudno by wymienić większą liczbę nazwisk.
M	308	BOWIEM_ZAS	1	0	4	Hint	Ten wyraz nie powinien występować na początku zdania.	
L	309	— A wiem, wiem — odezwie się ksiądz — temu by tylko trzeba dać porządną dozę rumbarbarum.
M	309	MORFOLOGIK_RULE_PL_PL		77	88	Other	Wykryto prawdopodobny błąd pisowni	
L	310	A jak jesień będzie ciepła, to i budować jeszcze by można zacząć.
L	311	Od godziny już by tu być powinny.
M	311	BRAK_PRZECINKA_ZEBY	7	15	32	Other	W tym fragmencie zdania prawdopodobnie brakuje przecinka.	
L	312	O wojnach mowy by nawet być nie mogło…
M	312	BRAK_PRZECINKA_ZEBY	7	15	37	Other	W tym fragmencie zdania prawdopodobnie brakuje przecinka.	
L	313	Cały tydzień zastanawiali się, kogo by z nią zaprosić.
L	314	Nie wiem, do czego by ją przyrównać, chyba do bogini.
L	315	Pieniędzy ledwo mu starczyło by kupić chleb i mleko.
M	315	CZASOWNIK_BY	1	19	31	Other	Cząstki „-bym”, „-byś”, „-by”, „-byśmy”, „-byście” piszemy łącznie z czasownikami w formach osobowych. Poprawnie: <suggestion>starczyłoby</suggestion>.	starczyłoby
L	316	Powiadam wam, iż dla tej właśnie przyczyny powinni byście wierzyć.
L	317	I mnie się zdaje, że należało by strzec się każdego i wszystkiego.
M	317	CZASOWNIK_BY	1	21	32	Other	Cząstki „-bym”, „-byś”, „-by”, „-byśmy”, „-byście” piszemy łącznie z czasownikami w formach osobowych. Poprawnie: <suggestion>należałoby</suggestion>.	należałoby
L	318	Przemysław wstąpił do domu, tak by spryskać się Przemysławką.
M	318	MORFOLOGIK_RULE_PL_PL		48	60	Other	Wykryto prawdopodobny błąd pisowni	Przemysława|Przemysłówka|Przemysławą|Przemysłówką
L	319	Przemysław wstąpił do domu tak by spryskać się Przemysławką.
M	319	BRAK_PRZECINKA_ZEBY	5	22	33	Other	Przed tym spójnikiem prawdopodobnie należy postawić przecinek: <suggestion>domu, tak by</suggestion>.	domu, tak by
M	319	MORFOLOGIK_RULE_PL_PL		47	59	Other	Wykryto prawdopodobny błąd pisowni	Przemysława|Przemysłówka|Przemysławą|Przemysłówką
L	320	Nawet byś nie uwierzył, gdybyśmy ci wszystkie te bzdury powtórzyć mieli.
L	321	Aby spryskać się Przemysławką, Przemysław wstąpił do domu.
M	321	MORFOLOGIK_RULE_PL_PL		17	29	Other	Wykryto prawdopodobny błąd pisowni	Przemysława|Przemysłówka|Przemysławą|Przemysłówką
L	322	Aby spryskać się Przemysławką Przemysław wstąpił do domu.
M	322	BRAK_PRZECINKA_ZEBY	6	0	48	Other	W tym fragmencie zdania prawdopodobnie brakuje przecinka.	
L	323	— Nie sądzę, żeby to także dla mnie być miało — przerwał Sancho.
M	323	BRAK_PRZECINKA_ZEBY	7	13	45	Other	W tym fragmencie zdania prawdopodobnie brakuje przecinka.	
L	324	Trochę nie dojeść, trochę nie dopić, ale ażeby zostać dobrym wojownikiem wszystko to znieść trzeba.
M	324	BRAK_PRZECINKA_ZEBY	6	41	91	Other	W tym fragmencie zdania prawdopodobnie brakuje przecinka.	
L	325	Wolno narazić dwóch przyjaciół na to, aby się znienawidzili i być może pozabijali.
L	326	Czy to ziemia jest rajem, żeby od niej wszystkiego dobrego razem wymagać było można!
L	327	Ani mu przez myśl nie przeszło, by próbować się bronić.
L	328	— Nie mówię ja — rzekł Don Kichot — żeby powinnością rycerza miało być samą tylko grubą strawą się żywić.
L	329	Właśnie historycy (powieściopisarze) powinni by się nauczyć nie zaniedbywać niczego i szczegółowiej pisać.
L	330	Nie dostrzegłem nic takiego, od czego by się prędzej można rozkochać niż przestraszyć.
L	331	Miał tylko żonę, na którą pracował, aby mogła corocznie jeździć do Franzensbadu leczyć się.
M	331	MORFOLOGIK_RULE_PL_PL		67	79	Other	Wykryto prawdopodobny błąd pisowni	
M	331	SIE_SENT_END	1	87	90	Hint	Zaimek „się” nie powinien znajdować się na końcu zdania.	
L	332	Teraz chodziło jej tylko o to, by jak najprędzej dać słoniowi jeść.
L	333	Już twoją będzie rzeczą, by wolała nazajutrz zostać niż wrócić.
L	334	Rozważał w duszy, co by mu czynić należało.
L	335	Nie sądzę wszakże, ażeby nią gardzić należało.
L	336	Aby uniknąć powstawania amin wyższego rzędu należy użyć nadmiaru amoniaku.
M	336	BRAK_PRZECINKA_ZEBY	6	0	50	Other	W tym fragmencie zdania prawdopodobnie brakuje przecinka.	
L	337	Nic nie jest skrytego, co by nie miało być objawione.
L	338	Co zrobić, aby być w stanie śpiewać?
L	339	Żeby zrozumieć percepcję musimy więc zrozumieć intencjonalność.
M	339	BRAK_PRZECINKA_ZEBY	7	0	31	Other	W tym fragmencie zdania prawdopodobnie brakuje przecinka.	
L	340	By się obronić — musiałem skłamać.
L	341	Nie mógł znaleźć nawet śladu drogi, po której by się iść chciało.
L	342	Po co tu stoi i moknie, zamiast szukać schronienia pod dachem.
L	343	Po co tu stoi i moknie zamiast szukać schronienia pod dachem.
M	343	BRAK_PRZECINKA_ZAMIAST	1	16	30	Other	Prawdopodobnie brak przecinka. Powinno być: <suggestion>moknie, zamiast</suggestion>.	moknie, zamiast
L	344	Zamiast wytrwać przy nauce do końca, niespełna w rok rzucił szkołę.
L	345	Zamiast wytrwać przy nauce do końca niespełna w rok rzucił szkołę.
M	345	BRAK_PRZECINKA_ZAMIAST	2	0	58	Other	Prawdopodobnie brak przecinka w tym fragmencie zdania.	
L	346	Przenosiny kiedy?
L	347	W sumie rzadko kiedy tam bywam.
L	348	Przemysław wstąpił do domu, kiedy poczuł brak Przemysławki.
M	348	MORFOLOGIK_RULE_PL_PL		46	58	Other	Wykryto prawdopodobny błąd pisowni	Przemysłówki|Przemysław ki
L	349	Przemysław wstąpił do domu kiedy poczuł brak Przemysławki.
M	349	BRAK_PRZECINKA_GDY	1	22	32	Other	Przed tym spójnikiem stawiamy przecinek: <suggestion>domu, kiedy</suggestion>.	domu, kiedy
M	349	MORFOLOGIK_RULE_PL_PL		45	57	Other	Wykryto prawdopodobny błąd pisowni	Przemysłówki|Przemysław ki
L	350	Możesz to zrobić kiedy bądź.
L	351	Któż widział kiedy podobne przepychy?
L	352	Do kiedy muszę złożyć dokumenty?
L	353	Przemysław wstąpił do domu, gdy poczuł brak Przemysławki.
M	353	MORFOLOGIK_RULE_PL_PL		44	56	Other	Wykryto prawdopodobny błąd pisowni	Przemysłówki|Przemysław ki
L	354	Kupuj zapałki, przynajmniej gdy chcesz zapalać ogniska.
L	355	Czemuż nie umarłam, mając szesnaście lat, wówczas gdy chciałam się zabić!
L	356	Przemysław wstąpił do domu gdy poczuł brak Przemysławki.
M	356	BRAK_PRZECINKA_GDY	2	22	30	Other	Przed tym spójnikiem stawiamy przecinek: <suggestion>domu, gdy</suggestion>.	domu, gdy
M	356	MORFOLOGIK_RULE_PL_PL		43	55	Other	Wykryto prawdopodobny błąd pisowni	Przemysłówki|Przemysław ki
L	357	Co znajdujemy gdy „spoglądamy” wewnątrz?
M	357	BRAK_PRZECINKA_GDY	2	3	17	Other	Przed tym spójnikiem stawiamy przecinek: <suggestion>znajdujemy, gdy</suggestion>.	znajdujemy, gdy
L	358	Jednak dopiero gdy wrócił do domu, poczuł głęboką ulgę.
L	359	Przemysław wstąpił do domu, dopiero gdy poczuł brak Przemysławki.
M	359	MORFOLOGIK_RULE_PL_PL		52	64	Other	Wykryto prawdopodobny błąd pisowni	Przemysłówki|Przemysław ki
L	360	Przemysław wstąpił do domu dopiero gdy poczuł brak Przemysławki.
M	360	BRAK_PRZECINKA_GDY	3	22	38	Other	Przecinek stawiamy przed całym spójnikiem złożonym: <suggestion>domu, dopiero gdy</suggestion>.	domu, dopiero gdy
M	360	MORFOLOGIK_RULE_PL_PL		51	63	Other	Wykryto prawdopodobny błąd pisowni	Przemysłówki|Przemysław ki
L	361	Właśnie gdy to mówiłem, Przemysław gadał w telewizorze.
L	362	Dorota w miarę jak rosła jej temperatura, czuła się coraz gorzej.
M	362	BRAK_PRZECINKA_JAK	1	0	8	Other	Brak przecinka przed spójnikiem złożonym: <suggestion>Dorota, w</suggestion>	Dorota, w
L	363	Chciałabym wyglądać w miarę jak najlepiej.
L	364	Słowa przechodzą mu przez gardło z trudem, choć w miarę jak nasza rozmowa postępuje, powoli się rozkręca.
L	365	Przemysław wstąpił do domu dopiero jak poczuł brak Przemysławki.
M	365	BRAK_PRZECINKA_JAK	2	22	38	Other	Przecinek stawiamy przed całym spójnikiem złożonym: <suggestion>domu, dopiero jak</suggestion>.	domu, dopiero jak
M	365	MORFOLOGIK_RULE_PL_PL		51	63	Other	Wykryto prawdopodobny błąd pisowni	Przemysłówki|Przemysław ki
L	366	Właśnie jak to mówiłem, Przemysław gadał w telewizorze.
L	367	Takich właśnie jak Paweł i Gaweł
L	368	Lubię cię, ale musisz mi oddać pieniądze.
L	369	Lubię cię lecz musisz mi oddać pieniądze.
M	369	BRAK_PRZECINKA_SPOJNIK_PROSTY	1	6	14	Other	Przed tym spójnikiem stawiamy przecinek: <suggestion>cię, lecz</suggestion>.	cię, lecz
L	370	No ale zapytałeś o „dać dyla”.
L	371	Lubię cię ale musisz mi oddać pieniądze.
M	371	BRAK_PRZECINKA_SPOJNIK_PROSTY	1	6	13	Other	Przed tym spójnikiem stawiamy przecinek: <suggestion>cię, ale</suggestion>.	cię, ale
L	372	Warzą tutaj piwo typu ale.
L	373	Będę czekał tu dopóty, dopóki mnie nie przyjmiesz.
L	374	Dopóki nie chadzał na piwo dopóty nie zapijał się na umór.
M	374	BRAK_PRZECINKA_SPOJNIK_PROSTY	2	22	33	Other	Przed tym spójnikiem stawiamy przecinek: <suggestion>piwo, dopóty</suggestion>.	piwo, dopóty
L	375	Nie odezwę się do ciebie, póki nie oddasz mi forsy.
L	376	Nie odezwę się do ciebie póki nie oddasz mi forsy.
M	376	BRAK_PRZECINKA_SPOJNIK_PROSTY	3	18	29	Other	Przed tym spójnikiem stawiamy przecinek: <suggestion>ciebie, póki</suggestion>.	ciebie, póki
L	377	A pewnie, lata lecą, używać póki czas.
L	378	Nie zrobię tego, do póki nie zapłacisz całej sumy.
M	378	DO_POKI	1	17	24	Other	Wyraz <suggestion>dopóki</suggestion> piszemy łącznie. I przez „ó”.	dopóki
L	379	Nie zrobię tego, przynajmniej dopóki nie zapłacisz całej sumy.
L	380	Precz, łotrze, nie zbliżaj się do mnie póki życia.
L	381	(a) Dopóki żyję, szyję.
L	382	Nikt nie pytał premiera, dlaczego zwariował.
L	383	Nie wiedział nawet dlaczego.
L	384	Nikt nie pytał premiera dlaczego zwariował.
M	384	BRAK_PRZECINKA_SPOJNIK_PROSTY	4	15	32	Other	Przed tym spójnikiem stawiamy przecinek: <suggestion>premiera, dlaczego</suggestion>.	premiera, dlaczego
L	385	A niby dlaczego miałbym pominąć?
L	386	Możesz sobie mówić, że jesteś normalny, tylko dlaczego chcesz rządzić krajem?
L	387	I oto dlaczego nie podejmę tu dowodzenia.
L	388	Jeżeli zaś nie — to dlaczego mówi się o tym w tak alarmistycznym tonie.
L	389	(b) Dlaczego ciemnota stoi na drodze postępu?
L	390	Nigdy prawie ta praktyczność nie powstaje dlaczego innego.
M	390	DLA_CZEGO	2	42	57	Other	Czy chodziło o <suggestion>dla czego innego</suggestion> (jeśli mowa o „czymś innym”)?	dla czego innego
L	391	Takie dziecko może zrozumieć, że druga osoba chce jeść albo zamierza otworzyć drzwi (choć niekoniecznie wie dlaczego).
L	392	Kupił sobie książkę, ponieważ chciał czymś podtrzymać szafę.
L	393	Kupił sobie książkę ponieważ chciał czymś podtrzymać szafę.
M	393	BRAK_PRZECINKA_SPOJNIK_PROSTY	5	12	28	Other	Przed tym spójnikiem stawiamy przecinek: <suggestion>książkę, ponieważ</suggestion>.	książkę, ponieważ
L	394	Był głupi, a ponieważ chciał czymś podtrzymać szafę, kupił książkę.
L	395	Kupił sobie książkę, jeszcze zanim nauczył się czytać.
L	396	Kupił sobie książkę zanim nauczył się czytać.
M	396	BRAK_PRZECINKA_SPOJNIK_PROSTY	6	12	25	Other	Przed tym spójnikiem stawiamy przecinek: <suggestion>książkę, zanim</suggestion>.	książkę, zanim
L	397	Był głupi, ale zanim się zorientował, kupił książkę.
L	398	Był głupi (ale zanim się zorientował, kupił książkę).
L	399	Lubię cię, choć musisz mi oddać pieniądze.
L	400	Lubię cię chociaż musisz mi oddać pieniądze.
M	400	BRAK_PRZECINKA_SPOJNIK_PROSTY	7	6	17	Other	Przed tym spójnikiem zwykle stawiamy przecinek: <suggestion>cię, chociaż</suggestion> (chyba że ten wyraz jest użyty jako synonim „bodaj”, „przynajmniej”).	cię, chociaż
L	401	No chociaż zapytałeś o „dać dyla”.
L	402	Odezwij się choć raz!
L	403	No to czego, do diabła, chcesz?
L	404	Ten, kto sieje wiatr, zbiera burzę.
L	405	To co, woli pan jechać związany?
L	406	No, a jak powiem jej imię i nazwisko, to co będzie?
L	407	No to co?...
L	408	To co innego.
L	409	To co mam zrobić?
L	410	Gdyby mi to kto inny mówił, to bym tę historię policzył do bajek.
L	411	No to co?
L	412	Ten kto sieje wiatr, zbiera burzę.
M	412	BRAK_PRZECINKA_TEN_CO	1	0	7	Other	Prawdopodobny brak przecinka. Powinno być: <suggestion>Ten, kto</suggestion>.	Ten, kto
L	413	Jednak ulica ta co najmniej od 2003 roku jest przejezdna.
L	414	Kupcy pojechali w dalszą drogę, mając o czym na długi czas gadać sobie dla zabawki.
L	415	Rozwiązanie to co do zasady nie jest przez rząd kwestionowane.
L	416	To coś, czego nie rozumie.
L	417	To coś czego nie rozumie.
M	417	BRAK_PRZECINKA_TEN_CO	2	3	12	Other	Prawdopodobny brak przecinka. Powinno być: <suggestion>coś, czego</suggestion>.	coś, czego
L	418	Ale dajcie mi przede wszystkim co zjeść.
M	418	BOWIEM_ZAS	1	0	3	Hint	Ten wyraz nie powinien występować na początku zdania.	
M	418	BRAK_PRZECINKA_TEN_CO	4	21	33	Other	Prawdopodobny brak przecinka. Powinno być: <suggestion>wszystkim, co</suggestion>.	wszystkim, co
L	419	Chłop opowiadał wszystko co do joty.
L	420	To ktoś, kto nie potrafi pływać.
L	421	To ktoś kto nie potrafi pływać.
M	421	BRAK_PRZECINKA_TEN_CO	3	3	11	Other	Prawdopodobny brak przecinka. Powinno być: <suggestion>ktoś, kto</suggestion>.	ktoś, kto
L	422	Treść nadąża za wszystkim co istotnego wydarzyło się w ciągu tych miesięcy.
M	422	BRAK_PRZECINKA_TEN_CO	2	16	28	Other	Prawdopodobny brak przecinka. Powinno być: <suggestion>wszystkim, co</suggestion>.	wszystkim, co
L	423	Wszyscy co miesiąc muszą płacić.
L	424	Podpisywaliśmy ze wszystkimi co najmniej roczne kontrakty.
L	425	Mówią dzisiejszymi zwrotami, jeśli wszystko co ich otacza, określi się nazwami, które dziś...
M	425	BRAK_PRZECINKA_TEN_CO	2	35	46	Other	Prawdopodobny brak przecinka. Powinno być: <suggestion>wszystko, co</suggestion>.	wszystko, co
L	426	To tyle, co nic.
L	427	To tyle co nic.
M	427	BRAK_PRZECINKA_TEN_CO	5	3	10	Other	Brak przecinka. Powinno być: <suggestion>tyle, co</suggestion>.	tyle, co
L	428	Nie wiadomo, w związku z czym zabrał głos.
L	429	Łaciny używano na co dzień.
L	430	A wyda na co?...
L	431	Problem tkwi w czym innym.
L	432	Naprawdę nie masz za co dziękować.
L	433	Oto do czego doprowadziły rządy ludzi niespełna rozumu.
M	433	BRAK_PRZECINKA_TEN_CO	6	0	12	Other	Prawdopodobnie brak przecinka. Powinno być: <suggestion>Oto, do czego</suggestion>.	Oto, do czego
L	434	Spotykamy się w co drugi piątek.
L	435	Ograniczyli ich użycie do minimum, np. pomagając sobie przy co trudniejszych animacjach.
L	436	Nie ma o czym mówić.
L	437	Nie miałem na czym go zapisać.
L	438	Nie ma się z czego śmiać.
L	439	Sprzedał spory szmat ziemi, byle mieć za co tych ksiąg nakupić.
L	440	Zresztą do Jastrzębic nie ma już po co wracać...
L	441	— Dla bardzo prostej przyczyny: nie mam tu z czego żyć.
L	442	Brali się do czego innego.
L	443	Było z czego pękać od śmiechu.
L	444	Wyły teraz ze strachu, wdrapując się na co najwyższe miejsca ruin.
L	445	A miał o czym marzyć dzisiaj mały Tumai.
M	445	MORFOLOGIK_RULE_PL_PL		34	39	Other	Wykryto prawdopodobny błąd pisowni	Tutaj|Tymi|Tuman|Tyma|Dymaj|Tumani|Tykaj|Tupaj|Dumaj|Tumak|Tułaj|Tyraj|Tłami|Tymami|Tymki|Jumaj|Kumaj|Tugaj|Tumaki|Tumami|Tumań|Tupai|Tymal|Tymali|Umai|Umaj|Wymai|Wymaj|T umai|Tu mai
L	446	Tak (kupować tymczasem nie chce — no i nie ma za co); w innym jeszcze, żeby postraszyć żydowskie...
L	447	Oto za co go skazano.
M	447	BRAK_PRZECINKA_TEN_CO	6	0	9	Other	Prawdopodobnie brak przecinka. Powinno być: <suggestion>Oto, za co</suggestion>.	Oto, za co
L	448	Naprawdę nie masz za co dziękować.
L	449	Słuchacze myślą o czym innym.
L	450	Chodziło o co innego: o rozwinięcie kontaktów.
L	451	Jest o czym pisać.
L	452	W przeciwnym bowiem razie ciąg moglibyśmy przedłużyć o co najmniej jeszcze jeden trójkąt.
L	453	Pytanie jak!
L	454	Dlatego też odpowiedź filozoficzna na pytanie co jest nam dane w akcie percepcyjnym
M	454	PYTANIE_CO	1	38	48	Other	Prawdopodobnie brak przecinka. Powinno być: <suggestion>pytanie, co</suggestion>	pytanie, co
L	455	Wczoraj zadałem Swannowi parę pytań co do Bergotte'a.
M	455	MORFOLOGIK_RULE_PL_PL		42	50	Other	Wykryto prawdopodobny błąd pisowni	
L	456	Pytanie jak!
L	457	Zależy od tego czy faktycznie dzisiaj przed południem znajduję się w Krakowie.
M	457	PYTANIE_CO	2	10	18	Other	Prawdopodobnie brak przecinka. Powinno być: <suggestion>tego, czy</suggestion>	tego, czy
L	458	Jest ono prawdziwe bez względu na to gdzie, kiedy i przez kogo zostało wypowiedziane.
M	458	PYTANIE_CO	2	34	42	Other	Prawdopodobnie brak przecinka. Powinno być: <suggestion>to, gdzie</suggestion>	to, gdzie
L	459	Bez względu na to czy i jakie posiadam na ten temat przekonania.
M	459	PYTANIE_CO	2	15	21	Other	Prawdopodobnie brak przecinka. Powinno być: <suggestion>to, czy</suggestion>	to, czy
L	460	Było tego co niemiara.
L	461	Zrób to jak najszybciej.
L	462	Tworzą mimo to jak gdyby rodzinę.
L	463	Nie wiem co robić.
M	463	WIEDZIEC_CO	1	4	11	Other	Prawdopodobnie brak przecinka. Powinno być: <suggestion>wiem, co</suggestion>.	wiem, co
L	464	Spytam jak to zrobić.
M	464	WIEDZIEC_CO	1	0	10	Other	Prawdopodobnie brak przecinka. Powinno być: <suggestion>Spytam, jak</suggestion>.	Spytam, jak
L	465	Tam gdzie nie ma dróg, jadę sam.
M	465	BRAK_PRZECINKA_PRZED_GDZIE	1	0	9	Other	Prawdopodobnie brak przecinka: <suggestion>Tam, gdzie</suggestion>.	Tam, gdzie
L	466	Świadek to ktoś, czyjego życia i myśli nie da się rozdzielić.
L	467	Świadek to ktoś czyjego życia i myśli nie da się rozdzielić.
M	467	KTOS_CZYJ	1	11	23	Other	Prawdopodobnie brak przecinka. Powinno być: <suggestion>ktoś, czyjego</suggestion>.	ktoś, czyjego
L	468	To ten, czyjego życia i myśli nie da się rozdzielić.
L	469	Oto ten czyjego życia i myśli nie da się rozdzielić.
M	469	KTOS_CZYJ	2	4	15	Other	Prawdopodobnie brak przecinka. Powinno być: <suggestion>ten, czyjego</suggestion>.	ten, czyjego
L	470	Nie wiedziałem już naprawdę, o którego w ogóle mu chodziło.
L	471	Nie wiedziałem już naprawdę o którego w ogóle mu chodziło.
M	471	BRAK_PRZECINKA_KTORY	1	15	37	Other	Brak przecinka w tym fragmencie zdania. Przecinek prawdopodobnie należy postawić tak: <suggestion>już naprawdę, o którego</suggestion> lub <suggestion>już, naprawdę o którego</suggestion> (w zależności od intonacji zdania i kontekstu).	już naprawdę, o którego|już, naprawdę o którego
L	472	A wy to nie poślecie z wódką do której?
L	473	Nie wiedziałem, do którego rozporządzenia zgłosił on uwagę.
L	474	Istnieją dwa powody, z uwagi na które może on tak myśleć.
L	475	Nie wiedziałem do którego rozporządzenia zgłosił on uwagę.
M	475	BRAK_PRZECINKA_KTORY	2	4	25	Other	Brak przecinka w tym fragmencie zdania. Przecinek prawdopodobnie należy postawić tak: <suggestion>wiedziałem, do którego</suggestion>.	wiedziałem, do którego
L	476	Gdzie tam, w lada jakiej sprawie musi jeszcze nieborak dawać.
L	477	To Marek, którego Jurek nienawidzi.
L	478	Mało który spełnia warunki formalne.
L	479	To młotek, za pomocą którego Przemysław zamęczał kotka.
L	480	To węgiel kamienny którego Jurek nienawidzi.
M	480	BRAK_PRZECINKA_KTORY	3	10	26	Other	Brak przecinka w tym fragmencie zdania. Przecinek prawdopodobnie należy postawić tak: <suggestion>kamienny, którego</suggestion>.	kamienny, którego
L	481	Czy w Łabajówce mieszkają jakie strachy?
M	481	MORFOLOGIK_RULE_PL_PL		6	15	Other	Wykryto prawdopodobny błąd pisowni	Łapajówce|Łabajowie|Łabajów ce
L	482	A wy może byście byli jeszcze znaleźli jaki środek uleczenia go.
L	483	Przemówienia przerywano religijną muzyką i tańcem, w czasie wykonywania których tron zasypywano wieńcami i bukietami.
L	484	„Oni tam także nie śpią, zda się; może zaniemógł który”.
L	485	Wszystko razem mogło sięgać jakich trzydziestu tysięcy dusz.
L	486	Wchodzę niekiedy do biblioteki i biorę jaką książkę; najczęściej jest to książka historyczna.
L	487	Jeżeli chciałem złapać którego ptaka, śmiało się do mnie obracał i dziobem groził.
L	488	...witriolu preparował jakiś gaz (już nawet nie pamiętam jaki) i napełniał nim balon nieduży wprawdzie…
M	488	ZNAK_INTERPUNKCYJNY_NA_POCZATKU_ZDANIA	1	0	2	Other	Znaków interpunkcyjnych nie stawia się na początku zdania.	
L	489	— Poślij którego z młodszych oficerów do Dagona.
L	490	A wartość jego połowę przynajmniej jakiego królestwa wynosi.
L	491	Nie jest ważne która drużyna wygrywa mecz.
M	491	BRAK_PRZECINKA_KTORY	3	9	20	Other	Brak przecinka w tym fragmencie zdania. Przecinek prawdopodobnie należy postawić tak: <suggestion>ważne, która</suggestion>.	ważne, która
L	492	1 Jakie mam prawo mówić o opiniach i życzeniach tych nie do końca jeszcze świadomych przodków?
L	493	Wybierz który chcesz.
M	493	BRAK_PRZECINKA_KTORY	3	0	13	Other	Brak przecinka w tym fragmencie zdania. Przecinek prawdopodobnie należy postawić tak: <suggestion>Wybierz, który</suggestion>.	Wybierz, który
L	494	Łatwo jest sobie wyobrazić jakie to musiało dla nich być – choć z różnicami zapożyczonymi z naszego własnego doświadczenia.
M	494	BRAK_PRZECINKA_KTORY	3	17	32	Other	Brak przecinka w tym fragmencie zdania. Przecinek prawdopodobnie należy postawić tak: <suggestion>wyobrazić, jakie</suggestion>.	wyobrazić, jakie
L	495	Aby w zadowalający sposób zbadać jaka relacja łączy wnioskowania z percepcją, należy zanalizować pojęcie percepcji.
M	495	BRAK_PRZECINKA_KTORY	3	26	37	Other	Brak przecinka w tym fragmencie zdania. Przecinek prawdopodobnie należy postawić tak: <suggestion>zbadać, jaka</suggestion>.	zbadać, jaka
L	496	O jakie wydarzenia bieżące pytają na egzaminie do służby cywilnej?
L	497	To Marek, którego Jurek nienawidzi.
L	498	Mało który spełnia warunki formalne.
L	499	To młotek, za pomocą którego Przemysław zamęczał kotka.
L	500	To Marek którego Jurek nienawidzi.
M	500	BRAK_PRZECINKA_KTORY	4	3	16	Other	Brak przecinka w tym fragmencie zdania. Przecinek prawdopodobnie należy postawić tak: <suggestion>Marek, którego</suggestion>.	Marek, którego
L	501	Wiecznie bukiety wiążą, a co który zwiąże, to miotła.
L	502	Jest to jedno z podstawowych założeń jakie mamy o umysłach – lub o świadomości.
M	502	BRAK_PRZECINKA_KTORY	4	29	42	Other	Brak przecinka w tym fragmencie zdania. Przecinek prawdopodobnie należy postawić tak: <suggestion>założeń, jakie</suggestion>.	założeń, jakie
L	503	Jest to niewielki elektromagnes, uzwojenie którego łączymy ze źródłem prądu.
M	503	BRAK_PRZECINKA_KTORY	9	33	50	Other	Prawdopodobnie błędny szyk zdania. Powinno być: <suggestion>którego uzwojenie</suggestion>.	którego uzwojenie
L	504	To Marek, którego Jurek nienawidzi.
L	505	Mało który spełnia warunki formalne.
L	506	To młotek, za pomocą którego Przemysław zamęczał kotka.
L	507	To coś na gruzach którego Jurek zbuduje imperium.
M	507	BRAK_PRZECINKA_KTORY	5	3	25	Other	Brak przecinka i błędny szyk w tym fragmencie zdania. Przecinek prawdopodobnie należy postawić tak: <suggestion>coś, na którego gruzach</suggestion>.	coś, na którego gruzach
L	508	Po upływie jakiej pół godziny dojechaliśmy do miejsca, w którym się szczelina kończyła.
M	508	BRAK_PRZECINKA_KTORY	8	3	17	Other	Brak przecinka w tym fragmencie zdania. Przecinek prawdopodobnie należy postawić tak: <suggestion>upływie, jakiej</suggestion>.	upływie, jakiej
L	509	To Marek, którego Jurek nienawidzi.
L	510	Mało który spełnia warunki formalne.
L	511	To młotek, za pomocą którego Przemysław zamęczał kotka.
L	512	Poinformowaliśmy także o zamieszaniu jakie powstało
M	512	BRAK_PRZECINKA_KTORY	6	25	42	Other	Brak przecinka w tym fragmencie zdania. Przecinek prawdopodobnie należy postawić tak: <suggestion>zamieszaniu, jakie</suggestion>.	zamieszaniu, jakie
L	513	Uparł się jak muł jaki.
L	514	Abym jak bałwan jaki czytał z tobą romanse...
L	515	Oczy jej patrzyły w świat jakby spoza mgły jakiej, usta miała pobladłe i drżące.
L	516	Było to w trakcie pory dżdżystej, która już się rozpoczęła i w czasie której febra jest pewna.
M	516	ZDANIE_PODRZEDNE_Z_KTORY_LUB_JAKI	1	70	76	Other	W zdaniu nadrzędnym nie ma rzeczownika ani zaimka pasującego rodzajem i liczbą do tego wyrazu: której.	
L	517	I w ogóle jakim prawem go się czepia?!…
L	518	Istnieją dwa powody, z uwagi na które może on tak myśleć.
L	519	Istnieją dwa powody z uwagi na które może on tak myśleć.
M	519	BRAK_PRZECINKA_KTORY	7	13	21	Other	Brak przecinka w tym fragmencie zdania. Przecinek prawdopodobnie należy postawić tak: <suggestion>powody, z</suggestion>.	powody, z
L	520	To Marek, którego Jurek nienawidzi.
L	521	Mało który spełnia warunki formalne.
L	522	To młotek, za pomocą którego Przemysław zamęczał kotka.
L	523	Poinformowaliśmy o zamieszaniu jakie powstało.
M	523	BRAK_PRZECINKA_KTORY	8	19	36	Other	Brak przecinka w tym fragmencie zdania. Przecinek prawdopodobnie należy postawić tak: <suggestion>zamieszaniu, jakie</suggestion>.	zamieszaniu, jakie
L	524	A słowa do tego jakie?
L	525	Jak Wernyhora jaki będę gadał jeszcze długo dość.
L	526	Jest to niewielki elektromagnes, którego uzwojenie łączymy ze źródłem prądu.
L	527	Jest to niewielki elektromagnes, uzwojenie którego łączymy ze źródłem prądu.
M	527	BRAK_PRZECINKA_KTORY	9	33	50	Other	Prawdopodobnie błędny szyk zdania. Powinno być: <suggestion>którego uzwojenie</suggestion>.	którego uzwojenie
L	528	Pokład był zatłoczony ludźmi, śród których znajdowali się również Marcin i Agnieszka.
L	529	Kuchnia to pomieszczenie w którym, przygotowujemy i spożywamy posiłki.
M	529	PREP_KTORY_COMMA	1	25	34	Other	Prawdopodobnie błąd interpunkcyjny. Powinno być: <suggestion>w którym</suggestion>.	w którym
L	530	Kuchnia to pomieszczenie, w którym przygotowujemy i spożywamy posiłki.
L	531	Kto wie, czy nie było to następstwo wieloletniej i bolesnej choroby nóg, na którą, zgodnie z relacją Galla Anonima, cierpiał władca.
L	532	O ile chociażby red. Agnieszka Kublik z „Gazety Wyborczej” w nudno-przewidywalny i typowy dla siebie sposób skrytykowała SLD i Włodzimierza Czarzastego o tyle komentarze przedstawicieli Partii Razem każą się nam zastanowić nad fenomenem antykomunizmu tej deklaratywnie postępowej formacji.
M	532	BRAK_PRZECINKA_SPOJNIK_PROSTY	7	2	15	Other	Przed tym spójnikiem zwykle stawiamy przecinek: <suggestion>ile, chociażby</suggestion> (chyba że ten wyraz jest użyty jako synonim „bodaj”, „przynajmniej”).	ile, chociażby
M	532	BRAK_PRZECINKA_PRZED_O_TYLE	1	151	158	Other	Prawdopodobnie brak przecinka. Powinno być: <suggestion>, o tyle</suggestion>.	, o tyle
L	533	O ile chociażby red. Agnieszka Kublik z „Gazety Wyborczej” w nudno-przewidywalny i typowy dla siebie sposób skrytykowała SLD i Włodzimierza Czarzastego, o tyle komentarze przedstawicieli Partii Razem każą się nam zastanowić nad fenomenem antykomunizmu tej deklaratywnie postępowej formacji.
M	533	BRAK_PRZECINKA_SPOJNIK_PROSTY	7	2	15	Other	Przed tym spójnikiem zwykle stawiamy przecinek: <suggestion>ile, chociażby</suggestion> (chyba że ten wyraz jest użyty jako synonim „bodaj”, „przynajmniej”).	ile, chociażby
L	534	Innymi słowy, nie ma to sensu.
L	535	Innymi słowy nie ma to sensu.
M	535	INNYMI_SLOWY	1	0	16	Other	Wyrażenie „Innymi słowy” wydziela się przecinkami lub myślnikami od reszty zdania. Poprawnie: <suggestion>Innymi słowy, nie</suggestion>.	Innymi słowy, nie
L	536	Nie ma to, innymi słowy, sensu.
L	537	Nie ma to innymi słowy sensu.
M	537	INNYMI_SLOWY	2	7	28	Other	Wyrażenie „to innymi” wydziela się przecinkami lub myślnikami od reszty zdania. Poprawnie: <suggestion>to, innymi słowy, sensu</suggestion>.	to, innymi słowy, sensu
L	538	Agato czas na Colgate!
M	538	WOLACZ_BEZ_PRZECINKA	1	5	10	Other	Prawdopodobnie brak przecinka po rzeczowniku w wołaczu. Powinno być: <suggestion>, czas</suggestion>.	, czas
L	539	Agato, czas na Colgate!
L	540	Obywatelu kapitanie, czas na Colgate!
L	541	Coście się tak, babuniu, za nos chwyciła?
L	542	Tacie się to nie spodoba.
L	543	Anno Domini MCMXXI, 1922
L	544	Dajno mi ją, braciszku.
L	545	Matko Boska… święty Janie, patronie… u złodzieja służę!
L	546	Władco dżungli, powiedz mi teraz: kto jest władcą dżungli?
L	547	Panno Kaźmiro!
M	547	MORFOLOGIK_RULE_PL_PL		6	13	Other	Wykryto prawdopodobny błąd pisowni	Kazimiro|Kaźmirz|Kaźmirów|Kaź miro
L	548	Józefa Nowakowa, primo voto Kowalska.
L	549	A ich przeliczniki, no cóż czasem pozostawiają wiele do życzenia.
M	549	INTERJ_PRZECINEK	1	20	33	Other	Prawdopodobnie brak przecinka. Powinno być: <suggestion>no cóż, czasem</suggestion>.	no cóż, czasem
L	550	To jest podejrzany typ, podobnie jak inni w tej dzielnicy.
L	551	Lubię zarówno Lecha, jak i Jarosława.
L	552	Lubię zarówno Lecha jak i Jarosława.
M	552	JAK_I	1	14	25	Other	Tu prawdopodobnie brakuje przecinka. Powinno być: <suggestion>Lecha, jak i</suggestion>.	Lecha, jak i
L	553	Kiedy wejdziesz między wrony, musisz krakać jak i one.
L	554	Im większa, tym lepiej.
L	555	Im większa tym lepiej.
M	555	IM_TYM	1	10	14	Other	Brak przecinka: <suggestion>, tym</suggestion>.	, tym
L	556	Im jest ono szersze, tym bogatsze są detale, dokładniej rozróżnialne są pragnienia, a tym gorzej jest, gdy pragnienia zostają udaremnione.
L	557	Im bogatsze miasto tym więcej śmieci wytwarza..
M	557	IM_TYM	2	18	22	Other	Brak przecinka: <suggestion>, tym</suggestion>.	, tym
M	557	DOUBLE_PUNCTUATION	2	45	47	Other	Dwie kropki. Czy chodziło o <suggestion>.</suggestion>?	.
L	558	Tak – jak sądzę – chciałby wujek.
L	559	Widać, żeś równie szlachetny, jak odważny.
L	560	Widać, żeś równie szlachetny jak odważny.
M	560	ROWNIE_JAK	1	28	32	Other	Prawdopodobny brak przecinka w ramach porównania. Powinno być: <suggestion>, jak</suggestion>.	, jak
L	561	To jest kategoria (tak jak przestrzeń i czas), którą tak lubię.
L	562	Tak jak poprzednio, tak i teraz w pełni zamieszkuję pustkę.
L	563	Tak jak poprzednio tak i teraz w pełni zamieszkuję pustkę.
M	563	ROWNIE_JAK	2	18	22	Other	Prawdopodobny brak przecinka. Powinno być: <suggestion>, tak</suggestion>.	, tak
L	564	Kocham go ściśle tak jak siostra; kocham go, że tak powiem, z instynktu.
L	565	Biskupi nosili się długo w stroju stanowi swemu przyzwoitym tak na publicznych miejscach, jako też w domach swoich.
L	566	Biskupi nosili się długo w stroju stanowi swemu przyzwoitym tak na publicznych miejscach jako też w domach swoich.
M	566	PRZECINEK_JAKO_TEZ	1	79	97	Other	Brak przecinka. Powinno być: <suggestion>miejscach, jako też</suggestion>.	miejscach, jako też
L	567	Co gorsza, nie ma to sensu.
L	568	Co więcej nie ma to sensu.
M	568	CO_WIECEJ	1	0	13	Other	Wyrażenie „Co więcej” oddziela się przecinkami lub myślnikami od reszty zdania. Poprawnie: <suggestion>Co więcej, nie</suggestion>.	Co więcej, nie
L	569	Nie ma to, co więcej, sensu.
L	570	Nie ma sensu i – co więcej – jest to oczywiste.
L	571	Nie ma to co więcej sensu.
M	571	CO_WIECEJ	2	7	25	Other	Wyrażenie „co więcej” wydziela się przecinkami lub myślnikami od reszty zdania. Poprawnie: <suggestion>to, co więcej, sensu</suggestion>.	to, co więcej, sensu
L	572	Już tylko mało co więcej nad pół tarczy jej widać.
L	573	Nie ma to, co gorsza, sensu.
L	574	Nie ma to sensu i – co więcej – jest to oczywiste.
L	575	Nie ma to sensu i co więcej jest to oczywiste.
M	575	CO_WIECEJ	3	16	32	Other	Wyrażenie „co więcej” wydziela się w takim kontekście myślnikami od reszty zdania. Poprawnie: <suggestion>i – co więcej – jest</suggestion>.	i – co więcej – jest
L	576	Nawiasem mówiąc, nie ma to sensu.
L	577	Nawiasem mówiąc nie ma to sensu.
M	577	NAWIASEM_MOWIAC	1	0	19	Other	Wyrażenie „Nawiasem mówiąc” wydziela się przecinkami lub myślnikami od reszty zdania. Poprawnie: <suggestion>Nawiasem mówiąc, nie</suggestion>.	Nawiasem mówiąc, nie
L	578	Nie ma to, nawiasem mówiąc, sensu.
L	579	Nie ma to nawiasem mówiąc sensu.
M	579	NAWIASEM_MOWIAC	2	7	31	Other	Wyrażenie „nawiasem mówiąc” wydziela się przecinkami lub myślnikami od reszty zdania. Poprawnie: <suggestion>to, nawiasem mówiąc, sensu</suggestion>.	to, nawiasem mówiąc, sensu
L	580	Była to krótko mówiąc bezprzykładna agresja opcji.
M	580	NAWIASEM_MOWIAC	2	5	35	Other	Wyrażenie „krótko mówiąc” wydziela się przecinkami lub myślnikami od reszty zdania. Poprawnie: <suggestion>to, krótko mówiąc, bezprzykładna</suggestion>.	to, krótko mówiąc, bezprzykładna
L	581	Tak czy inaczej, nie ma to sensu.
L	582	Tak czy siak nie ma to sensu.
M	582	TAK_CZY_OWAK	1	0	16	Other	Wyrażenie „Tak czy siak” wydziela się przecinkami lub myślnikami od reszty zdania. Poprawnie: <suggestion>Tak czy siak, nie</suggestion>.	Tak czy siak, nie
L	583	Nie ma to, tak czy inaczej, sensu.
L	584	Nie ma to tak czy siak sensu.
M	584	TAK_CZY_OWAK	2	7	28	Other	Wyrażenie „tak czy siak” wydziela się przecinkami lub myślnikami od reszty zdania. Poprawnie: <suggestion>to, tak czy siak, sensu</suggestion>.	to, tak czy siak, sensu
L	585	Była to tak czy inaczej bezprzykładna agresja opcji.
M	585	TAK_CZY_OWAK	2	5	37	Other	Wyrażenie „tak czy inaczej” wydziela się przecinkami lub myślnikami od reszty zdania. Poprawnie: <suggestion>to, tak czy inaczej, bezprzykładna</suggestion>.	to, tak czy inaczej, bezprzykładna
L	586	Tak czy inaczej, nie ma to sensu.
L	587	Tak, czy siak, nie ma to sensu.
M	587	TAK_PRZECINEK_CZY_OWAK	1	0	13	Other	Tego wyrażenia nie rozdziela się przecinkami. Poprawnie: <suggestion>Tak czy siak</suggestion>.	Tak czy siak
L	588	— Czy tak, czy owak, z opowieścią biegaj.
L	589	Oto, jak profesor robi naleśniki.
M	589	OTO_CO	1	0	8	Other	Prawdopodobnie zbędny przecinek. Poprawnie: <suggestion>Oto jak</suggestion>.	Oto jak
L	590	Oto jak profesor robi naleśniki.
L	591	Wypisz, wymaluj, sama pani Franciszka, czarnooka, czarnowłosa.
M	591	WYPISZ_WYMALUJ	1	0	15	Other	W tym stałym związku frazeologicznym zwykle nie stawia się przecinka.	Wypisz wymaluj
L	592	Nie mam pojęcia dlaczego.
L	593	Nie mam pojęcia, dlaczego.
M	593	COMMA_DLACZEGO_SENT_END	1	8	25	Other	Prawdopodobnie zbędny przecinek. Poprawnie: <suggestion>pojęcia dlaczego</suggestion>.	pojęcia dlaczego
L	594	Do, czego to prowadzi!
M	594	PRZECINEK_PREP	1	0	3	Other	Prawdopodobnie zbędny przecinek po przyimku: <suggestion>Do</suggestion>.	Do
L	595	Do czego to prowadzi!
L	596	Jeśli nie masz nic przeciwko, to ja też nie.
L	597	Będzin (Bendzin), Grodno, Kalisz, Koło, Lipno…
M	597	MORFOLOGIK_RULE_PL_PL		8	15	Other	Wykryto prawdopodobny błąd pisowni	Będzin|Będzie|Będzina|Będzino|Rędzin|Sędzin|Będzinu|Lędzin|Bend zin
L	598	To chyba pod tym jednym względem, że zaprawdę!
L	599	Naględziwszy się dosyć pro et contra, zakonkludowano...
M	599	MORFOLOGIK_RULE_PL_PL		0	12	Other	Wykryto prawdopodobny błąd pisowni	
L	600	Temu, który mówi: „Nie jestem ani za, ani przeciw” — trzeba odpowiedzieć…
L	601	Ogłaszam wszem wobec, że rzucę premiera na pożarcie smokowi.
L	602	Nie wiem za pomocą, czego to zrobili!
M	602	PRZECINEK_PREP	2	12	25	Other	Prawdopodobnie zbędny przecinek po wyrażeniu przyimkowym: <suggestion>pomocą czego</suggestion>.	pomocą czego
L	603	W rozmowach lekarz-pacjentka i lekarz-rodzice w przypadku, gdy mamy do czynienia z kobietą, należy być uprzejmym.
L	604	On często popija w czasie, kiedy powinien pracować.
L	605	Kiedy dowódcy nie było w pobliżu, wieszali na nim psy.
L	606	Nie kupiłem gruszek ani jabłek.
L	607	Ani prośby, ani groźby, nie przekonają nas, że czarne jest czarne, a białe jest białe.
L	608	„Ani prośby, ani groźby, nie przekonają nas, że czarne jest czarne, a białe jest białe”.
L	609	Nie kupiłem gruszek, ani jabłek.
M	609	PRZECINEK_ANI	1	19	24	Other	Prawdopodobnie zbędny przecinek, powinno być: <suggestion> ani</suggestion>.	 ani
L	610	Nie oddał pieniędzy, ani też nie przeprosił.
L	611	Pamiętał tylko początek wiersza, a potem już ani ani.
M	611	WORD_REPEAT_RULE		45	52	Other	Prawdopodobna literówka: powtórzony wyraz	ani
L	612	Ani Tomek, ani Maria nie znają francuskiego zbyt dobrze.
L	613	Nie kupiłem gruszek ni jabłek.
L	614	Ni to, ni sio.
L	615	Nie kupiłem gruszek, ni jabłek.
M	615	PRZECINEK_ANI	2	19	23	Other	Prawdopodobnie zbędny przecinek, powinno być: <suggestion> ni</suggestion>.	 ni
L	616	— Ano, ni mniej, ni więcej, ino pięć roków i trzy miesiące.
L	617	Kup gruszek albo jabłek.
L	618	Albo pójdziesz stąd, albo dam Ci w ryja.
L	619	Był to żwawy staruszek, albo raczej zaciekły i wredny staruch.
L	620	Kup gruszek, albo jabłek.
M	620	PRZECINEK_ANI	3	11	17	Other	Prawdopodobnie zbędny przecinek, powinno być: <suggestion> albo</suggestion>.	 albo
L	621	- Albo rodzice czegoś potrzebowali, albo Monika wbiegała nagle.
L	622	Kupiłem trochę gruszek i jabłek.
L	623	Ten rząd jest i lewicowy, i liberalny.
L	624	I tak, i siak.
M	624	I_TAK	1	2	6	Other	Prawdopodobnie zbędny przecinek: <suggestion>tak</suggestion>.	tak
L	625	Spadł śnieg, i to obfity.
L	626	Kupiłem trochę gruszek, i jabłek.
M	626	PRZECINEK_ANI	4	22	25	Other	Prawdopodobnie zbędny przecinek, powinno być: <suggestion> i</suggestion>.	 i
L	627	Owszem, i przytomniak.
L	628	— I kwity, i zastawy… — westchnął skarbnik.
L	629	Rycerze (424 p.n.e.), I miejsce w agonie komicznym na Lenajach
L	630	Może kupię kilo gruszek lub jabłek.
L	631	Lubię zjeść trochę gruszek, lub jabłek.
M	631	PRZECINEK_ANI	5	26	31	Other	Prawdopodobnie zbędny przecinek, powinno być: <suggestion> lub</suggestion>.	 lub
L	632	Przemysław jest wierny, lub raczej wierny jak pies.
L	633	Ludwiku, lub robić coś!
L	634	Nie kupiłem gruszek oraz zjadłem jogurt.
L	635	Kupiłem trochę gruszek, oraz zjadłem krowę.
M	635	PRZECINEK_ANI	6	22	28	Other	Prawdopodobnie zbędny przecinek, powinno być: <suggestion> oraz</suggestion>.	 oraz
L	636	Nie kupiłem gruszek bądź zjadłem jogurt.
L	637	Kupiłem trochę gruszek, bądź zjadłem krowę.
M	637	PRZECINEK_ANI	7	22	28	Other	Prawdopodobnie zbędny przecinek, powinno być: <suggestion> bądź</suggestion>.	 bądź
L	638	— Przyjacielu, bądź pozdrowiony!
L	639	Nie wypadało mu mówić głupstw, bądź co bądź reprezentował parlament.
L	640	On myśli, że tak jest ogólnie, lub że mogłoby tak być zawsze.
M	640	PRZECINEK_ANI	8	29	34	Other	Prawdopodobnie zbędny przecinek, powinno być: <suggestion> lub</suggestion>.	 lub
L	641	Spytał, czy się dobrze czuję i czy mam lekarstwa.
L	642	Nie kupiłem gruszek ani jabłek.
L	643	Ani prośby ani groźby, nie przekonają nas, że czarne jest czarne, a białe jest białe.
M	643	BRAK_PRZECINKA_ANI	1	10	14	Other	Prawdopodobnie brakuje przecinka. Powinno być: <suggestion>, ani</suggestion>.	, ani
L	644	Nie kupiłem ani gruszek, ani jabłek.
L	645	Kup gruszek bądź jabłek.
L	646	Dojadę tam bądź rowerem bądź hulajnogą.
M	646	BRAK_PRZECINKA_ANI	2	23	28	Other	Prawdopodobnie brakuje przecinka. Powinno być: <suggestion>, bądź</suggestion>.	, bądź
L	647	Masz bądź co bądź duży majątek.
L	648	I nie zniżę się do zazdrości, która bądź jak bądź jest podłym uczuciem.
L	649	Traktuj człowieka nie jako przedmiot tylko właśnie jako podmiot.
M	649	BRAK_PRZECINKA_TYLKO	1	27	42	Other	Prawdopodobnie brak przecinka. Powinno być: <suggestion>przedmiot, tylko</suggestion>	przedmiot, tylko
L	650	Ta książka nie jest twoja tylko moja.
M	650	BRAK_PRZECINKA_TYLKO	1	20	31	Other	Prawdopodobnie brak przecinka. Powinno być: <suggestion>twoja, tylko</suggestion>	twoja, tylko
L	651	Traktuj człowieka nie jako przedmiot, tylko właśnie jako podmiot.
L	652	Nigdy nie podardzaj człowiekiem tylko z powodu jego ubóstwa.
M	652	MORFOLOGIK_RULE_PL_PL		10	19	Other	Wykryto prawdopodobny błąd pisowni	pogardzaj|potarzaj
L	653	Nie jest to tylko epistemologiczne twierdzenie.
L	654	Padał deszcz, i to obfity.
L	655	Padał deszcz i to obfity.
L	656	Każde opowiadanie musi mieć początek i koniec.
L	657	Tak już musi być i koniec!
L	658	Nie warto się wysilać, i tak ludzie tego nie docenią.
L	659	Nie warto się wysilać i tak ludzie tego nie docenią.
L	660	Kupiłem dwa rewolwery, procę, strzelbę, armatę i tak dalej.
L	661	I tak, jeśli sól kuchenna jest droga, to jej nie kupię.
M	661	I_TAK	1	2	6	Other	Prawdopodobnie zbędny przecinek: <suggestion>tak</suggestion>.	tak
L	662	Nic dodać nic ująć, ciasto jest jak najbardziej wyśmienite do popołudniowej niedzielnej kawki.
M	662	BRAK_PRZECINKA_NIC_DODAC_NIC_UJAC	1	4	13	Other	Brak przecinka. Powinno być: <suggestion>dodać, nic</suggestion>.	dodać, nic
L	663	Mam wątpliwości co do tego raportu.
L	664	Mam wątpliwości, co do tego raportu.
M	664	PRZECINEK_CO_DO	1	4	22	Other	W tym zdaniu prawdopodobnie jest zbędny przecinek, powinno być: <suggestion>wątpliwości co do</suggestion>.	wątpliwości co do
L	665	On jest zdrów, jak rydz.
M	665	PRZECINEK_POROWNANIE	1	13	18	Other	Prawdopodobnie zbędny przecinek. Powinno być: <suggestion> jak</suggestion>.	 jak
L	666	Spotkałem tam wiele osób: Hanię, Jarosława, Ludwika oraz Heńka, jak również innych, których imion nie pamiętam.
L	667	On jest zdrów jak rydz.
L	668	Oj, jak słońce na niebie!
L	669	Myślał, jak zawsze, o sobie.
L	670	Dziś jest tak jak wczoraj.
L	671	Dziś jest, tak jak wczoraj.
M	671	PRZECINEK_TAK_JAK	1	9	18	Other	Prawdopodobnie zbędny przecinek. Powinno być: <suggestion> tak jak</suggestion>.	 tak jak
L	672	Gazeta jest źródłem informacji.
L	673	Dyspozycyjność każdej własności jest jej cechą wewnętrzną, jest rysem jej natury.
L	674	Gazeta, jest źródłem informacji.
M	674	PODMIOT_ORZECZENIE	1	6	12	Other	Przecinek między podmiotem a orzeczeniem jest zbędny, powinno być: <suggestion> jest</suggestion>.	 jest
L	675	Mała, zdaje się, ma talent...
L	676	Coś ty, zdaje ci się.
L	677	Wódz ich, Mami, wnosząc ze znalezionych przy Cervantesie listów...
L	678	Kennedy, przybył na lotnisko.
M	678	PODMIOT_ORZECZENIE	2	7	16	Other	Przecinek między podmiotem a orzeczeniem jest zbędny, powinno być: <suggestion> przybył</suggestion>.	 przybył
L	679	Kennedy przybył na lotnisko.
L	680	Uchwała, powiedział, ustala dwa równoległe cele.
L	681	Cymbał, zdawało mu się, że wszyscy przed nim będą plackiem!
L	682	Gazeta to źródło informacji.
L	683	Gazeta, to źródło informacji.
M	683	PODMIOT_ORZECZENIE	3	6	10	Other	Przecinek między podmiotem a orzeczeniem jest zbędny, powinno być: <suggestion> to</suggestion>.	 to
L	684	To nie kobieta, to anioł.
L	685	Hałas był wielki, to nie ulega wątpliwości.
L	686	Pokonany, to znaczy przede wszystkim — upokorzony.
L	687	Armia to państwo w państwie, to jedno z przekleństw naszych czasów.
L	688	Młody jestem, to prawda…
L	689	Każdy urzędnik wie, jak wspaniały jest nasz premier.
L	690	Każdy urzędnik, wie, jak wspaniały jest nasz premier.
M	690	PODMIOT_ORZECZENIE	4	14	19	Other	Przecinek między podmiotem a orzeczeniem jest zbędny, powinno być: <suggestion> wie</suggestion>.	 wie
L	691	Mój robot będzie przygotowywał posiłki, sprzątał, zmywał naczynia i wykonywał inne domowe czynności.
L	692	Każde dziecko wie, jak wspaniały jest nasz premier.
L	693	Każde dziecko, wie, jak wspaniały jest nasz premier.
M	693	PODMIOT_ORZECZENIE	4	13	18	Other	Przecinek między podmiotem a orzeczeniem jest zbędny, powinno być: <suggestion> wie</suggestion>.	 wie
L	694	Każda gazeta jest źródłem informacji.
L	695	Była szalona, łamała reguły.
L	696	Każda gazeta, jest źródłem informacji.
M	696	PODMIOT_ORZECZENIE	4	12	18	Other	Przecinek między podmiotem a orzeczeniem jest zbędny, powinno być: <suggestion> jest</suggestion>.	 jest
L	697	Była kilka razy u nas, wywarła na mnie dodatnie wrażenie.
L	698	Każdy urzędnik to podnóżek naszego premiera.
L	699	Każdy urzędnik, to podnóżek naszego premiera.
M	699	PODMIOT_ORZECZENIE	5	14	18	Other	Przecinek między podmiotem a orzeczeniem jest zbędny, powinno być: <suggestion> to</suggestion>.	 to
L	700	Każde dziecko to wspaniały narybek naszej ojczyzny.
L	701	Każde dziecko, to wspaniały narybek naszej ojczyzny.
M	701	PODMIOT_ORZECZENIE	5	13	17	Other	Przecinek między podmiotem a orzeczeniem jest zbędny, powinno być: <suggestion> to</suggestion>.	 to
L	702	Każda gazeta to źródło informacji.
L	703	Każda gazeta, to źródło informacji.
M	703	PODMIOT_ORZECZENIE	5	12	16	Other	Przecinek między podmiotem a orzeczeniem jest zbędny, powinno być: <suggestion> to</suggestion>.	 to
L	704	Chcąc, nie chcąc poszedłem do lekarza.
M	704	CHCAC_NIE_CHCAC	1	0	16	Other	Zbędny przecinek. Ten zwrot piszemy bez przecinków: <suggestion>Chcąc nie chcąc</suggestion>.	Chcąc nie chcąc
L	705	Chcąc nie chcąc poszedłem do lekarza.
L	706	Nie ma żadnej różnicy między Pawłem a Gawłem.
L	707	Istniał konflikt między Gierejem i firmą King & King, a na przełomie lat 2002/2003 nieporozumienia w zarządzie.
M	707	MORFOLOGIK_RULE_PL_PL		24	32	Other	Wykryto prawdopodobny błąd pisowni	Gierojem|Kiereję|Gie rejem
L	708	Pośród filozofów dwudziestowiecznych do Kanta nawiązywali w koncepcjach politycznych oraz etycznych między innymi Habermas oraz Rawls, a autentyczne odrodzenie jego myśli miało miejsce w pracach neokantystów: Cohena, Natorpa, Hartmanna i Cassirera.
M	708	BRAK_PRZECINKA_ANI	1	122	127	Other	Prawdopodobnie brakuje przecinka. Powinno być: <suggestion>, oraz</suggestion>.	, oraz
M	708	MORFOLOGIK_RULE_PL_PL		128	133	Other	Wykryto prawdopodobny błąd pisowni	
M	708	MORFOLOGIK_RULE_PL_PL		217	224	Other	Wykryto prawdopodobny błąd pisowni	
L	709	Nie ma żadnej różnicy między Pawłem, a Gawłem.
M	709	PRZECINEK_A	1	35	38	Other	W tym miejscu przecinek jest prawdopodobnie zbędny. Powinno być: <suggestion> a</suggestion>.	 a
L	710	Przykłady można by mnożyć, a mnożyć.
M	710	PRZECINEK_A	2	19	35	Other	Prawdopodobnie zbędny przecinek w konstrukcji typu "taki a taki". Powinno być: <suggestion>mnożyć a mnożyć</suggestion>.	mnożyć a mnożyć
L	711	Czekałem na autobus, a autobus nie przyjeżdżał.
L	712	Taki a taki lekarz przyjmuje w takich a takich godzinach.
L	713	Kobiety są jak tłumaczenia: piękne nie są wierne, a wierne nie są piękne.
L	714	To a to należy zrobić.
L	715	Zrobiłem to tak a nie inaczej.
M	715	BRAK_PRZECINKA_A	1	12	21	Other	Prawdopodobnie brak przecinka, jeśli spójnik „a” nie występuje w sensie łącznym, tylko przeciwstawnym, wynikowym lub przed dopowiedzeniem. Powinno być: <suggestion>tak, a nie</suggestion>.	tak, a nie
L	716	Był to spektakl fascynujący a to z powodu gry aktorów.
M	716	BRAK_PRZECINKA_A	1	16	32	Other	Prawdopodobnie brak przecinka, jeśli spójnik „a” nie występuje w sensie łącznym, tylko przeciwstawnym, wynikowym lub przed dopowiedzeniem. Powinno być: <suggestion>fascynujący, a to</suggestion>.	fascynujący, a to
L	717	Wahał się czy zostać żołnierzem.
M	717	BRAK_PRZECINKA_CZY	1	0	13	Other	Prawdopodobny brak przecinka. Poprawnie: <suggestion>Wahał się, czy</suggestion>.	Wahał się, czy
L	718	Wahał się, czy zostać żołnierzem.
L	719	Musisz sprawdzić czy to prawda.
M	719	BRAK_PRZECINKA_CZY	2	7	20	Other	Prawdopodobny brak przecinka. Poprawnie: <suggestion>sprawdzić, czy</suggestion>.	sprawdzić, czy
L	720	Musisz sprawdzić, czy to prawda.
L	721	Ustalone czy nie, działo się to od wieków.
L	722	Musisz spytać ich czy to prawda.
M	722	BRAK_PRZECINKA_CZY	3	7	21	Other	Prawdopodobny brak przecinka. Poprawnie: <suggestion>spytać ich, czy</suggestion>.	spytać ich, czy
L	723	Musisz sprawdzić, czy to prawda.
L	724	Mówiłem to czy nie?
L	725	Przy losowaniu metodą rzucania monetą pada zwykle pytanie orzeł czy reszka?
L	726	Otóż, poniżej zamieszczam przepis dodania strony do wyszukiwarki Google.
M	726	PRZECINEK_OTOZ	1	0	5	Other	Przecinek jest w tym miejscu prawdopodobnie zbędny. Powinno być: <suggestion>Otóż</suggestion>.	Otóż
L	727	Otóż poniżej zamieszczam przepis dodania strony do wyszukiwarki Google.
L	728	Cały czas odzywał, się krótki, przerywany sygnał.
M	728	PRZECINEK_SIE	1	10	22	Other	Prawdopodobnie zbędny przecinek: <suggestion>odzywał się</suggestion>	odzywał się
L	729	Cały czas odzywał się krótki, przerywany sygnał.
L	730	Tak to się kończy, się zaczyna.
L	731	Nie wiadomo, czy Jarek był agentem, tym bardziej że jego teczka została sfałszowana.
L	732	Nie wiadomo, czy Jarek był agentem tym bardziej, że jego teczka została sfałszowana.
M	732	TYM_BARDZIEJ_ZE	1	35	51	Other	Prawdopodobnie zbędny przecinek. Przecinek stawia się przed całym zestawieniem: <suggestion>tym bardziej że</suggestion>.	tym bardziej że
L	733	Można to było zrobić bez zbędnych udziwnień, tym bardziej, że jeżeli się już dotrze do podanych informacji, to okazują się one rzeczowe i użyteczne.
L	734	Polubiłem cię, z tym że musisz się wykazać, mordując karawaniarza.
L	735	W związku z tym, że nie stać ich było na komputer, kupili liczydło.
L	736	Polubiłem cię z tym, że musisz się wykazać, mordując karawaniarza.
M	736	Z_TYM_ZE	1	14	23	Other	Prawdopodobnie zbędny przecinek (jeśli wcześniej nie występuje czasownik łączący się z przyimkiem „z”). W spójniku złożonym „z tym że” (=chociaż, mimo że) nie stawia się przecinka: <suggestion>z tym że</suggestion>.	z tym że
L	737	Mniejsza z tym, że to szczęście nie wszystkich spotyka.
L	738	Trudno, Ninuś, musisz się liczyć z tym, że twój narzeczony nie jest prywatnym człowiekiem.
M	738	MORFOLOGIK_RULE_PL_PL		8	13	Other	Wykryto prawdopodobny błąd pisowni	Minus|Niny|Pinus|Sinus|Linus|Nikuś|Nius|Nibyś|Niuś
L	739	Jednak, miałem rację.
M	739	JEDNAK_PRZECINEK	1	0	14	Other	Prawdopodobnie zbędny przecinek. Poprawnie: <suggestion>Jednak miałem</suggestion>.	Jednak miałem
L	740	Nie jest to jednak, jedyna dostępna strategia.
M	740	JEDNAK_PRZECINEK	1	12	26	Other	Prawdopodobnie zbędny przecinek. Poprawnie: <suggestion>jednak jedyna</suggestion>.	jednak jedyna
L	741	Jednakże, warto spróbować.
M	741	JEDNAK_PRZECINEK	1	0	15	Other	Prawdopodobnie zbędny przecinek. Poprawnie: <suggestion>Jednakże warto</suggestion>.	Jednakże warto
L	742	Jednak, co pisałem, miałem rację.
L	743	A jednak, jednak.
L	744	Przestrzegam cię jednak, mój synu, że nadzieja czegoś dobrego warta często więcej, niż lada lichota w ręku.
L	745	Sam jednak, nie będąc dualistą, uznaje te tezy.
L	746	Ponadto, hipoteza jest nietrafna.
M	746	NADTO_PRZECINEK	1	0	17	Other	Prawdopodobnie zbędny przecinek. Poprawnie: <suggestion>Ponadto hipoteza</suggestion>.	Ponadto hipoteza
L	747	Czasu miałem aż nadto, zaś cierpliwości nabyłem z musu.
M	747	BOWIEM_ZAS_PRZECINEK	1	23	26	Hint	Ten wyraz nie powinien występować na początku zdania podrzędnego.	
L	748	Ponadto, im głębiej zaglądałem, tym mniej miodu widziałem.
L	749	Ponadto, moim zdaniem, ten przecinek jest potrzebny.
L	750	Ponadto, dodajmy, tam, gdzie są koncesje, pojawiają się korupcje.
L	751	To nadto, wasza wysokość, jestem biedny giermek i nie uniosę tak wielkiego ciężaru grzeczności waszej.
L	752	To wydarzenie, w trakcie, którego doszło do eskalacji napięcia.
M	752	W_TRAKCIE_PRZECINEK_KTOREGO	1	15	33	Other	Ten przecinek jest zbędny. Powinno być: <suggestion>w trakcie którego</suggestion>.	w trakcie którego
L	753	To wydarzenie, w trakcie którego doszło do eskalacji napięcia.
L	754	W tym przypadku, miałem rację.
M	754	POZA_TYM	1	0	23	Other	Prawdopodobnie zbędny przecinek. Poprawnie: <suggestion>W tym przypadku miałem</suggestion>.	W tym przypadku miałem
L	755	W tym przypadku, który już opisałem, miałem rację.
L	756	W każdym razie, moja kobiecino, będziemy bogaci.
L	757	W każdym razie, mój zacny gospodarzu, wierzaj temu, co mówiłem.
L	758	W razie pożaru, zbić szybkę.
M	758	W_MYSL_PRZECINEK	1	2	20	Other	Prawdopodobnie zbędny przecinek. Poprawnie: <suggestion>razie pożaru zbić</suggestion>.	razie pożaru zbić
L	759	W myśl tej teorii, miałem rację.
M	759	POZA_TYM	1	0	25	Other	Prawdopodobnie zbędny przecinek. Poprawnie: <suggestion>W myśl tej teorii miałem</suggestion>.	W myśl tej teorii miałem
L	760	W myśl tej teorii, którą już opisałem, miałem rację.
L	761	W przypadku reprezentacji abstrakcyjnych w ujęciu pluralistycznym (i klasycznym, czysto symbolicznym) można mówić o nośniku informacji semantycznych, który nie informuje o żadnym czasoprzestrzennym przedmiocie, ale ma strukturę, która pozwala na przeprowadzanie różnych operacji obliczeniowych i modyfikuje gotowość do działania.
L	762	W przypadku kobiet ich zarobki, majątek, BMI ich oraz ich dzieci polepszają się.
M	762	SIE_SENT_END	1	76	79	Hint	Zaimek „się” nie powinien znajdować się na końcu zdania.	
L	763	Poza tym, miałem rację.
M	763	POZA_TYM	1	0	16	Other	Prawdopodobnie zbędny przecinek. Poprawnie: <suggestion>Poza tym miałem</suggestion>.	Poza tym miałem
L	764	Poza tym, jak już mówiłem, miałem rację.
L	765	Dla bezdomnych rodzin republikańskie władze Rosji, Ukrainy, Mołdawii przygotowały koce.
L	766	Dla mnie to przede wszystkim głupi, nierozgarnięty chłopak.
L	767	Oprócz niepowtarzalnego piękna przyrody park ten, leżący częściowo na terenie Czech, fascynuje ponadto bogactwem zamków i ruin oraz legend.
L	768	Po zakończeniu prac, biuro uległo likwidacji.
M	768	POZA_TYM	1	0	26	Other	Prawdopodobnie zbędny przecinek. Poprawnie: <suggestion>Po zakończeniu prac biuro</suggestion>.	Po zakończeniu prac biuro
L	769	W Warszawie, ruch drogowy wzrósł o 120%.
M	769	POZA_TYM	1	0	17	Other	Prawdopodobnie zbędny przecinek. Poprawnie: <suggestion>W Warszawie ruch</suggestion>.	W Warszawie ruch
L	770	W. Marciszewski, Mała encyklopedia logiki
L	771	W 1913 roku Frederick Soddy, badając produkty rozpadu promieniotwórczego...
M	771	PCON_VERB	1	0	75	Other	W tym zdaniu jest imiesłów przysłówkowy badając, ale nie ma czasownika w funkcji orzeczenia. Możliwe, że to tytuł, ale w takim razie zbędna jest kropka.	
L	772	W rolnictwie, przemyśle i budownictwie powstawały nowe miejsca pracy.
L	773	W 1990 86,9% ludności żyło w miastach.
L	774	W bardziej suchych miejscach, gdzie rzeki pojawiają się tylko okresowo, buduje się zapory.
L	775	W 612 p.n.e., wraz z Medami i Babilończykami, Persowie zdobyli Niniwę.
L	776	W innych sytuacjach, tak jak w Ardenach, był zbyt ostrożny.
L	777	W języku walijskim digrafy ch, dd, ff, ng, ll, ph, rh i th są uznawane za odrębne.
M	777	MORFOLOGIK_RULE_PL_PL		27	29	Other	Wykryto prawdopodobny błąd pisowni	Ch|co|ich|ci|Co|Ci|c|cm|dz|C|ach|cd|och|H|cz|CD|CO|CV|Cr|ca|cha|che|ck|ech|ce|chi|dh|eh|Bh|Cb|Cs|cy|kh|CK|Cf|cf|cho|cl|pH|uch|ćw|BCh|CC|CHF|CM|CR|Chi|th|yh|CB|CP|CS|Chr|Cn|DH|Rh|SCh|cg|chu|C1|CT|Cl|Cm|Mch|BH|CHZ|Ce|Cu|Cy|LH|Th|cą|Cd|Wh|cę|CU|KCh|CHR|ChD
M	777	MORFOLOGIK_RULE_PL_PL		31	33	Other	Wykryto prawdopodobny błąd pisowni	do|to|od|ta|te|tu|tę|ty|tą|Od|da|de|dr|d|ds|itd|t|tj|Pt|dz|pt|st|D|Dz|ot|pd|tv|ad|cd|dvd|et|Ot|at|dk|nt|ud|3d|CD|Db|De|Mt|dat|db|dot|rd|ts|DM|DVD|Nd|dg|dh|dm|dp|id|ltd|nd|tm|DC|DS|Dy|HD|Md|SD|dy|wt|3D|Ad|Ed|Ltd|bd|dw|kd|tg|tł|ut|AD|At|ND|Rt|dB|dl|ft|th|tut|txt|DDD|DH|Dn|Ds|Id|MD|UD|det|tat|D3|DDA|DDR|DDT|DPD|FDD|Gd|HDD|dit|dst|tyt|ód|2D|CDD|DT|Tt|dud|tet|Cd|dwt|tit|BDD|Pd|dpt|DDU|Edd|Jdt|yd|d d|DTD
M	777	MORFOLOGIK_RULE_PL_PL		39	41	Other	Wykryto prawdopodobny błąd pisowni	na|no|Na|np|nr|No|n|g|kG|kg|ni|Ing|wg|N|ang|nóg|mg|nt|nu|LNG|Np|ag|lg|pg|Nd|Sg|dg|nd|nm|ny|Ig|NZ|Ni|SG|UG|ns|nw|5G|LG|NGO|NN|Nb|PG|Rg|nb|tg|GG|MG|ND|Ne|fg|nx|CNG|ENG|Mg|cg|eng|hg|BG|NT|nag|nog|Ag|NW|Hg|nyg|n g|2G|3G|4G|IG|PNG
M	777	MORFOLOGIK_RULE_PL_PL		43	45	Other	Wykryto prawdopodobny błąd pisowni	ul|zł|l|la|al|kl|pl|ł|L|La|all|li|mł|śl|Al|El|LO|lg|lu|ml|wł|bł|gł|il|lał|AL|Il|LZ|Li|PL|lol|LA|LG|LM|LP|PLL|SL|Ul|XL|cl|tł|łc|GL|Jl|LE|Lo|Lr|Lu|dl|sł|łał|LC|LDL|hl|ił|lal|lx|Cl|LN|Lb|Lv|TL|Eł|LH|LR|Lil|Lol|Ol|ZL|LOL|Lm|Ml|Ell|Ałł|Fl|Ił|Tl|l l|LF|LT
M	777	MORFOLOGIK_RULE_PL_PL		47	49	Other	Wykryto prawdopodobny błąd pisowni	pH|po|Po|p|PO|Pt|pt|P|pd|pl|pn|pc|ps|H|pp|PC|PR|pa|pcha|pe|pg|PK|PS|Pm|dh|eh|hp|pi|pm|BPH|Bh|Ch|PL|PP|Pa|Ps|PŚ|kh|pz|PG|Phu|phu|PW|Pr|phi|pu|th|yh|DH|PA|PB|PHP|PZH|Pb|Rh|PAH|PN|BH|LH|PHZ|Pu|Th|pho|PIH|PŁ|Wh|Pd|phy|PBH
M	777	MORFOLOGIK_RULE_PL_PL		51	53	Other	Wykryto prawdopodobny błąd pisowni	Rh|r|R|RP|H|Rz|rz|Rn|hr|rd|re|RM|dh|eh|Bh|Ch|kh|ro|Rg|pH|RC|RE|RN|RT|Ra|Re|Rt|th|yh|DH|Rf|Ru|RF|RW|BH|LH|Rb|Rv|Th|rho|Wh|erh|Rp
L	778	W klasycznych koncepcjach filozoficznych, np. J.S. Milla czy G. Fregego, reprezentacje mają nie tylko odniesienie, ale i treść.
M	778	MORFOLOGIK_RULE_PL_PL		64	71	Other	Wykryto prawdopodobny błąd pisowni	
L	779	Po długim szukaniu, nie znalazłszy jej ani śladu, wykrzyknął zdumiony…
L	780	Po wtóre, widoczną jest tu chęć do zdzierstwa swoich poddanych.
L	781	Po obiedzie Don Kichot, napisawszy instrukcję dla Sanchy, oddał mu ją.
M	781	MORFOLOGIK_RULE_PL_PL		50	56	Other	Wykryto prawdopodobny błąd pisowni	Sancho|Manchy|Sachy|Anchy|Sanghy|Senchy|S anchy
L	782	W każdym razie nie z głodu, tylko dla zabawy rzuciłem się ku rączkom tego dziecka.
L	783	Dzięki potędze miłości ani jedno, ani drugie nie czuło swej nędzy.
L	784	W niedzielę, to znaczy przed poniedziałkiem, napalić lub nie…
L	785	Dla ciebie, miła, rzuciłem taniec.
L	786	W każdym razie, mój zacny gospodarzu, wierzaj temu, co mówiłem.
L	787	Mimo to ostatni zamek, Karheń, opiera się jeszcze.
M	787	MORFOLOGIK_RULE_PL_PL		23	29	Other	Wykryto prawdopodobny błąd pisowni	Karen|Karmen|Karcher|Karceń|Kachen|Kärcher|Karleń
L	788	W zimowy wieczór margrabia, jego żona i dzieci znajdowali się sami.
L	789	Po kilku minutach, nim krzyki ustały, zaszedł fakt…
L	790	Po obiedzie, niestety, trzeba mi było niebawem opuścić mamę.
L	791	Dodatkowo, miałem rację.
M	791	DODATKOWO	1	0	17	Other	Prawdopodobnie zbędny przecinek. Poprawnie: <suggestion>Dodatkowo miałem</suggestion>.	Dodatkowo miałem
L	792	Dodatkowo, jak już mówiłem, miałem rację.
M	792	DODATKOWO_CO_WIECEJ	1	0	9	Hint	Prawdopodobnie anglicyzm. Lepiej: <suggestion>Co więcej</suggestion>.	Co więcej
L	793	Jest to więc, problem.
M	793	WIEC_ZATEM_PRZECINEK	1	8	13	Other	Prawdopodobnie zbędny przecinek: <suggestion>więc</suggestion>.	więc
L	794	Jest to więc problem.
L	795	Publiczność oczekiwała od niej dłuższej arii, gdy więc, wykonawszy krótką frazę, zniknęła, znowu rozległy się gwizdy.
L	796	A więc, Edgarze, ty również byłeś kiedyś czarodziejem?
L	797	Tak więc, miły bratku, nie smuć się tym.
L	798	— Dobrze więc, rzekł Kandyd, zdajmy się na wolę Opatrzności…
L	799	Dlatego też, mamy problem.
M	799	WIEC_ZATEM_PRZECINEK	2	0	12	Other	Prawdopodobnie zbędny przecinek: <suggestion>Dlatego też</suggestion>.	Dlatego też
L	800	I tak, Józef kupił dwie krowy.
M	800	I_TAK	1	2	6	Other	Prawdopodobnie zbędny przecinek: <suggestion>tak</suggestion>.	tak
L	801	I tak Józef kupił dwie krowy.
L	802	Odrabiał zadania byle jak.
L	803	Odrabiał zadania byle, jak.
M	803	BYLE_GDZIE	1	17	26	Other	Połączeń typu „byle co” nie wolno rozdzielać przecinkiem. Poprawnie: <suggestion>byle jak</suggestion>.	byle jak
L	804	Szukali na chybił trafił.
L	805	Szukali czegoś na chybił, trafił.
M	805	CHYBIL_TRAFIL	1	15	32	Other	W tym wyrażeniu nie kładzie się przecinka: <suggestion>na chybił trafił</suggestion>.	na chybił trafił
L	806	Była to bądź co bądź prawda.
L	807	Była to bądź, co bądź prawda.
M	807	BADZ_CO_BADZ	1	8	21	Other	W tym związku frazeologicznym nie kładzie się przecinka: <suggestion>bądź co bądź</suggestion>.	bądź co bądź
L	808	Pasowało jak ulał.
L	809	Pasowało to, jak ulał.
M	809	JAK_ULAL	1	9	21	Other	Przed tym związkiem frazeologicznym nie kładzie się przecinka: <suggestion>to jak ulał</suggestion>.	to jak ulał
L	810	To były garnki, talerze, łyżki itp., itd.
L	811	To były garnki, talerze, łyżki, itd.
M	811	ITP_ITD	1	30	36	Other	Prawdopodobnie zbędny przecinek. Poprawnie: <suggestion> itd.</suggestion>.	 itd.
L	812	Czy zatem pożyczysz mi stówkę? – spytał z wahaniem.
L	813	Czy zatem pożyczysz mi stówkę?
L	814	Czy zatem pożyczysz mi stówkę.
M	814	BRAK_ZNAKU_ZAPYTANIA	1	29	30	Other	To zdanie jest prawdopodobnie pytaniem i powinno kończyć się znakiem zapytania: <suggestion>?</suggestion>.	?
L	815	Czemu to zrobiłeś?...
L	816	Dokąd idziesz na wycieczkę?
L	817	Dokąd idziesz na wycieczkę.
M	817	BRAK_ZNAKU_ZAPYTANIA	2	26	27	Other	To zdanie jest prawdopodobnie pytaniem i powinno kończyć się znakiem zapytania: <suggestion>?</suggestion>.	?
L	818	Dlaczego tak jest - nie wiem.
M	818	DYWIZ	1	13	23	Other	Spacje wokół dywizu (w przeciwieństwie do myślnika) są zbędne: <suggestion>jest-nie</suggestion>; jeśli to miał być myślnik, to należy napisać <suggestion>jest — nie</suggestion>.	jest-nie|jest — nie
L	819	Pożycz mi sto złotych
L	820	Pożycz mi sto złotych.
L	821	To jest zdanie z „cytatem na końcu i przypisem”.
L	822	Pożycz mi sto złotych…
L	823	Rozdział I
L	824	*(Kubuś zaczyna pogwizdywać.)*
M	824	BRAK_SPACJI_NAWIAS	1	0	2	Other	Brak spacji przed nawisem: <suggestion>* (</suggestion>.	* (
M	824	BRAK_SPACJI	2	28	29	Other	Brak spacji po tym znaku. Powinno być: <suggestion>) </suggestion>.	) 
L	825	== Zobacz też ==
L	826	Pożycz mi sto złotych,
L	827	Pożycz mi sto złotych.
L	828	To jest zdanie z „cytatem na końcu i przypisem”.
L	829	Pożycz mi sto złotych…
L	830	Tak też się stało
L	831	Pożycz mi sto złotych…
L	832	W tym roku konferencja nosi tytuł Czy świat jest matematyczny?
L	833	Maria się śmieje Czy ktoś widział lewą piętę?
L	834	Od 12 – 17 lutego 2016
M	834	OD_X_Y_OD_X_DO_Y	1	0	10	Other	Prawdopodobnie błędny zakres. Czy chodziło o: <suggestion>Od 12 do 17</suggestion>?	Od 12 do 17
L	835	Jestem umówiony na 7:00.
L	836	Festiwal trwa od 10 sierpnia 2005.
L	837	Znaleziono cztery metalowe elementy o wymiarach od 0,2 do 1,2 cm.
L	838	Cesarz zachodniorzymski od 9/10 lipca 455 do 17/18 października 456 roku.
L	839	Jestem umówiony na 7:00.
L	840	Festiwal trwa od 10 sierpnia 2005.
L	841	Znaleziono cztery metalowe elementy o wymiarach od 0,2 - 1,2 cm.
M	841	OD_X_Y_OD_X_DO_Y	2	48	58	Other	Prawdopodobnie błędny zakres liczbowy. Czy chodziło o: <suggestion>od 0,2 do 1</suggestion>?	od 0,2 do 1
L	842	300.000 zł
L	843	312.12 zł
M	843	FORMAT_DZIESIETNY	1	0	6	Other	Prawdopodobnie niepoprawny format liczby dziesiętnej. Czy powinno być <suggestion>312,12</suggestion>?	312,12
L	844	300.000 zł
L	845	Wynik wynosi 0.5.
M	845	FORMAT_DZIESIETNY	2	13	16	Other	Prawdopodobnie niepoprawny format liczby dziesiętnej. Czy powinno być <suggestion>0,5</suggestion>?	0,5
L	846	W wydaniu 7.0.1 dodana została wtyczka Camera RAW.
L	847	Ten dysk ma wielkość 120 MB.
L	848	Częstotliwość nośna to 500MHz.
M	848	JEDNOSTKA_LICZBA	1	23	29	Other	Brak spacji po wartości liczbowej. Powinno być: <suggestion>500 MHz</suggestion>.	500 MHz
L	849	1600 śmigłowców szturmowych: Mi-24 i Mi-28 oraz Mi-8TB
L	850	Mój starszy brat jest naprawdę wysoki, około 1,8m.
M	850	JEDNOSTKA_LICZBA	1	47	49	Other	Brak spacji po wartości liczbowej. Powinno być: <suggestion>8 m</suggestion>.	8 m
L	851	Dałam łyżeczkę ekstraktu waniliowego i ok. 30g cukru waniliowego.
M	851	JEDNOSTKA_LICZBA	1	43	46	Other	Brak spacji po wartości liczbowej. Powinno być: <suggestion>30 g</suggestion>.	30 g
L	852	ul. Sapieżyńska 10A, 00-215 Warszawa
M	852	UPPERCASE_SENTENCE_START		0	2	Other	To zdanie nie zaczyna się wielką literą	Ul
M	852	MORFOLOGIK_RULE_PL_PL		16	19	Other	Wykryto prawdopodobny błąd pisowni	ROA
L	853	Zdarzyło się to w 2000 r.
L	854	Zdarzyło się to w 2000r.
M	854	JEDNOSTKA_LICZBA	2	18	24	Other	Brak spacji po dacie rocznej. Powinno być: <suggestion>2000 r.</suggestion>.	2000 r.
L	855	Piec do suchego patyczka w 170oC.
M	855	JEDNOSTKA_LICZBA	3	27	32	Other	Czy chodziło o znak stopnia? Powinno być: <suggestion>170°C</suggestion>.	170°C
L	856	10%
L	857	10 %
M	857	SPACJA_PROCENT	1	0	4	Other	Przed znakiem procenta nie stawia się spacji. Poprawnie: <suggestion>10%</suggestion>.	10%
L	858	Badani mieszkańcy Krymu dali odpowiedź: za - 65-67 %.
M	858	SPACJA_PROCENT	1	48	52	Other	Przed znakiem procenta nie stawia się spacji. Poprawnie: <suggestion>67%</suggestion>.	67%
L	859	To było dawno,, dawno temu.
M	859	DOUBLE_PUNCTUATION	1	13	15	Other	Dwa przecinki. Czy chodziło o <suggestion>,</suggestion>?	,
L	860	To ,,rekiny’’.
M	860	BLEDNE_CUDZYSOWY_TYPOGRAFICZNE	1	3	13	Other	Czy chodziło o <suggestion>„rekiny”</suggestion>?	„rekiny”
L	861	To prawda..
M	861	DOUBLE_PUNCTUATION	2	9	11	Other	Dwie kropki. Czy chodziło o <suggestion>.</suggestion>?	.
L	862	To prawda...
L	863	To ,,rekiny’’.
M	863	BLEDNE_CUDZYSOWY_TYPOGRAFICZNE	1	3	13	Other	Czy chodziło o <suggestion>„rekiny”</suggestion>?	„rekiny”
L	864	To ‚rekiny’.
M	864	BLEDNE_CUDZYSOWY_TYPOGRAFICZNE	2	3	11	Other	Błędna forma cudzysłowu. Czy chodziło o <suggestion>„rekiny”</suggestion>?	„rekiny”
L	865	Zrobił to.„Naprawdę?”
M	865	BRAK_ODSTPU_PO_KROPCE_PRZED_CUDZYSOWEM	1	9	11	Other	Brak odstępu: <suggestion>. „</suggestion>.	. „
L	866	Zrobił to. „Naprawdę?”
L	867	To nowość — powiedział szybko – nigdy o tym nie słyszałem.
M	867	NIEKONSEKWETNE_PAUZY	1	10	31	Other	Niekonsekwentnie stosowane pauzy i półpauzy. Poprawnie: <suggestion>— powiedział szybko —</suggestion> lub <suggestion>– powiedział szybko –</suggestion>.	— powiedział szybko —|– powiedział szybko –
L	868	To nowość — powiedział – nigdy o tym nie słyszałem.
M	868	NIEKONSEKWETNE_PAUZY	1	10	24	Other	Niekonsekwentnie stosowane pauzy i półpauzy. Poprawnie: <suggestion>— powiedział —</suggestion> lub <suggestion>– powiedział –</suggestion>.	— powiedział —|– powiedział –
L	869	To nowość – powiedział szybko — nigdy o tym nie słyszałem.
M	869	NIEKONSEKWETNE_PAUZY	2	10	31	Other	Niekonsekwentnie stosowane pauzy i półpauzy. Poprawnie: <suggestion>— powiedział szybko —</suggestion> lub <suggestion>– powiedział szybko –</suggestion>.	— powiedział szybko —|– powiedział szybko –
L	870	To nowość – powiedział — nigdy o tym nie słyszałem.
M	870	NIEKONSEKWETNE_PAUZY	2	10	24	Other	Niekonsekwentnie stosowane pauzy i półpauzy. Poprawnie: <suggestion>— powiedział —</suggestion> lub <suggestion>– powiedział –</suggestion>.	— powiedział —|– powiedział –
L	871	Nowy produkt nosi nazwę Executive Choice(TM) Plus i wybija się spośród innych podobnych ubezpieczeń mniejszą liczbą wyłączeń.
M	871	MORFOLOGIK_RULE_PL_PL		24	33	Other	Wykryto prawdopodobny błąd pisowni	
M	871	BRAK_SPACJI_NAWIAS	1	34	41	Other	Brak spacji przed nawisem: <suggestion>Choice (</suggestion>.	Choice (
L	872	Nowy produkt nosi nazwę Executive Choice™ Plus i wybija się spośród innych podobnych ubezpieczeń mniejszą liczbą wyłączeń.
M	872	MORFOLOGIK_RULE_PL_PL		24	33	Other	Wykryto prawdopodobny błąd pisowni	
L	873	Windows (R)
M	873	SYMBOL_ZNAKU_TOWAROWEGO_ZASTRZEONEGO	1	8	11	Other	W tym miejscu prawdopodobnie powinien znajdować się symbol <suggestion>®</suggestion>.	®
L	874	Senatorzy reprezentujący stan to Richard Burr (D) i Kay Hagan (R).
M	874	MORFOLOGIK_RULE_PL_PL		41	45	Other	Wykryto prawdopodobny błąd pisowni	Bury|Bór|Bure|Burz|Burd|Burt|Bóbr|Burą|Burę|Brr|Brrr|Bura|Burs|Byra|Birr|Bur|Buro|Byrd|Byry|Byrę|Burg|Buru|Byrą|Byro|Bórg|Myrr|Bur r
M	874	MORFOLOGIK_RULE_PL_PL		52	55	Other	Wykryto prawdopodobny błąd pisowni	Kary|Kasy|Kar|Kas|Kat|Kawy|Kąt|kA|Ka|Kac|Każ|Key|Kąty|Kły|Ray|Kai|Kak|Kal|Bay|Kady|Gay|Kan|Kap|Kaw|Kry|Okay|KAI|Katy|Kamy|Kapy|Kał|Pay|Kad|Kaj|Kam|Kany|Kao|Kaś|Kań|Kąp|Kaa|Kaby|Kały|Kpy|Kaź|Ka y
M	874	MORFOLOGIK_RULE_PL_PL		56	61	Other	Wykryto prawdopodobny błąd pisowni	Hasan|Sagan|Nagan|Kagan|Dagan|Haman|Hogan|Żagań|Hagar|Hagen|Haga|Hagą|Agan|HAGAW|Hagaw|Hażan|Hagad|Hasań|Hawan|Ha gan|Haga n
L	875	Copyright (C) Joanna Bator, 2012
M	875	COPYRIGHT	1	10	13	Other	To oznaczenie lepiej zastąpić symbolem: <suggestion>©</suggestion>	©
L	876	Copyright (C) 2010 The Estate of Ezra Pound
M	876	COPYRIGHT	1	10	13	Other	To oznaczenie lepiej zastąpić symbolem: <suggestion>©</suggestion>	©
M	876	MORFOLOGIK_RULE_PL_PL		23	29	Other	Wykryto prawdopodobny błąd pisowni	State|Estetę
L	877	To są: (a) 4 owoce, (b) 2 krowy, (c) 2015 jaj.
L	878	To są: (a) 4 owoce, (b) 2 krowy (nawet ładne), (c) 2015 jaj.
L	879	Ten problem opisali Sienkiewicz & al.
M	879	AMP_AL_ET_AL	1	32	37	Other	Zapis niepoprawny w języku polskim. Poprawnie: <suggestion>et al.</suggestion>	et al.
L	880	Film trwał 1, 5 godziny.
M	880	SPACJA_ZA_PRZECINKIEM_DZIESITNYM	1	11	15	Other	Prawdopodobnie zbędna spacja w liczebniku dziesiętnym: <suggestion>1,5</suggestion>?	1,5
L	881	W związku z tym Peralta wydał obowiązującą do dziś ustawę (ustawa nr 9, 1963 r.)
M	881	MORFOLOGIK_RULE_PL_PL		16	23	Other	Wykryto prawdopodobny błąd pisowni	Per alta
L	882	Wygrała 6:4, 3:6, 6:3.
L	883	Biblioteka Narodowa, sygn.: 2676, 2981.
L	884	Ankyra była miejscem kilku ważnych synodów (w 314, 358 i 375).
M	884	MORFOLOGIK_RULE_PL_PL		0	6	Other	Wykryto prawdopodobny błąd pisowni	Ankara|Ankarą|Ankera|Ankra|Ankrą
L	885	Chrystus podtrzymywany przez anioła - ok. 1645, 137 x 100 cm, Prado, Madryt
M	885	DYWIZ	1	29	40	Other	Spacje wokół dywizu (w przeciwieństwie do myślnika) są zbędne: <suggestion>anioła-ok</suggestion>; jeśli to miał być myślnik, to należy napisać <suggestion>anioła — ok</suggestion>.	anioła-ok|anioła — ok
M	885	MNOZENIE	1	48	57	Other	Ten znak mnożenia lepiej zastąpić typograficznym: <suggestion>137 × 100</suggestion>.	137 × 100
L	886	„Kwartalnik Historyczny”, R.112, cz. 3, 2005.
L	887	Współrzędne CIE XYZ wynoszące (0.310, 0.316, 0.374)
M	887	PL_SIMPLE_REPLACE		12	15	Other	Wyraz „CIE” to najczęściej literówka; poprawnie pisze się: CIĘ.	CIĘ
M	887	MORFOLOGIK_RULE_PL_PL		16	19	Other	Wykryto prawdopodobny błąd pisowni	RYŻ|WYŻ|RYZ|PYZ|HYZ|ŁYŻ|ZYZ|DYŹ|DYZ|HYŹ|NYŻ
M	887	FORMAT_DZIESIETNY	2	31	36	Other	Prawdopodobnie niepoprawny format liczby dziesiętnej. Czy powinno być <suggestion>0,310</suggestion>?	0,310
M	887	FORMAT_DZIESIETNY	2	38	43	Other	Prawdopodobnie niepoprawny format liczby dziesiętnej. Czy powinno być <suggestion>0,316</suggestion>?	0,316
M	887	FORMAT_DZIESIETNY	2	45	50	Other	Prawdopodobnie niepoprawny format liczby dziesiętnej. Czy powinno być <suggestion>0,374</suggestion>?	0,374
L	888	Gdy doszło do niej w czerwcu 1994, 4.4BSD Lite zostało wypuszczone na rynek.
M	888	MORFOLOGIK_RULE_PL_PL		37	41	Other	Wykryto prawdopodobny błąd pisowni	BSD
L	889	Wzrósł zaledwie o 1, 9 proc.
M	889	SPACJA_ZA_PRZECINKIEM_DZIESITNYM	1	18	22	Other	Prawdopodobnie zbędna spacja w liczebniku dziesiętnym: <suggestion>1,9</suggestion>?	1,9
L	890	Wzrósł zaledwie o 1,9 proc.
L	891	Droga krajowa nr 5, 20 tys., pomiar ruchu z 2005 r.
L	892	Wzrósł zaledwie o 1, 9%.
M	892	SPACJA_ZA_PRZECINKIEM_DZIESITNYM	3	18	23	Other	Prawdopodobnie zbędna spacja za przecinkiem w liczbie: <suggestion>1,9%</suggestion>.	1,9%
L	893	Wzrósł zaledwie o 1,9 %.
M	893	SPACJA_PROCENT	1	20	23	Other	Przed znakiem procenta nie stawia się spacji. Poprawnie: <suggestion>9%</suggestion>.	9%
L	894	To napój Cola ®
M	894	SPACJA_TM_R	1	9	15	Other	Przed symbolami „®” i „™” nie stawia się spacji. Poprawnie: <suggestion>Cola®</suggestion>	Cola®
L	895	To jest błąd;wiem to dobrze.
M	895	BRAK_SPACJI	1	12	13	Other	Brak spacji po tym znaku interpunkcyjnym. Powinno być: <suggestion>; </suggestion>.	; 
L	896	Jest godzina 8:42.
L	897	To jest błąd; wiem to dobrze.
L	898	To żart ;) – wiesz przecież!
L	899	Piotr Chmielowski, Bolesław Prus, [w:] Nasi powieściopisarze. Zarysy literackie, s. 5.
L	900	To jest dobry „przykład”idący z góry.
M	900	BRAK_SPACJI	2	23	24	Other	Brak spacji po tym znaku. Powinno być: <suggestion>” </suggestion>.	” 
L	901	To jest wiadome (od dawna), więc nie gadaj.
L	902	Ja to wiem (a ty nie) od dawna.
L	903	To jest („test”).
L	904	To jest „test”1.
L	905	Cytuję: „test (dziwny)”.
L	906	To jest wiadome (od dawna)odpowiednim służbom.
M	906	BRAK_SPACJI	2	25	26	Other	Brak spacji po tym znaku. Powinno być: <suggestion>) </suggestion>.	) 
L	907	To jest wyraz– jak sądzę – niepoprawny.
M	907	BRAK_SPACJI	3	8	14	Other	Prawdopodobnie brak spacji. Poprawnie: <suggestion>wyraz –</suggestion>.	wyraz –
L	908	To jest wyraz – jak sądzę – niepoprawny.
L	909	Przy nazwach typu „izo–” (np. izobutyl) pierwszą literą jest „i”.
M	909	MORFOLOGIK_RULE_PL_PL		19	22	Other	Wykryto prawdopodobny błąd pisowni	Izo|iż|izbo|izb|ino|jo|Iza|iwo|Iz|imo|IO|Ino|Izy|iże|Czo|ISO|Io|Izą|czo|IPO|Iwo|Izę|ibo|IMO|Ido|Igo|ZZO|gzo|ido|zzo|ILO|IZ|Iro|Izi|Lizo|Pizo|lizo|uzo|ezo|izm|wizo|Azo|Gizo|Ilzo|Irze|Izko|Izom|Iłżo|Iź|bizo|fizo|łzo|Zizo
M	909	MORFOLOGIK_RULE_PL_PL		30	38	Other	Wykryto prawdopodobny błąd pisowni	
L	910	Z czasów panowania chanów protobułgarskich (VII–IX wiek) pochodzą ryte w kamieniu napisy.
L	911	To jest przykład—błędny—ale jest.
L	912	Powozy jedno– i dwukonne toczą się w dalszym ciągu.
M	912	MYSLNIK_ZAMIAST_DYWIZU_WYLICZENIE	1	7	13	Other	Myślnika ani półpauzy nie używa się do rozdzielania wielokrotnego wystąpienia przymiotnika złożonego. Poprawnie: <suggestion>jedno-</suggestion>.	jedno-
L	913	To jest wyraz –jak sądzę – niepoprawny.
M	913	BRAK_SPACJI	4	14	18	Other	Prawdopodobnie brak spacji. Poprawnie: <suggestion>– jak</suggestion>.	– jak
L	914	To jest wyraz – jak sądzę – niepoprawny.
L	915	Z czasów panowania chanów protobułgarskich (VII–IX wiek) pochodzą ryte w kamieniu napisy.
L	916	To jest przykład—błędny—ale jest.
L	917	To jest „ przykład”.
M	917	ZBEDNA_SPACJA	1	8	18	Other	Zbędna spacja. Powinno być: <suggestion>„przykład</suggestion>.	„przykład
L	918	To jest „przykład”.
L	919	To jest zdanie ; a to drugie.
M	919	ZBEDNA_SPACJA_PRZED	1	8	16	Other	Zbędna spacja. Powinno być: <suggestion>zdanie;</suggestion>.	zdanie;
L	920	To jest zdanie; a to drugie.
L	921	A to jest emotikon :)
L	922	A to jest emotikon ;-)
M	922	BRAK_SPACJI	1	19	20	Other	Brak spacji po tym znaku interpunkcyjnym. Powinno być: <suggestion>; </suggestion>.	; 
L	923	(Tak już jest).
L	924	To jest test(prawdziwy).
M	924	BRAK_SPACJI_NAWIAS	1	8	13	Other	Brak spacji przed nawisem: <suggestion>test (</suggestion>.	test (
L	925	Składnia ((...)) może być także wykorzystana w wyrażeniach.
M	925	POMINIECIE	2	10	15	Other	W języku polskim zwyczaj typograficzny nakazuje wielokropek umieszczać w nawiasie kwadratowym: <suggestion>[...]</suggestion>.	[...]
L	926	„(...)”
M	926	POMINIECIE	2	1	6	Other	W języku polskim zwyczaj typograficzny nakazuje wielokropek umieszczać w nawiasie kwadratowym: <suggestion>[...]</suggestion>.	[...]
L	927	Posiadają zdolność redukcji azotanu srebra(I).
M	927	POSIADAC_MIEC	1	0	9	Hint	Niepoprawne jest łączenie czasownika „posiadać” z nazwami rzeczy drobnych i abstrakcyjnych oraz osób. Poprawnie: <suggestion>mają</suggestion>.	Mają
L	928	Pan(i):
L	929	1 + 19=20
M	929	SPACJA_ZNAK_ROWNOSCI	1	6	9	Other	Brak spacji wokół znaku równości: <suggestion> = 20</suggestion>	 = 20
L	930	1 + 19= 20
M	930	SPACJA_ZNAK_ROWNOSCI	1	6	10	Other	Brak spacji wokół znaku równości: <suggestion> = 20</suggestion>	 = 20
L	931	1 + 19 = 20
L	932	zamek (= zapięcie)
M	932	UPPERCASE_SENTENCE_START		0	5	Other	To zdanie nie zaczyna się wielką literą	Zamek
L	933	Umożliwia posługiwanie się operatorami: '==', '!=', '>', '<', '>=' i '<='.
L	934	1 + 19=20
M	934	SPACJA_ZNAK_ROWNOSCI	1	6	9	Other	Brak spacji wokół znaku równości: <suggestion> = 20</suggestion>	 = 20
L	935	1 + 19 =20
M	935	SPACJA_ZNAK_ROWNOSCI	2	7	10	Other	Brak spacji wokół znaku równości: <suggestion> = 20</suggestion>	 = 20
L	936	1 + 19 = 20
L	937	zamek (= zapięcie)
M	937	UPPERCASE_SENTENCE_START		0	5	Other	To zdanie nie zaczyna się wielką literą	Zamek
L	938	zamek (=zapięcie)
M	938	UPPERCASE_SENTENCE_START		0	5	Other	To zdanie nie zaczyna się wielką literą	Zamek
M	938	SPACJA_ZNAK_ROWNOSCI	2	7	16	Other	Brak spacji wokół znaku równości: <suggestion> = zapięcie</suggestion>	 = zapięcie
L	939	Umożliwia posługiwanie się operatorami: '==', '!=', '>', '<', '>=' i '<='.
L	940	Rozdzielczość ekranu 800 x 600
M	940	MNOZENIE	1	21	30	Other	Ten znak mnożenia lepiej zastąpić typograficznym: <suggestion>800 × 600</suggestion>.	800 × 600
L	941	Rozdzielczość ekranu 800 × 600
L	942	12 X 1945
L	943	Rozdzielczość ekranu 800x600
M	943	MNOZENIE	2	21	28	Other	Ten znak mnożenia lepiej zastąpić typograficznym: <suggestion>800 × 600</suggestion>.	800 × 600
L	944	Rozdzielczość ekranu 800×600
L	945	Jaś napisał na szafce "k.... mać".
L	946	To jest ważne – o ile mi wiadomo.
L	947	To jest ważne... o ile mi wiadomo.
L	948	Jaś napisał na szafce "k.... mać".
L	949	To jest ważne – o ile mi wiadomo.
L	950	To jest ważne...
L	951	To jest problem….
M	951	PL_ELLIPSIS_DOT	1	15	17	Other	Zbędna kropka po wielokropku. Wystarczy <suggestion>…</suggestion>.	…
L	952	To jest problem…
L	953	To jest jak wiadomo „cytat „w cytacie”, który jest długi”.
M	953	ZDANIA_ZLOZONE	5	3	21	Other	W tym zdaniu złożonym brakuje przecinka lub spójnika między jednym czasownikiem („jest”) a drugim („wiadomo”).	
M	953	ZAGNIEZDZONE_CUDZYSLOWY	1	27	38	Other	Cytaty w cytacie zwykle wyróżnia się cudzysłowem ostrokątnym niemieckim: <suggestion>»w cytacie«</suggestion>.	»w cytacie«
L	954	To jest „cytat »w cytacie«, który jest długi”.
L	955	„Każdy noemat ma ‘treść’”.
M	955	ZAGNIEZDZONE_CUDZYSLOWY	1	17	24	Other	Cytaty w cytacie zwykle wyróżnia się cudzysłowem ostrokątnym niemieckim: <suggestion>»treść«</suggestion>.	»treść«
L	956	Jak pisze Jan Kowalski: „to jest >>ładna krowa<<”
M	956	PL_GUILLEMET	2	33	35	Other	Czy chodziło o cudzysłów ostrokątny <suggestion>»</suggestion>?	»
M	956	PL_GUILLEMET	1	46	48	Other	Czy chodziło o cudzysłów ostrokątny <suggestion>«</suggestion>?	«
L	957	Jak pisze Jan Kowalski: „to jest »ładna krowa«”.
L	958	Jak pisze Jan Kowalski: „to jest >>ładna krowa<<”.
M	958	PL_GUILLEMET	2	33	35	Other	Czy chodziło o cudzysłów ostrokątny <suggestion>»</suggestion>?	»
M	958	PL_GUILLEMET	1	46	48	Other	Czy chodziło o cudzysłów ostrokątny <suggestion>«</suggestion>?	«
L	959	Jak pisze Jan Kowalski: „to jest »ładna krowa«”.
L	960	Co to był za pomysł, — nikt nie wiedział.
M	960	PRZECINEK_MYSLNIK	1	19	22	Other	Nie stawia się przecinka przed myślnikiem: <suggestion> —</suggestion>.	 —
L	961	Rozumiesz -- przegrywasz.
M	961	LACZNIK_MYSLNIK	1	10	12	Other	Te dwa łączniki lepiej zastąpić jednym myślnikiem: <suggestion>—</suggestion>.	—
L	962	Rozumiesz — przegrywasz.
L	963	W czerwcu 1943 „Osa” — „Kosa” uległa rozbiciu na skutek wielkiej „wsypy” w kościele św. Aleksandra w Warszawie.
L	964	W czerwcu 1943 „Osa” -„Kosa” uległa rozbiciu na skutek wielkiej „wsypy” w kościele św. Aleksandra w Warszawie.
L	965	W czerwcu 1943 „Osa” - „Kosa” uległa rozbiciu na skutek wielkiej „wsypy” w kościele św. Aleksandra w Warszawie.
L	966	Słownik angielsko - polski.
M	966	DYWIZ	1	8	26	Other	Spacje wokół dywizu (w przeciwieństwie do myślnika) są zbędne: <suggestion>angielsko-polski</suggestion>; jeśli to miał być myślnik, to należy napisać <suggestion>angielsko — polski</suggestion>.	angielsko-polski|angielsko — polski
L	967	Słownik angielsko-polski
L	968	To trudna sprawa — rzekł Wokulski.
L	969	Okres 5—letni.
M	969	LICZBA_BEZ_DYWIZU	1	6	13	Other	Myślnika nie używa się wewnątrz wyrazu: <suggestion>5-letni</suggestion>. Jeśli ten znak jest między osobnymi wyrazami, należy napisać ze spacjami: <suggestion>5 — letni</suggestion>.	5-letni|5 — letni
L	970	Okres 5-letni
L	971	Jest bardzo popularny na świecie, a w latach 70–tych zwłaszcza w Grójcu.
M	971	LICZEBNIKI	3	45	52	Other	Liczebniki porządkowe zapisujemy nie z końcówkami przypadków, tylko z kropką: <suggestion>70.</suggestion>.	70.
L	972	V.S. Ramachandran, dz. cyt., s. 266—267.
M	972	MORFOLOGIK_RULE_PL_PL		5	17	Other	Wykryto prawdopodobny błąd pisowni	
M	972	LICZBA_BEZ_DYWIZU_ZAKRES	1	32	39	Other	Myślnika nie używa się w oznaczeniu zakresu liczbowego. Powinno być: <suggestion>266-267</suggestion> lub <suggestion>266–267</suggestion> (z półpauzą).	266-267|266–267
L	973	V.S. Ramachandran, dz. cyt., s. 266-267.
M	973	MORFOLOGIK_RULE_PL_PL		5	17	Other	Wykryto prawdopodobny błąd pisowni	
L	974	To było w latach 27 p.n.e.—14 n.e.
M	974	DATA_BEZ_DYWIZU_ZAKRES	1	17	29	Other	Myślnika nie używa się w oznaczeniu zakresu dat. Powinno być: <suggestion>27 p.n.e.-14</suggestion> lub <suggestion>27 p.n.e. – 14</suggestion> (z półpauzą).	27 p.n.e.-14|27 p.n.e. – 14
L	975	To było w latach 27 p.n.e. – 14 n.e.
L	976	To było w latach 27 p.n.e.—ok. 14 n.e.
M	976	DATA_BEZ_DYWIZU_ZAKRES	2	17	29	Other	Myślnika nie używa się w oznaczeniu zakresu dat. Powinno być: <suggestion>27 p.n.e. – ok</suggestion> (z półpauzą).	27 p.n.e. – ok
L	977	To było w latach 27 p.n.e. – ok. 14 n.e.
L	978	To było w latach 1927 —ok. 1934
M	978	DATA_BEZ_DYWIZU_ZAKRES	3	17	25	Other	Myślnika nie używa się w oznaczeniu zakresu dat ani liczb. Powinno być: <suggestion>1927 – ok</suggestion> (z półpauzą).	1927 – ok
L	979	To było w latach 1927 – ok. 1934.
L	980	Liczba Polaków w Argentynie wynosiła ok. 25 tys. a w 1939 — ok. 120 tysięcy.
L	981	To był 19 — latek
M	981	X-LATEK_MYSLNIK	1	7	17	Other	To słowo należy pisać bez spacji i z dywizem: <suggestion>19-latek</suggestion>.	19-latek
L	982	To jest 25 - latek.
M	982	X-LATEK	1	8	18	Other	Prawdopodobna zbędna spacja: <suggestion>25-latek</suggestion>.	25-latek
L	983	To jest 25 - letni mężczyzna.
M	983	X-LATEK	1	8	18	Other	Prawdopodobna zbędna spacja: <suggestion>25-letni</suggestion>.	25-letni
L	984	To było nasze 70 - lecie
M	984	X-LATEK	1	14	24	Other	Prawdopodobna zbędna spacja: <suggestion>70-lecie</suggestion>.	70-lecie
L	985	To jest przykład pierwszo-, drugo- i trzeciorzędowy.
L	986	To jest przykład pierwszo–, drugo- i trzeciorzędowy.
M	986	MYSLNIK_ZAMIAST_DYWIZU_WYLICZENIE	1	17	26	Other	Myślnika ani półpauzy nie używa się do rozdzielania wielokrotnego wystąpienia przymiotnika złożonego. Poprawnie: <suggestion>pierwszo-</suggestion>.	pierwszo-
L	987	To jest przykład pierwszo-, drugo– i trzeciorzędowy.
M	987	MYSLNIK_ZAMIAST_DYWIZU_WYLICZENIE	1	28	34	Other	Myślnika ani półpauzy nie używa się do rozdzielania wielokrotnego wystąpienia przymiotnika złożonego. Poprawnie: <suggestion>drugo-</suggestion>.	drugo-
L	988	00-950 Warszawa
L	989	00–950 Warszawa
M	989	KOD_POCZTOWY_POLPAUZA	1	0	6	Other	Prawdopodobnie zły format kodu pocztowego. W kodzie pocztowym używamy dywizu, nie półpauzy: <suggestion>00-950</suggestion>.	00-950
L	990	Było to w sierpniu '05.
M	990	APOSTROF_DATA	1	19	22	Other	Prawdopodobnie błędny skrót daty rocznej; nie stawia się apostrofu przed datami rocznymi, które przypadają w pierwszych dwóch dekadach wieku. Poprawnie: <suggestion>1905</suggestion> lub <suggestion>2005</suggestion>.	1905|2005
L	991	Maj '68 był bardzo gorącym okresem.
L	992	Współrzędne: 59°47'16"N
L	993	Zapraszamy na Euro '2012.
M	993	APOSTROF_DATA	2	19	24	Other	Prawdopodobnie zbędny apostrof przed pełną datą roczną. Poprawnie: <suggestion>2012</suggestion>.	2012
L	994	Zapraszamy na obchody Maja '68.
L	995	Piekne lata '90.
M	995	MORFOLOGIK_RULE_PL_PL		0	6	Other	Wykryto prawdopodobny błąd pisowni	Piękne|Piękna|Pięknie|Pięknej|Piękny|Piękną|Piękno|Pięknem|Piekle|Piękni|Piekę|Pięknu|Pęknę|Mięknę|Pienne|Pieklę|Cieknę|Jęknę|Pierne|Piknę|Pięknię|Sieknę
M	995	APOSTROF_DATA	3	12	15	Other	Zbędny apostrof. Poprawnie: <suggestion>90</suggestion>	90
L	996	To były lata 90.
L	997	Piekne lata '90 były za nami
M	997	MORFOLOGIK_RULE_PL_PL		0	6	Other	Wykryto prawdopodobny błąd pisowni	Piękne|Piękna|Pięknie|Pięknej|Piękny|Piękną|Piękno|Pięknem|Piekle|Piękni|Piekę|Pięknu|Pęknę|Mięknę|Pienne|Pieklę|Cieknę|Jęknę|Pierne|Piknę|Pięknię|Sieknę
M	997	APOSTROF_DATA	4	12	15	Other	Zbędny apostrof. Poprawnie: <suggestion>90.</suggestion>	90.
L	998	To były lata 90., ale co tu dużo mówić.
L	999	11 XI 1918
L	1000	11.XI.1918
M	1000	DATA_KROPKA_RZYMSKIE	1	0	10	Hint	Prawdopodobnie błędny zapis daty. Powinno być bez kropek: <suggestion>11 XI 1918</suggestion>.	11 XI 1918
L	1001	11 XI 1918
L	1002	11-XI-1918
M	1002	DATA_DYWIZ_RZYMSKIE	1	0	10	Hint	Prawdopodobnie błędny zapis daty. Powinno być bez dywizów: <suggestion>11 XI 1918</suggestion>.	11 XI 1918
L	1003	Na początku lat 1840. ulica Zachodnia została połączona na północy z ulicą Stodolnianą na Starym Mieście.
M	1003	DATA_DEKADY	1	16	21	Hint	Błędnie zapisana nazwa dekady. Poprawnie: <suggestion>40. XIX w.</suggestion>	40. XIX w.
M	1003	MORFOLOGIK_RULE_PL_PL		75	86	Other	Wykryto prawdopodobny błąd pisowni	
L	1004	Wspominam piękne lata 1990.
M	1004	DATA_DEKADY	1	22	27	Hint	Błędnie zapisana nazwa dekady. Poprawnie: <suggestion>90. XX w.</suggestion>	90. XX w.
L	1005	W latach 1770. Smith osiedlił się w miejscowości wypoczynkowej Bath.
M	1005	DATA_DEKADY	1	9	14	Hint	Błędnie zapisana nazwa dekady. Poprawnie: <suggestion>70. XVIII w.</suggestion>	70. XVIII w.
L	1006	Szampan jest więc szybko butelkowany od lat 1660.
M	1006	DATA_DEKADY	1	44	49	Hint	Błędnie zapisana nazwa dekady. Poprawnie: <suggestion>60. XVII w.</suggestion>	60. XVII w.
L	1007	Szampan jest więc szybko butelkowany od lat 1560.
M	1007	DATA_DEKADY	1	44	49	Hint	Błędnie zapisana nazwa dekady. Poprawnie: <suggestion>60. XVI w.</suggestion>	60. XVI w.
L	1008	Szampan jest więc szybko butelkowany od lat 1460.
M	1008	DATA_DEKADY	1	44	49	Hint	Błędnie zapisana nazwa dekady. Poprawnie: <suggestion>60. XV w.</suggestion>	60. XV w.
L	1009	Szampan jest więc szybko butelkowany od lat 1360.
M	1009	DATA_DEKADY	1	44	49	Hint	Błędnie zapisana nazwa dekady. Poprawnie: <suggestion>60. XIV w.</suggestion>	60. XIV w.
L	1010	Szampan jest więc szybko butelkowany od lat 1260.
M	1010	DATA_DEKADY	1	44	49	Hint	Błędnie zapisana nazwa dekady. Poprawnie: <suggestion>60. XIII w.</suggestion>	60. XIII w.
L	1011	Szampan jest więc szybko butelkowany od lat 1160.
M	1011	DATA_DEKADY	1	44	49	Hint	Błędnie zapisana nazwa dekady. Poprawnie: <suggestion>60. XII w.</suggestion>	60. XII w.
L	1012	Lata zerowe XXI wieku charakteryzowały się historycznymi zmianami.
M	1012	DATA_DEKADY	2	0	15	Hint	Błędny zapis nazwy dekady. Poprawnie: <suggestion>pierwsza dekada XXI</suggestion>.	Pierwsza dekada XXI
L	1013	Lata 1900. charakteryzowały się historycznymi zmianami.
M	1013	DATA_DEKADY	3	0	10	Hint	Błędnie zapisana nazwa dekady. Poprawnie: <suggestion>pierwsza dekada XX w.</suggestion>	Pierwsza dekada XX w.
L	1014	Lata 1910. charakteryzowały się historycznymi zmianami.
M	1014	DATA_DEKADY	4	0	10	Hint	Błędnie zapisana nazwa dekady. Poprawnie: <suggestion>druga dekada XX w.</suggestion>	Druga dekada XX w.
L	1015	„prawdziwe arcydzieło (…) o wprost ogromnej teoretycznej doniosłości
M	1015	UPPERCASE_SENTENCE_START		1	10	Other	To zdanie nie zaczyna się wielką literą	Prawdziwe
M	1015	POMINIECIE	1	22	25	Other	W języku polskim zwyczaj typograficzny nakazuje wielokropek umieszczać w nawiasie kwadratowym: <suggestion>[…]</suggestion>.	[…]
L	1016	„prawdziwe arcydzieło […] o wprost ogromnej teoretycznej doniosłości
M	1016	UPPERCASE_SENTENCE_START		1	10	Other	To zdanie nie zaczyna się wielką literą	Prawdziwe
L	1017	„prawdziwe arcydzieło (...) o wprost ogromnej teoretycznej doniosłości
M	1017	UPPERCASE_SENTENCE_START		1	10	Other	To zdanie nie zaczyna się wielką literą	Prawdziwe
M	1017	POMINIECIE	2	22	27	Other	W języku polskim zwyczaj typograficzny nakazuje wielokropek umieszczać w nawiasie kwadratowym: <suggestion>[...]</suggestion>.	[...]
L	1018	„prawdziwe arcydzieło [...] o wprost ogromnej teoretycznej doniosłości
M	1018	UPPERCASE_SENTENCE_START		1	10	Other	To zdanie nie zaczyna się wielką literą	Prawdziwe
L	1019	To jest wyraz „krowa”.
L	1020	To jest wyraz “krowa”.
M	1020	CUDZYSLOW_OTWIERAJACY	1	14	15	Other	Cudzysłów niezgodny z polskimi normami typograficznymi. Poprawnie: <suggestion>„</suggestion>.	„
M	1020	PL_UNPAIRED_BRACKETS		20	21	Other	Brak niesparowanego symbolu: „„”	
L	1021	To jest wyraz „krowa”.
L	1022	To jest wyraz „krowa“.
M	1022	PL_UNPAIRED_BRACKETS		14	15	Other	Brak niesparowanego symbolu: „””	
M	1022	CUDZYSLOW_OTWIERAJACY	2	20	21	Other	Cudzysłów niezgodny z polskimi normami typograficznymi. Poprawnie: <suggestion>”</suggestion>.	”
L	1023	To jest coś ("test").
L	1024	To jest coś („test”).
L	1025	To jest coś ("test" reguły).
L	1026	To jest coś („test” reguły).
L	1027	To jest "test", który jest poprawny.
L	1028	To jest coś ("test").
L	1029	To jest coś („test” reguły).
L	1030	To jest "test".
L	1031	To jest „test”.
L	1032	"Test".
L	1033	„Test”.
L	1034	"Test"
L	1035	"Witaj Moskwo!"
L	1036	„Test”
L	1037	To jest tzw. „jednoręki bandyta”.
M	1037	TZW_CUDZYSLOW	1	13	32	Other	Po skrócie „tzw.” nie używa się już cudzysłowu. Poprawnie: <suggestion>jednoręki bandyta</suggestion>.	jednoręki bandyta
L	1038	To jest tzw. jednoręki bandyta.
L	1039	Poszedłem do sklepu (za rogiem) (bo chleba nie miałem).
M	1039	ZBIEG_NAWIASOW	1	30	33	Other	W wypadku zbiegu dwóch nawiasów zwykle się je łączy, a treść rozdziela się średnikiem: <suggestion>; </suggestion>.	; 
L	1040	Poszedłem do sklepu (za rogiem; bo chleba nie miałem).
L	1041	(Całe zdanie jest w nawiasie.)
M	1041	KROPKA_W_NAWIASIE	1	28	30	Other	Kropka kończąca zdanie powinna znajdować się za nawiasem (uwaga: dawniejsze reguły nakazywały stawiać kropkę przed nawiasem, jeśli w nawiasie znajdowało się całe zdanie; te reguły są dziś nieaktualne). Poprawnie: <suggestion>).</suggestion>	).
L	1042	Jest na to wiele przykładów (herbata, mleko, woda...).
L	1043	(Całe zdanie jest w nawiasie).
L	1044	Po zakończeniu jego kadencji (pod koniec maja br.) zamierzam ubiegać się o wybór do zarządu.
L	1045	Sienkiewicz, Henryk (red.)
L	1046	To duża kwota (730 tys.)
L	1047	To długo trwało (zwłaszcza w latach 50.) i do dziś trwa.
L	1048	(Gnaeus Domitius Ahenobarbus, w 28 n.e.)
M	1048	MORFOLOGIK_RULE_PL_PL		1	7	Other	Wykryto prawdopodobny błąd pisowni	
M	1048	MORFOLOGIK_RULE_PL_PL		8	16	Other	Wykryto prawdopodobny błąd pisowni	
M	1048	MORFOLOGIK_RULE_PL_PL		17	28	Other	Wykryto prawdopodobny błąd pisowni	
L	1049	Zofia Staszczak (red. nauk.) Słownik etnologiczny.
L	1050	Jezioro Bajkał (1637 m p.p.m.)
L	1051	(W Bytomiu w XIII w.)
L	1052	„Całe zdanie jest w cudzysłowie.”
M	1052	KROPKA_W_CUDZYSLOWIE	1	31	33	Other	Kropka kończąca zdanie powinna znajdować się po cudzysłowie: <suggestion>”.</suggestion>	”.
L	1053	„Całe zdanie jest w nawiasie”.
L	1054	Skrót „gr.”
L	1055	„Poczta polowa W.P.”
L	1056	To jest przykład., który znamy.
M	1056	KROPKA_PRZED_PRZECINKIEM	1	8	18	Other	Czy na pewno tu ma być kropka? Może chodziło o <suggestion>przykład,</suggestion>?	przykład,
L	1057	Grabski Andrzej Feliks – Polska w opiniach obcych X-XIII w., Warszawa 1964.
L	1058	Dziwny to przykład.
L	1059	Używane było najczęściej w latach 70. i 80., wraz z pierwszą i drugą falą fandomu.
L	1060	Bibliografia Goodman M., Sherwood J. 1997.
L	1061	... wychowywanych w szkole narodowej polskiej..., Paryż 1852
M	1061	ZNAK_INTERPUNKCYJNY_NA_POCZATKU_ZDANIA	1	0	2	Other	Znaków interpunkcyjnych nie stawia się na początku zdania.	
L	1062	Stan ten przezwyciężono dopiero na początku lat 90., kiedy wprowadzono stabilizację waluty.
L	1063	Kotula T., Septymiusz Sewerus, cesarz z Lepcis Magna., Ossolineum, Wrocław 1987.
M	1063	MORFOLOGIK_RULE_PL_PL		22	29	Other	Wykryto prawdopodobny błąd pisowni	Seweryn|Sewery|Sewerów|Sewer us
M	1063	MORFOLOGIK_RULE_PL_PL		40	46	Other	Wykryto prawdopodobny błąd pisowni	Lepcie|Lep cis
M	1063	KROPKA_PRZED_PRZECINKIEM	1	47	54	Other	Czy na pewno tu ma być kropka? Może chodziło o <suggestion>Magna,</suggestion>?	Magna,
L	1064	Molesta Ewenement, Tewu, DonGuralesko, O.S.T.R., Jamal, Natural Dread Killaz
M	1064	MORFOLOGIK_RULE_PL_PL		0	7	Other	Wykryto prawdopodobny błąd pisowni	Bolesta|Modesta|Bolestą|Modestą|Moleta|Moletą
M	1064	MORFOLOGIK_RULE_PL_PL		19	23	Other	Wykryto prawdopodobny błąd pisowni	Temu|Lewy|Tedy|Tezy|Tędy|Ewy|Mewy|Tępy|Newy|Tey|Cewy|Dewy|Rewy|Teł|Teby|Tery|Zewu|Tety|Tegu|Stewy|Teru|Texu|Zewy|Jewy|Teyu|Tuwy|Tefu|Tefy|Teju|Teku|Teowy|Texy|Tęży|Te wu
M	1064	NIETYPOWA_KOMBINACJA_DUZYCH_I_MALYCH_LITER	1	25	37	Other	Nietypowa kombinacja małych i dużych liter. Czy nie powinno być: <suggestion>donguralesko</suggestion>?	donguralesko
M	1064	MORFOLOGIK_RULE_PL_PL		49	54	Other	Wykryto prawdopodobny błąd pisowni	Jamał|Łamał|Jadał|Jama|Jąkał|Jamą|Jamału|Jarał|Jamale|Amal|Jumał|Tamal|Jam al|Jama l
M	1064	MORFOLOGIK_RULE_PL_PL		56	63	Other	Wykryto prawdopodobny błąd pisowni	Natyrał|Natura|Naturą|Natykał|Naturae|Naturel|Naturam|Natyrać|Naturale|Naturali|Natyra|Natułał|Natyraj|Natyrali|Natyram|Natyrała|Natyrało|Natyrały|Natyrań|Zatyrał|Natur al|Natura l
M	1064	MORFOLOGIK_RULE_PL_PL		70	76	Other	Wykryto prawdopodobny błąd pisowni	
L	1065	To m.in. Jurek.
L	1066	To m. in. Jurek.
M	1066	SPACJA_W_SKROCIE	1	3	9	Other	Ten skrót zapisuje się bez spacji: <suggestion>m.in.</suggestion>.	m.in.
L	1067	Spółka z o.o.
L	1068	Spółka z o. o. Jurek.
M	1068	SPACJA_W_SKROCIE	2	7	14	Other	Ten skrót zapisuje się bez spacji: <suggestion>z o.o.</suggestion>.	z o.o.
L	1069	To było w roku 241 p. n.e.
M	1069	PNE_SPACJE	3	19	25	Other	Ten skrót zapisuje się bez spacji: <suggestion>p.n.e</suggestion>.	p.n.e
L	1070	To było w roku 241 p.n. e.
M	1070	SPACJA_W_SKROCIE	4	19	25	Other	Ten skrót zapisuje się bez spacji: <suggestion>p.n.e</suggestion>.	p.n.e
L	1071	To było w roku 5 n. e.
M	1071	SPACJA_W_SKROCIE	5	17	21	Other	Ten skrót zapisuje się bez spacji: <suggestion>n.e</suggestion>.	n.e
L	1072	dz. cyt., s. 123
M	1072	UPPERCASE_SENTENCE_START		0	2	Other	To zdanie nie zaczyna się wielką literą	Dz
L	1073	dz.cyt.
M	1073	BRAK_SPACJI_W_SKROCIE	1	0	7	Other	Brak spacji w skrócie. Zapisujemy go tak: <suggestion>dz. cyt.</suggestion>.	dz. cyt.
L	1074	op. cit., s. 123
M	1074	UPPERCASE_SENTENCE_START		0	2	Other	To zdanie nie zaczyna się wielką literą	Op
L	1075	op.cit.
M	1075	BRAK_SPACJI_W_SKROCIE	2	0	7	Other	Brak spacji w skrócie. Zapisujemy go tak: <suggestion>op. cit.</suggestion>.	op. cit.
L	1076	Skąd ten pomysł;?
M	1076	SREDNIK_PYTAJNIK	1	15	17	Other	Przed znakiem zapytania nie używa się średnika. Czy chodziło o <suggestion>?</suggestion>, czy o <suggestion>;</suggestion>?	?|;
L	1077	Skąd ten pomysł?
L	1078	To jest zarzut #1.
M	1078	_NR_	1	15	17	Hint	Anglicyzm. W polskiej tradycji typograficznej powinno być: <suggestion>nr 1</suggestion>.	nr 1
L	1079	To jest zarzut nr 1.
L	1080	150 dag wiórek kokosowych
M	1080	WIOREK_WIORKOW	1	8	14	Other	Błędna odmiana. Powinno być: <suggestion>wiórków</suggestion>.	wiórków
L	1081	Zjechał z ronda na zielonym światle.
M	1081	SWIATLE_SWIETLE	1	28	35	Other	Błędna forma rzeczownika. Poprawnie: <suggestion>świetle</suggestion>.	świetle
L	1082	Zjechał z ronda na zielonym świetle.
L	1083	Mogła za cenę płacenia komornego wyjechać, mając rodziców, którzy zdjęli ciężar z bark.
M	1083	Z_BARK	1	80	86	Other	Błędna odmiana. Powinno być: <suggestion>z barków</suggestion> (= z ramion).	z barków
L	1084	Mogła za cenę płacenia komornego wyjechać, mając rodziców, którzy zdjęli ciężar z barków.
L	1085	To kosztowało 42 złoty.
M	1085	DWA_ZLOTYCH	1	14	22	Other	Błędna forma odmiany. Piszemy: <suggestion>42 złote</suggestion>.	42 złote
L	1086	Mam 2 złotych.
M	1086	DWA_ZLOTYCH	1	4	13	Other	Błędna forma odmiany. Piszemy: <suggestion>2 złote</suggestion>.	2 złote
L	1087	To kosztowało 42 złote.
L	1088	Mam 12 złotych.
L	1089	Mam 1013 złotych.
L	1090	To kosztowało 1 złote.
M	1090	DWA_ZLOTYCH	2	14	21	Other	Błędna forma odmiany. Piszemy: <suggestion>1 złoty</suggestion>.	1 złoty
L	1091	To kosztowało 1 złoty.
L	1092	To kosztowało 14 złoty.
M	1092	DWA_ZLOTYCH	3	14	22	Other	Błędna forma odmiany. Piszemy: <suggestion>14 złotych</suggestion>.	14 złotych
L	1093	Mam 5 złote.
M	1093	DWA_ZLOTYCH	3	4	11	Other	Błędna forma odmiany. Piszemy: <suggestion>5 złotych</suggestion>.	5 złotych
L	1094	To kosztowało 14 złotych.
L	1095	Mam 12 złotych.
L	1096	Mam 1013 złotych.
L	1097	Mam 10 złote.
M	1097	DWA_ZLOTYCH	3	4	12	Other	Błędna forma odmiany. Piszemy: <suggestion>10 złotych</suggestion>.	10 złotych
L	1098	Obiecano odmrożenie zablokowanych aktyw reżimu.
M	1098	AKTYW	1	20	39	Other	Błędna odmiana. Poprawnie: <suggestion>zablokowanych aktywów</suggestion>.	zablokowanych aktywów
L	1099	Obiecano odmrożenie zablokowanych aktywów reżimu.
L	1100	Nie tkniesz moich aktyw!
M	1100	AKTYW	1	12	23	Other	Błędna odmiana. Poprawnie: <suggestion>moich aktywów</suggestion>.	moich aktywów
L	1101	Wieje tylni wiatr.
M	1101	TYLNI	1	6	17	Other	To błędna forma tego przymiotnika. Poprawnie: <suggestion>tylny wiatr</suggestion>.	tylny wiatr
L	1102	Wieje tylny wiatr.
L	1103	Siedzę na tylnim siedzeniu.
M	1103	TYLNI	2	10	26	Other	To błędna forma tego przymiotnika. Poprawnie: <suggestion>tylnym siedzeniu</suggestion>.	tylnym siedzeniu
L	1104	Siedzę na tylnym siedzeniu.
L	1105	Organizacja bali sylwestrowych to nasza specjalność.
M	1105	BALI_BALOW	1	12	16	Other	Niepoprawna odmiana. Powinno być: <suggestion>balów</suggestion>.	balów
L	1106	Organizacja balów karnawałowych to nasza specjalność.
L	1107	Mam dwa dzieci.
M	1107	DWA_DZIECI	1	4	7	Other	Błędna forma liczebnika. Powinno być: <suggestion>dwoje</suggestion>.	dwoje
L	1108	Przez ulicę szło dwoje dzieci.
L	1109	Mam trzy dzieci.
M	1109	DWA_DZIECI	2	4	8	Other	Błędna forma liczebnika. Powinno być: <suggestion>troje</suggestion>.	troje
L	1110	Przez ulicę szło troje dzieci.
L	1111	Mam cztery dzieci.
M	1111	DWA_DZIECI	3	4	10	Other	Błędna forma liczebnika. Powinno być: <suggestion>czworo</suggestion>.	czworo
L	1112	Przez ulicę szło czworo dzieci.
L	1113	Porozmawiajmy w cztery oczy.
L	1114	Porozmawiajmy w cztery oczy.
L	1115	Żyjątko ma cztery oczy.
M	1115	DWA_DZIECI	4	11	22	Other	Błędna forma liczebnika. Powinno być: <suggestion>czworo oczu</suggestion>.	czworo oczu
L	1116	Mam pięć dzieci.
M	1116	DWA_DZIECI	5	4	8	Other	Błędna forma liczebnika. Powinno być: <suggestion>pięcioro</suggestion>.	pięcioro
L	1117	Przez ulicę szło pięcioro dzieci.
L	1118	Mam sześć dzieci.
M	1118	DWA_DZIECI	6	4	9	Other	Błędna forma liczebnika. Powinno być: <suggestion>sześcioro</suggestion>.	sześcioro
L	1119	Przez ulicę szło sześcioro dzieci.
L	1120	Mam siedem dzieci.
M	1120	DWA_DZIECI	7	4	10	Other	Błędna forma liczebnika. Powinno być: <suggestion>siedmioro</suggestion>.	siedmioro
L	1121	Przez ulicę szło siedmioro dzieci.
L	1122	Mam osiem dzieci.
M	1122	DWA_DZIECI	8	4	9	Other	Błędna forma liczebnika. Powinno być: <suggestion>ośmioro</suggestion>.	ośmioro
L	1123	Przez ulicę szło ośmioro dzieci.
L	1124	Mam dziewięć dzieci.
M	1124	DWA_DZIECI	9	4	12	Other	Błędna forma liczebnika. Powinno być: <suggestion>dziewięcioro</suggestion>.	dziewięcioro
L	1125	Przez ulicę szło dziewięcioro dzieci.
L	1126	Mam siedemnaście dzieci.
M	1126	DWA_DZIECI	10	4	16	Other	Błędna forma liczebnika. Powinno być: <suggestion>siedemnaścioro</suggestion>.	siedemnaścioro
L	1127	Przez ulicę szło dziewiętnaścioro dzieci.
L	1128	Mam dwadzieścia dzieci.
M	1128	DWA_DZIECI	11	4	15	Other	Błędna forma liczebnika. Powinno być: <suggestion>dwadzieścioro</suggestion>.	dwadzieścioro
L	1129	Przez ulicę szło dwadzieścioro dzieci.
L	1130	Mam trzydzieści dzieci.
M	1130	DWA_DZIECI	12	4	15	Other	Błędna forma liczebnika. Powinno być: .<suggestion>trzydzieścioro</suggestion>	trzydzieścioro
L	1131	Przez ulicę szło czterdzieścioro dzieci.
L	1132	Mam siedemdziesiąt dzieci.
M	1132	DWA_DZIECI	13	4	18	Other	Błędna forma liczebnika. Powinno być: <suggestion>siedemdziesięcioro</suggestion>.	siedemdziesięcioro
L	1133	Przez ulicę szło dziewięćdziesięcioro dzieci.
L	1134	Rozegrałem wiele meczów.
L	1135	Rozegrałem wiele meczy.
M	1135	MECZY	1	17	22	Other	Wiele osób uznaje tę formę dopełniacza liczby mnogiej za niepoprawną. Lepiej: <suggestion>meczów</suggestion>.	meczów
L	1136	Byłem ostatnio w Zakopanym.
M	1136	ZAKOPANYM	1	17	26	Other	Prawdopodobny błąd odmiany. Powinno być: <suggestion>Zakopanem</suggestion> (=mieście).	Zakopanem
L	1137	Byłem ostatnio w Zakopanem.
L	1138	Mimo to czas przejazdu skraca się z 4 i pół do 3 i pół godzin.
M	1138	POL_GODZIN	1	55	61	Other	Niepoprawna odmiana. Powinno być: <suggestion>godziny</suggestion>.	godziny
L	1139	Mimo to czas przejazdu skraca się z czterech i pół do trzech i pół godziny.
L	1140	Nie znam kulisów tej sprawy.
M	1140	KULISOW	1	9	16	Other	Jeśli nie chodzi o azjatyckich tragarzy, tylko o teatr lub tajniki jakichś spraw, należy w dopełniaczu liczby mnogiej napisać: <suggestion>kulis</suggestion> (l. poj. „kulisa”).	kulis
L	1141	Poseł nie chciał zdradzić kulis negocjacji koalicyjnych.
L	1142	Ten temat nie schodzi z łam „Misia”.
M	1142	Z_LAM	1	24	27	Other	Niepoprawna forma. Powinno być: <suggestion>łamów</suggestion>.	łamów
L	1143	Warto skorzystać z łamów „Konia polskiego” i zająć się problemem rozmnażania kotów.
L	1144	Nie mają czym zapełnić łam gazet.
M	1144	Z_LAM	2	23	26	Other	Niepoprawna forma. Powinno być: <suggestion>łamów</suggestion>.	łamów
L	1145	Warto skorzystać z łamów prasy i zająć się problemem rozmnażania kotów.
L	1146	Skok przez kozła
M	1146	SKAKAC_PRZEZ_KOZLA	1	11	16	Other	Niepoprawna odmiana wyrazu. Biernik wyrazu „kozioł” (rodzaj przyrządu gimnastycznego) brzmi: <suggestion>kozioł</suggestion>.	kozioł
L	1147	Skakałem przez kozioł i było mi miło.
L	1148	Wyrzucono go z Białorusi jako personę non grata.
M	1148	PERSONA_NON_GRATA	1	30	47	Other	Pierwszego wyrazu z tego wyrażenia łacińskiego nie odmienia się po polsku (można po łacinie, jeśli ktoś nią włada). Poprawnie: <suggestion>persona non grata</suggestion>.	persona non grata
L	1149	Zbychu jest w naszym pubie persona non grata.
L	1150	Kup pół kila makaronu.
M	1150	POL_KILA	1	8	12	Other	Prawdopodobny błąd odmiany. Powinno być <suggestion>kilo</suggestion> (=kilogram).	kilo
L	1151	Kup dwa kilo kiełbasy.
L	1152	Do upieczenia ciasta potrzeba nam 2 deka makaronu.
L	1153	Do upieczenia ciasta potrzeba nam 2 deko makaronu.
M	1153	JEDEN_DEKO	1	36	40	Other	Mówimy <suggestion>deka</suggestion> („deka” to skrót od „dekagram”).	deka
L	1154	Do upieczenia ciasta potrzeba nam dwa deka makaronu.
L	1155	Do upieczenia ciasta potrzeba nam dwa deko makaronu.
M	1155	JEDEN_DEKO	2	38	42	Other	Mówimy <suggestion>deka</suggestion> („deka” to skrót od „dekagram”).	deka
L	1156	Słoneczne lato roku dwutysięcznego drugiego płynęło sobie powoli i sielankowo.
M	1156	DWUTYSIECZNY_PIERWSZY	1	20	43	Other	Błędna forma liczebnika porządkowego. Powinno być: <suggestion>dwa tysiące drugiego</suggestion>.	dwa tysiące drugiego
L	1157	Słoneczne lato roku dwa tysiące drugiego upłynęło sielankowo.
L	1158	Przyczyna wojny był atak Saddama Husseina na Kuwejt w dniu drugiego sierpnia 1990 roku.
M	1158	MORFOLOGIK_RULE_PL_PL		33	41	Other	Wykryto prawdopodobny błąd pisowni	Husejna
M	1158	W_DNIU_1_STYCZNIA	1	52	76	Other	Niepoprawna postać daty (nie istnieje „drugi sierpień”, jedynie „drugi [dzień] sierpnia”); poprawnie: <suggestion>drugiego sierpnia</suggestion> lub <suggestion>w dniu drugim sierpnia</suggestion>.	drugiego sierpnia|w dniu drugim sierpnia
L	1159	Przyczyna wojny był atak Saddama Husseina na Kuwejt drugiego sierpnia 1990 roku.
M	1159	MORFOLOGIK_RULE_PL_PL		33	41	Other	Wykryto prawdopodobny błąd pisowni	Husejna
L	1160	Potem bawił ponownie we Włoszech przez całych dziesięć lat.
M	1160	PRZEZ_CALYCH_X_LAT	1	33	58	Other	Błędna odmiana. Powinno być: <suggestion>przez całe dziesięć lat</suggestion>.	przez całe dziesięć lat
L	1161	Na przemówienie prezydenta czekały tysiące ludzi.
L	1162	Na przemówienie prezydenta czekały tysiące ludzie.
M	1162	MILIONY_LUDZIE	1	35	49	Other	Prawdopodobny błąd odmiany. Powinno być: <suggestion>tysiące ludzi</suggestion>.	tysiące ludzi
L	1163	Po pół godziny rozmowy premier zasnął.
L	1164	Po pół godzinie rozmowy premier zasnął.
M	1164	PO_POL_GODZINIE	1	0	15	Other	Niepoprawna odmiana. Mówi się <suggestion>po pół godziny</suggestion>.	Po pół godziny
L	1165	No tylko, proszę panią, wicepremierzy mają też pewne zadania.
M	1165	PROSZE_GOSIEWSKI	1	10	22	Other	To jest błędna forma. Mówimy „proszę panią o coś”, a w zwrocie do kobiety mówimy <suggestion>proszę pani</suggestion>.	proszę pani
L	1166	Koszulka bez rękaw tanio!
M	1166	BEZ_REKAW	1	9	18	Other	Błąd odmiany lub niepoprawna liczba gramatyczna. Poprawnie: <suggestion>bez rękawów</suggestion>.	bez rękawów
L	1167	Kupiłem sobie śliczną koszulę bez rękawów.
L	1168	Ja umiem mówić po polsku.
L	1169	Umiem mówić po polsku.
L	1170	Ja umie mówić po polsku.
M	1170	UMIE_ROZUMIE	1	0	7	Other	Błąd odmiany. Mówimy <suggestion>umiem</suggestion>.	Umiem
L	1171	Ja nie umiem mówić po polsku.
L	1172	Umiem mówić po polsku.
L	1173	Ja nie umie mówić po polsku.
M	1173	UMIE_ROZUMIE	2	0	11	Other	Błąd odmiany. Mówimy <suggestion>nie umiem</suggestion>.	Nie umiem
L	1174	Szkoła imienia Renaty B.
L	1175	Szkoła imieniem Renaty B.
M	1175	SZKOLA_IMIENIEM	1	7	15	Other	Mówi się „<suggestion>imienia</suggestion>”.	imienia
L	1176	Szkoła podstawowa imienia Renaty B.
L	1177	Szkoła podstawowa imieniem Renaty B.
M	1177	SZKOLA_IMIENIEM	2	18	26	Other	Mówi się „<suggestion>imienia</suggestion>”.	imienia
L	1178	Liceum ogólnokształcące imienia Renaty B.
L	1179	Liceum ogólnokształcące imieniem Renaty B.
M	1179	SZKOLA_IMIENIEM	3	24	32	Other	Mówi się „<suggestion>imienia</suggestion>”.	imienia
L	1180	Jutro jadę do Niemiec.
L	1181	Jutro jadę do Niemczech.
M	1181	DO_NIEMCZECH	1	11	23	Other	Błędna odmiana. Powinno być: <suggestion>do Niemiec</suggestion>.	do Niemiec
L	1182	Ludwik kupił sto gramów szyneczki.
L	1183	Do zasilania wystarczy dziesięć wolt.
M	1183	STO_GRAM	1	32	36	Other	Nazwy jednostek miary się odmienia. W tym wypadku powinny być w dopełniaczu: <suggestion>woltów</suggestion>.	woltów
L	1184	Ludwik kupił sto gram szyneczki.
M	1184	STO_GRAM	1	17	21	Other	Nazwy jednostek miary się odmienia. W tym wypadku powinny być w dopełniaczu: <suggestion>gramów</suggestion>.	gramów
L	1185	Ludwik kupił 100 gram szyneczki.
M	1185	STO_GRAM	1	17	21	Other	Nazwy jednostek miary się odmienia. W tym wypadku powinny być w dopełniaczu: <suggestion>gramów</suggestion>.	gramów
L	1186	Ludwik kupił sto gramów szyneczki.
L	1187	Ludwik miał ze sobą 2 gram tajemniczej białej substancji.
M	1187	STO_GRAM	2	22	26	Other	Nazwy jednostek miary się odmienia. W tym wypadku powinny być w mianowniku liczby mnogiej:<suggestion>gramy</suggestion>.	gramy
L	1188	Ludwik kupił dwa kilogram szyneczki.
M	1188	STO_GRAM	2	17	25	Other	Nazwy jednostek miary się odmienia. W tym wypadku powinny być w mianowniku liczby mnogiej:<suggestion>kilogramy</suggestion>.	kilogramy
L	1189	Stoją przed nami te nowe zadania.
L	1190	Jedno dziecko zachowuje się grzecznie.
L	1191	Jedne dziecko zachowuje się grzecznie.
M	1191	JEDNE_DZIECKO	1	0	5	Other	Ten przymiotnik lub zaimek jest w liczbie mnogiej. Prawdopodobnie należy użyć liczby pojedynczej: <suggestion>jedno</suggestion>.	Jedno
L	1192	To dziecko zachowuje się grzecznie.
L	1193	Zarzucają kopalni organizowanie protestów.
L	1194	Rosło też zapotrzebowanie na efekty takich badań.
L	1195	Niektóre wersje pozwalają na dynamiczne linkowanie bibliotek.
L	1196	Powszechnie uznaje się, że technologie językowe to jedna z kluczowych dziedzin.
L	1197	Te milczenie jest męczące.
M	1197	JEDNE_DZIECKO	1	0	2	Other	Ten przymiotnik lub zaimek jest w liczbie mnogiej. Prawdopodobnie należy użyć liczby pojedynczej: <suggestion>to</suggestion>.	To
L	1198	Te dziecko zachowuje się grzecznie.
M	1198	JEDNE_DZIECKO	1	0	2	Other	Ten przymiotnik lub zaimek jest w liczbie mnogiej. Prawdopodobnie należy użyć liczby pojedynczej: <suggestion>to</suggestion>.	To
L	1199	Mają one coś wspólnego z jego przyjacielem Hathim.
M	1199	MORFOLOGIK_RULE_PL_PL		43	49	Other	Wykryto prawdopodobny błąd pisowni	
L	1200	Wydaliśmy huczne przyjęcie.
L	1201	Umożliwiają nam one wyjaśnianie własnego zachowania retrospekcyjnie.
M	1201	MORFOLOGIK_RULE_PL_PL		52	67	Other	Wykryto prawdopodobny błąd pisowni	retrospekcyjne|retrospekcyjni|retrospekcyj nie
L	1202	Czy mogę zobaczyć pańskie prawo jazdy?
L	1203	Jedne ładne dziecko zachowuje się grzecznie.
M	1203	JEDNE_DZIECKO	2	0	5	Other	Ten przymiotnik lub zaimek jest w liczbie mnogiej. Prawdopodobnie należy użyć liczby pojedynczej: <suggestion>jedno</suggestion>.	Jedno
L	1204	Czy ktoś znalazł jakieś dowody potwierdzające takie postępowanie wojsk rosyjskich?
L	1205	Kandydatury te każde państwo będzie mogło odrzucić w ciągu 30 dni.
L	1206	Jerzy Ślaski zaprotestował też ostro przeciw częstemu określaniu walk, jakie zbrojne podziemie prowadziło przeciw sowietyzacji Polski, jako wojny domowej.
M	1206	MORFOLOGIK_RULE_PL_PL		6	12	Other	Wykryto prawdopodobny błąd pisowni	Śląski|Sląski|Śląska|Śląsku|Łaski|Śląskim|Laski|Śląsk|Śląskie|Płaski|Śląską|Hłaski|Blaski|Śliski|Alaski|Saski|Śląsko|Głaski|Plaski|Sławski|Staśki|Sławki|Mlaski|Sląska|Sląskie|Sląskim|Sląską|Sładki|Klaski|Kląski|Ś laski|Śl aski
L	1207	Dwa skrajne to utrzymanie obecnego systemu lub zniesienie wszystkich istniejących jeszcze ograniczeń.
L	1208	W Jelczańskich Zakładach Samochodowych będą wytwarzane autobusy miejskie niskopodłogowe jedno- i dwuczłonowe, autobusy turystyczne, a także ciężkie samochody transportowe.
L	1209	1 stycznia 1999
L	1210	1 styczeń 2000
M	1210	PIERWSZY_STYCZEN_1993	1	2	9	Other	Nazwy miesięcy w datach podajemy w dopełniaczu: <suggestion>stycznia</suggestion>.	stycznia
L	1211	26 luty 1939.
M	1211	PIERWSZY_STYCZEN_1993	1	3	7	Other	Nazwy miesięcy w datach podajemy w dopełniaczu: <suggestion>lutego</suggestion>.	lutego
L	1212	12 marzec 1944
M	1212	PIERWSZY_STYCZEN_1993	1	3	9	Other	Nazwy miesięcy w datach podajemy w dopełniaczu: <suggestion>marca</suggestion>.	marca
L	1213	Wojna wybuchła 1 kwiecień 1939.
M	1213	PIERWSZY_STYCZEN_1993	1	17	25	Other	Nazwy miesięcy w datach podajemy w dopełniaczu: <suggestion>kwietnia</suggestion>.	kwietnia
L	1214	13 maj 1939.
M	1214	ZAPIS_DATY_ZE_SKROTEM_BLEDNYM	5	0	11	Other	Błąd ortograficzny w skrócie lub błędna odmiana nazwy miesiąca. Powinno być: <suggestion>13 V 1939</suggestion> lub <suggestion>13 maja 1939</suggestion>.	13 V 1939|13 maja 1939
L	1215	1 czerwiec 1939.
M	1215	PIERWSZY_STYCZEN_1993	1	2	10	Other	Nazwy miesięcy w datach podajemy w dopełniaczu: <suggestion>czerwca</suggestion>.	czerwca
L	1216	12 lipiec 1939.
M	1216	PIERWSZY_STYCZEN_1993	1	3	9	Other	Nazwy miesięcy w datach podajemy w dopełniaczu: <suggestion>lipca</suggestion>.	lipca
L	1217	1 sierpień 1939.
M	1217	PIERWSZY_STYCZEN_1993	1	2	10	Other	Nazwy miesięcy w datach podajemy w dopełniaczu: <suggestion>sierpnia</suggestion>.	sierpnia
L	1218	Wojna wybuchła 1 wrzesień 1939.
M	1218	PIERWSZY_STYCZEN_1993	1	17	25	Other	Nazwy miesięcy w datach podajemy w dopełniaczu: <suggestion>września</suggestion>.	września
L	1219	1 październik 1939.
M	1219	PIERWSZY_STYCZEN_1993	1	2	13	Other	Nazwy miesięcy w datach podajemy w dopełniaczu: <suggestion>października</suggestion>.	października
L	1220	1 listopad 1939.
M	1220	PIERWSZY_STYCZEN_1993	1	2	10	Other	Nazwy miesięcy w datach podajemy w dopełniaczu: <suggestion>listopada</suggestion>.	listopada
L	1221	13 grudzień 1939.
M	1221	PIERWSZY_STYCZEN_1993	1	3	11	Other	Nazwy miesięcy w datach podajemy w dopełniaczu: <suggestion>grudnia</suggestion>.	grudnia
L	1222	1 stycznia 1999
L	1223	1. styczeń 2000
M	1223	PIERWSZY_STYCZEN_1993	2	0	10	Other	Nazwy miesięcy w datach podajemy w dopełniaczu, a dni bez kropki: <suggestion>1 stycznia</suggestion>.	1 stycznia
L	1224	Pierwszy stycznia 1999
L	1225	Pierwszy styczeń 2000
M	1225	PIERWSZY_STYCZEN_1993	3	9	16	Other	Nazwy miesięcy w datach podajemy w dopełniaczu: <suggestion>stycznia</suggestion>.	stycznia
L	1226	Uwielbiam prozę Brunona Schulza.
L	1227	Uwielbiam prozę Bruno Schulza.
M	1227	BRUNO_HUGO	1	16	21	Other	Imię Bruno jest odmienne: <suggestion>Brunona</suggestion>.	Brunona
L	1228	Uwielbiam pisma Hugona Kołłątaja.
L	1229	Polacy zamierzają ufundować pomnik Hugo Kołłątajowi.
M	1229	BRUNO_HUGO	2	35	39	Other	Imię „Hugo” jest odmienne: <suggestion>Hugonowi</suggestion>.	Hugonowi
L	1230	Uwielbiam obrazy Pabla Picassa.
L	1231	Polacy zamierzają ufundować pomnik Pablo Picassowi.
M	1231	BRUNO_HUGO	3	35	40	Other	Imię „Pablo” jest odmienne: <suggestion>Pablowi</suggestion>.	Pablowi
L	1232	Uwielbiam rzeźbę Pablo Picassa.
M	1232	BRUNO_HUGO	3	17	22	Other	Imię „Pablo” jest odmienne: <suggestion>Pabla</suggestion>.	Pabla
L	1233	Kupiłem tę książkę za parę groszy.
L	1234	Spojrzała z tą znaną mu już, robioną zalotnością.
L	1235	Kupiłem tą książkę za parę groszy.
M	1235	TA_KSIAZKA	1	8	10	Other	W bierniku zaimek „ta” ma formę <suggestion>tę</suggestion>.	tę
L	1236	Polska Partia Robotnicza była tą jedyną siłą polityczną nastawioną na sojusz.
L	1237	Zachwycony tą pierwszą przygodą, szczęśliwie roił marzenia...
L	1238	Kupiłem tę książkę za parę groszy.
L	1239	Spojrzała z tą znaną mu już, robioną zalotnością.
L	1240	Kupiłem tą małą książkę za parę groszy.
M	1240	TA_KSIAZKA	2	8	10	Other	W bierniku zaimek „ta” ma formę <suggestion>tę</suggestion>.	tę
L	1241	Polska Partia Robotnicza była tą jedyną siłą polityczną nastawioną na sojusz.
L	1242	Zachwycony tą pierwszą przygodą, szczęśliwie roił marzenia...
L	1243	Kupiłem tę informację za parę groszy.
L	1244	Kupiłem tą informacje za parę groszy.
M	1244	TA_KSIAZKA	3	8	21	Other	Prawdopodobna literówka i błąd odmiany. W bierniku zaimek „ta” ma formę „tę”. Poprawnie: <suggestion>tę informację</suggestion> lub (jeśli chodziło o liczbę mnogą): <suggestion>te informacje</suggestion>.	tę informację|te informacje
L	1245	Cezar bawił się kośćmi legionistów nad Rubikonem.
L	1246	Cezar bawił się kościami legionistów nad Rubikonem.
M	1246	KOSCIAMI	1	16	24	Other	Forma „kościami” jest dopuszczalna tylko w związku frazeologicznym „poczciwy, uczciwy z kościami”. W pozostałych wypadkach używamy formy <suggestion>kośćmi</suggestion>.	kośćmi
L	1247	Zdzichu jest człowiekiem poczciwym z kościami.
M	1247	WOLACZ_BEZ_PRZECINKA	1	7	12	Other	Prawdopodobnie brak przecinka po rzeczowniku w wołaczu. Powinno być: <suggestion>, jest</suggestion>.	, jest
L	1248	W szeregu przypadków komisja śledcza zachowywała się niegodnie.
L	1249	W szeregu neptunowym jest to bizmut.
L	1250	W szeregu przypadkach komisja śledcza zachowywała się niegodnie.
M	1250	W_SZEREGU_PRZYPADKACH	1	10	21	Other	Wyrażenie „w szeregu” jest używane z dopełniaczem: <suggestion>przypadków</suggestion>.	przypadków
L	1251	Szejkowie uwielbiają handlować końmi.
L	1252	My ze Zdzichem jesteśmy takimi starymi koniami, jak papużki nierozłączki, panie dziejaszku.
M	1252	PRZECINEK_POROWNANIE	1	46	51	Other	Prawdopodobnie zbędny przecinek. Powinno być: <suggestion> jak</suggestion>.	 jak
L	1253	Księżna od maleńkości fascynowała się koniami.
M	1253	KONIAMI	1	38	45	Other	Forma „koniami” jest używana tylko w znaczeniu „kolega”, „przyjaciel” („stary koń”), natomiast mówiąc o zwierzętach, używamy formy <suggestion>końmi</suggestion>.	końmi
L	1254	Minister Obrony Narodowej Rzeczpospolitej Polski
M	1254	RP_PRZYM	1	26	48	Other	Wyraz „polski” jest tutaj przymiotnikiem, a więc poprawna forma brzmi: <suggestion>Rzeczpospolitej Polskiej</suggestion> lub – bardziej oficjalnie i zgodnie z tradycją – <suggestion>Rzeczypospolitej Polskiej</suggestion>.	Rzeczpospolitej Polskiej|Rzeczypospolitej Polskiej
L	1255	Minister Obrony Narodowej Rzeczpospolitej Polskiej
L	1256	My z bratem uważamy, że Rzeczypospolita Polska to nie jest kraj dezerterów.
M	1256	RP_PRZYM	2	24	46	Other	Uwaga. Użyta forma to wołacz, poprawnie w mianowniku mówi się: <suggestion>Rzeczpospolita Polska</suggestion>.	Rzeczpospolita Polska
L	1257	To niezwykła gratka dla forów internetowych.
L	1258	To niezwykła gratka dla for internetowych.
M	1258	PREP_CASUS	1	24	27	Other	Przyimek „dla” jest używany z dopełniaczem.	
L	1259	Nienawidzę głupich forów.
L	1260	Nienawidzę głupich for.
M	1260	FOR_FOROW	2	19	22	Other	Prawdopodobnie chodziło o dopełniacz od słowa „forum”, który brzmi <suggestion>forów</suggestion>.	forów
L	1261	Nienawidzę forów internetowych.
L	1262	Najlepsza oferta według forum internetowych.
M	1262	SUBST_ADJ_UNIFY	1	24	43	Other	Przypuszczalnie brak zgodności form przypadków rzeczownika i przymiotnika: forum internetowych.	
L	1263	Nienawidzę for internetowych.
M	1263	FOR_FOROW	3	11	14	Other	Prawdopodobnie chodziło o dopełniacz od słowa „forum”, który brzmi <suggestion>forów</suggestion>.	forów
L	1264	Bez wątpienia dobrym jest, żeby szkoły były umundurowane.
M	1264	PRAWDOPODOBNYM_JEST	1	14	20	Other	Ten wyraz powinien być w mianowniku: <suggestion>dobre</suggestion> (domyślnym podmiotem jest „to”).	dobre
L	1265	Pożądanym jest, aby szkoły były umundurowane.
M	1265	PRAWDOPODOBNYM_JEST	1	0	9	Other	Ten wyraz powinien być w mianowniku: <suggestion>pożądane</suggestion> (domyślnym podmiotem jest „to”).	Pożądane
L	1266	Niewątpliwym również jest, że Roman kocha się w Andrzeju.
M	1266	PRAWDOPODOBNYM_JEST	1	0	12	Other	Ten wyraz powinien być w mianowniku: <suggestion>niewątpliwe</suggestion> (domyślnym podmiotem jest „to”).	Niewątpliwe
L	1267	Pożądane jest, aby szkoły były umundurowane.
L	1268	Bliskim jego wiadomo było, że pisze.
L	1269	Prawdopodobniejszym było, że zatrzymali go przemocą.
M	1269	PRAWDOPODOBNYM_JEST	1	0	19	Other	Ten wyraz powinien być w mianowniku: <suggestion>prawdopodobniejsze</suggestion> (domyślnym podmiotem jest „to”).	Prawdopodobniejsze
L	1270	Jest pożądanym, aby szkoły były umundurowane.
M	1270	PRAWDOPODOBNYM_JEST	2	5	14	Other	Ten wyraz powinien być w mianowniku: <suggestion>pożądane</suggestion> (domyślnym podmiotem jest „to”).	pożądane
L	1271	Jest pożądane, aby szkoły były umundurowane.
L	1272	Bez wątpienia dobrym jest to, żeby szkoły były umundurowane.
M	1272	PRAWDOPODOBNYM_JEST	3	14	20	Other	Ten wyraz powinien być w mianowniku: <suggestion>dobre</suggestion> (podmiotem jest „to”).	dobre
L	1273	Pożądanym jest to, aby szkoły były umundurowane.
M	1273	PRAWDOPODOBNYM_JEST	3	0	9	Other	Ten wyraz powinien być w mianowniku: <suggestion>pożądane</suggestion> (podmiotem jest „to”).	Pożądane
L	1274	Niewątpliwym również jest to, że Roman kocha się w Andrzeju.
M	1274	PRAWDOPODOBNYM_JEST	3	0	12	Other	Ten wyraz powinien być w mianowniku: <suggestion>niewątpliwe</suggestion> (podmiotem jest „to”).	Niewątpliwe
L	1275	Pożądane jest, aby szkoły były umundurowane.
L	1276	Bliskim jego wiadomo było, że pisze.
L	1277	Możliwym jest wykorzystanie tego narzędzia.
M	1277	PRAWDOPODOBNYM_JEST	4	0	8	Other	Ten wyraz powinien być w mianowniku: <suggestion>możliwe</suggestion> (podmiotem jest „wykorzystanie”).	Możliwe
L	1278	Przedwczesnym byłoby mniemanie, że komisarz-krasnoarmiejec w drodze na Berlin dał upust wściekłości.
M	1278	PRAWDOPODOBNYM_JEST	4	0	13	Other	Ten wyraz powinien być w mianowniku: <suggestion>przedwczesne</suggestion> (podmiotem jest „mniemanie”).	Przedwczesne
L	1279	Dzisiejsze zezwierzęcenie i brak moralności są tak wielkie, że niemoralnym byłoby usunięcie kary śmierci jako zagrożenia z kodeksu.
M	1279	PRAWDOPODOBNYM_JEST	4	63	74	Other	Ten wyraz powinien być w mianowniku: <suggestion>niemoralne</suggestion> (podmiotem jest „usunięcie”).	niemoralne
L	1280	W ten sposób na gruncie rozwiązań normatywnych zostają sformułowane generalne prawidłowości, jakim poddane jest funkcjonowanie rynku kapitałowego w Polsce.
L	1281	Jak dziś na niego głosuję, to wiem, kim on będzie jutro.
L	1282	Trzecim z ubezpieczeń samochodowych jest AC, czyli auto-casco.
L	1283	Kolejnym działaniem, zwiększającym zdecydowanie operatywność przekazywanych informacji jest wykorzystanie jako nośnika łączy teletransmisyjnych.
L	1284	Zdecydowanie czynnikiem bardziej pozytywnym dla GPW byłoby poszerzenie rynku o spółki mocne fundamentalnie.
L	1285	Walczącym potrzebne jest wsparcie, przede wszystkim moralne.
L	1286	Jeszcze kilka miesięcy temu inwestorom zagranicznym było wszystko jedno, kto wygra, gdyż gospodarcze programy wyborcze obu bloków były niemal takie same.
L	1287	Przykładem modelowym, wzorcowym jest objawienie Mahometa, o którym mamy dość dokładne dane.
L	1288	Dwóch przebywa z tego powodu w więzieniu, przeciwko 15 innym prowadzone jest śledztwo.
L	1289	Niejasne już prima facie jest sformułowanie o sprzedaży papierów wartościowych.
L	1290	Mówili też o niezrozumieniu, z jakim w ich środowisku przyjmowane jest zaangażowanie na rzecz wyboru Kwaśniewskiego.
L	1291	Wszystkim było wszystko jedno.
L	1292	Jedynym aktem prawnym wspominającym o płatnościach za recenzję pracy jest rozporządzenie szefa MEN z lutego 1991 r.
L	1293	Najbardziej istotnym wśród wymienionych czynników jest zmniejszenie spasania zbóż.
L	1294	Jednym z najbardziej kontrowersyjnych i delikatnych problemów przestrzegania zasady aut dedere aut iudicare jest pytanie o stosunek obu członów alternatywy do siebie.
M	1294	MORFOLOGIK_RULE_PL_PL		88	94	Other	Wykryto prawdopodobny błąd pisowni	dęderę|teterę|teter|heterę|tenere|tetrę|Ceterę|Dedrę|denderę|dęder|dędera|dędero|dędery|dęderze|dęderą|hederę|tereré|tetera|tetero|tetery|teterze|teterą
M	1294	MORFOLOGIK_RULE_PL_PL		99	107	Other	Wykryto prawdopodobny błąd pisowni	
L	1295	Na szczeblu wojewódzkim, powiatowym i gminnym również jest mnóstwo przykładów wykorzystywania przez polityków i urzędników swoich pozycji do celów całkowicie prywatnych.
L	1296	Drugim było oddanie czci zmarłemu.
L	1297	Gdy dobra rzadkie — a takim nadal jest mieszkanie — rozdziela urzędnik, to rodzi się korupcja.
L	1298	Jednym bowiem z celów strategicznych każdego państwa jest utrzymanie własnego przemysłu zbrojeniowego.
L	1299	Nie wszystkim podobała się ta inicjatywa i słychać było zdanie, że tego dnia w finale ze Sionem wygrałby każdy, choć Sion startował trzeci raz.
L	1300	Obok chirurga pozwanym w sprawie jest towarzystwo ubezpieczeniowe, w którym lekarz był ubezpieczony.
L	1301	Dział planowania strategicznego zajmował się realizacją kilku projektów, z których najważniejszym było wprowadzenie nowego systemu giełdowego WARSET.
M	1301	MORFOLOGIK_RULE_PL_PL		142	148	Other	Wykryto prawdopodobny błąd pisowni	WERSET|WARSEM|WAR SET|WARS ET
L	1302	Jednym z pierwszym posunięć nowego zarządcy było powołanie specjalnego działu ds. marketingu i sprzedaży.
M	1302	PREP_CASUS	1	9	18	Other	Przyimek „z” jest używany z dopełniaczem.	
L	1303	Dwa i pół razy więcej niż kwota, której zażądał Rywin od Michnika.
M	1303	POL_RAZY	1	6	14	Other	W tym kontekście poprawna jest konstrukcja: <suggestion>pół raza</suggestion>.	pół raza
L	1304	Od raza rzuciły się na nas wściekle hieny.
M	1304	PEWNEGO_RAZU	1	3	7	Other	W tym kontekście należy użyć formy: <suggestion>razu</suggestion>.	razu
L	1305	Od razu rzuciły się na nas wściekle hieny.
L	1306	Podczas całego przedstawienia ani raz nie spojrzałem na zegarek.
M	1306	ANI_RAZ	1	34	37	Other	W tym kontekście należy użyć formy: <suggestion>razu</suggestion>.	razu
L	1307	Dzisiaj indeks WIG-20 wzrósł o 15, 7 procenta.
M	1307	SPACJA_ZA_PRZECINKIEM_DZIESITNYM	1	31	36	Other	Prawdopodobnie zbędna spacja w liczebniku dziesiętnym: <suggestion>15,7</suggestion>?	15,7
M	1307	X_X_PROCENTA	1	37	45	Other	W połączeniu z liczbami ułamkowymi nie odmienia się wyrazu <suggestion>procent</suggestion>.	procent
L	1308	Nie było dziś 1 procenta uczniów.
L	1309	Słowo jest tutaj w cudzysłowach.
M	1309	CUDZYSLOW_MNOGI	1	17	31	Other	Rzeczownik „cudzysłów” oznacza parę znaków, dlatego poprawnie piszemy: <suggestion>w cudzysłowie</suggestion>.	w cudzysłowie
L	1310	Ten cytat musi być w cudzysłowie.
L	1311	Jego wypowiedź należy brać w cudzysłowy.
M	1311	CUDZYSLOW_MNOGI	2	27	39	Other	Rzeczownik „cudzysłów” oznacza parę znaków, dlatego poprawnie piszemy: <suggestion>w cudzysłów</suggestion>.	w cudzysłów
L	1312	Cytaty należy zawsze ujmować w cudzysłów.
L	1313	Kto podejmowałby ryzyko prowadzenia działalności, jeżeli równorzędny wynik uzyskałby lokując środki na np. lokacie w banku?
M	1313	NA_NP_NP_NA	1	100	106	Other	Błędny szyk. Powinno być: <suggestion>np. na</suggestion> (inaczej będzie powtórzenie „na” przy rozwinięciu skrótu).	np. na
L	1314	Władzę wykonawczą sprawuje rząd powoływany przez prezydenta, z premierem na czele.
M	1314	Z_KIMS_NA_CZELE	1	61	81	Other	Niepoprawny szyk wyrazów. Powinno być: <suggestion>na czele z premierem</suggestion>.	na czele z premierem
L	1315	Władzę wykonawczą sprawuje rząd powoływany przez prezydenta, na czele z premierem.
L	1316	Nową trasą ruszy uroczysta parada z tramwajem konnym na czele.
M	1316	Z_KIMS_NA_CZELE	2	34	61	Other	Niepoprawny szyk wyrazów. Powinno być: <suggestion>na czele z tramwajem konnym</suggestion>.	na czele z tramwajem konnym
L	1317	Nową trasą ruszy uroczysta parada na czele z tramwajem konnym.
L	1318	Ludwik bowiem chciał być wicepremierem.
L	1319	Bowiem Ludwik chciał być wicepremierem.
M	1319	BOWIEM_ZAS	1	0	6	Hint	Ten wyraz nie powinien występować na początku zdania.	
L	1320	Lecz się sam!
L	1321	Ale nie.
L	1322	Ludwik chciał być wicepremierem, był bowiem człowiekiem ambitnym.
L	1323	Ludwik chciał być wicepremierem, bowiem był człowiekiem ambitnym.
M	1323	BOWIEM_ZAS_PRZECINEK	1	33	39	Hint	Ten wyraz nie powinien występować na początku zdania podrzędnego.	
L	1324	Wędrował sam po lesie i o mało nie zgubił się.
M	1324	SIE_SENT_END	1	42	45	Hint	Zaimek „się” nie powinien znajdować się na końcu zdania.	
L	1325	Z funkcji semiotycznych istotne jest odnoszenie się.
L	1326	Nie bój się.
L	1327	On może zabić (się)
L	1328	otwór, przez który wrzuca się listy
M	1328	UPPERCASE_SENTENCE_START		0	5	Other	To zdanie nie zaczyna się wielką literą	Otwór
L	1329	Że zaś tak blisko, nie przebieraliśmy się.
L	1330	— Aha! — ozwał się.
L	1331	— Nie, żyję i nie kajam się.
L	1332	Upoił go sam przez się.
L	1333	Błyszczące przed chwilą oczy zamgliły mu się.
L	1334	Lecz Włoch nie myślał o poddaniu się.
M	1334	BOWIEM_ZAS	1	0	4	Hint	Ten wyraz nie powinien występować na początku zdania.	
L	1335	— Nic, nic… uspokój się…
L	1336	Się zobaczy.
M	1336	SIE_NA_POCZATKU_ZDANIA	1	0	3	Other	Ten wyraz nie powinien być na początku zdania.	
L	1337	Zobaczy się.
L	1338	Trzeba więc potrzeba 4 lat.
M	1338	TRZEBA_POTRZEBA_TRZEBA	1	0	20	Other	Prawdopodobny błąd składniowy lub brak przecinka w tym fragmencie tekstu: Trzeba potrzeba.	
L	1339	Trzeba więc 4 lat.
M	1339	SKLADNIA_LICZEBNIKA	1	14	17	Other	Błędna końcówka przypadku. Powinno być: <suggestion>lata</suggestion>, <suggestion>roki</suggestion>	lata|roki
L	1340	Wiem, że przeczytać książkę.
M	1340	ZE_INF_IMPT	1	9	19	Other	W tym zdaniu podrzędnym występuje tylko bezokolicznik „przeczytać”. Prawdopodobnie to błąd gramatyczny.	
L	1341	Wiem, że trzeba przeczytać książkę.
L	1342	Uważam, że lepiej mieć sprawdzonego kierownika budowy.
L	1343	Wszystkie damy są zainteresowane pańskimi cierpieniami i założę się, że niejedna chciałaby odegrać rolę pocieszycielki.
L	1344	Stróż był w kuchni po jedzenie dla psów i powiada, że go musiał prawie że zanieść do mieszkania.
L	1345	O Widziu, Widziu, ty mi niebo na ziemi ukazujesz i czuję sama, wiem, że na nie zapracować, zasłużyć powinnam!
M	1345	MORFOLOGIK_RULE_PL_PL		2	8	Other	Wykryto prawdopodobny błąd pisowni	Widzi|Widział|Widzimy|Wodził|Widzie|Więził|Wadził|Widzu|Wędził|Lidziu|Widźmy|Widżeju|Witeziu|Witzu|Wódziu|Wid ziu|Widzi u
M	1345	MORFOLOGIK_RULE_PL_PL		10	16	Other	Wykryto prawdopodobny błąd pisowni	Widzi|Widział|Widzimy|Wodził|Widzie|Więził|Wadził|Widzu|Wędził|Lidziu|Widźmy|Widżeju|Witeziu|Witzu|Wódziu|Wid ziu|Widzi u
L	1346	Trener odpowiedział, że za wcześnie jeszcze stawiać krzyżyk na jego drużynie.
L	1347	Wiem, że przeczytaj książkę.
M	1347	ZE_INF_IMPT	2	9	19	Other	W tym zdaniu podrzędnym występuje tylko czasownik w trybie rozkazującym „przeczytaj”. Prawdopodobnie to błąd gramatyczny.	
L	1348	Jestem zwolenniczką tej starej teorii, która mówi, że kucharz, gotując, przekazuje swoje złe lub dobre emocje.
L	1349	Prosił, żebyś przeczytaj tę książkę.
M	1349	ZEBY_IMPT	1	14	24	Other	Po spójniku „żebyś” ten czasownik nie może wystąpić w formie: „przeczytaj”. Prawdopodobnie to błąd gramatyczny lub literówka.	
L	1350	Prosił, żebyś przeczyta tę książkę.
M	1350	ZEBY_IMPT	1	14	23	Other	Po spójniku „żebyś” ten czasownik nie może wystąpić w formie: „przeczyta”. Prawdopodobnie to błąd gramatyczny lub literówka.	
L	1351	Czy to aby na pewno jest krewetka?
L	1352	Wykorzystywano kiedyś, właśnie by rozśmiesza publiczność.
M	1352	ZEBY_IMPT	1	34	44	Other	Po spójniku „by” ten czasownik nie może wystąpić w formie: „rozśmiesza”. Prawdopodobnie to błąd gramatyczny lub literówka.	
L	1353	Wykorzystywano kiedyś, właśnie by będzie rozśmieszać publiczność.
M	1353	ZEBY_IMPT	1	34	40	Other	Po spójniku „by” ten czasownik nie może wystąpić w formie: „będzie”. Prawdopodobnie to błąd gramatyczny lub literówka.	
L	1354	Wykorzystywano kiedyś, właśnie by powinien rozśmieszać publiczność.
M	1354	ZEBY_IMPT	1	34	42	Other	Po spójniku „by” ten czasownik nie może wystąpić w formie: „powinien”. Prawdopodobnie to błąd gramatyczny lub literówka.	
L	1355	Szymon nalegał, żeby je także umieściłbym.
M	1355	ZEBY_IMPT	2	16	41	Other	Błędna forma spójnika i czasownika (lub literówka). Powinno prawdopodobnie być: <suggestion>żebym je także umieścił</suggestion>.	żebym je także umieścił
L	1356	Szymon nalegał, żebyśmy je także umieścili.
L	1357	Szymon nalegał, żeby je także umieścilibyśmy.
M	1357	ZEBY_IMPT	3	16	44	Other	Błędna forma spójnika i czasownika (lub literówka). Powinno prawdopodobnie być: <suggestion>żebyśmy je także umieścili</suggestion>.	żebyśmy je także umieścili
L	1358	Szymon nalegał, żebyśmy je także umieścili.
L	1359	Szymon nalegał, żeby je także umieściłbyś.
M	1359	ZEBY_IMPT	4	16	41	Other	Błędna forma spójnika i czasownika (lub literówka). Powinno prawdopodobnie być: <suggestion>żebyś je także umieścił</suggestion>.	żebyś je także umieścił
L	1360	Szymon nalegał, żebyśmy je także umieścili.
L	1361	Szymon nalegał, żeby je także umieścilibyście.
M	1361	ZEBY_IMPT	5	16	45	Other	Błędna forma spójnika i czasownika (lub literówka). Powinno prawdopodobnie być: <suggestion>żebyście je także umieścili</suggestion>.	żebyście je także umieścili
L	1362	Szymon nalegał, żebyśmy je także umieścili.
L	1363	Szymon nalegał, żeby je także umieściłem.
M	1363	ZEBY_PRI_SEC	1	16	40	Other	Błędna forma spójnika i czasownika (lub literówka). Powinno prawdopodobnie być: <suggestion>żebym je także umieścił</suggestion>.	żebym je także umieścił
L	1364	Szymon nalegał, żebyśmy je także umieścili.
L	1365	Szymon nalegał, żeby je także umieściliśmy.
M	1365	ZEBY_PRI_SEC	2	16	42	Other	Błędna forma spójnika i czasownika (lub literówka). Powinno prawdopodobnie być: <suggestion>żebyśmy je także umieścili</suggestion>.	żebyśmy je także umieścili
L	1366	Szymon nalegał, żebyśmy je także umieścili.
L	1367	Szymon nalegał, żeby je także umieściłeś.
M	1367	ZEBY_PRI_SEC	3	16	40	Other	Błędna forma spójnika i czasownika (lub literówka). Powinno prawdopodobnie być: <suggestion>żebyś je także umieścił</suggestion>.	żebyś je także umieścił
L	1368	Szymon nalegał, żebyśmy je także umieścili.
L	1369	Szymon nalegał, żeby je także umieściliście.
M	1369	ZEBY_PRI_SEC	4	16	43	Other	Błędna forma spójnika i czasownika (lub literówka). Powinno prawdopodobnie być: <suggestion>żebyście je także umieścili</suggestion>.	żebyście je także umieścili
L	1370	Szymon nalegał, żebyśmy je także umieścili.
L	1371	Czy przeczytaj tę książkę?
M	1371	CZY_IMPT	1	4	14	Other	W tym zdaniu podrzędnym występuje tylko czasownik w trybie rozkazującym „Czy”. Prawdopodobnie błąd gramatyczny, brak znaku interpunkcyjnego lub literówka.	
L	1372	Beztlenowe bakterie magnetotaktyczna mają funkcję wykrywania tlenu.
M	1372	ADJ_SUBST_ADJ_UNIFY	1	0	36	Other	Przypuszczalnie brak zgodności form przypadków przymiotników i rzeczownika: Beztlenowe bakterie magnetotaktyczna.	
L	1373	Beztlenowe bakterie sprytna ryba pożre za chwilę.
L	1374	Ryba hodowlana żabki wesołe pożera.
L	1375	Mama kupiła żółty parasol mojemu młodszemu bratu.
L	1376	Kolejny tłumacz internetowy zaczął funkcjonować.
L	1377	Lubi piłkę nożną.
L	1378	On jest po prostu znajomym biznesowym.
L	1379	Tom został zatrzymany jako podejrzany.
L	1380	Wyszła do sklepu, zostawiając małe dziecko same.
M	1380	ADJ_SUBST_ADJ_UNIFY	1	30	47	Other	Przypuszczalnie brak zgodności form przypadków przymiotników i rzeczownika: małe dziecko same.	
L	1381	Sosna jest duży drzewem iglastym.
M	1381	ADJ_SUBST_ADJ_UNIFY	1	11	32	Other	Przypuszczalnie brak zgodności form przypadków przymiotników i rzeczownika: duży drzewem iglastym.	
L	1382	Zdradzilibyśmy byli sprawę robotniczą.
L	1383	Wtedy oddalą go jako jakobina, któremu zasady polityczne każą zapominać o obowiązkach generała.
L	1384	Był opisywany jako zielony i zadrzewiony.
L	1385	Wybrali tę zupę dyniową.
L	1386	To staje się każdego dnia gorsze.
L	1387	Dałem Tomowi środek uspokajający.
L	1388	Ta opowieść jest bliska prawdy historycznej.
L	1389	Jest to nakaz dotyczący osoby wykonującej swoje obowiązki.
L	1390	Patrzył na dom pokryty płytami dekoracyjnymi.
L	1391	Pozbawiony cech charakterystycznych, bez charakteru, ot co.
L	1392	Zaplanował podjazd wyłożony płytami kamiennymi.
L	1393	To instytucja dająca tytuł licencjacki.
L	1394	Był świadomy różnic klasowych.
L	1395	Był oddany sprawom doczesnym.
L	1396	To wzór będący własnością publiczną.
L	1397	Ten potwór był hodowany metodami naturalnymi.
L	1398	To biedak niemający płynności finansowej.
L	1399	Odróżnił je od pojęcia solipsyzm metodologicznego.
M	1399	SUBST_ADJ_UNIFY	1	23	49	Other	Przypuszczalnie brak zgodności form przypadków rzeczownika i przymiotnika: solipsyzm metodologicznego.	
L	1400	Powinno się powołać komisje śledczą.
M	1400	NIEZGODNO_PRZYPADKW_PRZYMIOTNIKA_I_RZECZOWNIKA_RODZAJU_ESKIEGO	7	20	35	Other	Prawdopodobna literówka. Czy chodziło o <suggestion>komisję śledczą</suggestion>?	komisję śledczą
L	1401	Julia musiała być kobieta niezwykłą.
M	1401	SUBST_ADJ_UNIFY	1	18	35	Other	Przypuszczalnie brak zgodności form przypadków rzeczownika i przymiotnika: kobieta niezwykłą.	
L	1402	Będąc na urlopie macierzyński, zaczęła swoją przygodę z pisarstwem.
M	1402	SUBST_ADJ_UNIFY	1	9	29	Other	Przypuszczalnie brak zgodności form przypadków rzeczownika i przymiotnika: urlopie macierzyński.	
L	1403	Paprykę pozbawiamy gniazda nasiennych, płuczemy i kroimy w średnie paski.
M	1403	SUBST_ADJ_UNIFY	1	19	37	Other	Przypuszczalnie brak zgodności form przypadków rzeczownika i przymiotnika: gniazda nasiennych.	
L	1404	Nawet dziś nie wiadomo, gdzie się znajdują kości największego z pisarzy Hiszpanii.
L	1405	Dawniejsze łamigłówki erudytów ustąpiły miejsca trzeźwiejszym na utwór poglądom.
L	1406	Mam piękne przed sobą wzory do naśladowania.
L	1407	Zatrudnił przy pielęgnowaniu najwyborniejszych nawet medyków i chirurgów.
L	1408	To była historia sławnego Tiranta Białego.
M	1408	MORFOLOGIK_RULE_PL_PL		26	33	Other	Wykryto prawdopodobny błąd pisowni	Tirana|Tiraną|Tiranka|Tiranką|Taranta|Titranta|Tir anta
L	1409	Jestem rycerzem błędnym i niewolnikiem pięknej a nieporównanej Dulcynei z Toboso.
M	1409	MORFOLOGIK_RULE_PL_PL		74	80	Other	Wykryto prawdopodobny błąd pisowni	Toboło|Tobolo|To boso|Tob oso
L	1410	Jednakże ów maniak szlachetny, w egzaltacji z obłędem graniczącej, bierze zwykłe chaty za zamczyska.
L	1411	Ja, taki blady, z ciemnymi włosami, nigdy nie będę doń podobny.
L	1412	Dwaj panowie z Nawłoci, oddawszy konia oczekującemu „człowiekowi”, weszli.
L	1413	Lud po staremu mieszka w chałupach, po staremu cuchnących.
L	1414	Można by więc tę nową lechicką cywilizację nazywać nie tyle szklaną, ile świńską.
L	1415	Nazbierałem jaj, narwałem sitowia morskiego i ziół suchych.
L	1416	Ta brzytwa była dwa razy większa od kosy.
L	1417	Bardzo lubię surówki z kapustą pekińską w roli głównej.
L	1418	Że został przez dziennikarzy zmanipulowany.
L	1419	Marek Suski jest przez dziennikarzy zmanipulowany.
L	1420	Użyłam filetów z łososia, choć w przepisie sugerowany jest dorsz lub halibut.
L	1421	Ilość miejsc ograniczona.
L	1422	Spędziliśmy nad kawą jakieś cztery godziny.
L	1423	A jednak od kilku lat spożywana jest w postaci naparu.
L	1424	W muzeum prezentowana jest pełna gama.
L	1425	Wydanie książki planowane jest na Warsaw Fashion Street 2011.
M	1425	MORFOLOGIK_RULE_PL_PL		41	48	Other	Wykryto prawdopodobny błąd pisowni	Fasują
M	1425	MORFOLOGIK_RULE_PL_PL		49	55	Other	Wykryto prawdopodobny błąd pisowni	Streep|Strepet|Strett
L	1426	Pan Dyzma będzie mnie uczył gry bilardowej.
L	1427	Możesz być tego pewny.
L	1428	To wybór zupełnie naturalny, zasłużony i przez wszystkich przewidywany.
L	1429	Do przygotowania 6 porcji potrzebne są: 1 woreczek ugotowanej i ostudzonej kaszy...
L	1430	A do krokietów idealny jest barszcz czerwony czysty.
L	1431	Na chorobę najlepsze są naturalne środki.
L	1432	Rozum swoje, ciało swoje.
L	1433	A kanon piękna przez lata się zmienia.
L	1434	Tancerz i tancerka ustawieni naprzeciw siebie, wyprostowani.
L	1435	Został pełnomocnikiem prezydenta ds. wdrożenia (nikomu niepotrzebnego) ISO w urzędzie.
L	1436	Wryły mu się w pamięć pomalowane na czarno litery.
L	1437	Mam w pamięci „szaleństwa panny Ewy” w wykonaniu upadłego (wraz ze śmigłowcem) Leszka Millera.
L	1438	Pamiętajcie, że przed Bogiem ścisły zdacie rachunek.
L	1439	Sebastian został w 86. minucie zmieniony przez Nelsona Valdeza.
M	1439	MORFOLOGIK_RULE_PL_PL		55	62	Other	Wykryto prawdopodobny błąd pisowni	
L	1440	Delikatnie mieszając wsypywać porcjami przesianą z proszkiem do pieczenia mąkę.
L	1441	Na paczce był adres przygotowującej ją niemieckiej rodziny.
L	1442	Potępienie społeczne i rozgłos murowane.
L	1443	Konta bankowe matki i syna zasilane są systematycznie.
L	1444	Przecież kibic takiego np. Ruchu ma prawo przyjechać do Gdyni rano.
L	1445	Proboszcz, jeszcze bardziej od innych zdziwiony, obydwie ręce położył mu na ranie.
L	1446	To rzecz z jednej strony atrakcyjna swą nowością, z drugiej niepokojąca.
L	1447	Zerwała się z piersią jak u ptaka skłonną do śpiewu.
L	1448	To ludzie, poddani wyższej niż folwarczna konieczności.
L	1449	Ta myśl była mu ze wszystkich najprzykrzejsza.
L	1450	Dżek znalazł na półce u mister Tafta napisaną przez Verne'a piękną książkę.
M	1450	MORFOLOGIK_RULE_PL_PL		0	4	Other	Wykryto prawdopodobny błąd pisowni	Drzew|Rzek|Czek|Drze|Dzik|Dżem|Drzeć|Zek|Dek|Dżez|Szek|Izek|Dziek|Drzem|Dzet|Dżet
L	1451	On będzie jutro zajęty.
L	1452	Nikomu z transportowców nie zarzucili oszustwa podatkowego.
L	1453	Zasłabł po paru minutach zaczętej z panią Barbarą rozmowy.
L	1454	Słyszałem, że jedzenie jednej czy dwóch porcji ryby tygodniowo może zmniejszyć zagrożenie chorobą serca.
L	1455	Odpłacił napastnikowi świetną satyrą w drugiej części swego Don Kichota.
L	1456	Ciało się wasze potężniejszym czyni.
L	1457	Buchnął gwar potężny, podobny do huku bijących o skały, rozszalałych fal morskich.
L	1458	To była druga fala odwiedzających.
L	1459	Zadzwonił do dwóch lub więcej klientów.
M	1459	DWA_LUB_WIECEJ	1	13	29	Other	Konstrukcji tego typu nie da się użyć tak, aby nie budziła zastrzeżeń. Lepiej: <suggestion>co najmniej dwóch</suggestion>.	co najmniej dwóch
L	1460	Nudził mnie przez dwie lub więcej godzin.
M	1460	DWA_LUB_WIECEJ	2	18	40	Other	Konstrukcji tego typu nie da się użyć tak, aby nie budziła zastrzeżeń. Lepiej: <suggestion>co najmniej dwie godziny</suggestion>.	co najmniej dwie godziny
L	1461	Nudził mnie przez dwie lub więcej godzin wieczornych.
M	1461	DWA_LUB_WIECEJ	3	18	52	Other	Konstrukcji tego typu nie da się użyć tak, aby nie budziła zastrzeżeń. Lepiej: <suggestion>co najmniej dwie godziny wieczorne</suggestion>, <suggestion>co najmniej dwie godziny wieczornych</suggestion>.	co najmniej dwie godziny wieczorne|co najmniej dwie godziny wieczornych
L	1462	Nudził mnie przez dwie lub więcej wieczornych godzin.
M	1462	DWA_LUB_WIECEJ	4	18	52	Other	Konstrukcji tego typu nie da się użyć tak, aby nie budziła zastrzeżeń. Lepiej: <suggestion>co najmniej dwie wieczorne godziny</suggestion>, <suggestion>co najmniej dwie wieczornych godziny</suggestion>.	co najmniej dwie wieczorne godziny|co najmniej dwie wieczornych godziny
L	1463	Zwrócił oczy ku dwóm lub więcej gwiazd.
M	1463	DWA_LUB_WIECEJ	5	16	38	Other	Konstrukcji tego typu nie da się użyć tak, aby nie budziła zastrzeżeń. Lepiej: <suggestion>co najmniej dwóm gwiazdom</suggestion>.	co najmniej dwóm gwiazdom
L	1464	Biegł myślą ku dwóm lub więcej gwiazd wieczornych.
M	1464	DWA_LUB_WIECEJ	6	15	49	Other	Konstrukcji tego typu nie da się użyć tak, aby nie budziła zastrzeżeń. Lepiej: <suggestion>co najmniej dwóm gwiazdom wieczornym</suggestion>.	co najmniej dwóm gwiazdom wieczornym
L	1465	Poglądał ku dwóm lub więcej wygasłych gwiazd.
M	1465	MORFOLOGIK_RULE_PL_PL		0	8	Other	Wykryto prawdopodobny błąd pisowni	Oglądał|Spoglądał|Doglądał|Podglądał|Pogadał|Pokładał|Poplątał|Polatał|Pooglądał|Połatał|Podlatał|Podłatał|Popłatał|P oglądał
M	1465	DWA_LUB_WIECEJ	7	12	44	Other	Konstrukcji tego typu nie da się użyć tak, aby nie budziła zastrzeżeń. Lepiej: <suggestion>co najmniej dwóm wygasłym gwiazdom</suggestion>.	co najmniej dwóm wygasłym gwiazdom
L	1466	Uciekał przed dwoma lub więcej bandytów.
M	1466	DWA_LUB_WIECEJ	8	14	39	Other	Konstrukcji tego typu nie da się użyć tak, aby nie budziła zastrzeżeń. Lepiej: <suggestion>co najmniej dwoma bandytami</suggestion>.	co najmniej dwoma bandytami
L	1467	Uciekał przed dwoma lub więcej bandytów mafijnych.
M	1467	DWA_LUB_WIECEJ	9	14	49	Other	Konstrukcji tego typu nie da się użyć tak, aby nie budziła zastrzeżeń. Lepiej: <suggestion>co najmniej dwoma bandytami mafijnymi</suggestion>.	co najmniej dwoma bandytami mafijnymi
L	1468	Uciekał przed trzema lub więcej mafijnych bandytów.
M	1468	DWA_LUB_WIECEJ	10	14	50	Other	Konstrukcji tego typu nie da się użyć tak, aby nie budziła zastrzeżeń. Lepiej: <suggestion>co najmniej trzema mafijnymi bandytami</suggestion>.	co najmniej trzema mafijnymi bandytami
L	1469	Środki lokował w dwóch lub więcej krajów.
M	1469	DWA_LUB_WIECEJ	2	17	40	Other	Konstrukcji tego typu nie da się użyć tak, aby nie budziła zastrzeżeń. Lepiej: <suggestion>co najmniej dwóch kraje</suggestion>.	co najmniej dwóch kraje
L	1470	Środki lokował w czterech lub więcej rajów podatkowych.
M	1470	DWA_LUB_WIECEJ	3	17	54	Other	Konstrukcji tego typu nie da się użyć tak, aby nie budziła zastrzeżeń. Lepiej: <suggestion>co najmniej czterech raje podatkowe</suggestion>, <suggestion>co najmniej czterech raje podatkowych</suggestion>, <suggestion>co najmniej czterech rajów podatkowe</suggestion>, <suggestion>co najmniej czterech rajów podatkowych</suggestion>.	co najmniej czterech raje podatkowe|co najmniej czterech raje podatkowych|co najmniej czterech rajów podatkowe|co najmniej czterech rajów podatkowych
L	1471	Środki lokował w czterech lub więcej podatkowych rajów.
M	1471	DWA_LUB_WIECEJ	4	17	54	Other	Konstrukcji tego typu nie da się użyć tak, aby nie budziła zastrzeżeń. Lepiej: <suggestion>co najmniej czterech podatkowe raje</suggestion>, <suggestion>co najmniej czterech podatkowe rajów</suggestion>, <suggestion>co najmniej czterech podatkowych raje</suggestion>, <suggestion>co najmniej czterech podatkowych rajów</suggestion>.	co najmniej czterech podatkowe raje|co najmniej czterech podatkowe rajów|co najmniej czterech podatkowych raje|co najmniej czterech podatkowych rajów
L	1472	Domeny funkcjonalne mają trzy lub więcej litery.
M	1472	DWA_LUB_WIECEJ	14	25	40	Other	Konstrukcji tego typu nie da się użyć tak, aby nie budziła zastrzeżeń. Lepiej: <suggestion>co najmniej trzy</suggestion>. UWAGA: reszta zdania może wymagać dostosowania przypadków.	co najmniej trzy
L	1473	Domeny funkcjonalne obsługujemy przez trzy lub więcej dni.
M	1473	DWA_LUB_WIECEJ	2	38	57	Other	Konstrukcji tego typu nie da się użyć tak, aby nie budziła zastrzeżeń. Lepiej: <suggestion>co najmniej trzy dni</suggestion>, <suggestion>co najmniej trzy dnie</suggestion>.	co najmniej trzy dni|co najmniej trzy dnie
L	1474	Kodowanie to coraz najmniej popularna metoda pracy z najmłodszymi dziećmi.
M	1474	CORAZ_NAJBARDZIEJ_CORAZ_BARDZIEJ	1	19	27	Other	„Coraz” wymaga stopnia wyższego przymiotnika lub przysłówka. Czy chodziło o <suggestion>mniej</suggestion>?	mniej
L	1475	Kodowanie to coraz bardziej popularna metoda pracy z najmłodszymi dziećmi.
L	1476	Kodowanie to coraz najbardziej popularna metoda pracy z najmłodszymi dziećmi.
M	1476	CORAZ_NAJBARDZIEJ_CORAZ_BARDZIEJ	2	19	30	Other	„Coraz” wymaga stopnia wyższego przymiotnika lub przysłówka. Czy chodziło o <suggestion>bardziej</suggestion>?	bardziej
L	1477	Kodowanie to coraz bardziej popularna metoda pracy z najmłodszymi dziećmi.
L	1478	Były to rozmowy, która nie miała sensu.
M	1478	ZDANIE_PODRZEDNE_Z_KTORY_LUB_JAKI	1	17	22	Other	W zdaniu nadrzędnym nie ma rzeczownika ani zaimka pasującego rodzajem i liczbą do tego wyrazu: która.	
L	1479	Po raz pierwszy od wielu lat stanął na jego na czele człowiek, która dba o interesy instytucji, jej rozwój i przyszłość.
M	1479	ZDANIE_PODRZEDNE_Z_KTORY_LUB_JAKI	1	63	68	Other	W zdaniu nadrzędnym nie ma rzeczownika ani zaimka pasującego rodzajem i liczbą do tego wyrazu: która.	
L	1480	Po jego aresztowaniu policja odnalazła samochód, którymi przyjechał z Colorado Springs.
M	1480	ZDANIE_PODRZEDNE_Z_KTORY_LUB_JAKI	1	49	56	Other	W zdaniu nadrzędnym nie ma rzeczownika ani zaimka pasującego rodzajem i liczbą do tego wyrazu: którymi.	
L	1481	Były to rozmowy, które nie miały sensu.
L	1482	Jakie to nudne!…
L	1483	— Który wydobył rachunki sklepowe…
L	1484	Żeby tylko Klejn nie wdeptał się w jakie głupstwo.
M	1484	MORFOLOGIK_RULE_PL_PL		11	16	Other	Wykryto prawdopodobny błąd pisowni	Klej|Kleju|Klein|Kleje|Kleją|Kleń|Kleję|Klejeń|Klej n
L	1485	— Jaki?
L	1486	Przede wszystkim ojciec pana Niwińskiego miał kapitały w spółce, którą założył Wokulski, a która (o czym było wiadomo nawet pannie Izabeli) przynosiła wielkie zyski.
L	1487	Tylko przy wyrazie „którzy” przychodził jej na myśl Wokulski.
L	1488	Prawda, że i dziś widujemy się bardzo rzadko; pani nawet nie wie, jak wlecze się czas tym, którzy czekają…
L	1489	Boże miłosierny, jacy ci ludzie niegodziwi.
L	1490	I kto z was mądrzejszy: pan, który po kilkudziesięciu latach nie masz nic, czy on, który w ciągu roku zdobywa taką fortecę, nikomu notabene nie robiąc krzywdy, a Wokulskiemu płacąc gotówką?…
L	1491	Ale panna Izabela rzuciła na niego piorunujące spojrzenie, zaczęła rozmawiać z Malborgiem, który właśnie zbliżył się do niej, i odeszła do sali.
M	1491	BOWIEM_ZAS	1	0	3	Hint	Ten wyraz nie powinien występować na początku zdania.	
M	1491	MORFOLOGIK_RULE_PL_PL		79	89	Other	Wykryto prawdopodobny błąd pisowni	Malborkiem|Aalborgiem
L	1492	„Jaka to bogata natura!” — pomyślała.
L	1493	Więc pomyśl, co musieli zrobić z nami, których gnietli i kopali przez całe wieki?…
L	1494	— A czy pan przynajmniej wiesz, jakie bywają cierpienia jednostek? — spytał Wokulski.
L	1495	To uczony, który żyje poza rzeczywistością, nie zna wartości rzeczy i polega na tym, co my mu mówimy.
L	1496	I siedziałem tam z wujem do chwili, w której służący przyszedł się go spytać w imieniu stangreta, na którą godzinę ma zaprzęgać.
L	1497	— Tych pieniędzy, które ma w banku, a nade wszystko u Szlangbauma…
M	1497	MORFOLOGIK_RULE_PL_PL		54	65	Other	Wykryto prawdopodobny błąd pisowni	
L	1498	W najgorszym razie należałbym do tych kilku, którzy wynalazek posunęli naprzód.
L	1499	Inny na jego miejscu ożeniłby się z jaką uczciwą panienką i żyłby w dostatkach; bo co to, panie, dziś znaczy sklep z reputacją i w doskonałym punkcie!…
M	1499	BRAK_PRZECINKA_KTORY	2	30	40	Other	Brak przecinka w tym fragmencie zdania. Przecinek prawdopodobnie należy postawić tak: <suggestion>się, z jaką</suggestion>.	się, z jaką
L	1500	Jest to jedna z masek, w którą lubi przebierać się instynkt utrwalenia gatunku.
L	1501	Co to jest za ogromny gmach, który zamiast kominów ma wieże, w którym nikt nie mieszka, tylko śpią prochy dawno zmarłych?…
L	1502	Gdyby zaś pan Wokulski wybrał sobie jaką poważną i majętną kobietę, wzmocniłby się nawet jego kredyt.
L	1503	Trzeba więc być zupełnym wariatem, ażeby nawet przy dłuższej znajomości myśleć o małżeństwie, za którym jest ledwie jedna, a przeciw któremu ze dwadzieścia tysięcy szans…
L	1504	Jezus Chrystus jest to Bóg, do którego zbliżamy się bez pychy i przed którym uniżamy się bez rozpaczy.
L	1505	„Jaki oni mają rozum!” — pomyślał Wokulski.
L	1506	Tam zastał już Maruszewicza, z którym pojechał do rajtszuli obejrzeć kupioną klacz.
M	1506	MORFOLOGIK_RULE_PL_PL		15	27	Other	Wykryto prawdopodobny błąd pisowni	Naruszewicza
L	1507	Był jakiś furman w Warszawie i jego brat dróżnik na Kolei Warszawsko–Wiedeńskiej, którzy błogosławili Wokulskiego.
L	1508	Lepiej niż ja musicie Wy wiedzieć, drodzy Państwo, którzy podobno umieściliście u niego swój kapitalik.
L	1509	Jakikolwiek stan sobie wyobrazić, jeśli się gromadzi wszystkie dobra, jakie możemy posiąść, godność króla jest najpiękniejszym stanowiskiem na ziemi.
L	1510	Tu możecie posłuchać syreny, której dźwięk oznaczał początek nalotów na Jugosławię.
L	1511	Potem przyszła druga fala odwiedzających, którzy pod pozorem podziękowania mu za oddane usługi chcieli zaspokoić ciekawość i zobaczyć, jak wygląda ten niegdyś silny człowiek.
M	1511	ADJ_SUBST_ADJ_UNIFY	1	15	40	Other	Przypuszczalnie brak zgodności form przypadków przymiotników i rzeczownika: druga fala odwiedzających.	
L	1512	— Mam żonę i dzieci — mówił dalej — służyłem dziesięć lat, oczekując wciąż jak głupiec jaki — komendantury.
L	1513	A mimo to zepsucie człowieka jest takie, iż jeszcze to prawo wydaje mu się twardym; i to jest jedna z głównych przyczyn, która zbuntowała przeciw Kościołowi znaczną część Europy.
L	1514	Jak Grubba bierze wolny dzień, nie boją się drużyny polskiej wszystkie przedszkolne starszaki, które przyjechały na mistrzostwa świata, nie mówiąc o ich wychowawcach.
L	1515	Do siedziby pisma trafił dotąd jeden polityk, który chciał się dowiedzieć, jak mu się powiedzie w kampanii prezydenckiej.
L	1516	Na razie nie można wyrokować, która ze szkół jest lepsza, a która gorsza.
L	1517	Helmut Kohl zapowiedział swój przyjazd do Manchesteru na mecz Niemcy — Włochy, który może zdecydować, która z tych drużyn awansuje do ćwierćfinału.
L	1518	Dla Polski jest ważne, który z nich wygra.
L	1519	Dla Polski ma ogromne znaczenie, który z dwóch faworytów wygra.
L	1520	Resztę, czyli ponad 99 procent posiada PZU SA, którego z kolei właścicielem pozostaje Skarb Państwa reprezentowany przez ministra finansów.
M	1520	SUBST_ADJ_UNIFY	1	92	114	Other	Przypuszczalnie brak zgodności form przypadków rzeczownika i przymiotnika: Państwa reprezentowany.	
L	1521	Na przykład, jakich?
L	1522	Podstawowym pytaniem jest teraz, którą z wyżej wymienionych linii pokona wykres.
L	1523	H. Potters dodała, że maksymalny pułap inwestycyjny Funduszu w Ruchu wynosi 15 mln USD, jednak nie chciała wymienić kwoty, którą zapłaciłaby za polskiego dystrybutora prasy ani też wielkości udziałów, które kupiłaby.
M	1523	MORFOLOGIK_RULE_PL_PL		3	10	Other	Wykryto prawdopodobny błąd pisowni	Pottera|Potter|Pottery|Spotters|Potter s
L	1524	Ostatecznie przygotował on wstępny projekt, na którego podstawie wzniesiono budynek główny i skrzydło wschodnie.
L	1525	To tytuł jednej z przedstawionych grafik, w której oddał odczucie.
L	1526	I skoczył ku domowi, w którego sieni słychać było śmiejące się głosy i huk obracanych żaren.
L	1527	Wraz z nią tym samym ciągiem prowadzi A59, która za Birmingham skręca na północny wschód.
M	1527	MORFOLOGIK_RULE_PL_PL		38	41	Other	Wykryto prawdopodobny błąd pisowni	A5
L	1528	— Marta, którego z nas wolisz?
L	1529	— Pojutrze o której mogę przyjść?
L	1530	A gdybyś pan jeszcze wiedział, jaką ona ma bibliotekę, co czyta…
L	1531	Stamtąd trzeba nam się wywodzić, a nie z przestrzeni i czasu, których nie umielibyśmy zapełnić.
L	1532	Oczy jego rzucały snopy skier, skakał ciągle dookoła węża, bacząc jednak pilnie, by nie przekroczyć odległości, z której gad mógłby go dosięgnąć.
L	1533	Jest to tchórz, jakich mało.
L	1534	— Jakaż ty jesteś… bez serca… jaka… bez serca… — wśród łkania powtarzała Nina.
L	1535	Starzec i jego córka, którzy zdawali się żyć jedynie wzrokiem, usłyszeli dźwięk ostróg oraz szczęk szabel rozlegający się pod przysionkiem pałacu.
L	1536	- Pożycz mi jaką.
L	1537	Don Juan zapytał go, jakie w tej chwili ma zamiary i dokąd jedzie.
L	1538	— W chederze… jeszcze jaka!
L	1539	A jaka mocna, jakiej kompleksji i jaki ma głos!
L	1540	Z wolna to zdenerwowanie udzielało się tym nawet, którzy nie obawiali się żadnych złych wieści.
L	1541	— Tatusiu, jaka ja jestem szczęśliwa!
L	1542	Bruno rzucił się do jej stóp, zaklinając, aby nie powiedziała hrabiemu, o której godzinie przybył.
L	1543	Ta i owa z miluchnych dziewcząt, którą Fabrycy zostawił dwunastoletnim dzieckiem, była dziś wspaniałą kobietą w pełni rozkwitu najbujniejszej młodości.
L	1544	Ten z niewolników, który ją odnajdzie, ma obiecaną wolność.
L	1545	Choć teraz i Żydówki psują się: gdy która zbogaci się, zaraz zaczyna mówić tylko po francusku, targować się i grymasić.
M	1545	MORFOLOGIK_RULE_PL_PL		42	49	Other	Wykryto prawdopodobny błąd pisowni	bogaci|wzbogaci|ubogaci|z bogaci
L	1546	Drugim zdarzeniem, o którym mniej się mówiło i pisało, a które mogło mieć nie mniejsze znaczenie, było posiedzenie Fed.
L	1547	Chodzimy do więzień, by wysłuchać każdego z osadzonych, który życzy sobie z nami rozmawiać.
L	1548	I to nie byle jaka, bo sama Sharon Stone.
L	1549	Nie możemy teraz osłabiać drużyny, która i tak jest już wystarczająco słaba przez osobę trenera.
L	1550	Nic, nawet dębu, po którego stuletniej korze ześlizgiwały się wstęgi piorunów.
L	1551	Kiedym był pewny, że Gilberta przyjdzie na Pole Elizejskie, doznawałem radości, która mi się zdawała jedynie mglistym przeczuciem wielkiego szczęścia.
L	1552	Po upływie jakiej pół godziny dojechaliśmy do miejsca, w którym się szczelina kończyła.
M	1552	BRAK_PRZECINKA_KTORY	8	3	17	Other	Brak przecinka w tym fragmencie zdania. Przecinek prawdopodobnie należy postawić tak: <suggestion>upływie, jakiej</suggestion>.	upływie, jakiej
L	1553	Tym zaś, którzy kąśliwie wypominają Magdzie Fronczewskiej rodzinne plecy, radzę spróbować zaśpiewać piosenkę „Gdybyś”, którą wykonywała w Opolu.
L	1554	Żaden z jego zawodników, który wcześniej decydował o wygranych drużyny, tym razem niczym specjalnym się nie wyróżniał.
L	1555	Nie trzeba mnie było więc długo namawiać na upieczenie tarty, na którą przepis podała Bajaderka.
L	1556	Dzisiaj dziesięciu największych odbiera 75 proc. produkcji, która trafia potem do Warszawy, Trójmiasta i w Toruńskie — mówi dyrektor.
L	1557	Zezwolił na to minister edukacji, który już na początku roku szkolnego dopuścił możliwość odrobienia tego dnia w innym terminie.
L	1558	Musi być uwzględniony okres kary, którą skazany już wcześniej odbył.
L	1559	Prawdę ludzie mówią, że z jakim przestajesz, takim się sam stajesz.
L	1560	- Mam takiego - mówił - który jeszcze pracował u mojego ojca.
M	1560	DYWIZ	1	6	21	Other	Spacje wokół dywizu (w przeciwieństwie do myślnika) są zbędne: <suggestion>takiego-mówił</suggestion>; jeśli to miał być myślnik, to należy napisać <suggestion>takiego — mówił</suggestion>.	takiego-mówił|takiego — mówił
L	1561	— Panie Boże, który byłeś zawżdy moim opiekunem i obrońcą, widzisz oto nieszczęście, które dybie na mnie.
L	1562	Chciałbym twą boską małżonkę pożegnać jeszcze słowy, którymi powitałem ją niegdyś w domu Aulusów: „Różnym ja się, przeróżnym napatrzył narodom, a równej tobie nie znam.”
M	1562	MORFOLOGIK_RULE_PL_PL		89	96	Other	Wykryto prawdopodobny błąd pisowni	Zulusów|Paulusów|Alusów|Anulusów|Aulosów|Ułusów
M	1562	KROPKA_W_CUDZYSLOWIE	1	167	169	Other	Kropka kończąca zdanie powinna znajdować się po cudzysłowie: <suggestion>”.</suggestion>	”.
L	1563	— W drodze ciągle mówiła o tobie: „Jaki on ładny!”
L	1564	— I ty najwierniejszy z giermków, którego dobroć szersza od brody mojego giermka Trifaldina, zaklinam cię, o najszlachetniejszy giermku!
M	1564	MORFOLOGIK_RULE_PL_PL		81	91	Other	Wykryto prawdopodobny błąd pisowni	
L	1565	W katalogu jest pięć pliki.
M	1565	NIEZGODNOSC_PRZYPADKU_PO_LICZEBNIKU	1	16	26	Other	Po tym liczebniku (pięć) powinien prawdopodobnie występować dopełniacz.	
L	1566	Udzielając się w sporcie i polityce, ma ona jeszcze w trakcie doby tylko kilka godzina na sen.
M	1566	NIEZGODNOSC_PRZYPADKU_PO_LICZEBNIKU	1	73	86	Other	Po tym liczebniku (kilka) powinien prawdopodobnie występować dopełniacz.	
L	1567	W katalogu jest pięć plików.
L	1568	W tym roku, już za pięć dwunasta, gospodarz Balu stracił 35 miejscówek na rzecz Biura Ochrony Rządu.
M	1568	POZA_TYM	1	0	15	Other	Prawdopodobnie zbędny przecinek. Poprawnie: <suggestion>W tym roku już</suggestion>.	W tym roku już
L	1569	Ma to przynieść budżetowi państwa 8 miliardów dolarów australijskich, z czego 1 miliard Howard obiecał już przeznaczyć na cele ochrony środowiska.
L	1570	Na dwoje babka wróżyła.
L	1571	Gdy oboje rodzice pracują, z urlopu może korzystać tylko jedno z nich.
L	1572	W tym roku cena 1 mkw. jest o milion wyższa.
L	1573	W dniu ewakuacji od czwartej trzydzieści byli już na nogach.
L	1574	Był to sześćset trzydziesty czwarty pocisk katiuszy wystrzelony przez Hezbollah od początku kwietnia na Galileę.
L	1575	Z tego wyczerpano dziesięć ofert sprzedaży i dziewięć kupna.
L	1576	Uczyłem zajęć praktycznych, mam cztery trzysta emerytury, dwoje dzieci chodzi do szkoły, więc stanąłem w tej kolejce po robotę.
L	1577	Wszystkie inne partie są tylko trochę establishmentowe, a Unia jest kwintesencją establishmentu.
L	1578	Amica, jeszcze tydzień temu lider tabeli, przeciwstawiła czterem obrońcom Wisły parę Fedoruk — Ziober, ale tylko jedna ich akcja zakończyła się powodzeniem.
M	1578	MORFOLOGIK_RULE_PL_PL		95	101	Other	Wykryto prawdopodobny błąd pisowni	
L	1579	Andrzej Szalewicz, co też dziwi, choć w ich wypadku „sportowa polityka” każe na telewizję patrzeć przez trochę inne okulary.
M	1579	MORFOLOGIK_RULE_PL_PL		8	17	Other	Wykryto prawdopodobny błąd pisowni	
L	1580	Porwani Polacy to prawdopodobnie Zbigniew Hausner, dziennikarz, Ewa i Lesław Adamscy, oboje fizycy, Lutka Sobolewska, inżynier, oraz Henryk Amerski.
M	1580	MORFOLOGIK_RULE_PL_PL		140	147	Other	Wykryto prawdopodobny błąd pisowni	Ameryki|Azerski|Amurski|Hamerski|Lamerski|Gamerski|Almerski|Amer ski
L	1581	W społeczeństwach zachodnich małżeństwa dwuzawodowe (oboje pracujący na pełnych etatach) są zjawiskami rzadkimi.
L	1582	Milion poświęcony najprawdopodobniej zostanie na zrobienie modeli obliczania kosztów.
L	1583	Dziad zabrał miliard należący do „Pruszkowa” i odesłał ich po zwrot do Rudego.
L	1584	Kilka osób zna angielski, kilka francuski.
L	1585	Lat temu dwadzieścia ten sam Dżek Dale, który przyjechał teraz do mnie własnym samochodem…
M	1585	MORFOLOGIK_RULE_PL_PL		29	33	Other	Wykryto prawdopodobny błąd pisowni	Drzew|Rzek|Czek|Drze|Dzik|Dżem|Drzeć|Zek|Dek|Dżez|Szek|Izek|Dziek|Drzem|Dzet|Dżet
L	1586	Rozeszli się, oboje zagniewani.
L	1587	— Szczęśliwa droga! — odpowiedzieli oboje Ślimakowie.
L	1588	Zamiast odpowiedzi usłyszałem głośne okrzyki po trzykroć powtórzone, które tak wielką we mnie wznieciły radość, iż nikt jej pojąć nie może.
L	1589	Metoda Houyhnhnmów wychowywania młodzieży płci obojga godna jest podziwu i naśladowania.
M	1589	MORFOLOGIK_RULE_PL_PL		7	18	Other	Wykryto prawdopodobny błąd pisowni	
L	1590	- A byle okazał się tylko przyzwoitym człowiekiem, to pal sześć owe zyski.
L	1591	To rzekłszy, wydobył złożony we czworo papier i odczytał coś, czego chłopi wprawdzie nie rozumieli, ale radowali się bardzo.
L	1592	Tom mówi, że wy dwoje macie sporo ze sobą wspólnego.
L	1593	Mam 15 baloniki.
M	1593	NIEZGODNOSC_PRZYPADKU_PO_LICZEBNIKU	2	7	15	Other	Po tym liczebniku (15) powinien prawdopodobnie występować dopełniacz.	
L	1594	Bieg ukończyło 98 osoby, w tym zaledwie 12 kobiet.
M	1594	NIEZGODNOSC_PRZYPADKU_PO_LICZEBNIKU	2	18	23	Other	Po tym liczebniku (98) powinien prawdopodobnie występować dopełniacz.	
L	1595	To było w roku 1923.
L	1596	W 69 Izraelczycy zaczęli atakować obozy w dolinie Jordanu i wtedy uchodźcy musieli przenieść się pod Amman.
L	1597	„Wariat jestem” — pomyślał, jednakże znowu uważnie przeczytał zaproszenie: 15 lipca br. o godz. 8 wieczór.
L	1598	Pozostawić do podwojenia objętości (około 1, 5 godziny).
M	1598	SPACJA_ZA_PRZECINKIEM_DZIESITNYM	1	42	46	Other	Prawdopodobnie zbędna spacja w liczebniku dziesiętnym: <suggestion>1,5</suggestion>?	1,5
L	1599	Choć do ukończenia budowy daleko, to świątynia została już konsekrowana - 7 listopada 2010 papież Benedykt XVI podniósł ją do godności bazyliki mniejszej.
L	1600	Windows 8 pobrany 16 milionów razy?
L	1601	Namiary: Puławska 48 (wejście od ul. Dąbrowskiego), 02-559 Warszawa, Poland
L	1602	CP-150 działa w dwóch zakresach (900/1800 MHz), ma wbudowany Bluetooth 2.
L	1603	W roku 1994 ujawniono z kolei, że w latach 1985 — 86 Komórka Antyterrorystyczna prowadziła nielegalny podsłuch telefoniczny kilkuset znanych polityków
L	1604	Drugi test polegał na sprawdzeniu, jak Jabra GO 6430 radzi sobie jako zestaw słuchawkowy dla telefonu.
M	1604	MORFOLOGIK_RULE_PL_PL		39	44	Other	Wykryto prawdopodobny błąd pisowni	Jądra|Jara|Sabra|Jarą|Babra|Gabra|Jabca|Sabrą
L	1605	Można zatem wywieść, że kryterium objęcia danej organizacji lekarskiej zakazem przewidzianym w art. 58 Prawa farmaceutycznego stanowi automatyzm lub łatwość przepływu korzyści z majątku organizacji do majątku osobistego konkretnego lekarza.
L	1606	513.45 Beskid Śląski (czes. Slezské Beskydy)
M	1606	MORFOLOGIK_RULE_PL_PL		28	35	Other	Wykryto prawdopodobny błąd pisowni	
M	1606	MORFOLOGIK_RULE_PL_PL		36	43	Other	Wykryto prawdopodobny błąd pisowni	Beskidy
L	1607	Pomiędzy rokiem 600 i 900 miasto było wielokrotnie zajmowane.
L	1608	Mam 1,5% chleb.
M	1608	NIEZGODNOSC_PRZYPADKU_PO_LICZEBNIKU	3	9	14	Other	Wyraz po wartości procentowej (chleb) przypuszczalnie powinien być w dopełniaczu.	
L	1609	8% Prawo i Sprawiedliwość – 30.
L	1610	A przy okresie 15-letnim nawet ponad 30% niższy.
L	1611	Kupno towaru przez internet u pewnego dilera jest w 99,99999% bezpieczne, nie mniej niż w sklepie stacjonarnym.
L	1612	15% to inwestorzy, którzy inaczej dzielą inwestycje.
L	1613	Powierzchnia Ziemi to w 70% woda.
L	1614	Szampon to RENE FURTERER OKARA przedłużający o 80% trwałość koloru włosów farbowanych.
M	1614	MORFOLOGIK_RULE_PL_PL		11	15	Other	Wykryto prawdopodobny błąd pisowni	RENÉ|RENĘ|RĘCE|RĘKĘ|CENĘ|RENT|RENTĘ|RANĘ|ARENĘ|IRENE|RENA|BENE|IRENĘ|LENĘ|REN|RENEM|RENER|RENU|RENIE|RENY|REBE|RENI|RENO|REDĘ|WENĘ|RENĄ|REGE|RŻNĘ|REGĘ|REJE|RUNĘ|RENIĘ|RENES|RĘBNE|RENN|REWĘ|REĘ|REJĘ|RENET|HENĘ|JENĘ|RENÉM|REYE|REŃ|GRENĘ|RELE|RELĘ|RENG|RENGĘ|RYNĘ|RZNĘ|URENĘ|REN E
M	1614	MORFOLOGIK_RULE_PL_PL		16	24	Other	Wykryto prawdopodobny błąd pisowni	
M	1614	SUBST_ADJ_UNIFY	1	25	44	Other	Przypuszczalnie brak zgodności form przypadków rzeczownika i przymiotnika: OKARA przedłużający.	
L	1615	Mam 5 mld złoty.
M	1615	NIEZGODNOSC_PRZYPADKU_PO_LICZEBNIKU	4	4	15	Other	Po tym liczebniku (5 mld) powinien prawdopodobnie występować dopełniacz.	
L	1616	Rozważając te sprawy, istnieje wiele innych przykładów.
M	1616	IMIESLOW_POMYLONY_PODMIOT	1	0	55	Other	W tym zdaniu imiesłów przysłówkowy Rozważając prawdopodobnie nie ma tego samego podmiotu, co orzeczenie główne (istnieje).	
L	1617	Czekając na Godota
L	1618	Od lat zmagając się z poczuciem winy, nie potrafi poukładać sobie życia — jej małżeństwo się rozpada, życie prywatne właściwie nie istnieje, jedyną ucieczkę staje się praca.
L	1619	Nie patrząc na terminowe wpłaty (linia debetowa istniała od kilku lat i co roku była odnawiana automatycznie, jeśli sam nie wyraziłem woli jej zamkniecia), lecz jako jedyny powód mając nienadesłanie uaktualnionego zaświadczenia o zatrudnieniu.
M	1619	MORFOLOGIK_RULE_PL_PL		143	153	Other	Wykryto prawdopodobny błąd pisowni	zamknięcia|zamknięcie|zamknięciu|zamknięci|zamkniecie|zatknięcia|zamoknięcia|zemknięcia|zamknie cia
L	1620	Wchodząc na afisz.
M	1620	PCON_VERB	1	0	18	Other	W tym zdaniu jest imiesłów przysłówkowy Wchodząc, ale nie ma czasownika w funkcji orzeczenia. Możliwe, że to tytuł, ale w takim razie zbędna jest kropka.	
L	1621	Kupując 2 pizze, trzecia gratis.
M	1621	PCON_VERB	1	0	32	Other	W tym zdaniu jest imiesłów przysłówkowy Kupując, ale nie ma czasownika w funkcji orzeczenia. Możliwe, że to tytuł, ale w takim razie zbędna jest kropka.	
L	1622	Kupując 2 pizze, trzecią otrzymujesz gratis!
L	1623	Mówiąc między nami, to moja dziewczyna.
L	1624	Ściśle rzecz biorąc, pomidor to owoc.
L	1625	Weszła na afisz.
L	1626	Czekając na Godota
L	1627	— Tak, oddając ją w ręce Markowi!
L	1628	Szczerze mówiąc, za bezcen.
L	1629	Mówiąc między nami, to żaba, nie kobieta.
L	1630	Wówczas obaj udali się na przechadzkę triumfalną, podniósłszy głowy i porykując co chwila.
L	1631	Ale, margrabio, mówiąc otwarcie, na co mi tego kłopotu?
M	1631	BOWIEM_ZAS	1	0	3	Hint	Ten wyraz nie powinien występować na początku zdania.	
L	1632	Potem obaj umilkli, przysłuchując się skrzypiącemu pod nogami śniegowi.
L	1633	Sumując — nihil novi.
L	1634	Nie licząc lokomotyw, to cztery tysiące ton.
L	1635	Fokker broni się od tygodnia przed bankructwem szukając potencjalnych inwestorów.
M	1635	ZDANIA_ZLOZONE	1	7	81	Other	W tym zdaniu złożonym brakuje przecinka lub spójnika między jednym czasownikiem („broni”) a drugim („szukając”).	
L	1636	W innych krajach także, nie wyłączając Polski (mniejsza o liczby).
L	1637	Niewiele, zważywszy, że jeden słony paluszek to 27 kcal.
L	1638	Wchodząc na afisz, który wisiał na słupie.
M	1638	PCON_VERB	2	0	42	Other	W tym zdaniu jest imiesłów przysłówkowy Wchodząc, ale nie ma czasownika w funkcji orzeczenia.	
L	1639	Wchodząc na afisz, który wisiał na słupie, sztuka była już znana.
L	1640	„Jakim ja nikczemny i głupi!… — zawołał, uderzając się w czoło.
M	1640	PL_UNPAIRED_BRACKETS		0	1	Other	Brak niesparowanego symbolu: „””	
L	1641	- Jakie śliczne kwiaty - mówił, wąchając ten lub ów z poustawianych wszędzie bukietów.
M	1641	DYWIZ	1	16	30	Other	Spacje wokół dywizu (w przeciwieństwie do myślnika) są zbędne: <suggestion>kwiaty-mówił</suggestion>; jeśli to miał być myślnik, to należy napisać <suggestion>kwiaty — mówił</suggestion>.	kwiaty-mówił|kwiaty — mówił
L	1642	Jaki on ciężki — powiedział, kładąc go na łóżko.
L	1643	- Jaki tu błogi spokój - uśmiechnęła się pani Barbara, przekładając ciążącą jej torbę do drugiej ręki i podciągając przerzucone przez ramię chustkę i żakiet.
M	1643	DYWIZ	1	16	36	Other	Spacje wokół dywizu (w przeciwieństwie do myślnika) są zbędne: <suggestion>spokój-uśmiechnęła</suggestion>; jeśli to miał być myślnik, to należy napisać <suggestion>spokój — uśmiechnęła</suggestion>.	spokój-uśmiechnęła|spokój — uśmiechnęła
L	1644	Kiedyż to jaki „pan szczęścia” odwrócił się od tylu talarów, bojąc się zapijaczonego starego żeglarza z siną gębą i to jeszcze umarłego?
L	1645	To Piotruś, który od wyjścia ze szkoły nie porzucał swego protektora, łażąc za nim w odległości kilku kroków po uliczkach i zaułkach miasteczka.
L	1646	Afisz, który wisiał na słupie, będąc widocznym.
M	1646	PCON_VERB	3	0	47	Other	W tym zdaniu jest imiesłów przysłówkowy który, ale nie ma czasownika w funkcji orzeczenia.	
L	1647	Czekając na Godota
L	1648	Wiedziałam, że nie powinnam byłam teraz poruszać tego tematu.
M	1648	WINIEN_AGLUTYNANT	1	28	33	Other	Prawdopodobnie zła odmiana czasownika „powinien”. Powinno być: <suggestion>była</suggestion>.	była
L	1649	Byłem w miejscach, do których nie powinienem byłem chodzić.
M	1649	WINIEN_AGLUTYNANT	1	45	50	Other	Prawdopodobnie zła odmiana czasownika „powinien”. Powinno być: <suggestion>był</suggestion>.	był
L	1650	Powinien był bardziej uważać.
L	1651	Dziwne jest przypuszczenie, jakoby działanie rozumu może być zrozumiane.
M	1651	ZLY_CZAS_GRAMATYCZNY_PO_JAKOBY	1	52	56	Other	W tym zdaniu podrzędnym prawdopodobnie wymagany jest czas przeszły.	
L	1652	Dziwne to przypuszczenie, jakoby działanie rozumu mogło być zrozumiane.
L	1653	To jest znaczeni naturalne.
M	1653	IMIESLOW_ZAMIAST_GERUNDIUM	1	8	16	Other	Prawdopodobnie literówka lub błąd składniowy. Czy chodziło o <suggestion>znaczenie</suggestion>?	znaczenie
L	1654	To jest znaczenie naturalne.
L	1655	Zatrzymani to 40-letnia kobieta, bliska znajoma dziennikarza, oraz 40-letni rzemieślnik.
L	1656	Dociekanie nie są kluczowe.
M	1656	NIEZGODNOSC_LICZBY_PODMIOTU_I_ORZECZENIA	1	0	17	Other	Podmiot „Dociekanie” jest niezgodny z liczbą orzeczenia „są”. Niepoprawna liczba któregoś z wyrazu lub brak przecinka.	
L	1657	Sierpień w mobilnych okienkach upłyną pod znakiem awarii Marketplace.
M	1657	NIEZGODNOSC_LICZBY_PODMIOTU_I_ORZECZENIA	1	0	37	Other	Podmiot „Sierpień” jest niezgodny z liczbą orzeczenia „upłyną”. Niepoprawna liczba któregoś z wyrazu lub brak przecinka.	
M	1657	MORFOLOGIK_RULE_PL_PL		57	68	Other	Wykryto prawdopodobny błąd pisowni	Market place
L	1658	Dociekania nie są kluczowe.
L	1659	Wiesz, co jedzą twoje dzieci?
L	1660	Śniadanie jemy w kuchni.
L	1661	Co wy sądzicie?
L	1662	Winiarze też to rozumieją.
L	1663	Bałem się, że jak zemdleję, to rękę odetną.
L	1664	Właśnie dzięki temu, że książka ta powstała w 1973 roku możemy obserwować...
M	1664	ZDANIA_ZLOZONE	1	35	74	Other	W tym zdaniu złożonym brakuje przecinka lub spójnika między jednym czasownikiem („powstała”) a drugim („możemy”).	
L	1665	Nic te hasła nie mówią osobom postronnym.
L	1666	— Weźmiemy dwu, sklep rozszerzymy, będzie wspaniały.
L	1667	— Jego dostojność namiestnik i moja matka bardzo lubią śpiew.
L	1668	Przebąkiwano, że i on niedługo już tu będzie „popasał”, że lada dzień skończą się i jego „rządy”.
L	1669	Jakby nie dość było tej zapory dla słońca, czyjaś ręka rozwiesiła jeszcze w oknach kapy kolorowe, które blask dzienny prawie zupełnie tłumią.
L	1670	W każde święto uczniowie wraz z domownikami odczytują głośno żywoty świętych i śpiewają pieśni nabożne.
L	1671	„Matka, małżonka, ojciec na śmierć mnie wzywają!”
L	1672	Porwać Ligię wydawało mu się rzeczą możliwą i tego był prawie pewien, ale również pewien był, że wobec nauki on sam, jego męstwo, jego potęga są niczym i że z nią sobie nie poradzi.
L	1673	Po wszystkich znać było, iż lada chwila oczekują czegoś nadzwyczajnego.
L	1674	Więc twoje wczorajsze chrześcijaństwo i twoja dawniejsza filozofia pozwalają ci wierzyć w Merkurego?
L	1675	Niech Bóg i wielki święty Mikołaj mają cię w swej opiece!
L	1676	Gdyby Petroniusz był pewien, że Winicjusz z Ligią są już za bramami miasta, byłby odrzekł: „Ożenił się z twego pozwolenia i wyjechał”.
L	1677	Wilczur wraz z Jemiołem zamieszkają w przybudówce.
M	1677	MORFOLOGIK_RULE_PL_PL		15	23	Other	Wykryto prawdopodobny błąd pisowni	Jemiołę|Jemiołom
L	1678	Tak samo w teatrze, sceny malujące zadowolenie bez obawy są mdłe, toż samo ostateczna nędza bez nadziei i miłość brutalna, i bezlitosne okrucieństwo.
L	1679	I to wszystko gadają o nim dziś.
L	1680	Po pierwszym Napoleonie znajdzie się jakiś drugi, a gdyby i ten źle skończył, przyjdzie następny, dopóki jeden po drugim nie uporządkują świata.
L	1681	Windows Phone’om rzeczywiście do szczęścia nie są potrzebne “wielordzeniówki”.
M	1681	CUDZYSLOW_OTWIERAJACY	1	60	61	Other	Cudzysłów niezgodny z polskimi normami typograficznymi. Poprawnie: <suggestion>„</suggestion>.	„
M	1681	MORFOLOGIK_RULE_PL_PL		61	76	Other	Wykryto prawdopodobny błąd pisowni	wielordzeniowej|wielordzeniowi
M	1681	PL_UNPAIRED_BRACKETS		76	77	Other	Brak niesparowanego symbolu: „„”	
L	1682	Aplikacje co jakiś czas się zawieszają.
L	1683	Aplikacja, jak i sama usługa są darmowe.
L	1684	Lekkie rozczarowanie mogą czuć jedynie posiadacze Lumi 610.
M	1684	MORFOLOGIK_RULE_PL_PL		50	54	Other	Wykryto prawdopodobny błąd pisowni	Tymi|Lubi|Luki|Rumi|Lusi|Dymi|Mymi|Luci|Luli|Lump|Ludi|Luj|Luma|Lumin|Lum|Lumie|Lumpi|Lumy|Pumi|Lu mi|Lum i
L	1685	Raz spadają pojedynczo, innym razem większymi grupami.
L	1686	Po prostu po zetknięciu z takim elementem prędkość traktora maleje do zera, jednak ani pojazd, ani dany element nie zostają uszkodzone.
L	1687	Obok niego co pewien czas przelatują różnego rodzaju insekty.
L	1688	Klimat poczują jedynie miłośnicy serii.
L	1689	Rozwiązanie to sprawia, że gra mimo swojej prostoty nie nudzi się, a kolejne poziomy raz za razem zaskakują.
L	1690	Żaden obraz, ani żadna myśl poety nie giną w jego wyrazistej dykcji.
M	1690	PRZECINEK_ANI	1	11	16	Other	Prawdopodobnie zbędny przecinek, powinno być: <suggestion> ani</suggestion>.	 ani
L	1691	Perfumy co prawda rozwijają się na skórze.
L	1692	Owocowa i czekoladowa nuta lekko przygasają.
L	1693	Zarówno kampania reklamowa, jak i samo opakowanie należą do najlepszych, jakie miałem przyjemność widzieć w tym roku.
L	1694	Syryjskie wzgórza Golan są bezprawnie okupowane przez Izrael od 1967 r.
L	1695	Ciemne piwo, melasa i przyprawy, a zwłaszcza bardzo duża dawka imbiru sprawiają, że ciasto jest niezwykle smaczne.
L	1696	Hmmm, dlaczego producenci marek luksusowych mają to w nosie?
L	1697	Zamiast odwoływać się w swojej pracy do wartości dziennikarskich, red. Machała i red. Lis wyznaczają — jak mówi ten pierwszy — nowe granice reklamy natywnej (sic!).
L	1698	Potem syn Wojtuś za kolejne przestępstwo pod wpływem alkoholu w warunkach zawieszenia kary trafia do pudła – przez jakiś czas siedzą nawet w tym samym wiezieniu.
L	1699	A ich przeliczniki, no cóż czasem pozostawiają wiele do życzenia.
M	1699	INTERJ_PRZECINEK	1	20	33	Other	Prawdopodobnie brak przecinka. Powinno być: <suggestion>no cóż, czasem</suggestion>.	no cóż, czasem
L	1700	Podsumowując: doskonałe ciasto i bardzo wysoka jakość składników sprawiają, że w kategorii sieciowych pizzerii Pizza Hut nie ma w Kielcach konkurencji.
L	1701	Do Nyköping z lotniska Sztokholm Skavsta jeżdżą dwa autobusy 515 i 715, które kursują mniej więcej co pół godziny.
M	1701	MORFOLOGIK_RULE_PL_PL		3	11	Other	Wykryto prawdopodobny błąd pisowni	
M	1701	MORFOLOGIK_RULE_PL_PL		33	40	Other	Wykryto prawdopodobny błąd pisowni	
L	1702	Najtańsze urządzenia z systemem Android zazwyczaj mają wgraną jego starszą wersję.
L	1703	Brakuje wielu opcji grupowania znanych z videoprezentacji prototypu, kupki ikon nie są tak ładnie poskładane…
M	1703	MORFOLOGIK_RULE_PL_PL		41	57	Other	Wykryto prawdopodobny błąd pisowni	wideoprezentacji|wideoprezentacja|wideoprezentacje|wideoprezentacjo|wideoprezentacją|wideoprezentację|wideoprezentacyj|video prezentacji
L	1704	Gumowe wykończenia robota pomagają trochę amortyzować te nieprzewidziane kontakty.
L	1705	Właściciele takich stron często ponad rzetelność wpisów stawiają sobie korzyści majątkowe.
L	1706	Chad Hurley i Steve Chen twierdzą, że serwis nie pozostanie w stanie wegetacji.
M	1706	MORFOLOGIK_RULE_PL_PL		0	4	Other	Wykryto prawdopodobny błąd pisowni	Chat|Cha|Chata|Chaty|Czat|ChAT|Chód|Hat|Cat|Cham|Chan|Chatę|Czad|Chatą|Chart|Chato|CAD|Char|Chwat|Chant|Chatu|Chał|Khat|Chap|ChD|Chaw|Ghat|Phad|Chag|Chaud|Ch ad|Cha d|iChat
M	1706	MORFOLOGIK_RULE_PL_PL		5	11	Other	Wykryto prawdopodobny błąd pisowni	Huxley|Harley
L	1707	Nowe mikroprocesory Intela z serii Atom pojawią się w latach 2012 – 2014.
L	1708	Nowsze wersje systemu Android są załatane pod kątem dwóch powyższych luk.
L	1709	Konwersacja czy też powiadomienie o innej aktywności wyświetlą się w chmurce.
L	1710	— To państwo nie mieszkają w pałacu?
L	1711	Tak słowo w słowo opowiadają to zdarzenie ci, co je dobrze znają.
L	1712	Tam się ksiądz proboszcz rozmówią.
L	1713	Dalej, spiesz się, słychać już zewsząd muzykę; wesele pewno odprawią rano przed upałem.
L	1714	Walka jest tutaj tak zażarta, ponieważ na wzgórzach Golan decydują się losy obu stron, samo ich istnienie.
L	1715	Pani Couture i panna Wiktoryna nie zgorszą się waszymi swobodnymi żarcikami.
L	1716	Budzimy się z tego snu chorzy i smutni i używanie tego napoju staje się przyczyną chorób, które życie nasze czynią nieprzyjemnym i krótkim.
L	1717	Mnóstwo sztuk umieją, tylko teraz zmęczeni są trochę, więc ich nie chcę pokazywać.
L	1718	Nie wolno źrebiętom tknąć ani ziarenka owsa okrom pewnych dni, póki osiemnastego roku nie dosięgły, również mleko dostają bardzo rzadko.
L	1719	Las mi rąbią, zboże spasają, na pastwiska włażą…
L	1720	Czyli także i ci słuchacze młodzież do dobrego prowadzą?
L	1721	Kotik podążał za nimi uradowany wielce i zdumiony, że krowy morskie coś w ogóle umieją.
L	1722	Zresztą cóż mnie obchodzą jego przywileje!
L	1723	Oficjalny optymizm prezesa banku centralnego podważają jednak eksperci.
L	1724	Pogoda ducha i włoskie słońce są jedyną obroną przed stresem.
L	1725	Obecnie obrót akcjami spółek z NFI prowadzą 33 biura.
L	1726	Wnioski te dla zarządu BGŻ nie są jednak zbyt optymistyczne.
L	1727	— Składki dla ZUS nie są na bieżąco odprowadzane, bo mamy zablokowane konta, a nie mogę robić wpłat gotówką, bo to są za duże kwoty i obowiązuje przymus przelewów.
M	1727	PREP_CASUS	1	14	17	Other	Przyimek „dla” jest używany z dopełniaczem.	
L	1728	Stosunkowo wysoki koszt druku i jego szybkość są tu głównymi przeszkodami.
L	1729	Nastula, a także jego trener Wojciech Borowiak są nad wyraz spokojni i czekają tylko na chwilę, kiedy wszystko rozstrzyga się po ich myśli.
L	1730	Żebyśmy mogli za kilka lat powiedzieć, że spory typu budowa supermarketu nie wchodzą w grę, że nie mamy w ogóle tego typu problemów — powiedział.
L	1731	Większość zawieranych transakcji muszą poprzedzać przetargi.
L	1732	Udział w nim wezmą m.in. pełnomocnik rządu ds. integracji europejskiej i pomocy zagranicznej oraz przedstawiciel Unii Europejskiej w Polsce.
L	1733	Większość swoich dochodów przeznaczają oni na żywność, a to wspiera krajową produkcję — powiedział minister Pietrewicz.
L	1734	Sałatki z uwagi na małą ich ilość nie dominują w żaden sposób, podkreślają jedynie smak.
L	1735	Lekki wiatr, upalna pogoda i związana z nią przedłużająca się susza powodują coraz większy — wręcz katastrofalny — spadek wilgotności ściółki leśnej.
L	1736	Codziennie w jakiś niewytłumaczalny sposób znikają.
L	1737	Jeśli krewetki plus grzanka są dla Was niewystarczające – przygotowane w ten sam sposób dodajemy do już usmażonych tzw. warzyw na patelnię.
L	1738	SMS’y rozliczane są poza abonamentem.
M	1738	SKROTOWCE_Z_APOSTROFEM	1	0	5	Other	Prawdopodobny błąd zapisu odmiany; skrótowce odmieniamy z dywizem: <suggestion>SMS-y</suggestion>.	SMS-y
L	1739	Moc antybiotyków i przemiła atmosfera dają radę zwalczyć dolegliwości.
L	1740	Dyrektywy UEFA są klarowne.
L	1741	Czy wolno jednak serio zakładać, że oligopol w LM naruszą ci, którzy nigdy nie posmakowali nawet ćwierćfinału?
M	1741	SKROTY_Z_KROPKA	1	47	49	Other	Ten skrót piszemy z kropką: <suggestion>LM.</suggestion>	LM.
L	1742	Samoloty Federal Express mogą korzystać z lotnisk w Tokio i Osace w drodze na Tajwan.
M	1742	MORFOLOGIK_RULE_PL_PL		9	16	Other	Wykryto prawdopodobny błąd pisowni	Futerał|Federat
L	1743	I że kolejny skok frekwencyjny mogą spowodować tylko głębokie zmiany na rynku kinowym.
L	1744	Zarówno premier Joe Bossano, jak i 39-letni lider socjaldemokratów Peter Caruana są zgodni co do celu: uważają, że Gibraltar powinien stać się bardziej samodzielny.
M	1744	MORFOLOGIK_RULE_PL_PL		20	27	Other	Wykryto prawdopodobny błąd pisowni	Dossano|Possano|Bo ssano|Boss ano|Bossa no
M	1744	MORFOLOGIK_RULE_PL_PL		73	80	Other	Wykryto prawdopodobny błąd pisowni	Carówna|Cardana|Carówną
L	1745	Jak już informowaliśmy, o 75 proc. akcji DT Centrum starają się dwa konsorcja.
L	1746	W cyklu Opera Camerata pojawią się polska prapremiera „L'Olimpiade” Vivaldiego (styczeń 1997), „Chopin” Giacomo Orefice (10 maj 1997), „Pan wojewoda” Rimskiego-Korsakowa...
M	1746	MORFOLOGIK_RULE_PL_PL		57	66	Other	Wykryto prawdopodobny błąd pisowni	Olimpiadę|Olimpiady|Olimpiada|Olimpiad|Olimpiadą|Olimpiado|Olimpia de
M	1746	MORFOLOGIK_RULE_PL_PL		112	119	Other	Wykryto prawdopodobny błąd pisowni	Orenice|Orfice
M	1746	ZAPIS_DATY_ZE_SKROTEM_BLEDNYM	5	121	132	Other	Błąd ortograficzny w skrócie lub błędna odmiana nazwy miesiąca. Powinno być: <suggestion>10 V 1997</suggestion> lub <suggestion>10 maja 1997</suggestion>.	10 V 1997|10 maja 1997
L	1747	Wymyślają, pytają się, czas bałamucą, a tu i nic tak osobliwego do gadania nie ma!
L	1748	— Oho, odmówiłbym księciu Alby, a majstra Piotra pomieścił — odrzecze gospodarz — jest tu dosyć ludzi, co za widzenie dobrze zapłacą.
L	1749	Dziś tematem numer jeden są wczorajsze fałszywe alarmy o podłożonych, w 22 instytucjach na terenie całej Polski, bombach.
L	1750	Okres jego sportowej pomyślności można rozciągnąć jeszcze na karierę zawodniczą.
L	1751	Przemysław Czapliński, Janusz Tazbir, Adam Zagajewski, Joanna Tokarska – Bakir, bp Grzegorz Ryś i Agata Bielik – Robson wskazują, jak bardzo zmienił się model polskości na przestrzeni dwudziestu trzech lat od momentu transformacji ustrojowej.
M	1751	MORFOLOGIK_RULE_PL_PL		30	36	Other	Wykryto prawdopodobny błąd pisowni	Ta zbir
M	1751	MORFOLOGIK_RULE_PL_PL		73	78	Other	Wykryto prawdopodobny błąd pisowni	Baker|Bakier|Bąki|Baki|Fakir|Bakar|Jakir|Takir|Ba kir|Baki r
L	1752	Fakt, że jest za darmo, oraz dobra reklama wystarczają, by nazwać grę świetną.
L	1753	Jednak w przypadku Wizard’s Tower oba są poprawne.
M	1753	MORFOLOGIK_RULE_PL_PL		19	25	Other	Wykryto prawdopodobny błąd pisowni	Wiza rd
L	1754	Atlanta i cały stan Georgia znane są ze swojej tolerancji wobec mniejszości seksualnych.
L	1755	Spekulowano też, że miejsce Leszka Spalińskiego mogą zająć Tomasz Wołek lub Jarosław Gugała.
M	1755	MORFOLOGIK_RULE_PL_PL		35	47	Other	Wykryto prawdopodobny błąd pisowni	Opalińskiego|Palińskiego|Szalińskiego|Spa lińskiego|Spal ińskiego
L	1756	Co piątek idą się napić.
L	1757	Nie znaczy to, żeby rząd zaprzestał pracy, to posłowie chętniej występują w roli projektodawcy.
L	1758	Przedsiębiorcy podejmujący w nim działalność mogą korzystać z ulg celnych.
L	1759	26 lutego w Sierra Leone mają się odbyć wybory.
L	1760	Tudjman wierzy, że tylko on i jego partia są prawdziwymi obrońcami interesów narodowych.
M	1760	MORFOLOGIK_RULE_PL_PL		0	7	Other	Wykryto prawdopodobny błąd pisowni	
L	1761	To zrozumiałe — tak słaby rywal plus ogromny upał są wystarczającym usprawiedliwieniem.
L	1762	Co potrafią "japonki"?
L	1763	O baj przedkładają skuteczność ponad sztukę.
M	1763	O_BAJ_OBAJ	1	0	5	Other	Ten wyraz pisze się łącznie: <suggestion>Obaj</suggestion>.	Obaj
L	1764	Słowa naszej dr dźwięczą mi ciągle w uszach.
L	1765	Ludzi i pogodę trzeba brać poważnie.
L	1766	Mężczyźni całe życie pozostają dziećmi.
L	1767	Jestem prawdziwymi Polakiem.
M	1767	NIEZGODNOSC_LICZBY_PODMIOTU_I_ORZECZENIA	2	7	27	Other	Niezgodność liczby przymiotnika i rzeczownika: prawdziwymi Polakiem.	
L	1768	Może okaże się, że jestem jakimiś potworem.
M	1768	NIEZGODNOSC_LICZBY_PODMIOTU_I_ORZECZENIA	2	26	42	Other	Niezgodność liczby przymiotnika i rzeczownika: jakimiś potworem.	
L	1769	Dzieci byli tutaj.
M	1769	NIEZGODNOSC_RODZAJU_PODMIOTU_Z_ORZECZENIEM	1	7	11	Other	Niezgodność rodzaju orzeczenia (byli) z podmiotem (Dzieci).	
L	1770	Trochę mądrości i cnoty posiadali.
L	1771	Dwa razy byli u nas.
L	1772	I ojciec i dzieci byli wspólnikami tej małej zbrodni.
L	1773	Po większej części byli to zdrajcy, łotrzy, zabójcy, złodzieje.
L	1774	Palmy, tamaryndusy, cyprysy i mirty byli to żołnierze uszykowani szeregami.
L	1775	Zahary Quinto i Jessica Lange byli wychwalani pod niebiosa.
M	1775	MORFOLOGIK_RULE_PL_PL		0	6	Other	Wykryto prawdopodobny błąd pisowni	Zachary|Sahary|Zachara|Zacharę|Czahary|Żagary|Zacharo|Zacharą|Lahary|Żachamy|Żachały
M	1775	MORFOLOGIK_RULE_PL_PL		7	13	Other	Wykryto prawdopodobny błąd pisowni	Quito|Quieto|Quinoo
L	1776	Oboje byli odurzeni.
L	1777	Mówię do Cię.
M	1777	DO_CI_DO_CIEBIE	1	9	12	Other	Tu powinna być forma akcentowana zaimka: <suggestion>ciebie</suggestion>.	Ciebie
L	1778	Mówię do Ciebie.
L	1779	Mówię do niego.
L	1780	Mówię do jej matki.
L	1781	Oficerowie byli nieobecne.
M	1781	NIEZGODNA_FORMA_ORZECZNIKA_POT_PRAET	1	16	25	Other	Niezgodna forma przymiotnika (nieobecne) i orzeczenia (byli).	
L	1782	Dali ojcowskie błogosławieństwo, byli oboje w kościele.
L	1783	Ona uwielbia pizza.
M	1783	DWA_PODMIOTY_FIN	1	0	18	Other	W tym fragmencie zdania występują dwa potencjalne podmioty (Ona, pizza) jednego orzeczenia (uwielbia). Prawdopodobnie błąd gramatyczny, interpunkcyjny lub literówka.	
L	1784	Co powie matka?
L	1785	Zwycięstwo jest nasze.
L	1786	W środku wygląd przypomina rzecz jasna ten znany z Google Maps.
L	1787	To pani jest Róża Iksińska?
L	1788	Jak turecki pasza siedzi on.
L	1789	Jest artysta, a więc człowiekiem utalentowanym.
M	1789	NIEWLASCIWA_KONCOWKA_PRZYPADKU_ORZECZNIKA	1	5	12	Other	Ten wyraz powinien być prawdopodobnie w narzędniku: <suggestion>artystą</suggestion>.	artystą
L	1790	Jest artystą, a więc człowiekiem utalentowanym.
L	1791	Jest pan pierwszym człowiekiem, którego usiłuję uwieść.
L	1792	Jest śmiały z przyrody.
L	1793	Jest pan zbyt rozdrażniony.
L	1794	Jest lekarz za darmochę, więc do niego kto żyw.
L	1795	Jest inteligent, artysta, robotnik, chłop, prosta dziewczyna...
L	1796	A "kwintesencją brytyjskiego biznesmena" jest prezes Anglo-American Conglomerate lord Hanson.
M	1796	MORFOLOGIK_RULE_PL_PL		53	67	Other	Wykryto prawdopodobny błąd pisowni	
M	1796	MORFOLOGIK_RULE_PL_PL		68	80	Other	Wykryto prawdopodobny błąd pisowni	
L	1797	Jest bogaty, więc może sobie na wszystko pozwolić.
L	1798	Kibice Vasco są pełni nadziei na uniknięcie degradacji, natomiast torcida Flu już zaczęła szukać winnych i rozliczać zawodników za ich kiepską grę.
M	1798	MORFOLOGIK_RULE_PL_PL		66	73	Other	Wykryto prawdopodobny błąd pisowni	torcika|toroida
M	1798	MORFOLOGIK_RULE_PL_PL		74	77	Other	Wykryto prawdopodobny błąd pisowni	Ilu|Zły|Lu|Kły|Fu|Ulu|Złu|Olu|Fiu|Elu|Ful|Blu|Flp|Fał|Fru|Iłu|Iły|Alu|Fału|Fuu|Tłu|Felu|Filu|Feu|Flm|Fały|Flug|Fulu|Ałł|Fl|Cłu|Fau|Flou|Flus|Płu|F lu|Fl u
L	1799	Dla Gestora klientami są wyłącznie właścicieli lokali.
M	1799	NIEWLASCIWA_FORMA_PODMIOTU	1	35	46	Other	Prawdopodobnie błędny przypadek podmiotu zdania (właścicieli). Powinno być: <suggestion>właściciele</suggestion>.	właściciele
L	1800	Odbiorcami będą organizacji pozarządowe, przedstawiciele klubów, centrów społecznych, osoby fizyczne zainteresowani tematyką danego projektu.
M	1800	SUBST_ADJ_UNIFY	1	16	39	Other	Przypuszczalnie brak zgodności form przypadków rzeczownika i przymiotnika: organizacji pozarządowe.	
L	1801	Komedie sytuacja
M	1801	NIEZGODNO_RZECZOWNIKW_RODZAJU_ESKIEGO	1	0	16	Other	Dwa rzeczowniki w mianowniku, ale w innej liczbie.	
L	1802	Komedie sytuacyjne
L	1803	— Śliczności fuzja — westchnął Jędrek.
L	1804	— Wódki pani powinna wypić zaraz.
L	1805	Przywróciła on pokój wewnętrzny Niemcom i zorganizował ekspansję na wschód.
M	1805	DISAGREEMENT_VERB_PPRON	1	0	14	Other	Nieuzgodnione formy czasownika i zaimka osobowego (inna liczba, osoba lub rodzaj gramatyczny).	
L	1806	On poszła do szkoły.
M	1806	DISAGREEMENT_VERB_PPRON	2	0	9	Other	Nieuzgodnione formy czasownika i zaimka osobowego (inna liczba, osoba lub rodzaj gramatyczny).	
L	1807	Większość ludności kolonii było emigrantami.
M	1807	WIKSZO_BYO_WIKSZO_BYA	1	27	31	Other	Prawdopodobny błąd gramatyczny. To rzeczownik rodzaju żeńskiego. Powinno być <suggestion>była</suggestion>.	była
L	1808	Większość ludności kolonii była emigrantami
L	1809	Nigdy tego zrobiłam.
M	1809	NIGDY_NIE	1	0	20	Other	W tym zdaniu brak słowa „nie”.	
L	1810	Nigdy tego nie zrobiłam.
L	1811	Nic dziwnego, że chrapał.
L	1812	Lubię czytać poezję, lubię ją po trosze uprawiać, ale nic więcej, i ojciec mój, panie, mówiąc to, żartował sobie ze mnie.
L	1813	- Nic... wszystko będzie dobrze.
L	1814	No, ale nic, dam radę i wszystko będzie dobrze.
L	1815	Trzeba, jak gdyby nigdy nic, robić, co się postanowiło.
L	1816	- Nic, nic - rzekł.
M	1816	DYWIZ	1	7	18	Other	Spacje wokół dywizu (w przeciwieństwie do myślnika) są zbędne: <suggestion>nic-rzekł</suggestion>; jeśli to miał być myślnik, to należy napisać <suggestion>nic — rzekł</suggestion>.	nic-rzekł|nic — rzekł
L	1817	- Nic, nic - uśmiechnął się Bogumił.
M	1817	DYWIZ	1	7	23	Other	Spacje wokół dywizu (w przeciwieństwie do myślnika) są zbędne: <suggestion>nic-uśmiechnął</suggestion>; jeśli to miał być myślnik, to należy napisać <suggestion>nic — uśmiechnął</suggestion>.	nic-uśmiechnął|nic — uśmiechnął
L	1818	— Nic to; im lepiej wypocznie, tym ci raźniejszy będzie, jak wstanie.
L	1819	— Nic, nic, ukłułam się — odparła.
L	1820	— Nic a nic! — odparł śmiało.
L	1821	KUBUŚ: Nic; garnek wydaje się cały.
L	1822	— I nic, żadnej wiadomości? — spytał rządca.
L	1823	Ale i to jeszcze nic: gdyż baron przed dziesięcioma dniami strzelał się ze Starskim i dostał kulą po wierzchu żeber…
M	1823	BOWIEM_ZAS	1	0	3	Hint	Ten wyraz nie powinien występować na początku zdania.	
L	1824	Ileż to razy mówiono o mnie i prawie do mnie, że karmię się z fartucha żony, że wszystko zawdzięczam pracy Minclów, a nic, ale to nic — własnej energii, choć przecie ja podźwignąłem ten kramik, zdwoiłem jego dochody…
M	1824	MORFOLOGIK_RULE_PL_PL		107	114	Other	Wykryto prawdopodobny błąd pisowni	
L	1825	— Nic, nic… uspokój się…
L	1826	— To, co już panu pisałem, nic więcej — odparł krótko.
L	1827	Nic zatem dziwnego, że mnie ten los spotka.
L	1828	Ale mnie nic po matematyku; wziąłby mnie za twierdzenie.
M	1828	BOWIEM_ZAS	1	0	3	Hint	Ten wyraz nie powinien występować na początku zdania.	
L	1829	— Tobie nic do tego! — wrzasnął Ślimak.
L	1830	— Nic, mnie się tylko zdaje, że pan prezes trochę źle wygląda dzisiaj.
L	1831	— Ależ to jedno nic — rzekł Poiret.
M	1831	MORFOLOGIK_RULE_PL_PL		28	34	Other	Wykryto prawdopodobny błąd pisowni	Poirot|Pokręt|Poi ret
L	1832	— Nigdy, nigdy! — powtarzała zaciśniętymi ustami.
L	1833	Udaje, że niby nic, ale jest wyraźnie wytrącony z równowagi tą historią.
L	1834	— W słowach „nigdy” i „zawsze” jest dużo patosu, a rzadko tylko bywa w nich prawda.
L	1835	— I nic ponadto? — zapytał Mataret.
M	1835	MORFOLOGIK_RULE_PL_PL		27	34	Other	Wykryto prawdopodobny błąd pisowni	Mata ret
L	1836	Ale ja go do tego zmusić nic mogę.
M	1836	BOWIEM_ZAS	1	0	3	Hint	Ten wyraz nie powinien występować na początku zdania.	
M	1836	NIGDY_NIE	1	25	34	Other	W tym zdaniu brak słowa „nie”.	
L	1837	Jeszcze nic, a jednak w twarzy Długosza odmalowało się zdumienie.
L	1838	— Ano nic, proszę pana.
L	1839	— Zdaje się, że nikt… — zacząłem.
L	1840	Nic i nigdy!… — dodał dramatycznym głosem — bo zawsze znajdzie się jakaś baba…
L	1841	Ażeby mógł nic więcej tylko szczerze rozmówić się z nią, należało…
L	1842	Krótko mówiąc: ja, nikt inny, tylko ja rozdrażniłem tę jędzę Krzeszowską.
L	1843	Jeden przewieziesz, ale dwóch nigdy w życiu.
L	1844	Nigdy w życiu - zaprzeczył z oburzeniem nieznajomy.
M	1844	DYWIZ	1	8	26	Other	Spacje wokół dywizu (w przeciwieństwie do myślnika) są zbędne: <suggestion>życiu-zaprzeczył</suggestion>; jeśli to miał być myślnik, to należy napisać <suggestion>życiu — zaprzeczył</suggestion>.	życiu-zaprzeczył|życiu — zaprzeczył
L	1845	— Ale moja praca niemniej będzie potrzebną, bo Mefres i Herhor nic zgodzą się na wydanie skarbu.
M	1845	MORFOLOGIK_RULE_PL_PL		47	53	Other	Wykryto prawdopodobny błąd pisowni	Medres|Metres|Mef res
M	1845	NIGDY_NIE	1	63	96	Other	W tym zdaniu brak słowa „nie”.	
L	1846	Oboje jesteście piękni, a więc i mój postępek jest piękny, a będąc pięknym nic może być złym.
M	1846	NIGDY_NIE	1	75	93	Other	W tym zdaniu brak słowa „nie”.	
L	1847	Nauczyciel zaczął szukać tej *familii* w spisie abecadłowym pod literą Z — i nic znalazł.
M	1847	NIGDY_NIE	1	77	89	Other	W tym zdaniu brak słowa „nie”.	
L	1848	Widzi pani: oto jest opanowanie bestialskich wprost pożądań: nic dla siebie; wszystko oddaję społeczeństwu.
L	1849	W stronie Méséglise pierwszy raz zauważyłem okrągły cień, który jabłonie kładą na wysłonecznionej ziemi, a także owe jedwabie z nieuchwytnego złota, które zachód tka skośnie pod liśćmi, które w moich oczach ojciec przerywał laską, nic mogąc zmienić ich kierunku.
M	1849	MORFOLOGIK_RULE_PL_PL		10	19	Other	Wykryto prawdopodobny błąd pisowni	
M	1849	MORFOLOGIK_RULE_PL_PL		82	97	Other	Wykryto prawdopodobny błąd pisowni	
M	1849	NIGDY_NIE	1	231	262	Other	W tym zdaniu brak słowa „nie”.	
L	1850	To nie ulegało wątpliwości, że nikt inny tylko ja miałem być jego ofiarą.
L	1851	Nikt, bo myślą, żeśmy już wszystko stracili…
L	1852	No nic, zobaczymy!
L	1853	Nic dodać nic ująć – właśnie teraz, pod koniec semestru interesanci tacy, jak ten na obrazku, stanowią spora część osób wyczekujących na swoją kolejkę pod dziekanatem.
M	1853	BRAK_PRZECINKA_NIC_DODAC_NIC_UJAC	1	4	13	Other	Brak przecinka. Powinno być: <suggestion>dodać, nic</suggestion>.	dodać, nic
L	1854	Nic z tych rzeczy - po prostu dziura w systemie jest o wiele starsza, niż myślicie.
M	1854	DYWIZ	1	11	22	Other	Spacje wokół dywizu (w przeciwieństwie do myślnika) są zbędne: <suggestion>rzeczy-po</suggestion>; jeśli to miał być myślnik, to należy napisać <suggestion>rzeczy — po</suggestion>.	rzeczy-po|rzeczy — po
L	1855	Zupa nic to dla mnie taki smak z dzieciństwa, a dokładniej mówiąc z czasów przedszkola.
M	1855	PCON_VERB	1	0	87	Other	W tym zdaniu jest imiesłów przysłówkowy mówiąc, ale nie ma czasownika w funkcji orzeczenia. Możliwe, że to tytuł, ale w takim razie zbędna jest kropka.	
L	1856	Ładnych rowerów było tyle co nic.
M	1856	BRAK_PRZECINKA_TEN_CO	5	21	28	Other	Brak przecinka. Powinno być: <suggestion>tyle, co</suggestion>.	tyle, co
L	1857	I przysiągłem sobie jedno – nigdy więcej prywatnej komórki do celów służbowych.
L	1858	Chodziło o lustrowanie pracowników sektora publicznego, nigdy prywatnego.
M	1858	NIGDY_NIE	2	0	73	Other	W tym zdaniu brak słowa „nie”.	
L	1859	Patent już mają.
L	1860	Zrobiłem nic wczoraj.
M	1860	NIGDY_NIE	2	0	21	Other	W tym zdaniu brak słowa „nie”.	
L	1861	Nigdy tego nie zrobiłam.
L	1862	W 1996 roku stworzył Pannę Nikt w oparciu o powieść Tomka Tryzny o dorastającej dziewczynie, która przeżywa kryzys wartości.
M	1862	W_OPARCIU	1	32	43	Hint	Wyrażenie „w oparciu o” jest nadużywane i niezalecane przez językoznawców. Zalecane wyrażenie synonimiczne: <suggestion>na podstawie</suggestion>.	na podstawie
L	1863	Treść pojęć bazowych pozostaje więc aporią w ramach solipsyzmu metodologicznego; nic dziwnego zatem, że później Fodor odrzuca solipsyzm.
M	1863	MORFOLOGIK_RULE_PL_PL		112	117	Other	Wykryto prawdopodobny błąd pisowni	Motor|Foto|Odór|Fetor|Fiodor|Foton|Wodór|Fedor|Fotos|Rotor|Todor|Futor|Fotogr|Fotom|Fotów
L	1864	Don Kichot pozwolił zebrać z pola bitwy rannych i z najzimniejszą krwią jął znów maszerować tam i na powrót wzdłuż żłobu jakby nigdy nic.
L	1865	Wzbogaciła niezmiernie swój zielnik i rozflirtowała się jak nigdy.
L	1866	Widzicie więc, panowie, i przyznać musicie, że nic okropniejszego nad historię mego życia, że boleść moja słuszna, że wszelką przechodzi miarę, a rozpacz i szaleństwo mają usprawiedliwienie.
L	1867	Lepszy rydz niż nic, żyjże już lepiej na swojej biedzie, ale żyj.
L	1868	Nic to, że ci przy tym pociekło trochę krwi z nosa…
L	1869	— Nic — odparł.
L	1870	Nic prócz chwili szaleństwa, którą ja będę błogosławił, a ty przeklinała i wstydziła się.
M	1870	SIE_SENT_END	1	85	88	Hint	Zaimek „się” nie powinien znajdować się na końcu zdania.	
L	1871	No, nic, przyślę jutro przez Józefata.
M	1871	MORFOLOGIK_RULE_PL_PL		29	37	Other	Wykryto prawdopodobny błąd pisowni	Jozafata|Jozafatą|Józafata|Józefita|Józefitą|Józefa ta
L	1872	Ale to nic — dodała.
M	1872	BOWIEM_ZAS	1	0	3	Hint	Ten wyraz nie powinien występować na początku zdania.	
L	1873	Na ogół pędziła ją do nauki nigdy niesyta ciekawość
L	1874	Karol usiadł, niezdolny nic powiedzieć.
L	1875	Oni mogą doić swoje chude kozy albo pod egipskim batem mieszać glinę ze słomą, ale nigdy handlować.
L	1876	Ty, zamiast w takim mieście robić interesa dla siebie do swego handlu, ty nic…
M	1876	MORFOLOGIK_RULE_PL_PL		34	42	Other	Wykryto prawdopodobny błąd pisowni	interes|interesy|interesu|inter esa|interes a
L	1877	No — a przecie takich panów znamy, nic w nich nadzwyczajnego…
L	1878	— Teraz ci coś powiem — ciągnął dalej — tylko tyle, nic nadto.
L	1879	— Możesz go sobie wziąć na własność, nic mi po nim.
L	1880	Wyszłam, zanim jedzono tort.
M	1880	NIM_IMPERF	1	15	22	Other	Po spójniku zanim nie używa się czasownika niedokonanego ani trybu rozkazującego.	
L	1881	Wyszłam, zanim podano tort.
L	1882	Radził, żeby przyznałem się do winy.
M	1882	ZEBY_AGLT	1	8	23	Other	W tym fragmencie zdania jest literówka lub błąd gramatyczny. Czy chodziło o <suggestion>żebym przyznał</suggestion>?	żebym przyznał
L	1883	Radził, żebym przyznał się do winy.
L	1884	Radził, żeby przyznałaś się do winy.
M	1884	ZEBY_AGLT	1	8	23	Other	W tym fragmencie zdania jest literówka lub błąd gramatyczny. Czy chodziło o <suggestion>żebyś przyznała</suggestion>?	żebyś przyznała
L	1885	Gdybyś zrobiłeś błąd, popraw go.
M	1885	ZEBY_AGLT	1	0	15	Other	W tym fragmencie zdania jest literówka lub błąd gramatyczny. Czy chodziło o <suggestion>Gdybyś zrobił</suggestion>?	Gdybyś zrobił
L	1886	Zostało zrobiony.
M	1886	ZOSTALO_ZROBIONE	1	0	16	Other	Forma imiesłowu („zrobiony”) nie jest zgodna z formą czasownika („Zostało”).	
L	1887	Kilka osób zostało zabitych.
L	1888	Został zrobiony.
L	1889	Spostrzegła była rozkochane spojrzenie.
L	1890	Daleko w przestrzeni widać było przymglony las Meudon.
M	1890	MORFOLOGIK_RULE_PL_PL		47	53	Other	Wykryto prawdopodobny błąd pisowni	Mełtą|Merton|Mertą|Mendą|Menton|Ceutą|Mehtą|Merdą|Teuton|Deuton|Melton|Mełto|Muton|Pełtą
L	1891	Eurycjusz nie był zmyśloną postacią.
M	1891	MORFOLOGIK_RULE_PL_PL		0	9	Other	Wykryto prawdopodobny błąd pisowni	
L	1892	Odpowiedzi moje na jego zapytania były niewyczerpaną rozmów materią.
L	1893	Kolumbowie jako sztuka o powstaniu warszawskim poprzedzeni zostali zorganizowaną nagonką polityczną reakcyjnego odłamu Polonii.
L	1894	Zrobiony zostało.
M	1894	ZOSTALO_ZROBIONE	2	0	16	Other	Forma imiesłowu („Zrobiony”) nie jest zgodna z formą czasownika („zostało”).	
L	1895	Kilka osób zostało zabitych.
L	1896	Został zrobiony.
L	1897	Spostrzegła była rozkochane spojrzenie.
L	1898	Daleko w przestrzeni widać było przymglony las Meudon.
M	1898	MORFOLOGIK_RULE_PL_PL		47	53	Other	Wykryto prawdopodobny błąd pisowni	Mełtą|Merton|Mertą|Mendą|Menton|Ceutą|Mehtą|Merdą|Teuton|Deuton|Melton|Mełto|Muton|Pełtą
L	1899	Eurycjusz nie był zmyśloną postacią.
M	1899	MORFOLOGIK_RULE_PL_PL		0	9	Other	Wykryto prawdopodobny błąd pisowni	
L	1900	Odpowiedzi moje na jego zapytania były niewyczerpaną rozmów materią.
L	1901	Kolumbowie jako sztuka o powstaniu warszawskim poprzedzeni zostali zorganizowaną nagonką polityczną reakcyjnego odłamu Polonii.
L	1902	Na stole przygotowane było śniadanie.
L	1903	Pewien był wygranej, więc przyglądał się.
M	1903	SIE_SENT_END	1	37	40	Hint	Zaimek „się” nie powinien znajdować się na końcu zdania.	
L	1904	Ale Darci był przezorny.
M	1904	BOWIEM_ZAS	1	0	3	Hint	Ten wyraz nie powinien występować na początku zdania.	
L	1905	Tu wszyscy poczęli mówić, jaką tragedią niesłychaną byłby obraz takiego miasta.
L	1906	Te nici były nieskończonej długości.
L	1907	Czuła, że nawiedził ją ktoś, którego pochodzenia mogła się tylko domyślać.
M	1907	KTOS_KTOREGO	1	29	36	Other	Błąd gramatyczny. W zależności od kontekstu powinno być <suggestion>czyjego</suggestion> lub <suggestion>kogo</suggestion>.	czyjego|kogo
L	1908	Czuła, że nawiedził ją ktoś, czyjego pochodzenia mogła się tylko domyślać.
L	1909	On będzie potrafił pisać po angielsku.
M	1909	BEDZIE_POTRAFIC	1	3	18	Other	Czasownik „potrafić” jest uznawany przez językoznawców za dokonany, dlatego nie ma czasu przyszłego. Lepiej: <suggestion>będzie umieć</suggestion>.	będzie umieć
L	1910	On potrafi pisać po angielsku.
L	1911	Co on zaczął zrobić?
M	1911	IMPERF_perf	1	6	19	Other	Czasownik „zrobić” ma aspekt dokonany i nie powinien występować w tym miejscu.	
L	1912	Co on zaczął robić?
L	1913	Co on będzie zrobić?
M	1913	IMPERF_perf	2	6	19	Other	Czasownik „będzie” ma aspekt dokonany i nie powinien występować w tym miejscu.	
L	1914	Trzeba będzie zrobić kolację.
L	1915	Co on będzie robić?
L	1916	Zmuszona będę uciec się do mego ojca.
L	1917	Najlepiej będzie wyznać wszystko.
L	1918	Pierwszym moim krokiem będzie poskarżyć się u gubernatora.
L	1919	Mniemają, że im się coś złego stanie, gdy będą umrzeć musieli.
L	1920	Co on będzie zrobił?
M	1920	IMPERF_perf	3	6	19	Other	Czasownik „zrobił” ma aspekt dokonany i nie powinien występować w tym miejscu.	
L	1921	Co on będzie robił?
L	1922	Książka została czytana.
M	1922	ZOSTAC_IMPERF	1	8	23	Other	Niegramatyczna zbitka: imiesłów „czytana” jest niedokonany, a powinien być dokonany.	
L	1923	Książka została przeczytana.
L	1924	20 lipca został aresztowany przez policję hiszpańską i wydalony z Hiszpanii.
L	1925	Nagrody i wyróżnienia nie podlegają wymianie na jakikolwiek ekwiwalent.
M	1925	NIE_JAKIKOLWIEK	1	48	59	Other	Po przeczeniu należy użyć wyrazu: <suggestion>żaden</suggestion>.	żaden
L	1926	Nagrody i wyróżnienia nie podlegają wymianie na żaden ekwiwalent.
L	1927	Nie wszystkie zastrzeżenia mają jakiekolwiek znaczenie.
L	1928	Trzydzieści trzej mężczyźni śpią na lekcji.
M	1928	DWADZIESCIA_DWAJ	1	0	27	Other	Niepoprawna składnia liczebników. Poprawnie: <suggestion>trzydziestu trzech mężczyzn</suggestion>. Należy też ewentualnie dostosować liczbę czasownika!	Trzydziestu trzech mężczyzn
L	1929	Czterdziestu pięciu policjantów użyło broni.
L	1930	To jest pokój dla 1 osób.
M	1930	DLA_OSB_DLA_OSOBY	1	20	24	Other	Niewłaściwa końcówka rzeczownika. Powinno być: <suggestion>osoby</suggestion>.	osoby
L	1931	To jest pokój dla 1 osoby.
L	1932	Przyszło mi do głowy za jednego tam na wsi, co los wyciągnął, iść do wojska.
L	1933	Gotować około 1 min.
L	1934	60 procent władzy i kontroli za 1 procent kapitału
L	1935	Cena za 1 dzień pobytu
L	1936	To jest namiot dla 2 osoby.
M	1936	DLA_OSB_DLA_OSOBY	2	21	26	Other	Niewłaściwa końcówka rzeczownika. Powinno być: <suggestion>osób</suggestion>.	osób
L	1937	To już jednak nie interesowało ekip telewizyjnych i fotoreporterów, odjeżdżających z 38 Ulicy.
L	1938	Widzimy się za 3 minuty.
L	1939	Użytkownik odbiornika jest obowiązany uiszczać opłatę do 20 dnia danego miesiąca.
L	1940	Od 69 minuty nastroje znacznie się pogorszyły, ponieważ Broendby wyrównało.
M	1940	MORFOLOGIK_RULE_PL_PL		56	64	Other	Wykryto prawdopodobny błąd pisowni	
L	1941	Rady mają być ukonstytuowane również na wzór francuski, po 1/3 przedstawicieli administracji rządowej.
L	1942	23 osób
M	1942	SKLADNIA_LICZEBNIKA	1	3	7	Other	Błędna końcówka przypadku. Powinno być: <suggestion>osoby</suggestion>	osoby
L	1943	Znalazło się wówczas w porządku obrad aż 14 projektów określonych jako pilne.
L	1944	W Rosji oficjalnie zarejestrowanych jest 852 chorych na AIDS
L	1945	Polish Investment zajmuje się tym od ponad 2 lat.
M	1945	MORFOLOGIK_RULE_PL_PL		7	17	Other	Wykryto prawdopodobny błąd pisowni	
L	1946	W każdym z następnych 2 lat inwestujemy równowartość tej kwoty, czyli 12 tys. i 14 tys.
L	1947	Wyprawa potrwa ok. 2 miesięcy.
L	1948	Internowanych zostało 223 mieszkańców.
L	1949	Wśród poszkodowanych znalazło się 1804 chorych na hemofilię.
L	1950	Straci bez wątpienia większość z posiadanych obecnie 43 miejsc w Izbie Gmin.
L	1951	Rannych zostało również 24 policjantów.
L	1952	Przepis § 2 ust. 2 stosuje się odpowiednio.
L	1953	Okres spłaty nie przekracza 2 tygodni.
L	1954	Nie dokonano 2 zamachów.
L	1955	Z załączonej faktury wynika, że dokonano rewizji celnej 193 kartonów obuwia.
L	1956	O 656 mandatów ubiega się 3923 kandydatów.
L	1957	Osoby te nie skończyły jeszcze 34 lat.
L	1958	Zastrzelili 4 nauczycieli.
L	1959	Z kolei produkcja w czerwcu spadła po raz pierwszy w br. o 5,8 proc. do 901 334 sztuk.
L	1960	Celem jest sprywatyzowanie 2 tysięcy przedsiębiorstw.
L	1961	Przy stworzeniu możliwości przeznaczenia całego dochodu na rozwój potrzeba byłoby na to tylko 2 lat.
L	1962	Zakaz objął 72 stacji CPN.
M	1962	SKLADNIA_LICZEBNIKA	1	15	21	Other	Błędna końcówka przypadku. Powinno być: <suggestion>stacje</suggestion>	stacje
L	1963	Czas nieprzekraczający 2 tygodni
L	1964	Nie ulega najmniejszych wątpliwości, że on był agentem obcego wywiadu.
L	1965	Nie ma najmniejszych wątpliwości, że takie bzdury mogą zrodzić się tylko w głowie paranoika.
L	1966	Gmina otrzymała dofinansowanie do budowy sali gimnastycznej.
M	1966	DOFINANSOWANIE_DO_CZEGOS	1	16	33	Other	Nieprawidłowa forma, tego wyrazu używa się bez przyimka „do” (chyba że ten przyimek jest konieczny ze względu na inne wyrazy w zdaniu). Wystarczy: <suggestion>dofinansowanie</suggestion>.	dofinansowanie
L	1967	Starałem się o dofinansowanie książki.
L	1968	Wiemy o sobie tyle, na ile nas sprawdzono.
M	1968	NA_ILE	1	20	26	Other	Słowniki poprawnej polszczyzny określają tę zbitkę jako niepoprawną. Poprawnie: 1. <suggestion>po ile</suggestion> (=w jakiej cenie), 2. <suggestion>jak dalece</suggestion>, <suggestion>w jakim stopniu</suggestion>, <suggestion>jak bardzo</suggestion>, <suggestion>o ile</suggestion>.	po ile|jak dalece|w jakim stopniu|jak bardzo|o ile
L	1969	Wiemy o sobie tyle, ile nas sprawdzono.
L	1970	Dobry wieczór, na ile osób?
L	1971	Na ile dni planuje pan pobyt?
L	1972	Sprzedam instrukcję na podrabianie banknotów.
M	1972	INSTRUKCJA_NA	1	9	34	Other	To błąd składniowy. Poprawnie: <suggestion>instrukcję podrabiania</suggestion>.	instrukcję podrabiania
L	1973	Sprzedam instrukcję podrabiania fałszywych banknotów.
L	1974	Nie potrzeby ogółu, a potrzeby wojny są teraz najważniejsze.
L	1975	Nie potrzeby ogółu, lecz potrzeby wojny są teraz najważniejsze.
L	1976	I także 5 maja, co by się nie stało w Sejmie, to będzie początek kampanii wyborczej.
M	1976	CO_BY_SIE_NIE	1	16	35	Other	To wyrażenie jest niepoprawnym rusycyzmem. Powinno być: <suggestion>cokolwiek by się stało</suggestion>.	cokolwiek by się stało
L	1977	Nie, nie, dlatego że kto by nie był, będziemy z nim współpracować.
M	1977	CO_BY_SIE_NIE	2	21	35	Other	To wyrażenie jest niepoprawnym rusycyzmem. Powinno być: <suggestion>ktokolwiek by był</suggestion>.	ktokolwiek by był
L	1978	Jak by nie było, będzie bardzo miło.
M	1978	CO_BY_SIE_NIE	3	0	15	Other	To wyrażenie jest niepoprawnym rusycyzmem. Powinno być: <suggestion>jakkolwiek by było</suggestion> lub <suggestion>bądź co bądź</suggestion>.	Jakkolwiek by było|Bądź co bądź
L	1979	Jakkolwiek by było, będzie bardzo miło.
L	1980	Mnie się wydaje, żeś kiep i pacan.
L	1981	Mi się wydaje, żeś kiep i pacan.
M	1981	ZAIMKI_KROTKIE	1	0	2	Other	Na początku zdania należy użyć dłuższej formy zaimka: <suggestion>Mnie</suggestion>.	Mnie
L	1982	Tobie się wydaje, żeś kiep i pacan.
L	1983	Ci, którzy korzystają z dokonań nauki, posługują się wówczas wiedzą.
L	1984	Ci się wydaje, żeś kiep i pacan.
M	1984	ZAIMKI_KROTKIE	2	0	2	Other	Na początku zdania należy użyć dłuższej formy zaimka: <suggestion>Tobie</suggestion>.	Tobie
L	1985	Ci ludzie, prości, skromni i nieuczeni...
L	1986	Ciebie kocham.
L	1987	Cię kocham.
M	1987	ZAIMKI_KROTKIE	3	0	3	Other	Na początku zdania należy użyć dłuższej formy zaimka: <suggestion>Ciebie</suggestion>.	Ciebie
L	1988	Jego kocham
L	1989	Go kocham.
M	1989	ZAIMKI_KROTKIE	4	0	2	Other	Na początku zdania należy użyć dłuższej formy zaimka: <suggestion>Jego</suggestion>.	Jego
L	1990	Jemu się wydaje, żeś kiep i pacan.
L	1991	Mu się wydaje, żeś kiep i pacan.
M	1991	ZAIMKI_KROTKIE	5	0	2	Other	Na początku zdania należy użyć dłuższej formy zaimka: <suggestion>Jemu</suggestion>.	Jemu
L	1992	Kocham cię.
L	1993	Kocham ciebie.
M	1993	ZAIMKI_DLUZSZE	1	7	13	Other	W tym miejscu prawdopodobnie należy użyć krótszej formy zaimka: <suggestion>cię</suggestion>.	cię
L	1994	Dał ci tę noc.
L	1995	Dał tobie tę noc.
M	1995	ZAIMKI_DLUZSZE	2	4	9	Other	W tym miejscu prawdopodobnie należy użyć krótszej formy zaimka: <suggestion>ci</suggestion>.	ci
L	1996	Jeśli ty pomożesz mi, ja pomogę tobie.
L	1997	Dała mu tę noc.
L	1998	Dała jemu tę noc.
M	1998	ZAIMKI_DLUZSZE	3	5	9	Other	W tym miejscu prawdopodobnie należy użyć krótszej formy zaimka: <suggestion>mu</suggestion>.	mu
L	1999	Kliknij link z prawej strony.
L	2000	Kliknij na link z prawej strony.
M	2000	KLIKNAC_W_NA	1	0	10	Other	Nie mówi się „kliknąć na co”. Piszemy po prostu <suggestion>Kliknij</suggestion>.	Kliknij
L	2001	Ubóstwo, w skupiskach którego musiał imać się wielu prac, było mordęgą.
M	2001	PRZYIMEK_RZECZOWNIK_KTORY	1	9	29	Other	Ten szyk wyrazów jest błędny. Poprawnie: <suggestion>w którego skupiskach</suggestion>.	w którego skupiskach
L	2002	To jest ustawa, na podstawie której skazano zbrodniarza.
L	2003	Gdzie tam, w lada jakiej sprawie musi jeszcze nieborak dawać poręczyć.
L	2004	Spała se i tylko jej łzy płynęły, a co która upadła, czy na jej koszulę...
L	2005	To rozwiązanie jest optymalne.
L	2006	To rozwiązanie jest bardziej optymalne.
M	2006	STOPIEN_WYZSZY_NIESTOPNIOWANEGO	1	20	38	Other	Ten przymiotnik nie może być stopniowany. Poprawnie: <suggestion>optymalne</suggestion>.	optymalne
L	2007	Bardziej martwi mnie jego postawa.
L	2008	To rozwiązanie jest optymalne.
L	2009	To rozwiązanie jest najbardziej optymalne.
M	2009	STOPIEN_NAJWYZSZY_NIESTOPNIOWANEGO	1	20	41	Other	Ten przymiotnik nie może być stopniowany. Poprawnie: <suggestion>optymalne</suggestion>.	optymalne
L	2010	Najbardziej martwi mnie jego nacjonalistyczna postawa.
L	2011	Wykonano to optymalnie.
L	2012	Wykonano to bardziej optymalnie.
M	2012	STOPIEN_WYZSZY_NIESTOPNIOWANEGO_ADV	1	12	31	Other	Ten przysłówek nie może być stopniowany. Poprawnie: <suggestion>optymalnie</suggestion>.	optymalnie
L	2013	Wykonano to optymalnie.
L	2014	Wykonano to najbardziej optymalnie.
M	2014	STOPIEN_NAJWYZSZY_NIESTOPNIOWANEGO_ADV	1	12	34	Other	Ten przysłówek nie może być stopniowany. Poprawnie: <suggestion>optymalnie</suggestion>.	optymalnie
L	2015	Bardziej ważny jest dla mnie ten fragment.
M	2015	STOPIEN_WYZSZY	1	0	14	Other	Ten przymiotnik stopniuje się bez wyrazu „bardziej”: <suggestion>ważniejszy</suggestion>.	Ważniejszy
L	2016	Jest to wynik bardziej dobry.
M	2016	STOPIEN_WYZSZY	1	14	28	Other	Ten przymiotnik stopniuje się bez wyrazu „bardziej”: <suggestion>lepszy</suggestion>.	lepszy
L	2017	Piotr był bardziej dokładny.
M	2017	STOPIEN_WYZSZY	1	10	27	Other	Ten przymiotnik stopniuje się bez wyrazu „bardziej”: <suggestion>dokładniejszy</suggestion>.	dokładniejszy
L	2018	Ważniejszy jest dla mnie ten fragment.
L	2019	Tym bardziej ważne jest, abyśmy to pamiętali.
L	2020	Piotr był dokładniejszy.
L	2021	Najbardziej ważny jest dla mnie ten fragment.
M	2021	STOPIEN_NAJWYZSZY	1	0	17	Other	Ten przymiotnik stopniuje się bez wyrazu „najbardziej”: <suggestion>najważniejszy</suggestion>	Najważniejszy
L	2022	Jest to wynik najbardziej dobry.
M	2022	STOPIEN_NAJWYZSZY	1	14	31	Other	Ten przymiotnik stopniuje się bez wyrazu „najbardziej”: <suggestion>najlepszy</suggestion>	najlepszy
L	2023	Piotr był najbardziej dokładny.
M	2023	STOPIEN_NAJWYZSZY	1	10	30	Other	Ten przymiotnik stopniuje się bez wyrazu „najbardziej”: <suggestion>najdokładniejszy</suggestion>	najdokładniejszy
L	2024	Najważniejszy jest dla mnie ten fragment.
L	2025	Piotr był najdokładniejszy.
L	2026	On wygląda bardziej brzydko.
M	2026	STOPIEN_WYZSZY_ADV	1	11	27	Other	Ten przysłówek stopniuje się bez wyrazu „bardziej”: <suggestion>brzydziej</suggestion>	brzydziej
L	2027	Udało mu się bardziej dobrze.
M	2027	STOPIEN_WYZSZY_ADV	1	13	28	Other	Ten przysłówek stopniuje się bez wyrazu „bardziej”: <suggestion>lepiej</suggestion>	lepiej
L	2028	Piotr pracował bardziej dokładnie.
M	2028	STOPIEN_WYZSZY_ADV	1	15	33	Other	Ten przysłówek stopniuje się bez wyrazu „bardziej”: <suggestion>dokładniej</suggestion>	dokładniej
L	2029	Pracowało mu się lepiej.
L	2030	Tym bardziej lepiej, żebyśmy o tym pamiętali.
M	2030	BARDZIEJ_ADV_COMP	1	4	19	Other	Prosty stopień wyższy przysłówka nie powinien być używany z wyrazem „bardziej”. Wystarczy powiedzieć: <suggestion>lepiej</suggestion>.	lepiej
L	2031	Piotr pracował dokładniej.
L	2032	On wygląda najbardziej brzydko.
M	2032	STOPIEN_NAJWYZSZY_ADV	1	11	30	Other	Ten przysłówek stopniuje się bez wyrazu „najbardziej”: <suggestion>najbrzydziej</suggestion>	najbrzydziej
L	2033	Udało mu się najbardziej dobrze.
M	2033	STOPIEN_NAJWYZSZY_ADV	1	13	31	Other	Ten przysłówek stopniuje się bez wyrazu „najbardziej”: <suggestion>najlepiej</suggestion>	najlepiej
L	2034	Piotr pracował najbardziej dokładnie.
M	2034	STOPIEN_NAJWYZSZY_ADV	1	15	36	Other	Ten przysłówek stopniuje się bez wyrazu „najbardziej”: <suggestion>najdokładniej</suggestion>	najdokładniej
L	2035	Pracowało mu się najlepiej.
L	2036	Piotr pracował najdokładniej.
L	2037	To jest ważniejsze.
L	2038	To jest bardziej ważniejsze.
M	2038	BARDZIEJ_COMP	1	8	27	Other	Prosty stopień wyższy przymiotnika nie powinien być używany z wyrazem „bardziej”. Wystarczy powiedzieć: <suggestion>ważniejsze</suggestion>.	ważniejsze
L	2039	To jest ważniejsze.
L	2040	To jest najbardziej ważniejsze.
M	2040	NAJBARDZIEJ_COMP	1	8	30	Other	Prosty stopień wyższy przymiotnika nie powinien być używany z wyrazem „najbardziej”. Wystarczy powiedzieć: <suggestion>ważniejsze</suggestion>.	ważniejsze
L	2041	To jest ważniejsze.
L	2042	To jest bardziej najważniejsze.
M	2042	BARDZIEJ_SUP	1	8	30	Other	Prosty stopień najwyższy przymiotnika nie powinien być używany z wyrazem „bardziej”. Wystarczy powiedzieć: <suggestion>najważniejsze</suggestion>.	najważniejsze
L	2043	To jest ważniejsze.
L	2044	To jest najbardziej najważniejsze.
M	2044	NAJBARDZIEJ_SUP	1	8	33	Other	Prosty stopień najwyższy przymiotnika nie powinien być używany z wyrazem „najbardziej”. Wystarczy powiedzieć: <suggestion>najważniejsze</suggestion>.	najważniejsze
L	2045	Przemysław jest bliżej Lecha.
L	2046	Przemysław jest bardziej bliżej Lecha.
M	2046	BARDZIEJ_ADV_COMP	1	16	31	Other	Prosty stopień wyższy przysłówka nie powinien być używany z wyrazem „bardziej”. Wystarczy powiedzieć: <suggestion>bliżej</suggestion>.	bliżej
L	2047	Przemysław jest bliżej Lecha.
L	2048	Przemysław jest najbardziej bliżej Lecha.
M	2048	NAJBARDZIEJ_ADV_COMP	1	16	34	Other	Prosty stopień wyższy przysłówka nie powinien być używany z wyrazem „najbardziej”. Wystarczy powiedzieć: <suggestion>bliżej</suggestion>.	bliżej
L	2049	Przemysław jest najbliżej Lecha.
L	2050	Przemysław jest bardziej najbliżej Lecha.
M	2050	BARDZIEJ_ADV_SUP	1	16	34	Other	Prosty stopień najwyższy przysłówka nie powinien być używany z wyrazem „bardziej”. Wystarczy powiedzieć: <suggestion>najbliżej</suggestion>.	najbliżej
L	2051	Przemysław jest najbliżej Lecha.
L	2052	Przemysław jest najbardziej najbliżej Lecha.
M	2052	NAJBARDZIEJ_ADV_SUP	1	16	37	Other	Prosty stopień najwyższy przysłówka nie powinien być używany z wyrazem „najbardziej”. Wystarczy powiedzieć: <suggestion>najbliżej</suggestion>.	najbliżej
L	2053	Rozumiał czasem pod tym pojęciem wolę.
M	2053	ROZUMIEC_POD	1	16	19	Other	Mówimy rozumieć coś <suggestion>przez</suggestion> coś.	przez
L	2054	Kartezjusz rozumiał czasem przez to pojęcie wolę.
L	2055	Kartezjusz rozumiał przez to wolę, pod którą podciągał inne pojęcia.
L	2056	Zwierz rozumie też zachwyt nad jej rolą pod tym względem.
L	2057	Któż inny jak nie on!
L	2058	Jarosław jest inny niż wszyscy Kaczyńscy.
L	2059	Jarosław jest inny jak wszyscy Kaczyńscy.
M	2059	INNY_JAK	1	19	22	Other	Mówimy „inny” <suggestion>niż</suggestion>, a nie „inny jak”.	niż
L	2060	W lecie wybieramy się do Danii.
L	2061	W lato wybieramy się do Danii.
M	2061	W_LATO	1	0	6	Other	Mówimy <suggestion>latem</suggestion>, <suggestion>w lecie</suggestion>, a nie „w lato”.	Latem|W lecie
L	2062	A nie widziałeś tam jakichś dziewczyn?
L	2063	A nie widziałeś tam jakiś dziewczyn?
M	2063	JAKIS_DZIEWCZYN	1	20	25	Other	Zaimek „jakiś” w dopełniaczu liczby mnogiej ma postać: <suggestion>jakichś</suggestion>.	jakichś
L	2064	To zgniatało mnie od jakiś kilku ostatnich lat.
M	2064	SUBST_ADJ_UNIFY	1	18	26	Other	Przypuszczalnie brak zgodności form przypadków rzeczownika i przymiotnika: od jakiś.	
L	2065	Poszliśmy bez niego.
L	2066	Poszliśmy bez pieniądze.
M	2066	PREP_CASUS	1	14	23	Other	Przyimek „bez” jest używany z dopełniaczem.	
L	2067	Język jest dla filozofem tylko topornym narzędziem.
M	2067	PREP_CASUS	1	15	24	Other	Przyimek „dla” jest używany z dopełniaczem.	
L	2068	Tu jest obok chałupa.
L	2069	Przyszedł wreszcie sam do kierowniczka.
M	2069	PREP_CASUS	1	26	38	Other	Przyimek „do” jest używany z dopełniaczem.	
L	2070	Dziki bez czarny jest to krzew wysoki trzy do sześciu metrów.
L	2071	To dyskusje bez reszty akademickie, by nie rzec bezprzedmiotowe.
L	2072	Niezależnie od pomocy państwowej polska klasa robotnicza miewa się dobrze.
L	2073	Było tak od tysiąc dziewięćset ósmego roku.
L	2074	Oprócz pięćdziesięciu jeden wolnych miast Niemcy liczą w tym czasie ponad osiemdziesiąt terytoriów.
L	2075	Kraj nasz ciągle atakują z zewnątrz ośrodki propagandowe imperialistycznej dywersji politycznej.
M	2075	NA_PRZEKOR	1	27	35	Other	Prawdopodobna literówka; powinno być: <suggestion>na zewnątrz</suggestion>.	na zewnątrz
L	2076	Jednym z pierwszym posunięć nowego zarządcy było powołanie specjalnego działu ds. marketingu i sprzedaży.
M	2076	PREP_CASUS	1	9	18	Other	Przyimek „z” jest używany z dopełniaczem.	
L	2077	Morze nieledwie stapiało się w jedno z niebiosami.
L	2078	Dzięki tym wysiłkom wszystko się udało.
L	2079	Dzięki wysiłki wszystko się udało.
M	2079	PREP_CASUS	2	7	14	Other	Przyimek „Dzięki” jest używany z celownikiem.	
L	2080	Akademia ku czci pięćdziesiątej rocznicy
L	2081	Niejeden działacz bał się występować przeciw krzywdzie indywidualnej.
L	2082	Czekamy na pojedynek premier kontra wicepremier.
L	2083	Czekamy na pojedynek premier kontra wicepremierowi.
M	2083	PREP_CASUS	3	36	50	Other	Przyimek „kontra” jest używany z mianownikiem.	
L	2084	Niby mieszka za nami i nie mieszka.
L	2085	Pisze się o literaturze jako kolekcji nazwisk.
L	2086	Określenie jej jako publicystyki ideologicznej jest słuszne.
L	2087	Bo luka między teorią społeczną a praktyką jest spora - ta nadzieja okazała się płonna...
M	2087	DYWIZ	1	48	58	Other	Spacje wokół dywizu (w przeciwieństwie do myślnika) są zbędne: <suggestion>spora-ta</suggestion>; jeśli to miał być myślnik, to należy napisać <suggestion>spora — ta</suggestion>.	spora-ta|spora — ta
L	2088	Tom zrobił to wbrew jego woli.
L	2089	Mamy zysk już przy co najmniej 1-procentowej inflacji.
L	2090	Byłem przy grobie Mickiewicza.
L	2091	Byłem przy grobem Mickiewicza.
M	2091	PREP_CASUS	4	11	17	Other	Przyimek „przy” jest używany z miejscownikiem.	
L	2092	Ma na myśli na przykład Józia.
L	2093	Znajdował się w głównym gmachu muzeum przy Marcinkowskiego.
L	2094	Po ich minach można sądzić, że ponieśli porażkę.
L	2095	To wszystko przez kurę.
L	2096	To wszystko przez prowizorium budżetowe.
L	2097	To wszystko przez pryszczami.
M	2097	PREP_CASUS	5	18	28	Other	Przyimek „przez” jest używany z biernikiem.	
L	2098	Nie przejmował się niezawinionymi przezeń winami.
L	2099	On mówił przez nos.
L	2100	Pisze się o literaturze.
L	2101	Ma po temu powody.
L	2102	zagnieżdżenie się zapłodnionej komórki jajowej w błonie śluzowej macicy
M	2102	UPPERCASE_SENTENCE_START		0	13	Other	To zdanie nie zaczyna się wielką literą	Zagnieżdżenie
L	2103	Przez Bóg żywy!
L	2104	Upił się po przegranym meczu przez New York Islanders.
L	2105	W tym samym czasie prace artystki znalazły uznanie za granicą.
L	2106	Wszystko z pewnością jest w porządku.
L	2107	Wszystko z pewnościach jest w porządku.
M	2107	PREP_CASUS	6	11	22	Other	Przyimek „z” jest używany z biernikiem, dopełniaczem lub narzędnikiem.	
L	2108	Według spisu z 2010 roku 68,5% mieszkańców stanowiła ludność biała.
L	2109	W tym okresie zaprzyjaźnił się z Jean-Paulem Sartrem.
M	2109	MORFOLOGIK_RULE_PL_PL		45	52	Other	Wykryto prawdopodobny błąd pisowni	Sartre|SART-em|Sartem|Sar trem|Sart rem
L	2110	Rycerz nie cieszy się z lada jakich triumfów…
L	2111	Z grubo pokrajanych porcji chleba odłamywała małe kąski.
L	2112	Odbyli rozmowy z sir Patrickiem Mayhew.
M	2112	MORFOLOGIK_RULE_PL_PL		32	38	Other	Wykryto prawdopodobny błąd pisowni	
L	2113	Lubię ją tym bardziej za jej wstydliwość.
L	2114	Byłem tam wraz z psa.
M	2114	PREP_CASUS	7	17	20	Other	Przyimek „wraz z” jest używany z narzędnikiem.	
L	2115	Poksiński zarzucił także Kulikowi, iż wraz z por. Mikołajem Majem, por. Lucjanem Bajraszewskim i płk. Stanisławem Zarakowskim stosował długotrwałe przesłuchania.
M	2115	MORFOLOGIK_RULE_PL_PL		0	9	Other	Wykryto prawdopodobny błąd pisowni	Foksiński|Powsiński
M	2115	MORFOLOGIK_RULE_PL_PL		81	94	Other	Wykryto prawdopodobny błąd pisowni	
M	2115	MORFOLOGIK_RULE_PL_PL		114	125	Other	Wykryto prawdopodobny błąd pisowni	Żurakowskim|Żyrakowskim|Za rakowskim|Zar akowskim
L	2116	Przedstawiciel partii Razem z Kalisza pojechał do Rzeszowa.
L	2117	To było godzinę temu.
L	2118	To było 10 minut temu.
L	2119	Przybyły do południowej części Sachalinu oraz na Wyspy Japońskie i Kurylskie przeszło 6 tys. lat temu.
L	2120	W miejsce to ok. 80 mln lat temu uderzył meteoryt.
L	2121	To było 1 godzina temu.
M	2121	PREP_CASUS	8	10	17	Other	Przyimek „temu” jest używany z biernikiem.	
L	2122	Czterysta lat temu faraon Amenhotep IV obalił władzę kapłanów.
L	2123	Półtora roku temu baba objadła się czegoś i umarła.
L	2124	Było to 500-600 lat temu.
L	2125	To było sześćdziesiąt z górą lat temu.
L	2126	Lat temu kilka przebywałem na dworze.
L	2127	To zwierzę pojawia się 2–3,8 miliona lat temu.
L	2128	2 miliony lat temu zjadłem kanapkę.
L	2129	Ok. 1 mld lat temu powstały złoża kanapek.
L	2130	To znalezisko jest datowane na około 409 milionów lat temu, a może 250-200 milionów lat temu.
L	2131	Narodziłem się w Anglii, skąd wyjechałem lat temu około pięciu.
L	2132	Odkryto pięć rodzajów wilków workowatych żyjących miliony lat temu.
L	2133	Było to tysiące (albo miliony lub miliardy) lat temu.
L	2134	To było około dwieście psów.
M	2134	PREP_CASUS	9	14	22	Other	Przyimek „około” wymaga dopełniacza: <suggestion>dwuset</suggestion>, <suggestion>dwustu</suggestion>, <suggestion>dwóchset</suggestion>	dwuset|dwustu|dwóchset
L	2135	To było około dwustu psów.
L	2136	Pociąg spóźnił się o około dwie godziny.
L	2137	Za około dwa tygodnie.
L	2138	To było ok. dwieście psów.
M	2138	PREP_CASUS	10	12	20	Other	Przyimek „około” wymaga dopełniacza: <suggestion>dwuset</suggestion>, <suggestion>dwustu</suggestion>, <suggestion>dwóchset</suggestion>	dwuset|dwustu|dwóchset
L	2139	To było ok. dwustu psów.
L	2140	Pociąg spóźnił się o ok. dwie godziny.
L	2141	Pociąg spóźnił się o około dwóch godzin.
M	2141	PREP_CASUS	11	21	32	Other	„Około” po przyimku wymagającym innego przypadku niż dopełniacz traktowane jest jako partykuła, a przypadek dostosowuje się do poprzedzającego przyimka. Można też zastąpić „około” wyrażeniem „prawie” lub „mniej więcej”.	
L	2142	Pociąg spóźnił się o około dwie godziny.
L	2143	Noworodki obojej płci liczono w całym królestwie, a około pięćdziesięciu w stolicy.
M	2143	MORFOLOGIK_RULE_PL_PL		10	16	Other	Wykryto prawdopodobny błąd pisowni	oboje|obojem|ob ojej|oboje j
L	2144	Narodziłem się w Anglii, skąd wyjechałem lat temu około pięciu.
L	2145	Współpraca argentyńsko-egipska istnieje od około pięciu lat.
L	2146	Wystawa paryska pozwala przywrócić opinię, że Chagall jest bez wątpienia jednym z największym malarzy XX wieku.
M	2146	PREP_CASUS	12	82	93	Other	Ten przymiotnik powinien być w dopełniaczu: <suggestion>największych</suggestion>.	największych
L	2147	Ostatnio jednak zobaczyliśmy owsiankę w menu jednego z super turbo bistro w cenie 15 złotych.
L	2148	Dowód Turinga nie mówi nic o prędkością.
M	2148	PREP_CASUS	13	29	39	Other	Ten przyimek jest używany z biernikiem lub miejscownikiem.	
L	2149	Dowód Turinga nie mówi nic o prędkości.
L	2150	O łajdak!
L	2151	Przeżył go o lat niemal dwadzieścia.
L	2152	Nie wiem, o której dziewczynie mówisz.
L	2153	Większość Azji Zachodniej stanowią obszary o wyżynno-górzystym ułożeniu terenu.
L	2154	Nasze przekonanie o nim może być kruche.
L	2155	Wiadomości o Danie były niesamowite.
L	2156	O baj długie lata pracowali na Ukrainie.
M	2156	O_BAJ_OBAJ	1	0	5	Other	Ten wyraz pisze się łącznie: <suggestion>Obaj</suggestion>.	Obaj
L	2157	Nie zależy mi na prędkością.
M	2157	PREP_CASUS	14	17	27	Other	Ten przyimek jest używany z biernikiem lub miejscownikiem.	
L	2158	Wąwóz, dość przy ujściu szeroki, zmieniał się w zamkniętą z obu boków pionowymi skałami kotlinkę, na której dnie rosło kilka drzew.
L	2159	Następnie odmówił z Kubańczykami modlitwę na Anioł Pański i pobłogosławił kamień węgielny.
L	2160	Czy autobus numer 19 jedzie na Main Street?
M	2160	MORFOLOGIK_RULE_PL_PL		36	42	Other	Wykryto prawdopodobny błąd pisowni	Streep|Strepet|Strett
L	2161	Dotkliwie przeżyła pierwsze (1935) aresztowania syna i męża (zwolniono ich po tygodniu), a potem drugie (1938) syna, skazanego wkrótce w pierwszej instancji na 10 lat obozu, a ostatecznie na lat 5.
L	2162	Ja jestem z nim na per świnia.
L	2163	W kuchni na stojaka zjada kanapki, nawet nie popijając.
L	2164	To się działo w twoi mózgu.
M	2164	PREP_CASUS	15	16	20	Other	Ten przyimek jest używany z biernikiem lub miejscownikiem.	
L	2165	W Victorii było zamknięte, w Grand Hotelu także.
L	2166	Wykonujemy zalewę z w/w składników.
M	2166	WW	1	20	23	Other	Ten skrót poprawnie zapisujemy jako <suggestion>ww.</suggestion>, bez ukośników.	ww.
L	2167	Obszary nizinne występują w jej północno-zachodniej części.
L	2168	W średniowieczu pojawia się litera W powstała z podwojonego V oznaczającego samogłoskę /U/.
L	2169	art. 16 w ust. 1 w pkt 25 w lit.
M	2169	UPPERCASE_SENTENCE_START		0	3	Other	To zdanie nie zaczyna się wielką literą	Art
L	2170	Stałem pod sklepie.
M	2170	PREP_CASUS	16	11	18	Other	Ten przyimek jest używany z biernikiem lub narzędnikiem.	
L	2171	Stałem przed sklepie.
M	2171	PREP_CASUS	16	13	20	Other	Ten przyimek jest używany z biernikiem lub narzędnikiem.	
L	2172	Stałem nad przepaściach.
M	2172	PREP_CASUS	16	11	23	Other	Ten przyimek jest używany z biernikiem lub narzędnikiem.	
L	2173	Jakie są uwagi pod pani adresem?
L	2174	Przed Grand Prix Wielkiej Brytanii
L	2175	Orkiestra PFB pod dyr. J. Maksymiuka — Długi Targ
M	2175	MORFOLOGIK_RULE_PL_PL		10	13	Other	Wykryto prawdopodobny błąd pisowni	PKB|PUB|FB|PB|PNB|PFE|PFF|PŻB|PAB|PFU|P FB
L	2176	Takie podejście chroni NIK i kontrolowanego przed ew. pomyłkami.
L	2177	Park jest wyjątkowo przepełniony w pierwszy weekend października (długi weekend z okazji Columbus Day, Dnia Krzysztofa Kolumba), a przed jego pięcioma bramami tworzą się długie kolejki samochodów.
M	2177	MORFOLOGIK_RULE_PL_PL		98	101	Other	Wykryto prawdopodobny błąd pisowni	Da|Dać|Dał|Daj|Daty|Dam|Dany|Dar|Dag|Damy|Dały|Dąży|Dal|Dary|Dąb|DAT|Dan|Dat|Dań|Ray|Dy|Bay|Dął|Gay|Daf|Pay|DIY|Dai|Dry|Dąsy|Dąć|DAB|DAF|daP|Dao|Dąż|Dab|Daw|Dny|Dąs|Dafy|Dąby|Daby|Dcy|Da y|DAW
L	2178	Oficjalna północ pod Big Benem
L	2179	W tym momencie w mojej lodówce stoi „wegański” smalec, pod którego jestem wrażeniem.
L	2180	Na bazie rozmów telefonicznych podczas przerw lunchowych (samochodem pod McDonald’s i potem w przerwach pomiędzy kęsami dzwonienie z zeszytem przed sobą) selekcjonowałem te, które uznałem, że warto będzie zobaczyć.
L	2181	Z pod tej marchwi wyłonił się królik.
M	2181	Z_POD	1	0	5	Other	Wyraz <suggestion>spod</suggestion> piszemy łącznie.	Spod
L	2182	Z przed tej marchwi wyłonił się królik.
M	2182	Z_PRZED	1	0	7	Other	Ten wyraz piszemy łącznie: <suggestion>sprzed</suggestion>.	Sprzed
L	2183	Z nad tej marchwi wyłonił się królik.
M	2183	ZNAD	1	0	5	Other	Wyrażenie <suggestion>znad</suggestion> piszemy łącznie.	Znad
L	2184	Z pomiędzy krzaków wyłonił się królik.
M	2184	Z_POMIEDZY	1	0	10	Other	Ten wyraz piszemy łącznie: <suggestion>spomiędzy</suggestion>.	Spomiędzy
L	2185	To się działo po twoi występie.
M	2185	PO	17	17	21	Other	Ten przyimek jest używany z biernikiem lub miejscownikiem (lub formy -u, np. „po litewsku”).	
L	2186	Mówił po litewskiemu
M	2186	PO	17	9	20	Other	Ten przyimek jest używany z biernikiem lub miejscownikiem (lub formy -u, np. „po litewsku”).	
L	2187	Polityka PO polskim rolnikom bardzo się przysłużyła.
L	2188	Poszedł po jej dwa psy.
M	2188	PREP_CASUS	5	11	14	Other	Przyimek „po” jest używany z biernikiem.	
L	2189	To jest bzdura wg niemu.
M	2189	PREP_WG	18	18	23	Other	Przyimek „wg” (też w zapisie skróconym) jest używany z dopełniaczem.	
L	2190	To jest komitet ds. sprawom międzynarodowych.
M	2190	SUBST_ADJ_UNIFY	1	20	44	Other	Przypuszczalnie brak zgodności form przypadków rzeczownika i przymiotnika: sprawom międzynarodowych.	
L	2191	Wydawało się, że ten dłuższy jak gdyby zwisa na gałęzi.
L	2192	Ten nowy dysk jest większy od starego.
L	2193	Ten nowy dysk jest lepszy od starego.
L	2194	Ten nowy dysk jest większy jak stary.
M	2194	WIEKSZY_JAK	1	27	30	Other	Mówimy „większy <suggestion>od</suggestion>”, „większy <suggestion>niż</suggestion>”.	od|niż
L	2195	Ten nowy dysk jest lepszy jak stary.
M	2195	WIEKSZY_JAK	1	26	29	Other	Mówimy „lepszy <suggestion>od</suggestion>”, „lepszy <suggestion>niż</suggestion>”.	od|niż
L	2196	Więcej niż kosmetyk!
L	2197	Nie było to niczym więcej jak prowokacją wiadomych służb.
L	2198	Więcej jak Kosmetyk!
M	2198	WIECEJ_JAK	1	7	10	Other	Mówimy „Więcej <suggestion>od</suggestion>” lub „Więcej <suggestion>niż</suggestion>” (w zależności od kontekstu).	od|niż
L	2199	Czuł się w pracy lepiej jak w domu.
M	2199	WIECEJ_JAK	1	24	27	Other	Mówimy „lepiej <suggestion>od</suggestion>” lub „lepiej <suggestion>niż</suggestion>” (w zależności od kontekstu).	od|niż
L	2200	W gazecie było napisane, że w Polsce rośnie szczurosałata.
M	2200	MORFOLOGIK_RULE_PL_PL		44	57	Other	Wykryto prawdopodobny błąd pisowni	
L	2201	W gazecie pisało, że w Polsce rośnie szczurosałata.
M	2201	PISZE	1	10	16	Other	Mówimy <suggestion>było napisane</suggestion>, a nie „pisze”.	było napisane
M	2201	MORFOLOGIK_RULE_PL_PL		37	50	Other	Wykryto prawdopodobny błąd pisowni	
L	2202	Tam było napisane, że w Polsce rośnie szczurosałata.
M	2202	MORFOLOGIK_RULE_PL_PL		38	51	Other	Wykryto prawdopodobny błąd pisowni	
L	2203	Zwykle się tam pisało, że projekt ma doniosłe znaczenie…
L	2204	Tam pisało, że w Polsce rośnie szczurosałata.
M	2204	TAM_PISZE	1	4	10	Other	Mówimy <suggestion>było napisane</suggestion>, a nie „pisze”.	było napisane
M	2204	MORFOLOGIK_RULE_PL_PL		31	44	Other	Wykryto prawdopodobny błąd pisowni	
L	2205	Jestem przekonany, że wielkim nieprzyjacielem prawdy jest nie tyle kłamstwo, ile monotonia.
L	2206	Nieprzyjacielem prawdy jest nie tyle kłamstwo, ile monotonia, co wykazały zresztą moje badania.
L	2207	Takie nadmierne wchłanianie wapnia spowodowane jest nie tyle przesadnym spożyciem, co zaburzeniami.
M	2207	NIE_TYLE_CO	1	83	85	Other	Mówimy nie tyle..., <suggestion>ile</suggestion>...	ile
L	2208	Ludwik był uznany za aktora.
L	2209	Ten filozof uznaje przyczynową rolę za istotną.
L	2210	Nie mogę uznać przekornego kryterium Gawlika.
L	2211	Ludwik był uznanym aktorem.
L	2212	Ludwik był uznawany aktorem.
M	2212	UZNAC_JAKIMS	1	20	27	Other	Mówi się „uznać <suggestion>za aktora</suggestion>”.	za aktora
L	2213	Tłumaczenie (wyjaśnianie) jako dobieranie do następstwa uznanego racji jest rozumowaniem redukcyjnym.
L	2214	Za słuszną zasadę trzeba uznać daleko idącą koncepcję i kompleksowość inwestycji portowych.
L	2215	Co ma sądzić człowiek, uznający się przed godziną za najszczęśliwszego, pozbawiony naraz żony?
L	2216	Stosunek Voltaire'a do rozbiorów Polski uznaje się czasem za przejaw niekonsekwencji.
L	2217	Z tym wszystkim uznając przytoczoną przeze mnie przyczynę za ważną, a nade wszystko mając uwagę na list króla Luggnaggu, skłania się dobrotliwie do politowania nad moją osobliwszą ułomnością, bylebym tylko użył środków dla zachowania ostrożności.
M	2217	MORFOLOGIK_RULE_PL_PL		110	119	Other	Wykryto prawdopodobny błąd pisowni	
L	2218	Kiwano z uznaniem głowami.
L	2219	Ludwik był uznany za wielkiego aktora
L	2220	Ten filozof uznaje przyczynową rolę za istotną.
L	2221	Ludwik był uznanym polskim aktorem.
L	2222	Ludwik był uznawany wielkim aktorem.
M	2222	UZNAC_JAKIMS	2	20	35	Other	Mówi się „uznać <suggestion>za wielkiego aktora</suggestion>”.	za wielkiego aktora
L	2223	Ludwik był uznany za wielkiego aktora
L	2224	Ten filozof uznaje przyczynową rolę za istotną.
L	2225	Ludwik był uznanym polskim aktorem.
L	2226	Ten okaz był uznawany wielkim lwem.
M	2226	UZNAC_JAKIMS	3	22	34	Other	Mówi się „uznać <suggestion>za wielkiego lewa</suggestion>, <suggestion>za wielkiego lwa</suggestion>”.	za wielkiego lewa|za wielkiego lwa
L	2227	Ludwik był uznany za wielkiego aktora
L	2228	Ten filozof uznaje przyczynową rolę za istotną.
L	2229	Ludwik był uznanym polskim aktorem.
L	2230	Książka była uznawany bestsellerem wydawniczym.
M	2230	ADJ_SUBST_ADJ_UNIFY	1	13	46	Other	Przypuszczalnie brak zgodności form przypadków przymiotników i rzeczownika: uznawany bestsellerem wydawniczym.	
L	2231	Ludwik był uznany za wielkiego aktora
L	2232	Ten filozof uznaje przyczynową rolę za istotną.
L	2233	Ludwik był uznanym polskim aktorem.
L	2234	Julia była uznawany piękną modelką.
M	2234	ZOSTALO_ZROBIONE	1	6	19	Other	Forma imiesłowu („uznawany”) nie jest zgodna z formą czasownika („była”).	
M	2234	UZNAC_JAKIMS	5	20	34	Other	Mówi się „uznać <suggestion>za piękną modelkę</suggestion>”.	za piękną modelkę
L	2235	Ludwik był uznany za wielkiego aktora
L	2236	Ten filozof uznaje przyczynową rolę za istotną.
L	2237	Ludwik był uznanym polskim aktorem.
L	2238	Ludwik był uznawany małym dzieckiem.
M	2238	UZNAC_JAKIMS	6	20	35	Other	Mówi się „uznać <suggestion>za małe dziecko</suggestion>”.	za małe dziecko
L	2239	Wyraził żywe zainteresowanie zaplanowaną dyskusją na temat nauczania matematyki.
L	2240	Wyraził żywe zainteresowanie dla ciekawej dyskusji na temat nauczania matematyki.
M	2240	ZAINTERESOWANIE_DLA	1	13	41	Other	Nie mówi się „zainteresowanie dla czegoś”, lecz <suggestion>zainteresowanie ciekawszym</suggestion>, <suggestion>zainteresowanie ciekawszymi</suggestion>, <suggestion>zainteresowanie ciekawszą</suggestion>, <suggestion>zainteresowanie ciekawym</suggestion>, <suggestion>zainteresowanie ciekawymi</suggestion>, <suggestion>zainteresowanie ciekawą</suggestion>, <suggestion>zainteresowanie najciekawszym</suggestion>, <suggestion>zainteresowanie najciekawszymi</suggestion>, <suggestion>zainteresowanie najciekawszą</suggestion>.	zainteresowanie ciekawszym|zainteresowanie ciekawszymi|zainteresowanie ciekawszą|zainteresowanie ciekawym|zainteresowanie ciekawymi|zainteresowanie ciekawą|zainteresowanie najciekawszym|zainteresowanie najciekawszymi|zainteresowanie najciekawszą
L	2241	Kupiłem półtora litra wódki.
L	2242	Za półtorej godziny spotykam się z kolegą.
L	2243	Kupiłem półtorej litra wódki.
M	2243	POLTOREJ	1	8	16	Other	Mówi się <suggestion>półtora</suggestion> litra, nie „półtorej litra”.	półtora
L	2244	Minie może półtorej albo i dwie doby.
L	2245	Kupiłem półtora litra wódki.
L	2246	Za półtorej godziny spotykam się z kolegą.
L	2247	Za półtora godziny spotykam się na Zoomie.
M	2247	POLTOREJ	2	3	10	Other	Mówi się <suggestion>półtorej</suggestion> godziny, nie „półtora godziny”.	półtorej
L	2248	Minie może półtorej albo i dwie doby.
L	2249	Dla czemu ludzie pomagają innym?
M	2249	DLA_CZEMU	1	0	9	Other	Mówi się <suggestion>dlaczego</suggestion>.	Dlaczego
L	2250	Dlaczego ludzie pomagają innym?
L	2251	Używam starego żelazka.
L	2252	Używam stare żelazko.
M	2252	UZYWAC_CO	1	7	12	Other	Czasownik „używać” łączy się z dopełniaczem: <suggestion>starego</suggestion>, <suggestion>starej</suggestion>.	starego|starej
L	2253	Używam żelazko.
M	2253	UZYWAC_CO	1	7	14	Other	Czasownik „używać” łączy się z dopełniaczem: <suggestion>żelazka</suggestion>.	żelazka
L	2254	Pan poseł używa słowo „zlecenie”.
M	2254	UZYWAC_CO	1	16	21	Other	Czasownik „używać” łączy się z dopełniaczem: <suggestion>słowa</suggestion>.	słowa
L	2255	Używam młotek.
M	2255	UZYWAC_CO	1	7	13	Other	Czasownik „używać” łączy się z dopełniaczem: <suggestion>młotka</suggestion>.	młotka
L	2256	To żelazko jest używane przez królową angielską.
L	2257	To żelazko było używane jak dawniej.
L	2258	Używają głównie starych żelazek.
L	2259	Używają starych żelazek.
L	2260	To jest często używane żelazko.
L	2261	Termin został użyty raz.
L	2262	Nie używał też niczego innego.
L	2263	Usłyszeli świst podobny temu, jakiego używają pasterze trzód.
L	2264	Używa on do wszystkiego swej mowy.
L	2265	Używał raz po raz wyrażeń przyjętych w gwarze rewolucyjenj.
M	2265	MORFOLOGIK_RULE_PL_PL		46	58	Other	Wykryto prawdopodobny błąd pisowni	rewolucyjnej
L	2266	Chciałbyś użyć trochę życia?
L	2267	Używają one starych żelazek.
L	2268	Używają je w domu.
M	2268	UZYWAC_CO	2	8	10	Other	Czasownik „używać” łączy się z dopełniaczem: <suggestion>go</suggestion>, <suggestion>ich</suggestion>, <suggestion>jego</suggestion>, <suggestion>jej</suggestion>.	go|ich|jego|jej
L	2269	Zamiast tego używa on bardzo słabych i wieloznacznych metafor.
L	2270	Starego żelazka używa do golenia.
L	2271	Długo tę książkę używam.
M	2271	UZYWAC_CO	3	6	16	Other	Czasownik „używać” łączy się z dopełniaczem.	
L	2272	Stare żelazko używa do golenia.
M	2272	UZYWAC_CO	3	0	13	Other	Czasownik „używać” łączy się z dopełniaczem.	
L	2273	To były czapki z daszkiem — takie, jakich dotąd wojsko francuskie używa.
L	2274	Demonstranci użyli do obrony kijów bambusowych i kamieni.
L	2275	Zeus użył do jej produkcji skóry swej karmicielki kozy Amaltei lub też zrobiła ją sama Atena po obdarciu ze skóry kozionogiego Pallasa, który ją napastował.
M	2275	MORFOLOGIK_RULE_PL_PL		114	126	Other	Wykryto prawdopodobny błąd pisowni	koźlonogiego
M	2275	MORFOLOGIK_RULE_PL_PL		127	134	Other	Wykryto prawdopodobny błąd pisowni	Pallas|Pawlasa|Pallada|Callasa|Palladą|Pal lasa|Pall asa|Pallas a
L	2276	Indianie amerykańscy używali do walki łuków i strzał.
L	2277	Nie przez przypadek używamy do opisu zachowania terminów psychologicznych.
L	2278	Renata przestrzega przepisy polskiego prawa.
M	2278	PRZESTRZEGAC_CO	1	19	27	Other	Czasownik „przestrzegać” łączy się z dopełniaczem: <suggestion>przepisu</suggestion>, <suggestion>przepisów</suggestion>.	przepisu|przepisów
L	2279	Renata przestrzega przepisów polskiego prawa.
L	2280	Przestrzegają oni przepisów polskiego prawa.
L	2281	Renata przestrzega je.
M	2281	PRZESTRZEGAC_CO	2	19	21	Other	Czasownik „przestrzegać” łączy się z dopełniaczem: <suggestion>go</suggestion>, <suggestion>ich</suggestion>, <suggestion>jego</suggestion>, <suggestion>jej</suggestion>.	go|ich|jego|jej
L	2282	Renata przestrzega przepisów polskiego prawa.
L	2283	Renata przestrzega ich.
L	2284	Przestrzegają oni ich.
L	2285	Przestrzegają oni przepisów polskiego prawa.
L	2286	Ustąp miejsce starszemu!
M	2286	USTAPIC_MIEJSCE	1	6	13	Other	Czasownik „ustępować” łączy się z dopełniaczem. Poprawnie: <suggestion>miejsca</suggestion>.	miejsca
L	2287	Ustąp miejsca starszemu!
L	2288	Prace należy opatrzyć w osobiste godło.
M	2288	OPATRZYC_W	1	13	38	Other	Ten czasownik nie jest używany z przyimkiem „w”. Poprawnie <suggestion>zaopatrzyć w osobiste godło</suggestion> lub <suggestion>opatrzyć osobistym godłem</suggestion>.	zaopatrzyć w osobiste godło|opatrzyć osobistym godłem
L	2289	Pracę opatrzyłem w podpis.
M	2289	OPATRZYC_W	1	6	26	Other	Ten czasownik nie jest używany z przyimkiem „w”. Poprawnie <suggestion>zaopatrzyłem w podpis.</suggestion> lub <suggestion>opatrzyłem podpisem.</suggestion>.	zaopatrzyłem w podpis.|opatrzyłem podpisem.
L	2290	Prace należy opatrzyć osobistym godłem.
L	2291	Opatrzył w nazwisko.
M	2291	OPATRZYC_W	1	0	20	Other	Ten czasownik nie jest używany z przyimkiem „w”. Poprawnie <suggestion>zaopatrzył w nazwisko.</suggestion> lub <suggestion>Opatrzył nazwiskiem.</suggestion>.	Zaopatrzył w nazwisko.|Opatrzył nazwiskiem.
L	2292	Prace należy opatrzyć w osobiste godło.
M	2292	OPATRZYC_W	1	13	38	Other	Ten czasownik nie jest używany z przyimkiem „w”. Poprawnie <suggestion>zaopatrzyć w osobiste godło</suggestion> lub <suggestion>opatrzyć osobistym godłem</suggestion>.	zaopatrzyć w osobiste godło|opatrzyć osobistym godłem
L	2293	Pracę opatrzyłem w podpis.
M	2293	OPATRZYC_W	1	6	26	Other	Ten czasownik nie jest używany z przyimkiem „w”. Poprawnie <suggestion>zaopatrzyłem w podpis.</suggestion> lub <suggestion>opatrzyłem podpisem.</suggestion>.	zaopatrzyłem w podpis.|opatrzyłem podpisem.
L	2294	Prace należy opatrzyć osobistym godłem.
L	2295	Opatrzył w nazwisko.
M	2295	OPATRZYC_W	1	0	20	Other	Ten czasownik nie jest używany z przyimkiem „w”. Poprawnie <suggestion>zaopatrzył w nazwisko.</suggestion> lub <suggestion>Opatrzył nazwiskiem.</suggestion>.	Zaopatrzył w nazwisko.|Opatrzył nazwiskiem.
L	2296	Prace należy opatrzyć w osobiste godło.
M	2296	OPATRZYC_W	1	13	38	Other	Ten czasownik nie jest używany z przyimkiem „w”. Poprawnie <suggestion>zaopatrzyć w osobiste godło</suggestion> lub <suggestion>opatrzyć osobistym godłem</suggestion>.	zaopatrzyć w osobiste godło|opatrzyć osobistym godłem
L	2297	Pracę opatrzyłem w podpis.
M	2297	OPATRZYC_W	1	6	26	Other	Ten czasownik nie jest używany z przyimkiem „w”. Poprawnie <suggestion>zaopatrzyłem w podpis.</suggestion> lub <suggestion>opatrzyłem podpisem.</suggestion>.	zaopatrzyłem w podpis.|opatrzyłem podpisem.
L	2298	Prace należy opatrzyć osobistym godłem.
L	2299	Opatrzył w nazwisko.
M	2299	OPATRZYC_W	1	0	20	Other	Ten czasownik nie jest używany z przyimkiem „w”. Poprawnie <suggestion>zaopatrzył w nazwisko.</suggestion> lub <suggestion>Opatrzył nazwiskiem.</suggestion>.	Zaopatrzył w nazwisko.|Opatrzył nazwiskiem.
L	2300	Mickiewicz w 1843 roku we Francji postulował o utworzenie teatru.
M	2300	POSTULOWAC_O	1	34	57	Other	Ten czasownik nie jest używany z przyimkiem „o”. Poprawnie <suggestion>postulował utworzenie</suggestion>.	postulował utworzenie
L	2301	Uczeni zdecydowali się ogłosić odkrycie.
L	2302	Uczeni zdecydowali się ogłosić o odkryciu.
M	2302	OGLOSIC_O	1	23	41	Other	Czasownik „ogłosić” łączy się z biernikiem. Powinno być: <suggestion>ogłosić odkrycie</suggestion>.	ogłosić odkrycie
L	2303	Policjant kierował ruchem pojazdów.
L	2304	Policjant regulował ruchem pojazdów.
M	2304	REGULOWAC_RUCHEM	1	10	26	Other	Czasownik „regulować” nie łączy się z narzędnikiem, więc powinno być: <suggestion>regulował ruch</suggestion> lub <suggestion>kierował ruchem</suggestion>.	regulował ruch|kierował ruchem
L	2305	Cynizm uznajemy nie tyle za normalny, ale z pewnością powszechny.
M	2305	NIE_TYLE_ALE	1	38	41	Other	Czy chodziło o <suggestion>ile</suggestion>? (Zdanie występuje po spójniku skorelowanym „nie tyle…”).	ile
L	2306	Cynizm uznajemy nie tyle za normalny, ile z pewnością powszechny.
L	2307	Arturze, może nie tyle co, ale kto.
M	2307	BRAK_PRZECINKA_TEN_CO	5	18	25	Other	Brak przecinka. Powinno być: <suggestion>tyle, co</suggestion>.	tyle, co
L	2308	Wiążą się z tym zarówno zyski, jak i zalety.
L	2309	Wiążą się z tym zarówno zyski i zalety.
M	2309	ZAROWNO_I	1	30	31	Other	Po „zarówno” piszemy <suggestion>jak i</suggestion>.	jak i
L	2310	Wiążą się z tym zarówno zyski i zalety, jak i pewne wady.
L	2311	W tych scenariuszach był zarówno taki, w którym Leszek Miller pozostaje, scenariusz taki, w którym Leszek Miller odchodzi.
M	2311	ZAROWNO_BEZ_JAK_I	1	25	32	Other	W tym zdaniu brakuje drugiego składnika spójnika złożonego „jak i”. Wyrazu „zarówno” nie używa się w sensie <suggestion>jednakowo</suggestion> lub <suggestion>równie</suggestion>.	jednakowo|równie
L	2312	Zarówno premier Joe Bossano, jak 39-letni lider socjaldemokratów Peter Caruana są zgodni co do celu: uważają, że Gibraltar powinien stać się bardziej samodzielny.
M	2312	MORFOLOGIK_RULE_PL_PL		20	27	Other	Wykryto prawdopodobny błąd pisowni	Dossano|Possano|Bo ssano|Boss ano|Bossa no
M	2312	ZAROWNO_BEZ_JAK_I	2	29	32	Other	W tym zdaniu brakuje drugiego składnika spójnika złożonego: <suggestion>jak i</suggestion>.	jak i
M	2312	MORFOLOGIK_RULE_PL_PL		71	78	Other	Wykryto prawdopodobny błąd pisowni	Carówna|Cardana|Carówną
L	2313	Zarówno premier Joe Bossano, jak wiadomo od lat, jak 39-letni lider socjaldemokratów Peter Caruana są zgodni co do celu: uważają, że Gibraltar powinien stać się bardziej samodzielny.
M	2313	MORFOLOGIK_RULE_PL_PL		20	27	Other	Wykryto prawdopodobny błąd pisowni	Dossano|Possano|Bo ssano|Boss ano|Bossa no
M	2313	ZAROWNO_BEZ_JAK_I	2	29	32	Other	W tym zdaniu brakuje drugiego składnika spójnika złożonego: <suggestion>jak i</suggestion>.	jak i
M	2313	MORFOLOGIK_RULE_PL_PL		91	98	Other	Wykryto prawdopodobny błąd pisowni	Carówna|Cardana|Carówną
L	2314	Zarówno premier Joe Bossano, jak wiadomo od lat, jak i 39-letni lider socjaldemokratów Peter Caruana są zgodni co do celu: uważają, że Gibraltar powinien stać się bardziej samodzielny.
M	2314	MORFOLOGIK_RULE_PL_PL		20	27	Other	Wykryto prawdopodobny błąd pisowni	Dossano|Possano|Bo ssano|Boss ano|Bossa no
M	2314	MORFOLOGIK_RULE_PL_PL		93	100	Other	Wykryto prawdopodobny błąd pisowni	Carówna|Cardana|Carówną
L	2315	Podstawową zasadą krasnoludzkiego gwinta było coś przypominającego licytację na targu końskim - tak intensywnością, jak i natężeniem głosu licytujących.
M	2315	ADJ_SUBST_ADJ_UNIFY	1	0	33	Other	Przypuszczalnie brak zgodności form przypadków przymiotników i rzeczownika: Podstawową zasadą krasnoludzkiego.	
M	2315	DYWIZ	1	86	99	Other	Spacje wokół dywizu (w przeciwieństwie do myślnika) są zbędne: <suggestion>końskim-tak</suggestion>; jeśli to miał być myślnik, to należy napisać <suggestion>końskim — tak</suggestion>.	końskim-tak|końskim — tak
M	2315	SUBST_ADJ_UNIFY	1	133	151	Other	Przypuszczalnie brak zgodności form przypadków rzeczownika i przymiotnika: głosu licytujących.	
L	2316	Człowiek pozostaje tak długo mądry, dopóki szuka mądrości.
M	2316	TAK_DLUGO_DOPOKI	1	19	28	Other	Prawdopodobnie błędny spójnik skorelowany. Powinno być: <suggestion>dopóty</suggestion>.	dopóty
L	2317	Człowiek pozostaje tak długo w domu, aż zdziadzieje, a przecież jest dopóty mądry, dopóki szuka mądrości.
M	2317	BRAK_PRZECINKA_SPOJNIK_PROSTY	2	64	75	Other	Przed tym spójnikiem stawiamy przecinek: <suggestion>jest, dopóty</suggestion>.	jest, dopóty
L	2318	Im większa, tym lepiej.
L	2319	Czym większa, tym lepiej.
M	2319	CZYM_TYM	1	0	4	Other	Mówimy <suggestion>im</suggestion>..., tym...	Im
L	2320	Tym bardziej żałuję, ponieważ rzecz jest całkowicie inna, aniżeli usiłowali to niektórzy śledczy przedstawić.
M	2320	TYM_BARDZIEJ_PONIEWAZ	1	21	29	Other	Prawdopodobnie błędnie użyto skorelowanego spójnika „tym bardziej” w zdaniu złożonym. Powinno być: <suggestion>że</suggestion>.	że
L	2321	Tym bardziej żałuję, że rzecz jest całkowicie inna, aniżeli usiłowali to niektórzy śledczy przedstawić.
L	2322	Im większa, tym lepiej, o ile mi wiadomo.
L	2323	Im większa, o tyle lepiej.
M	2323	IM_O_TYLE	1	12	18	Other	Mówimy Im..., <suggestion>tym</suggestion>...	tym
L	2324	Najstarszy kurort w Polsce to Lądek Zdrój, który do na dzień obecny cieszy się wielkim powodzeniem.
M	2324	PL_COMPOUNDS		30	41	Other	Ten wyraz pisze się z łącznikiem.	Lądek-Zdrój
M	2324	DO_NA_DZIEN_DZISIEJSZY	1	49	67	Hint	To wyrażenie jest bardzo niezgrabne. Lepiej: <suggestion>nadal</suggestion>, <suggestion>do dziś</suggestion>.	nadal|do dziś
L	2325	Medytacja w kontraście do nich może się wydawać nudna, nieciekawa.
M	2325	W_KONTRASCIE_DO	1	10	25	Hint	To wyrażenie jest zwykle anglicyzmem. Najczęściej lepiej napisać: <suggestion>w przeciwieństwie do</suggestion>, <suggestion>w odróżnieniu od</suggestion>, <suggestion>na tle</suggestion>.	w przeciwieństwie do|w odróżnieniu od|na tle
L	2326	Dodatkowo, ta część mego umysłu, która trzymała w sobie chrześcijańskie przekonanie o sensie cierpienia, wierzyła, że to Bóg zsyła na mnie problemy w celu uwolnienia mej duszy od zła, czyli od pychy, dumy i złości.
M	2326	DODATKOWO	1	0	13	Other	Prawdopodobnie zbędny przecinek. Poprawnie: <suggestion>Dodatkowo ta</suggestion>.	Dodatkowo ta
L	2327	Daria lubiła z nim przebywać, był szczery do bólu i nader wszystko szanował swoją rodzinę, co było godne podziwu.
M	2327	NADER_WSZYSTKO_NADE_WSZYSTKO	1	58	66	Hint	Ten wyraz pisze się: <suggestion>nade</suggestion> (nader = wyjątkowo).	nade
L	2328	Jeszcze kilka tygodni temu mało kto wierzył, że będzie można osiągnąć postęp w zakresie zaprzestania działań wojennych w Syrii.
M	2328	OSIAGNAC_POSTEP	1	61	76	Hint	Niepoprawny zwrot. Poprawnie: <suggestion>dokonać postępu</suggestion>.	dokonać postępu
L	2329	Jest mniejszy, delikatniejszy i znacznie bardziej liczebny.
M	2329	BARDZIEJ_LICZEBNY_LICZNIEJSZY	1	41	58	Hint	Powinno być <suggestion>liczniejszy</suggestion>.	liczniejszy
L	2330	Jest mniejszy, delikatniejszy i znacznie liczniejszy.
L	2331	Owszem, pomysły owy pisarz miał dosyć ciekawe.
M	2331	OWY_W	1	16	19	Hint	Błędna forma przymiotnika. Powinno być: <suggestion>ów</suggestion>.	ów
L	2332	Owszem, pomysły ów pisarz miał dosyć ciekawe
L	2333	Konkurs SMS-owy
L	2334	Lubię jazz ragtime'owy.
L	2335	W przeciągu miesiąca grupy ekstremistyczne zamordowały w Iraku ponad 50 chrześcijan.
M	2335	W_PRZECIGU_TYGODNIA_W_CIGU	1	0	20	Hint	Błędne wyrażenie. Poprawnie: <suggestion>W ciągu miesiąca</suggestion>.	W ciągu miesiąca
L	2336	W ciągu miesiąca grupy ekstremistyczne zamordowały w Iraku ponad 50 chrześcijan.
L	2337	W przeciągu dwóch miesięcy grupy ekstremistyczne zamordowały w Iraku ponad 50 chrześcijan.
M	2337	W_PRZECIGU_TYGODNIA_W_CIGU	2	0	26	Hint	Błędne wyrażenie. Poprawnie: <suggestion>W ciągu dwóch miesięcy</suggestion>.	W ciągu dwóch miesięcy
L	2338	W ciągu dwóch miesięcy grupy ekstremistyczne zamordowały w Iraku ponad 50 chrześcijan.
L	2339	W przeciągu 2 miesięcy grupy ekstremistyczne zamordowały w Iraku ponad 50 chrześcijan.
M	2339	W_PRZECIGU_TYGODNIA_W_CIGU	3	0	22	Hint	Błędne wyrażenie. Poprawnie: <suggestion>W ciągu 2 miesięcy</suggestion>.	W ciągu 2 miesięcy
L	2340	W ciągu dwóch miesięcy grupy ekstremistyczne zamordowały w Iraku ponad 50 chrześcijan.
L	2341	Zarówno goście, jak również organizatorzy wezmą udział w dyskusjach po konferencji.
M	2341	ZAROWNO_BEZ_JAK_I	2	16	19	Other	W tym zdaniu brakuje drugiego składnika spójnika złożonego: <suggestion>jak i</suggestion>.	jak i
L	2342	To można wykonać za pomocą wujka.
M	2342	ZA_POMOCA_M1	1	17	32	Hint	Wyrażenia „za pomocą” nie używa się w odniesieniu do ludzi. Poprawnie: <suggestion>przy pomocy wujka</suggestion>.	przy pomocy wujka
L	2343	To można wykonać przy pomocy wujka.
L	2344	To jest logarytm obliczania średniej.
M	2344	LOGARYTM_ALGORYTM	1	8	27	Hint	Czy chodziło o <suggestion>algorytm</suggestion> (=metoda obliczania)? Logarytm przy podstawie a z liczby b oznacza liczbę c, będącą potęgą, do której podstawa a musi być podniesiona, aby dać liczbę b.	algorytm
L	2345	To jest algorytm obliczania średniej.
L	2346	Nie chciałbym, żebyśmy dokonali błędu.
M	2346	DOKONAC_BLEDU	1	23	37	Hint	Błąd leksykalny. Poprawnie: <suggestion>popełnili błąd</suggestion>.	popełnili błąd
L	2347	Nie chciałbym popełnić błędu.
L	2348	Nasza firma oferuje tanie przerwy kawowe na wyjazdach integracyjnych.
M	2348	PRZERWA_KAWOWA	1	26	40	Hint	Błędny anglicyzm. Poprawnie: <suggestion>przerwy na kawę</suggestion>.	przerwy na kawę
L	2349	Przerwa na kawę przewidziana jest w programie.
L	2350	Ależ to bajońskie ceny!
M	2350	BAJONSKIE_CENY	1	8	22	Hint	Błąd leksykalny (bajońskie mogą być tylko sumy). Poprawnie: <suggestion>ogromne ceny</suggestion>.	ogromne ceny
L	2351	Ależ to bajońskie sumy!
L	2352	Nie lubię być niegrzeczny - to mi nie leży.
M	2352	DYWIZ	1	14	30	Other	Spacje wokół dywizu (w przeciwieństwie do myślnika) są zbędne: <suggestion>niegrzeczny-to</suggestion>; jeśli to miał być myślnik, to należy napisać <suggestion>niegrzeczny — to</suggestion>.	niegrzeczny-to|niegrzeczny — to
L	2353	Nie lubię być niegrzeczny - to mi nie odpowiada.
M	2353	DYWIZ	1	14	30	Other	Spacje wokół dywizu (w przeciwieństwie do myślnika) są zbędne: <suggestion>niegrzeczny-to</suggestion>; jeśli to miał być myślnik, to należy napisać <suggestion>niegrzeczny — to</suggestion>.	niegrzeczny-to|niegrzeczny — to
L	2354	Mogłem robić, co mi się rzewnie podobało.
M	2354	RZEWNIE_PODOBA	1	24	40	Hint	Błąd leksykalny. Mówi się <suggestion>żywnie podobało</suggestion> (=robić tak, jak kto chce). Słowo „rzewnie” znaczy „ckliwie” lub „łzawo”, a raczej rzadko mówi się, żeby coś się ckliwie podobało.	żywnie podobało
L	2355	Mogę robić, co mi się żywnie podoba.
L	2356	Szersze informacje znajdują się w naszej broszurze.
M	2356	SZERSZE_INFORMACJE	1	0	7	Hint	Błąd leksykalny. Poprawnie: <suggestion>bliższe</suggestion>, <suggestion>dokładne</suggestion>, <suggestion>szczegółowe</suggestion>, <suggestion>treściwe</suggestion>.	Bliższe|Dokładne|Szczegółowe|Treściwe
L	2357	Dokładne informacje znajdują się w naszej broszurze.
L	2358	Józek epatował wewnętrznym ciepłem.
M	2358	EPATOWAC_CIEPLEM	1	6	14	Hint	Prawdopodobnie pomylony czasownik. Czy chodziło o <suggestion>emanował</suggestion>?	emanował
L	2359	Józek emanował wewnętrznym ciepłem.
L	2360	Żarty Przemysława skrzą się cienką ironią.
M	2360	CIENKA_IRONIA	1	28	34	Hint	Rusycyzm. Poprawnie: <suggestion>subtelną</suggestion>.	subtelną
L	2361	Przemysław ma subtelny dowcip.
L	2362	Przemysław ma cienki dowcip.
M	2362	CIENKI_DOWCIP	1	14	20	Hint	Rusycyzm. Poprawnie: <suggestion>subtelny</suggestion>.	subtelny
L	2363	Przemysław II Cienki ironią nie grzeszył.
L	2364	Dostępna cena, łatwość obsługi i estetyczne opakowanie to atuty nowego produktu firmy Ziutex.
M	2364	DOSTEPNA_CENA	1	0	8	Hint	Niepoprawne wyrażenie. Poprawnie: <suggestion>przystępna</suggestion>.	Przystępna
M	2364	MORFOLOGIK_RULE_PL_PL		86	92	Other	Wykryto prawdopodobny błąd pisowni	Ziutek|Ziutę|Ziu tex|Ziut ex
L	2365	Produkt dostępny ceną nie odstrasza.
L	2366	Przystępna cena jest atutem.
L	2367	Dostałeś większą połowę sernika!
M	2367	WIEKSZA_POLOWA	1	9	23	Hint	W niepotocznych kontekstach to wyrażenie wiele osób uważa za rażące. Lepiej: <suggestion>większą część</suggestion>.	większą część
L	2368	Dostałeś większą część sernika!
L	2369	Znam język holenderski.
M	2369	JEZYK_HOLENDERSKI	1	11	22	Hint	To określenie jest bardzo potoczne. Ściślej należy napisać: <suggestion>niderlandzki</suggestion>.	niderlandzki
L	2370	Mówię w języku niderlandzkim.
L	2371	To produkt dla szerokiego odbiorcy.
M	2371	SZEROKI_ODBIORCA	1	15	34	Hint	Niepoprawne wyrażenie. Poprawnie: <suggestion>masowego odbiorcy</suggestion>.	masowego odbiorcy
L	2372	To produkt dla masowego odbiorcy.
L	2373	Kiedy stoimy przed takim dylematem, zadowolić się musimy lepszym złem.
M	2373	LEPSZE_ZLO	1	57	69	Hint	Prawdopodobnie niepoprawne wyrażenie. Czy chodziło o <suggestion>mniejszym złem</suggestion>?	mniejszym złem
L	2374	Generał twierdzi, że wybrał mniejsze zło.
L	2375	Lepsze zło znane niż nieznane.
L	2376	Oddział Zdzicha postawił opór przeważającym siłom wroga i bohatersko wysadził się w powietrze, choć nie miał nawet materiałów wybuchowych.
M	2376	POSTAWIC_OPOR	1	16	29	Hint	Niepoprawne wyrażenie. Poprawnie: <suggestion>stawił opór</suggestion>.	stawił opór
L	2377	Stawiłem opór rosnącej fali błędów językowych.
L	2378	Sytuacja finansowa amerykańskich banków pozostawia wiele do życzenia.
L	2379	Kondycja finansowa amerykańskich banków pozostawia wiele do życzenia.
M	2379	KONDYCJA_FINANSOWA	1	0	18	Hint	Niepoprawna kalka z angielskiego. Lepiej: <suggestion>sytuacja finansowa</suggestion>.	Sytuacja finansowa
L	2380	Nasza firma jest trzecim największym bankiem na świecie!
M	2380	DRUGI_NAJWIEKSZY	1	17	36	Hint	Niepoprawne wyrażenie (kalka z niemieckiego lub angielskiego). Poprawnie: <suggestion>trzecim co do wielkości</suggestion>.	trzecim co do wielkości
L	2381	Ten bank jest trzecim do wielkości oszustem na rynku hipotecznym.
L	2382	Resort zaprezentuje mapę drogową prac nad ustawą.
M	2382	MAPA_DROGOWA	1	20	32	Hint	To wyrażenie jest częstą i niepoprawną kalką z języka angielskiego (jeśli nie jest użyte dosłownie). Poprawnie: <suggestion>plan działań</suggestion>, <suggestion>harmonogram</suggestion>.	plan działań|harmonogram
L	2383	W ofercie mamy mapy drogowe Polski i Europy.
L	2384	Mapy są bardzo ważne do jazdy po drogach.
L	2385	Tym pięknym aparatem dygitalnym Zorka 5 wykonałem kilka zdjęć.
M	2385	DYGITALNY	1	21	31	Hint	Ten wyraz jest bardzo rzadki i książkowy. Lepiej: <suggestion>cyfrowym</suggestion>.	cyfrowym
M	2385	MORFOLOGIK_RULE_PL_PL		32	37	Other	Wykryto prawdopodobny błąd pisowni	Córka|Córką|Worka|Górka|Zerka|Zośka|Zorza|Orka|Korka|Górką|Norka|Yorka|Żonka|Żorska|Lorka|Zorba|Zorna|Zośką|Morka|Sorka|Zorzą|Żurka|Dorka|Orką|Żarka|Żorską|Borka|Norką|Zworka|Żonką|Azorka|Morką|Zonka|Dorką|Zorbą|Zorska|Jorka|Ozorka|Sorką|Żyrka|Azorką|Mórka|Mórką|Wzorka|Zoka|Zorską|Lorką|Ozorką|Porka|Szorka|Zouka|Zworką|Z orka
L	2386	Tym pięknym aparatem cyfrowym wykonałem kilka zdjęć.
L	2387	W najnowszym numerze Brukowca gadzinowego drukujemy ekskluzywny wywiad z Anodą Katodą.
M	2387	EKSKLUZYWNY_WYWIAD	1	52	70	Hint	Kalka z angielskiego. „Ekskluzywny” znaczy po polsku „luksusowy”; należy napisać: <suggestion>wywiad na wyłączność</suggestion> lub <suggestion>wywiad na prawach wyłączności</suggestion>.	wywiad na wyłączność|wywiad na prawach wyłączności
L	2388	Udzielił wywiadu na wyłączność.
L	2389	Reprezentacja Wąchocka święciła ogromne sukcesy w Pcimiu.
M	2389	SWIECIC_SUKCESY	1	40	47	Hint	Niepoprawny dobór wyrazów. Powinno być: <suggestion>triumfy</suggestion>.	triumfy
L	2390	Propagandziści święcili triumfy w manipulowaniu tłumem.
L	2391	Najwięcej lubię orędzia naszych polityków.
M	2391	NAJWIECEJ_LUBIC	1	0	15	Hint	Niepoprawny związek wyrazów. Poprawnie: <suggestion>najbardziej lubię</suggestion>.	Najbardziej lubię
L	2392	Lech najbardziej lubi zupę pomidorową.
L	2393	Więcej lubię orędzia naszych polityków od oglądania piłki nożnej.
M	2393	WIECEJ_LUBIC	1	0	12	Hint	Niepoprawny związek wyrazów. Poprawnie: <suggestion>bardziej lubię</suggestion> lub <suggestion>wolę</suggestion>.	Bardziej lubię|Wolę
L	2394	Można wlać tu więcej lub mniej wody.
L	2395	Lech woli zupę pomidorową.
L	2396	Informacje sensytywne odnoszące się do inspekcji należy traktować jako informacje niejawne.
M	2396	INFORMACJE_SENSYTYWNE	1	0	21	Hint	To wyrażenie jest niepoprawną kalką z języka angielskiego. Poprawnie:<suggestion>Informacje poufne</suggestion> lub <suggestion>Informacje o szczególnym znaczeniu</suggestion>.	Informacje poufne|Informacje o szczególnym znaczeniu
L	2397	Informacje poufne traktujemy ze szczególną ostrożnością.
L	2398	Informacje wrażliwe odnoszące się do inspekcji należy traktować jako informacje niejawne.
M	2398	INFORMACJE_WRAZLIWE	1	0	19	Other	To wyrażenie jest niepoprawną kalką z języka angielskiego. Poprawnie:<suggestion>Informacje poufne</suggestion> lub <suggestion>Informacje o szczególnym znaczeniu</suggestion>.	Informacje poufne|Informacje o szczególnym znaczeniu
L	2399	Informacje poufne traktujemy ze szczególną ostrożnością.
L	2400	Ten parametr służy do ustawiania justyfikacji.
M	2400	JUSTYFIKACJA	1	33	45	Hint	Ten wyraz jest kalką z języka angielskiego, utworzoną niezgodnie z polskimi zasadami słowotwórstwa. Poprawnie: <suggestion>justowaniu</suggestion>.	justowaniu
L	2401	Justowanie nadaje tekstowi estetyczny wygląd.
L	2402	Programowanie zorientowane obiektowo
M	2402	ZORIENTOWANY_OBIEKTOWO	1	14	36	Hint	To wyrażenie jest kalką z języka angielskiego. Lepiej: <suggestion>obiektowe</suggestion>.	obiektowe
L	2403	Programowanie obiektowe
L	2404	Ten program jest przyjazny dla użytkownika.
M	2404	PRZYJAZNY_DLA_UZYTKOWNIKA	1	17	42	Hint	To wyrażenie jest kalką z języka angielskiego. Lepiej: <suggestion>łatwy w obsłudze</suggestion>, <suggestion>łatwy w użytku</suggestion>.	łatwy w obsłudze|łatwy w użytku
L	2405	Ten program jest łatwy w użytku.
L	2406	Użytkownik może zdefiniować gorące klawisze.
M	2406	GORACY_KLAWISZ	1	28	43	Hint	To wyrażenie jest kalką z angielskiego. Poprawnie: <suggestion>klawisze skrótu</suggestion>.	klawisze skrótu
L	2407	Użytkownik może zdefiniować klawisze skrótu.
L	2408	Nie mam drajwera tej karty graficznej.
M	2408	DRAJWER	1	8	16	Hint	Ten wyraz jest slangowy. Lepiej: <suggestion>sterownika</suggestion>.	sterownika
L	2409	Nie mam sterownika tej karty graficznej.
L	2410	Podwójnie kliknij ikonę na pulpicie.
M	2410	KLIKNAC_PODWOJNIE	1	0	17	Hint	Nieprawidłowy zwrot. Mówimy: <suggestion>kliknij dwukrotnie</suggestion>.	Kliknij dwukrotnie
L	2411	Kliknij dwukrotnie ikonę na pulpicie.
L	2412	Kliknij podwójnie ikonę na pulpicie.
M	2412	KLIKNAC_PODWOJNIE	2	0	17	Hint	Nieprawidłowy zwrot. Mówimy: <suggestion>Kliknij dwukrotnie</suggestion>.	Kliknij dwukrotnie
L	2413	Kliknij dwukrotnie ikonę na pulpicie.
L	2414	Poseł przekazał nam protokoły z zebrania.
M	2414	PROTOKOL_Z_CZEGO	1	20	40	Hint	Prawdopodobnie niepoprawna forma. Poprawnie: <suggestion>protokoły zebrania</suggestion>.	protokoły zebrania
L	2415	To protokół zaliczenia.
L	2416	Protokół z Kioto
L	2417	Rzecznik konsumentów sprawozdawał.
M	2417	SPRAWOZDAWAC	1	21	33	Hint	Ten czasownik jest uważany przez językoznawców za niepoprawny. Lepiej: <suggestion>zdawał sprawę</suggestion>.	zdawał sprawę
L	2418	Rzecznik konsumentów zdawał sprawę.
L	2419	Przemysław znowu ubrał golf.
M	2419	UBRAC_ZALOZYC	1	17	27	Hint	Prawdopodobnie użyto błędnego czasownika. Powinno być: <suggestion>włożył golf</suggestion>.	włożył golf
L	2420	Doda była ubrana w sukienkę.
M	2420	ZDANIA_ZLOZONE	1	0	28	Other	W tym zdaniu złożonym brakuje przecinka lub spójnika między jednym czasownikiem („Doda”) a drugim („była”).	
L	2421	Przemysław znowu ubrał się w golf.
L	2422	Przemysław będzie znowu zakładał buty.
M	2422	UBRAC_ZALOZYC	2	24	37	Hint	Prawdopodobnie użyto błędnego czasownika. Powinno być: <suggestion>wkładał buty</suggestion>.	wkładał buty
L	2423	Przytrzymam ci torbę, gdy ty będziesz zakładać swój płaszcz.
M	2423	UBRAC_ZALOZYC	2	38	59	Hint	Prawdopodobnie użyto błędnego czasownika. Powinno być: <suggestion>wkładać swój płaszcz</suggestion>.	wkładać swój płaszcz
L	2424	Przemysław znowu założył partię.
L	2425	Przemysław znowu założył buty.
M	2425	UBRAC_ZALOZYC	3	17	29	Hint	Prawdopodobnie użyto błędnego czasownika. Powinno być: <suggestion>włożył buty</suggestion>.	włożył buty
L	2426	Przemysław znowu założył partię.
L	2427	Skład kremu jest utajniony.
L	2428	Formuła kremu jest utajniona.
M	2428	FORMULA_KREMU	1	0	13	Hint	Błędne użycie wyrazu „formuła”. Powinno być raczej: <suggestion>skład kremu</suggestion> lub <suggestion>receptura kremu</suggestion>.	Skład kremu|Receptura kremu
L	2429	Olej silnikowy jest krwią silnika, która decyduje w wysokiej mierze o długości życia silnika.
M	2429	W_POWAZNEJ_MIERZE	1	50	67	Hint	Błędna postać wyrażenia. Powinno być: <suggestion>w dużej mierze</suggestion>	w dużej mierze
L	2430	Olej silnikowy jest krwią silnika, która decyduje w dużej mierze o jego trwałości.
L	2431	Skuteczny obserwator potrafiący wyciągać wnioski.
M	2431	POTRAFIACY	1	21	31	Hint	Czasownik „potrafić” nie ma imiesłowu czynnego. Poprawnie: <suggestion>umiejący</suggestion>.	umiejący
L	2432	Skuteczny obserwator umiejący wyciągać wnioski.
L	2433	Wzrostu około 175 cm, włosy ciemne, posiada brodę i wąsy.
M	2433	POSIADAC_MIEC	1	36	43	Hint	Niepoprawne jest łączenie czasownika „posiadać” z nazwami rzeczy drobnych i abstrakcyjnych oraz osób. Poprawnie: <suggestion>ma</suggestion>.	ma
L	2434	Był niepozorny, posiadając wymiary krasnala.
M	2434	POSIADAC_MIEC	1	16	26	Hint	Niepoprawne jest łączenie czasownika „posiadać” z nazwami rzeczy drobnych i abstrakcyjnych oraz osób. Poprawnie: <suggestion>mając</suggestion>.	mając
L	2435	Wzrostu około 175 cm, włosy ciemne, posiada krótką brodę i wąsy.
M	2435	POSIADAC_MIEC	2	36	43	Hint	Niepoprawne jest łączenie czasownika „posiadać” z nazwami rzeczy drobnych i abstrakcyjnych oraz osób. Poprawnie: <suggestion>ma</suggestion>.	ma
L	2436	Wzrostu około 175 cm, włosy ciemne, posiada wyjątkowo krótką brodę i wąsy.
M	2436	POSIADAC_MIEC	3	36	43	Hint	Niepoprawne jest łączenie czasownika „posiadać” z nazwami rzeczy drobnych i abstrakcyjnych oraz osób. Poprawnie: <suggestion>ma</suggestion>.	ma
L	2437	Nie jestem w posiadaniu tego obrazu.
M	2437	BYC_ZNAJDOWAC_SIE_W_POSIADANIU	1	4	23	Hint	Wyrażenie niepoprawne. Poprawnie: <suggestion>mam</suggestion>, <suggestion>posiadam</suggestion>.	mam|posiadam
L	2438	Nie mam tego obrazu.
L	2439	Pokrzepiał się środkami podniecającymi będącymi w posiadaniu Marianiego.
M	2439	BYC_ZNAJDOWAC_SIE_W_POSIADANIU	2	39	60	Hint	Wyrażenie niepoprawne. Poprawnie: <suggestion>posiadanymi przez</suggestion>.	posiadanymi przez
M	2439	MORFOLOGIK_RULE_PL_PL		61	71	Other	Wykryto prawdopodobny błąd pisowni	Mariniego|Maria niego|Marianie go
L	2440	To są środki niebędące w posiadaniu rządu naszej krainy.
M	2440	BYC_ZNAJDOWAC_SIE_W_POSIADANIU	2	13	35	Hint	Wyrażenie niepoprawne. Poprawnie: <suggestion>nieposiadane przez</suggestion>.	nieposiadane przez
L	2441	Nie mam tego obrazu.
L	2442	Ten obraz nie znajduje się w jego posiadaniu.
M	2442	BYC_ZNAJDOWAC_SIE_W_POSIADANIU	3	14	44	Hint	Wyrażenie niepoprawne. Poprawnie: <suggestion>mieć</suggestion>, <suggestion>posiadać</suggestion> (całe zdanie należy przeredagować, zmieniając podmiot gramatyczny).	mieć|posiadać
L	2443	On nie ma tego obrazu.
L	2444	Dokument ma uprawomocnić żądanie natychmiastowego wstrzymania wzbogacania uranu w powołaniu się na artykuł 39, względnie 40 Karty NZ.
M	2444	W_POWOLANIU_SIE_NA	1	80	98	Hint	To wyrażenie może być niepoprawne. Lepiej: <suggestion>powołując się na</suggestion>, <suggestion>ze względu na</suggestion>, <suggestion>na mocy</suggestion>.	powołując się na|ze względu na|na mocy
M	2444	WZGLEDNIE_LUB	1	111	120	Hint	Ten wyraz należy do żargonu urzędniczego. Lepiej: <suggestion>ewentualnie</suggestion>, <suggestion>albo</suggestion>, <suggestion>bądź</suggestion>.	ewentualnie|albo|bądź
M	2444	NIEZGODNOSC_PRZYPADKU_PO_LICZEBNIKU	2	124	129	Other	Po tym liczebniku (40) powinien prawdopodobnie występować dopełniacz.	
L	2445	Dokument ma uprawomocnić żądanie natychmiastowego wstrzymania wzbogacania uranu ze względu na artykuł 39, względnie 40 Karty NZ.
M	2445	WZGLEDNIE_LUB	1	106	115	Hint	Ten wyraz należy do żargonu urzędniczego. Lepiej: <suggestion>ewentualnie</suggestion>, <suggestion>albo</suggestion>, <suggestion>bądź</suggestion>.	ewentualnie|albo|bądź
M	2445	NIEZGODNOSC_PRZYPADKU_PO_LICZEBNIKU	2	119	124	Other	Po tym liczebniku (40) powinien prawdopodobnie występować dopełniacz.	
L	2446	W nawiązaniu do rozmowy telefonicznej przesyłam pytania, które chcę zadać panu Michałowi Kleiberowi.
M	2446	W_NAWIAZANIU_DO	1	0	15	Hint	To wyrażenie może być niepoprawne. Lepiej: <suggestion>nawiązując do</suggestion>.	Nawiązując do
L	2447	Nawiązując do rozmowy telefonicznej, przesyłam pytania, które chcę zadać panu Michałowi Kleiberowi.
L	2448	Rozchodzi się o forda mondeo kombi 2001.
M	2448	ROZCHODZI_SIE	1	0	15	Hint	Błędny czasownik. Powinno być <suggestion>chodzi o</suggestion>.	Chodzi o
M	2448	MORFOLOGIK_RULE_PL_PL		16	21	Other	Wykryto prawdopodobny błąd pisowni	Forda|forta|fortą|forma|formą|Ford|fort|fora|fortu|lorda|forsa|forte|morda|porta|Fort|forsą|forty|korda|Porta|farta|fota|horda|Forza|Worda|furda|furta|furtą|hordą|mordą|orda|Fonda|Korda|Portą|borta|corda|Fondą|Fordy|Horta|aorta|norda|ordą|portą|torta|Kordą|aortą|fooda|forts|Folta|fotą|orta|Foita|Foltą|Fołta|Fołtą|Froda|Gorta|Korta|Kortą|bortą|fiorda|fonta|forga|forgą|forto|fortę|frota|frotą|nordą|sorta|sortą|f orda|for da
M	2448	MORFOLOGIK_RULE_PL_PL		22	28	Other	Wykryto prawdopodobny błąd pisowni	Mondeo|Monte|monde|monter|Mądro|Mątew|mątew|Mondea|Mondeom|Mondeu|Mondeów|Mątek|mątem|mątwo|mon deo|monde o
L	2449	Rozchodziło się o forda mondeo kombi 2001.
M	2449	ROZCHODZI_SIE	1	0	17	Hint	Błędny czasownik. Powinno być <suggestion>chodziło o</suggestion>.	Chodziło o
M	2449	MORFOLOGIK_RULE_PL_PL		18	23	Other	Wykryto prawdopodobny błąd pisowni	Forda|forta|fortą|forma|formą|Ford|fort|fora|fortu|lorda|forsa|forte|morda|porta|Fort|forsą|forty|korda|Porta|farta|fota|horda|Forza|Worda|furda|furta|furtą|hordą|mordą|orda|Fonda|Korda|Portą|borta|corda|Fondą|Fordy|Horta|aorta|norda|ordą|portą|torta|Kordą|aortą|fooda|forts|Folta|fotą|orta|Foita|Foltą|Fołta|Fołtą|Froda|Gorta|Korta|Kortą|bortą|fiorda|fonta|forga|forgą|forto|fortę|frota|frotą|nordą|sorta|sortą|f orda|for da
M	2449	MORFOLOGIK_RULE_PL_PL		24	30	Other	Wykryto prawdopodobny błąd pisowni	Mondeo|Monte|monde|monter|Mądro|Mątew|mątew|Mondea|Mondeom|Mondeu|Mondeów|Mątek|mątem|mątwo|mon deo|monde o
L	2450	Rozchodziłoby się o forda mondeo kombi 2001.
M	2450	ROZCHODZI_SIE	1	0	19	Hint	Błędny czasownik. Powinno być <suggestion>chodziłoby o</suggestion>.	Chodziłoby o
M	2450	MORFOLOGIK_RULE_PL_PL		20	25	Other	Wykryto prawdopodobny błąd pisowni	Forda|forta|fortą|forma|formą|Ford|fort|fora|fortu|lorda|forsa|forte|morda|porta|Fort|forsą|forty|korda|Porta|farta|fota|horda|Forza|Worda|furda|furta|furtą|hordą|mordą|orda|Fonda|Korda|Portą|borta|corda|Fondą|Fordy|Horta|aorta|norda|ordą|portą|torta|Kordą|aortą|fooda|forts|Folta|fotą|orta|Foita|Foltą|Fołta|Fołtą|Froda|Gorta|Korta|Kortą|bortą|fiorda|fonta|forga|forgą|forto|fortę|frota|frotą|nordą|sorta|sortą|f orda|for da
M	2450	MORFOLOGIK_RULE_PL_PL		26	32	Other	Wykryto prawdopodobny błąd pisowni	Mondeo|Monte|monde|monter|Mądro|Mątew|mątew|Mondea|Mondeom|Mondeu|Mondeów|Mątek|mątem|mątwo|mon deo|monde o
L	2451	Rozchodzi mi się o forda mondeo kombi 2001.
M	2451	ROZCHODZI_SIE	2	0	18	Hint	Błędny czasownik. Powinno być <suggestion>chodzi mi o</suggestion>.	Chodzi mi o
M	2451	MORFOLOGIK_RULE_PL_PL		19	24	Other	Wykryto prawdopodobny błąd pisowni	Forda|forta|fortą|forma|formą|Ford|fort|fora|fortu|lorda|forsa|forte|morda|porta|Fort|forsą|forty|korda|Porta|farta|fota|horda|Forza|Worda|furda|furta|furtą|hordą|mordą|orda|Fonda|Korda|Portą|borta|corda|Fondą|Fordy|Horta|aorta|norda|ordą|portą|torta|Kordą|aortą|fooda|forts|Folta|fotą|orta|Foita|Foltą|Fołta|Fołtą|Froda|Gorta|Korta|Kortą|bortą|fiorda|fonta|forga|forgą|forto|fortę|frota|frotą|nordą|sorta|sortą|f orda|for da
M	2451	MORFOLOGIK_RULE_PL_PL		25	31	Other	Wykryto prawdopodobny błąd pisowni	Mondeo|Monte|monde|monter|Mądro|Mątew|mątew|Mondea|Mondeom|Mondeu|Mondeów|Mątek|mątem|mątwo|mon deo|monde o
L	2452	Rozchodziło ci się o forda mondeo kombi 2001.
M	2452	ROZCHODZI_SIE	2	0	20	Hint	Błędny czasownik. Powinno być <suggestion>chodziło ci o</suggestion>.	Chodziło ci o
M	2452	MORFOLOGIK_RULE_PL_PL		21	26	Other	Wykryto prawdopodobny błąd pisowni	Forda|forta|fortą|forma|formą|Ford|fort|fora|fortu|lorda|forsa|forte|morda|porta|Fort|forsą|forty|korda|Porta|farta|fota|horda|Forza|Worda|furda|furta|furtą|hordą|mordą|orda|Fonda|Korda|Portą|borta|corda|Fondą|Fordy|Horta|aorta|norda|ordą|portą|torta|Kordą|aortą|fooda|forts|Folta|fotą|orta|Foita|Foltą|Fołta|Fołtą|Froda|Gorta|Korta|Kortą|bortą|fiorda|fonta|forga|forgą|forto|fortę|frota|frotą|nordą|sorta|sortą|f orda|for da
M	2452	MORFOLOGIK_RULE_PL_PL		27	33	Other	Wykryto prawdopodobny błąd pisowni	Mondeo|Monte|monde|monter|Mądro|Mątew|mątew|Mondea|Mondeom|Mondeu|Mondeów|Mątek|mątem|mątwo|mon deo|monde o
L	2453	Rozchodziłoby mu się o forda mondeo kombi 2001.
M	2453	ROZCHODZI_SIE	2	0	22	Hint	Błędny czasownik. Powinno być <suggestion>chodziłoby mu o</suggestion>.	Chodziłoby mu o
M	2453	MORFOLOGIK_RULE_PL_PL		23	28	Other	Wykryto prawdopodobny błąd pisowni	Forda|forta|fortą|forma|formą|Ford|fort|fora|fortu|lorda|forsa|forte|morda|porta|Fort|forsą|forty|korda|Porta|farta|fota|horda|Forza|Worda|furda|furta|furtą|hordą|mordą|orda|Fonda|Korda|Portą|borta|corda|Fondą|Fordy|Horta|aorta|norda|ordą|portą|torta|Kordą|aortą|fooda|forts|Folta|fotą|orta|Foita|Foltą|Fołta|Fołtą|Froda|Gorta|Korta|Kortą|bortą|fiorda|fonta|forga|forgą|forto|fortę|frota|frotą|nordą|sorta|sortą|f orda|for da
M	2453	MORFOLOGIK_RULE_PL_PL		29	35	Other	Wykryto prawdopodobny błąd pisowni	Mondeo|Monte|monde|monter|Mądro|Mątew|mątew|Mondea|Mondeom|Mondeu|Mondeów|Mątek|mątem|mątwo|mon deo|monde o
L	2454	Wiersz po prostu śliczny, bynajmniej dla mnie.
M	2454	BYNAJMNIEJ	1	26	36	Hint	Prawdopodobnie błędnie użyto wyrazu „bynajmniej”, powinno być: <suggestion>przynajmniej</suggestion>.	przynajmniej
L	2455	Bynajmniej.
L	2456	— Bynajmniej…
L	2457	— Bynajmniej! — odparł Mugger głosem łagodnym.
M	2457	MORFOLOGIK_RULE_PL_PL		23	29	Other	Wykryto prawdopodobny błąd pisowni	Murger
L	2458	Myślę, że to problem bynajmniej niebłahy.
L	2459	Oto przegląd — niewyczerpujący bynajmniej — płaszczyzn, na których porusza się myśl.
L	2460	Na chromego małżonka Wenery, bynajmniej!
L	2461	— Ależ bynajmniej.
L	2462	Jako hufcowy nadal będę pełnił opiekę nad drużyną.
M	2462	SPELNIAC_OPIEKE	1	24	37	Hint	Niepoprawny zwrot. Mówi się <suggestion>sprawował opiekę</suggestion> lub <suggestion>opiekował się</suggestion>.	sprawował opiekę|opiekował się
L	2463	Jako hufcowy nadal będę sprawował opiekę nad drużyną.
L	2464	Ten świstek od Antoniego jest niewiele wart.
L	2465	Ten świstek od Antoniego jest niewiele warty.
M	2465	WARTY	1	39	44	Hint	Niepoprawna forma orzecznika. Powinno być: <suggestion>wart</suggestion>.	wart
L	2466	Ten świstek od Antoniego jest nic niewart.
L	2467	Ten świstek od Antoniego jest nic niewarty.
M	2467	WARTY	2	34	42	Hint	Niepoprawna forma orzecznika. Powinno być: <suggestion>niewart</suggestion>.	niewart
L	2468	Ale na koniec dowiedziałam się, że szwagier nie może być za świadka na mojej sprawie.
M	2468	BOWIEM_ZAS	1	0	3	Hint	Ten wyraz nie powinien występować na początku zdania.	
M	2468	ZA_SWIADKA	1	57	67	Hint	Prawdopodobnie błędny związek. Powinno być: <suggestion>świadkiem</suggestion>.	świadkiem
L	2469	To zakrawa na skandal.
L	2470	To zakrawa o skandal.
M	2470	ZAKRAWAC_O	1	11	12	Hint	Z tym czasownikiem używa się przyimka <suggestion>na</suggestion>.	na
L	2471	Konferencja odbywała się z udziałem prezydenta.
L	2472	Konferencja odbywała się przy udziale prezydenta.
M	2472	PRZY_UDZIALE	1	25	37	Hint	To wyrażenie jest niepoprawne. Mówimy: <suggestion>z udziałem</suggestion>.	z udziałem
L	2473	Zdałem sprawę ze zła, które uczyniłem.
L	2474	Zdałem sprawozdanie ze zła, które uczyniłem.
M	2474	ZDAC_SPRAWOZDANIE	1	0	19	Hint	To wyrażenie jest niepoprawną kontaminacją. Poprawnie: <suggestion>Zdałem sprawę</suggestion>, <suggestion>złożyłem sprawozdanie</suggestion>, <suggestion>przedstawiłem sprawozdanie</suggestion>.	Zdałem sprawę|Złożyłem sprawozdanie|Przedstawiłem sprawozdanie
L	2475	Kazimierz zaproponował, że zostanie szefem banku.
L	2476	Kazimierz wyszedł z propozycją, że zostanie szefem banku.
M	2476	WYJSC_Z_PROPOZYCJA	1	10	30	Hint	Niepoprawnie zbudowane wyrażenie. Lepiej: <suggestion>zaproponował</suggestion>, <suggestion>uczynił propozycję</suggestion>, <suggestion>wystąpił z propozycją</suggestion>.	zaproponował|uczynił propozycję|wystąpił z propozycją
L	2477	Na tej stronie można wyrazić poparcie dla budowy IV RP.
M	2477	WYRAZIC_POPARCIE	1	21	37	Hint	Niepoprawne wyrażenie. Poprawnie: <suggestion>udzielić poparcia</suggestion>, <suggestion>poprzeć</suggestion>.	udzielić poparcia|poprzeć
L	2478	Na tej stronie można udzielić poparcia budowie IV RP.
L	2479	W pośrodku rynku stoi studnia.
M	2479	W_POSRODKU	1	0	10	Hint	Wyrażenie „w pośrodku” jest przestarzałe i obecnie niepoprawne. Używa się wyrażenia <suggestion>pośrodku</suggestion>.	Pośrodku
L	2480	Na środku rynku stoi studnia.
L	2481	Opona pękła na wzdłuż.
M	2481	NA_WZDLUZ	1	12	21	Hint	Wyrażenie „na wzdłuż” jest niepoprawne. Piszemy po prostu <suggestion>wzdłuż</suggestion>.	wzdłuż
L	2482	Nałęczów jest uzdrowiskiem w pełnym tego słowa znaczeniu.
M	2482	W_PELNYM_TEGO	1	27	56	Hint	Ten zwrot jest uważany za niepoprawny. Poprawnie: <suggestion>w całym znaczeniu tego słowa</suggestion>.	w całym znaczeniu tego słowa
L	2483	Nałęczów jest uzdrowiskiem w całym tego słowa znaczeniu.
L	2484	Te przesądy utrzymują się po dziś dzień.
L	2485	Te przesądy utrzymują się do dziś dzień.
M	2485	DO_DZIS_DZIEN	1	26	39	Hint	To niepoprawne wyrażenie. Poprawnie: <suggestion>po dziś dzień</suggestion>.	po dziś dzień
L	2486	Miłość Mistrza i Małgorzaty uczyń przyczyną do przyjrzenia się różnym rodzajom miłości.
M	2486	PRZYCZYNA_DO	1	34	58	Hint	Nie mówi się „przyczyną do”, wystarczy powiedzieć <suggestion>przyczyną przyjrzenia</suggestion> (lub <suggestion>powodem do przyjrzenia</suggestion>).	przyczyną przyjrzenia|powodem do przyjrzenia
L	2487	Miłość Mistrza i Małgorzaty uczyń punktem wyjścia do przyjrzenia się różnym rodzajom miłości.
L	2488	Przyczyna do dziś pozostaje nieznana.
L	2489	Przemysław chciał zaimponować Jarosławowi za wszelką cenę.
L	2490	Przemysław chciał zaimponować Jarosławowi za każdą cenę.
M	2490	ZA_KAZDA_CENE	1	42	55	Hint	To niepoprawne wyrażenie. Poprawnie: <suggestion>za wszelką cenę</suggestion>.	za wszelką cenę
L	2491	W tym roku wszędzie mamy niskie ceny.
L	2492	W tym roku wszędzie mamy tanie ceny.
M	2492	TANIA_CENA	1	25	30	Hint	Ceny nie mogą być tanie. Poprawnie: <suggestion>niskie</suggestion>.	niskie
L	2493	W tym roku wszędzie mamy tańsze ceny.
M	2493	TANIA_CENA	1	25	31	Hint	Ceny nie mogą być tanie. Poprawnie: <suggestion>niższe</suggestion>.	niższe
L	2494	W tym roku wszędzie mamy najtańsze ceny.
M	2494	TANIA_CENA	1	25	34	Hint	Ceny nie mogą być tanie. Poprawnie: <suggestion>najniższe</suggestion>.	najniższe
L	2495	W tym roku wszędzie mamy wysokie ceny.
L	2496	W tym roku wszędzie mamy drogie ceny.
M	2496	DROGA_CENA	1	25	31	Hint	Ceny nie mogą być drogie. Poprawnie: <suggestion>wysokie</suggestion>.	wysokie
L	2497	W tym roku wszędzie mamy droższe ceny.
M	2497	DROGA_CENA	1	25	32	Hint	Ceny nie mogą być drogie. Poprawnie: <suggestion>wyższe</suggestion>.	wyższe
L	2498	W tym roku wszędzie mamy najdroższe ceny.
M	2498	DROGA_CENA	1	25	35	Hint	Ceny nie mogą być drogie. Poprawnie: <suggestion>najwyższe</suggestion>.	najwyższe
L	2499	Samochód Jurka kosztował taniej.
M	2499	KOSZTOWAC_TANIEJ	1	15	31	Hint	To niepoprawne wyrażenie. Poprawnie: <suggestion>kosztował mniej</suggestion>.	kosztował mniej
L	2500	Samochód Jurka kosztował mniej.
L	2501	Samochód Jurka kosztował drożej.
M	2501	KOSZTOWAC_TANIEJ	2	15	31	Hint	To niepoprawne wyrażenie. Poprawnie: <suggestion>kosztował więcej</suggestion>.	kosztował więcej
L	2502	Samochód Jurka kosztował mniej.
L	2503	Samochód Jurka kosztował tanio.
M	2503	KOSZTOWAC_TANIEJ	3	15	30	Hint	To niepoprawne wyrażenie. Poprawnie: <suggestion>kosztował mało</suggestion>.	kosztował mało
L	2504	Samochód Jurka kosztował mało.
L	2505	Samochód Jurka kosztował drogo.
M	2505	KOSZTOWAC_TANIEJ	4	15	30	Hint	To niepoprawne wyrażenie. Poprawnie: <suggestion>kosztował dużo</suggestion>.	kosztował dużo
L	2506	Samochód Jurka kosztował mniej.
L	2507	Samochód Jurka taniej kosztował.
M	2507	KOSZTOWAC_TANIEJ	5	15	31	Hint	To niepoprawne wyrażenie. Poprawnie: <suggestion>mniej kosztował</suggestion>.	mniej kosztował
L	2508	Oni taniej płacą za marchewkę.
M	2508	KOSZTOWAC_TANIEJ	5	4	16	Hint	To niepoprawne wyrażenie. Poprawnie: <suggestion>mniej płacą</suggestion>.	mniej płacą
L	2509	Samochód Jurka mniej kosztował.
L	2510	Samochód Jurka drożej kosztował.
M	2510	KOSZTOWAC_TANIEJ	6	15	31	Hint	To niepoprawne wyrażenie. Poprawnie: <suggestion>więcej kosztował</suggestion>.	więcej kosztował
L	2511	Nie będziemy drożej płacić za buble.
M	2511	KOSZTOWAC_TANIEJ	6	13	26	Hint	To niepoprawne wyrażenie. Poprawnie: <suggestion>więcej płacić</suggestion>.	więcej płacić
L	2512	Samochód Jurka kosztował mniej.
L	2513	Samochód Jurka tanio kosztował.
M	2513	KOSZTOWAC_TANIEJ	7	15	30	Hint	To niepoprawne wyrażenie. Poprawnie: <suggestion>mało kosztował</suggestion>.	mało kosztował
L	2514	Tam się tanio płaci za ludzkie życie.
M	2514	KOSZTOWAC_TANIEJ	7	8	19	Hint	To niepoprawne wyrażenie. Poprawnie: <suggestion>mało płaci</suggestion>.	mało płaci
L	2515	Samochód Jurka mało kosztował.
L	2516	Samochód Jurka drogo kosztował.
M	2516	KOSZTOWAC_TANIEJ	8	15	30	Hint	To niepoprawne wyrażenie. Poprawnie: <suggestion>dużo kosztował</suggestion>.	dużo kosztował
L	2517	Samochód Jurka kosztował dużo.
L	2518	Dzisiaj mija piąta rocznica zwycięstwa nad Malezją w elektrycznych bierkach pod wodą.
L	2519	Dzisiaj mija pięcioletnia rocznica zwycięstwa nad Malezją w elektrycznych bierkach pod wodą.
M	2519	LETNIA_ROCZNICA	1	13	25	Hint	Rocznica jest któraś, a nie iluśletnia, np. „piąta rocznica”.	
L	2520	Dzisiaj mija 5-letnia rocznica zwycięstwa nad Malezją w elektrycznych bierkach pod wodą.
M	2520	LETNIA_ROCZNICA	1	13	21	Hint	Rocznica jest któraś, a nie iluśletnia, np. „piąta rocznica”.	
L	2521	Szczecińskie Spotkania z Piosenką Religijną będą obchodziły dwudziesty jubileusz.
L	2522	Szczecińskie Spotkania z Piosenką Religijną będą obchodziły 20-letni jubileusz.
M	2522	LETNI_JUBILEUSZ	1	60	68	Hint	Jubileusz jest któryś i nie ma sam wielu lat, np. „piąty jubileusz”.	
L	2523	Maciuś obchodzi drugie urodziny.
L	2524	Maciuś obchodzi 2-letnie urodziny.
M	2524	LETNIE_URODZINY	1	16	24	Hint	Urodziny są któreś i same nie mają lat, np. „piąte urodziny”.	
L	2525	Czekałem dwie godziny na pociąg.
L	2526	O, już czeka, już się czai za węgłem!
L	2527	Czekałem dwie godziny za pociągiem.
M	2527	CZEKAC_ZA	1	22	34	Hint	Nie mówimy „czekać za czymś”. Poprawnie: <suggestion>na pociąg</suggestion>.	na pociąg
L	2528	Czekałem godzinę na pociąg za granicę.
L	2529	Pierwszy sekretarz stał na przodzie pochodu pierwszomajowego.
L	2530	Pierwszy sekretarz stał w przedzie pochodu pierwszomajowego.
M	2530	W_PRZEDZIE	1	24	34	Hint	Mówimy <suggestion>na przodzie</suggestion>, <suggestion>w przodzie</suggestion>.	na przodzie|w przodzie
L	2531	Pierwszy sekretarz stał na przodzie pochodu pierwszomajowego.
L	2532	Pierwszy sekretarz stał przedzie pochodu pierwszomajowego.
M	2532	W_PRZEDZIE	2	24	32	Hint	Mówimy <suggestion>na przodzie</suggestion>, <suggestion>w przodzie</suggestion>.	na przodzie|w przodzie
L	2533	W następstwie tych działań gospodarka się ożywiła.
L	2534	W ślad za tymi działaniami gospodarka się ożywiła.
M	2534	W_SLAD_ZA	1	0	9	Hint	Mówimy <suggestion>w następstwie</suggestion> czegoś, <suggestion>wraz z</suggestion> czymś, <suggestion>równocześnie z</suggestion> czymś, a nie „w ślad za czymś”.	W następstwie|Wraz z|Równocześnie z
L	2535	Wisła grała mecz w czwartek.
M	2535	GRAC_MECZ	1	6	11	Hint	Użyto niewłaściwego czasownika. Powinno być: <suggestion>rozegrała</suggestion> lub <suggestion>rozgrywała</suggestion>.	rozegrała|rozgrywała
L	2536	Wisła rozegrała mecz w czwartek.
L	2537	Nowoczesna firma ponosi nakłady na innowacje.
M	2537	PONOSIC_NAKLADY	1	24	31	Hint	Tego czasownika nie używamy z rzeczownikiem „nakłady”. Powinno być: <suggestion>koszty</suggestion>.	koszty
L	2538	Nowoczesna firma ponosi koszty związane z innowacjami.
L	2539	Sędzia zestawił listę praw, jakie Kościół przyznaje człowiekowi.
M	2539	ZESTAWIC_LISTE	1	7	15	Hint	Prawdopodobnie użyto niewłaściwego czasownika. Mówimy raczej: <suggestion>ułożył</suggestion> lub <suggestion>utworzył</suggestion>.	ułożył|utworzył
L	2540	Można ułożyć listę praw, jakie Kościół odbiera człowiekowi.
L	2541	Odgrywa znaczenie w żegludze różnych typów statków.
M	2541	ODGRYWAC_ZNACZENIE	1	8	17	Hint	Mówimy „Odgrywa <suggestion>rolę</suggestion>”, a nie „odgrywać znaczenie”.	rolę
L	2542	Odgrywa rolę w żegludze różnych typów statków.
L	2543	Odgrywa duże znaczenie w żegludze różnych typów statków.
M	2543	ODGRYWAC_ZNACZENIE	2	8	22	Hint	Nie mówimy „odgrywać znaczenie”; poprawnie: Odgrywa <suggestion>dużą rolę</suggestion>.	dużą rolę
L	2544	Odgrywa dużą rolę w żegludze różnych typów statków.
L	2545	Odgrywa naprawdę duże znaczenie w żegludze różnych typów statków.
M	2545	ODGRYWAC_ZNACZENIE	3	8	31	Hint	Nie mówimy „odgrywać znaczenie”; poprawnie: „Odgrywa <suggestion>naprawdę dużą rolę</suggestion>.	naprawdę dużą rolę
L	2546	Odgrywa dużą rolę w żegludze różnych typów statków.
L	2547	Pełni rolę w żegludze różnych typów statków.
M	2547	PELNIC_ROLE	1	0	10	Hint	Mówimy <suggestion>Pełni funkcję</suggestion> lub <suggestion>odgrywa rolę</suggestion>, a nie „Pełni rolę”.	Pełni funkcję|Odgrywa rolę
L	2548	Odgrywa istotną rolę w żegludze różnych typów statków.
L	2549	To element pełniący rolę w robieniu wody z mózgu.
M	2549	PELNIC_ROLE	1	11	24	Hint	Mówimy <suggestion>pełniący funkcję</suggestion> lub <suggestion>odgrywający rolę</suggestion>, a nie „pełniący rolę”.	pełniący funkcję|odgrywający rolę
L	2550	Pełni ona rolę w żegludze różnych typów statków.
M	2550	PELNIC_ROLE	2	0	14	Hint	Mówimy <suggestion>Pełni ona funkcję</suggestion> lub <suggestion>odgrywa ona rolę</suggestion>, a nie „Pełni rolę”.	Pełni ona funkcję|Odgrywa ona rolę
L	2551	Odgrywa istotną rolę w żegludze różnych typów statków.
L	2552	Pełni istotną rolę w żegludze różnych typów statków.
M	2552	PELNIC_ROLE	3	0	18	Hint	Mówimy <suggestion>Pełni istotną funkcję</suggestion> lub <suggestion>odgrywa istotną rolę</suggestion>, a nie „pełnić rolę”.	Pełni istotną funkcję|Odgrywa istotną rolę
L	2553	Odgrywa istotną rolę w żegludze różnych typów statków.
L	2554	Nadal spełniając swoją rolę, stali się zależni od Chin.
M	2554	PELNIC_ROLE	3	6	27	Hint	Mówimy <suggestion>spełniając swoją funkcję</suggestion> lub <suggestion>odgrywając swoją rolę</suggestion>, a nie „pełnić rolę”.	spełniając swoją funkcję|odgrywając swoją rolę
L	2555	To nie nie pełni żadnej roli.
M	2555	PELNIC_ROLE	3	11	28	Hint	Mówimy <suggestion>pełni żadnej funkcji</suggestion> lub <suggestion>odgrywa żadnej roli</suggestion>, a nie „pełnić rolę”.	pełni żadnej funkcji|odgrywa żadnej roli
L	2556	Pełni istotną metafizyczną rolę w filozofii Hegla.
M	2556	PELNIC_ROLE	4	0	31	Hint	Mówimy <suggestion>Pełni istotną metafizyczną funkcję</suggestion> lub <suggestion>odgrywa istotną metafizyczną rolę</suggestion>. Roli nie można pełnić, można ją tylko odgrywać.	Pełni istotną metafizyczną funkcję|Odgrywa istotną metafizyczną rolę
L	2557	Odgrywa istotną ontologiczną rolę w żegludze różnych typów statków.
L	2558	Pełni ona istotną rolę w żegludze różnych typów statków.
M	2558	PELNIC_ROLE	5	0	22	Hint	Mówimy <suggestion>Pełni ona istotną funkcję</suggestion> lub <suggestion>odgrywa ona istotną rolę</suggestion>, a nie „pełnić rolę”.	Pełni ona istotną funkcję|Odgrywa ona istotną rolę
L	2559	Odgrywa ona istotną rolę w żegludze różnych typów statków.
L	2560	Pełni naprawdę istotną rolę w żegludze różnych typów statków.
M	2560	PELNIC_ROLE	6	0	27	Hint	Mówimy <suggestion>Pełni naprawdę istotną funkcję</suggestion> lub <suggestion>odgrywa naprawdę istotną rolę</suggestion>, a nie „pełnić rolę”.	Pełni naprawdę istotną funkcję|Odgrywa naprawdę istotną rolę
L	2561	Odgrywa istotną rolę w żegludze różnych typów statków.
L	2562	Pełni ona naprawdę istotną rolę w żegludze różnych typów statków.
M	2562	PELNIC_ROLE	7	0	31	Hint	Mówimy <suggestion>Pełni ona naprawdę istotną funkcję</suggestion> lub <suggestion>odgrywa ona naprawdę istotną rolę</suggestion>, a nie „pełnić rolę”.	Pełni ona naprawdę istotną funkcję|Odgrywa ona naprawdę istotną rolę
L	2563	Odgrywa istotną rolę w żegludze różnych typów statków.
L	2564	Jaką rolę pełni to w żegludze różnych typów statków?
M	2564	PELNIC_ROLE	8	5	15	Hint	Mówimy <suggestion>funkcję pełni</suggestion> lub <suggestion>rolę odgrywa</suggestion>, a nie „pełni rolę”.	funkcję pełni|rolę odgrywa
L	2565	Organizacje producentów przedkładają tylko jeden wniosek o przyznanie pomocy w ciągu roku.
M	2565	PRZEDKLADAC_WNIOSEK	1	24	36	Hint	Prawdopodobnie użyto niewłaściwego czasownika. Powinno być: <suggestion>przedstawią</suggestion>, <suggestion>zgłaszają</suggestion>, <suggestion>wysuwają</suggestion>.	przedstawią|zgłaszają|wysuwają
L	2566	Organizacje producentów mogą zgłaszać tylko jeden wniosek o przyznanie pomocy w ciągu roku.
L	2567	Bez wątpienia jednak wywarł wielkie piętno na historii Stanów Zjednoczonych XX wieku.
M	2567	WYWIERAC_PIETNO	1	21	27	Hint	Prawdopodobnie użyto niewłaściwego czasownika. Powinno być: <suggestion>odcisnął</suggestion> lub <suggestion>wycisnął</suggestion>.	odcisnął|wycisnął
L	2568	Bez wątpienia jednak odcisnął wielkie piętno na historii Stanów Zjednoczonych XX wieku.
L	2569	Wyrządził straty na około 300 złotych.
M	2569	WYRZADZIC_STRATE	1	0	9	Hint	Prawdopodobnie użyto niewłaściwego czasownika. Powinno być: <suggestion>spowodował</suggestion> lub <suggestion>powodował</suggestion>.	Spowodował|Powodował
L	2570	Spowodował straty na około 300 złotych.
L	2571	Jak zamierza naprawić wyrządzoną stratę?
M	2571	WYRZADZIC_STRATE	1	22	32	Hint	Prawdopodobnie użyto niewłaściwego czasownika. Powinno być: <suggestion>spowodowaną</suggestion> lub <suggestion>powodowaną</suggestion>.	spowodowaną|powodowaną
L	2572	Straty Vietcongu były tak duże, że komuniści zdjęli Vo ze stanowiska.
M	2572	ZDJAC_ZE_STANOWISKA	1	45	51	Hint	Prawdopodobnie użyto niewłaściwego czasownika (wyrażenie jest niepoprawnym rusycyzmem). Powinno być: <suggestion>usunęli</suggestion> lub <suggestion>zwolnili</suggestion>.	usunęli|zwolnili
M	2572	LICZEBNIKI	8	52	54	Other	Liczebniki porządkowe pisane liczbami rzymskimi zapisujemy bez żadnych końcówek przypadków. Poprawnie: <suggestion>V</suggestion>	V
L	2573	Straty Vietcongu były tak duże, że komuniści zdecydowali się usunąć Vo ze stanowiska.
M	2573	LICZEBNIKI	8	68	70	Other	Liczebniki porządkowe pisane liczbami rzymskimi zapisujemy bez żadnych końcówek przypadków. Poprawnie: <suggestion>V</suggestion>	V
L	2574	Przemysław domyślał się, że Ludwik zatruł kota Jarosława.
L	2575	Przemysław nie potrafił domyśleć się, że Ludwik zatruł kota Jarosława.
M	2575	DOMYSLEC_SIE	1	24	32	Hint	Czasownik „domyśleć” oznacza „przemyśleć coś wyczerpująco”. W znaczeniu „odgadnąć”, „przewidzieć” używa się czasownika <suggestion>domyślić</suggestion>.	domyślić
L	2576	Przemysław się domyślał, że Ludwik zatruł kota Jarosława.
L	2577	Przemysław nie potrafił się domyśleć, że Ludwik zatruł kota Jarosława.
M	2577	DOMYSLEC_SIE	2	28	36	Hint	Czasownik „domyśleć” oznacza „przemyśleć coś wyczerpująco”. W znaczeniu „odgadnąć”, „przewidzieć” używa się czasownika <suggestion>domyślić</suggestion>.	domyślić
L	2578	Przemysław nie dopatrywał się nic złego w budowie peronu.
L	2579	Przemysław nie potrafił dopatrzeć się nic złego w budowie peronu.
M	2579	DOPATRZEC_SIE	1	24	33	Hint	Niepoprawny czasownik; należy użyć czasownika <suggestion>dopatrzyć</suggestion>.	dopatrzyć
L	2580	On się dopatrywał czegoś złego w budowie peronu.
L	2581	On się nie potrafił dopatrzeć nic złego w budowie peronu.
M	2581	DOPATRZEC_SIE	2	20	29	Hint	Niepoprawny czasownik; należy użyć czasownika <suggestion>dopatrzyć</suggestion>.	dopatrzyć
L	2582	Ta sukienka zdążyła opatrzyć się już dawno.
L	2583	Ta sukienka zdążyła opatrzeć się już dawno.
M	2583	OPATRZEC_SIE	1	20	28	Hint	Niepoprawny czasownik; należy użyć czasownika <suggestion>opatrzyć</suggestion>.	opatrzyć
L	2584	Ta sukienka zdążyła się już opatrzyć.
L	2585	Ta sukienka zdążyła się już opatrzeć.
M	2585	OPATRZEC_SIE	2	28	36	Hint	Niepoprawny czasownik; należy użyć czasownika <suggestion>opatrzyć</suggestion>.	opatrzyć
L	2586	Ludwik rozpatrzył tę sprawę.
L	2587	Muszę rozpatrzeć się w tej okolicy.
L	2588	Ludwik rozpatrzał tę sprawę.
M	2588	ROZPATRZEC	1	7	17	Hint	Ten czasownik może być używany tylko w bezokoliczniku. W pozostałych wypadkach należy użyć czasownika <suggestion>rozpatrzył</suggestion>.	rozpatrzył
L	2589	Anglia spłacała olbrzymie kwoty przez przeciąg dziewięciu lat.
M	2589	PRZEZ_PRZECIAG	1	32	46	Hint	Niepoprawne wyrażenie. Powinno być: <suggestion>w ciągu</suggestion> lub <suggestion>przez</suggestion>.	w ciągu|przez
L	2590	Anglia spłacała olbrzymie kwoty w ciągu dziewięciu lat.
L	2591	Anglia spłacała olbrzymie kwoty na przestrzeni dziewięciu lat.
M	2591	NA_PRZESTRZENI	1	32	46	Hint	Niepoprawne wyrażenie. Powinno być: <suggestion>w ciągu</suggestion> lub <suggestion>przez</suggestion>.	w ciągu|przez
L	2592	Anglia spłacała olbrzymie kwoty w ciągu dziewięciu lat.
L	2593	Dotąd nie wiadomo, za co Jarosław nie lubi Lecha.
L	2594	Do teraz nie wiadomo, za co Jarosław nie lubi Lecha.
M	2594	DO_TERAZ	1	0	8	Hint	To wyrażenie jest niepoprawne. Poprawnie: <suggestion>dotąd</suggestion>.	Dotąd
L	2595	Ludwik poszedł po linii najmniejszego oporu i oskarżył Przemysława o perfumowanie się „Przemysławką”.
M	2595	MORFOLOGIK_RULE_PL_PL		87	99	Other	Wykryto prawdopodobny błąd pisowni	Przemysława|Przemysłówka|Przemysławą|Przemysłówką
L	2596	Graliśmy po najniższej linii oporu.
M	2596	PO_NAJMNIEJSZEJ_LINII	1	9	34	Hint	To wyrażenie jest niepoprawne. Poprawnie: <suggestion>po linii najmniejszego oporu</suggestion>.	po linii najmniejszego oporu
L	2597	Ludwik poszedł po najmniejszej linii oporu i oskarżył Przemysława o perfumowanie się „Przemysławką”.
M	2597	PO_NAJMNIEJSZEJ_LINII	1	15	42	Hint	To wyrażenie jest niepoprawne. Poprawnie: <suggestion>po linii najmniejszego oporu</suggestion>.	po linii najmniejszego oporu
M	2597	MORFOLOGIK_RULE_PL_PL		86	98	Other	Wykryto prawdopodobny błąd pisowni	Przemysława|Przemysłówka|Przemysławą|Przemysłówką
L	2598	Rzepowa także czuła, że to gorąco, to zimno przebiega ją od stóp do głowy.
M	2598	OD_STOP_DO_GLOWY	1	68	73	Hint	To niepoprawna postać wyrażenia. Ostatni wyraz powinien brzmieć: <suggestion>głów</suggestion>.	głów
L	2599	Mafia puściła w obieg sfałszowane dolary.
L	2600	Mafia wprowadziła niebawem w obieg sfałszowane dolary.
M	2600	WPROWADZIC_W_OBIEG	1	6	17	Hint	Mówi się „<suggestion>puszczała</suggestion> w obieg”, „<suggestion>puściła</suggestion> w obieg”, a nie „wprowadzać w obieg”.	puszczała|puściła
L	2601	Małysz jest w doskonałej formie.
L	2602	Małysz jest w wysokiej formie.
M	2602	WYSOKA_FORMA	1	14	29	Hint	Nie mówi się „wysoka forma”, lecz <suggestion>dobrej formie</suggestion>, <suggestion>doskonałej formie</suggestion>.	dobrej formie|doskonałej formie
L	2603	Wysoka forma Małysza daje nam nadzieję.
M	2603	WYSOKA_FORMA	1	0	12	Hint	Nie mówi się „wysoka forma”, lecz <suggestion>dobra forma</suggestion>, <suggestion>doskonała forma</suggestion>.	Dobra forma|Doskonała forma
L	2604	Tej wysokiej forma nie opuszcza nawet w lecie.
L	2605	W górach wysokich forma Małyszowi dopisywała.
L	2606	Przykładem klasycznym są w tym względzie dominujące nurty psychologii.
M	2606	W_TYM_WZGLEDZIE	1	25	40	Hint	Wyrażenie „w tym względzie” jest niezalecane. Lepiej:<suggestion>w tej sprawie</suggestion>, <suggestion>w tym zakresie</suggestion>.	w tej sprawie|w tym zakresie
L	2607	Przykładem klasycznym są w tym zakresie dominujące nurty psychologii.
L	2608	W tym roku w wyborach była bardzo wysoka frekwencja.
M	2608	WYSOKA_FREKWENCJA	1	34	51	Hint	Nie mówi się „wysoka frekwencja” czy „niska frekwencja”, tylko <suggestion>duża frekwencja</suggestion> i <suggestion>mała frekwencja</suggestion>.	duża frekwencja|mała frekwencja
L	2609	W tym roku w wyborach narzekaliśmy na bardzo niską frekwencję.
M	2609	WYSOKA_FREKWENCJA	1	45	61	Hint	Nie mówi się „wysoka frekwencja” czy „niska frekwencja”, tylko <suggestion>dużą frekwencję</suggestion> i <suggestion>małą frekwencję</suggestion>.	dużą frekwencję|małą frekwencję
L	2610	W tym roku w wyborach była bardzo duża frekwencja.
L	2611	W Wysokiej frekwencja była duża, większa niż w Łańcucie.
L	2612	W tym roku w wyborach była bardzo mała frekwencja.
L	2613	Towary trzymamy pod kluczem.
L	2614	Towary trzymamy pod zamknięciem.
M	2614	POD_ZAMKNIECIEM	1	16	31	Hint	Wyrażenie „pod zamknięciem” jest niepoprawne. Lepiej mówić <suggestion>w zamknięciu</suggestion>, <suggestion>pod kluczem</suggestion> (ten błąd występuje nawet w polskim prawie).	w zamknięciu|pod kluczem
L	2615	Lokalne władze tylko wyjątkowo zezwalają na wjazd.
L	2616	W drodze wyjątku lokalne władze zezwalają na wjazd.
M	2616	W_DRODZE_WYJATKU	1	0	16	Hint	Wyrażenie „w drodze wyjątku” jest niezalecane (żargon urzędniczy). Lepsza jest forma <suggestion>wyjątkowo</suggestion>.	Wyjątkowo
L	2617	Pośród serdecznych przyjaciół psy zająca zjadły.
L	2618	W pośród serdecznych przyjaciół psy zająca zjadły.
M	2618	W_TEDY	1	0	8	Other	Wyraz <suggestion>Wpośród</suggestion> piszemy łącznie.	Wpośród
L	2619	Co i rusz media informują o tym, że któryś z prominentnych polityków koalicji rządzącej załatwił coś dla siebie.
M	2619	CO_I_RAZ	1	0	9	Hint	Wyrażenie „co i rusz” jest często uznawane za niepoprawne. Poprawnie mówi się: <suggestion>co chwila</suggestion>, <suggestion>co krok</suggestion> lub <suggestion>co rusz</suggestion>.	Co chwila|Co krok|Co rusz
L	2620	Co i raz media informują o tym, że któryś z prominentnych polityków koalicji rządzącej załatwił coś dla siebie.
M	2620	CO_I_RAZ	1	0	8	Hint	Wyrażenie „co i raz” jest często uznawane za niepoprawne. Poprawnie mówi się: <suggestion>co chwila</suggestion>, <suggestion>co krok</suggestion> lub <suggestion>co rusz</suggestion>.	Co chwila|Co krok|Co rusz
L	2621	Raz po raz media informują o tym, że któryś z prominentnych polityków koalicji rządzącej załatwił coś dla siebie.
L	2622	Czekaliśmy na to cały rok.
L	2623	Nie ma jeszcze okrągłego roku od śmierci kota premiera.
M	2623	OKRAGLY_ROK	1	15	29	Hint	Wyrażenie to jest niepoprawne. Poprawnie mówi się: <suggestion>całego roku</suggestion>.	całego roku
L	2624	Mówiłem o tym kilka razy z rzędu.
L	2625	Mówiłem o tym kilka razy pod rząd.
M	2625	POD_RZAD	1	25	33	Hint	To wyrażenie jest niepoprawne. Poprawnie piszemy: <suggestion>z rzędu</suggestion>, <suggestion>po kolei</suggestion>, <suggestion>jedno po drugim</suggestion>.	z rzędu|po kolei|jedno po drugim
L	2626	Za wyjątkiem powyższych sytuacji, będziemy używać i ujawniać informacje o twoim zdrowiu.
M	2626	ZA_WYJATKIEM	1	0	12	Hint	Wyrażenie „za wyjątkiem” jest niepoprawne. Poprawne wyrażenie: <suggestion>z wyjątkiem</suggestion>.	Z wyjątkiem
L	2627	Wyjąwszy powyższe sytuacje, będziemy korzystać z informacji o państwa zdrowiu oraz je ujawniać.
M	2627	PREP_CASUS	4	62	69	Other	Przyimek „o” jest używany z miejscownikiem.	
L	2628	Ludwik wziął za męża Kunegundę.
L	2629	Ludwik wziął na męża Kunegundę.
M	2629	BRAC_NA_MEZA	1	7	20	Hint	To wyrażenie jest niepoprawne. Poprawnie: <suggestion>wziął za męża</suggestion>.	wziął za męża
L	2630	Tego pytania nie postawiłem sobie sprzed laty.
M	2630	PREP_CASUS	1	41	45	Other	Przyimek „sprzed” jest używany z dopełniaczem.	
L	2631	Tego pytania nie postawiłem sobie przed laty.
L	2632	Przemysław rozchorował się na skutek docinków Ludwika.
L	2633	Przemysław rozchorował się na wskutek docinków Ludwika.
M	2633	NA_WSKUTEK	1	27	37	Hint	To wyrażenie jest niepoprawne; poprawnie jest: <suggestion>wskutek</suggestion> lub <suggestion>na skutek</suggestion>.	wskutek|na skutek
L	2634	Gabriel ma trochę diaboliczny wygląd to i tak miał ciężki orzech do zgryzienia, z którym poradził sobie jak wiewiórka.
M	2634	CIEZKI_ORZECH	1	51	78	Hint	To wyrażenie ma dwie poprawne formy: <suggestion>twardy orzech do zgryzienia</suggestion> lub <suggestion>trudny orzech do zgryzienia</suggestion>.	twardy orzech do zgryzienia|trudny orzech do zgryzienia
L	2635	Gabriel ma trochę diaboliczny wygląd to i dlatego miał twardy orzech do zgryzienia, z którym poradził sobie jak wiewiórka.
L	2636	Kowalski nie czytał gazet, gdyż nie umiał czytać.
L	2637	Kowalski nie czytał gazet, dlatego ponieważ nie umiał czytać.
M	2637	BRAK_PRZECINKA_SPOJNIK_PROSTY	5	27	43	Other	Przed tym spójnikiem stawiamy przecinek: <suggestion>dlatego, ponieważ</suggestion>.	dlatego, ponieważ
L	2638	Kowalski nie czytał gazet, gdyż nie umiał czytać.
L	2639	Kowalski nie czytał gazet dlatego, ponieważ nie umiał czytać.
M	2639	DLATEGO_PONIEWAZ	2	20	43	Hint	Zbitka „dlatego, gazet” jest niepoprawna. Zamiast należy pisać <suggestion>gazet, dlatego że</suggestion>, <suggestion>gazet, gdyż</suggestion>, <suggestion>gazet, bo</suggestion>, <suggestion>gazet, ponieważ</suggestion> itd.	gazet, dlatego że|gazet, gdyż|gazet, bo|gazet, ponieważ
L	2640	Kowalski nie czytał gazet, gdyż nie umiał czytać.
L	2641	Kowalski nie czytał gazet, gdyż bowiem nie umiał czytać.
M	2641	DLATEGO_PONIEWAZ	3	27	38	Hint	Zbitka „gdyż bowiem” jest niepoprawna. Poprawnie: <suggestion>gdyż</suggestion>.	gdyż
L	2642	Problem potraktowano niemniej jednak poważnie.
L	2643	Problem potraktowano tym niemniej poważnie.
M	2643	RULE_NIEMNIEJ	1	21	33	Hint	To wyrażenie to rusycyzm, lepiej napisać <suggestion>niemniej jednak</suggestion>.	niemniej jednak
L	2644	Problem potraktowano niemniej jednak poważnie.
L	2645	Problem potraktowano tym niemniej jednak poważnie.
M	2645	RULE_NIEMNIEJ	2	21	40	Hint	To wyrażenie to rusycyzm i pleonazm w jednym. Lepiej napisać <suggestion>niemniej jednak</suggestion>.	niemniej jednak
L	2646	Napotkałem na trudności.
M	2646	NAPOTKAC_NA	1	0	23	Hint	Niepoprawne użycie przyimka „na” z tym czasownikiem. Poprawnie: <suggestion>Napotkałem trudności</suggestion>	Napotkałem trudności
L	2647	Napotkałem trudności.
L	2648	Napotkałem na wielkie trudności.
M	2648	NAPOTKAC_NA	2	0	31	Hint	Niepoprawne użycie przyimka „na” z tym czasownikiem. Poprawnie: <suggestion>Napotkałem wielkie trudności</suggestion>	Napotkałem wielkie trudności
L	2649	Napotkałem wielkie trudności.
L	2650	Napotykałem na pierwszej trudności wręcz gigantyczne.
L	2651	Ludwik był uznany za wielkiego aktora.
L	2652	Ludwik był uznawany za wielkiego aktora.
L	2653	Ludwik był uznany jako wielki aktor.
M	2653	UZNAC_JAKO	1	18	22	Hint	Mówi się „uznać coś <suggestion>za</suggestion> jakieś”.	za
L	2654	Uznałem go jako straconego dla sprawy.
M	2654	UZNAC_JAKO	1	11	15	Hint	Mówi się „uznać coś <suggestion>za</suggestion> jakieś”.	za
L	2655	Ludwik był uznawany za świetnego księgowego, jako że dbał o finanse firmy.
L	2656	Ludzie uznawali ją za piękność.
L	2657	W każdym razie premier nie miał racji.
L	2658	W każdym bądź razie premier nie miał racji.
M	2658	W_KAZDYM_BADZ	1	9	19	Hint	Poprawną formą jest <suggestion>razie</suggestion>.	razie
L	2659	W przeciwnym bądź razie premier poda się do dymisji.
M	2659	W_KAZDYM_BADZ	1	13	23	Hint	Poprawną formą jest <suggestion>razie</suggestion>.	razie
L	2660	Ktokolwiek bądź wbrew prawu wydanemu przez mego boskiego rodzica i niniejszemu rozkazowi mojemu poważy się składać ofiary, tego spotka stosowna kara i natychmiastowy wyrok.
M	2660	KTOKOLWIEK_BADZ	1	0	15	Hint	To wyrażenie jest niepoprawne. Poprawnie: <suggestion>Ktokolwiek</suggestion>.	Ktokolwiek
L	2661	Jednak wówczas nikomu jakoś nie chciało się ujawniać stanów posiadania, a co dopiero oddawać komukolwiek bądź co bądź nowych lokomotyw.
L	2662	Cokolwiek bądź robisz, rób starannie i zdobądź dobre imię.
M	2662	KTOKOLWIEK_BADZ	2	0	14	Hint	To wyrażenie jest prawdopodobnie niepoprawne. Poprawnie: <suggestion>Cokolwiek</suggestion>.	Cokolwiek
L	2663	Cokolwiek bądź kogokolwiek te grupy religijnej lewicy reprezentują, na pewno nie odzwierciedlają poglądów większości wiernych.
L	2664	Jakkolwiek bądź kiedyś nauka rozstrzygnie, w rzeczywistości mowa kaszubska jak dotąd pozostanie wobec polskiego języka w roli narzecza.
M	2664	KTOKOLWIEK_BADZ	3	0	15	Hint	To wyrażenie jest prawdopodobnie niepoprawne. Poprawnie: <suggestion>Jakkolwiek</suggestion>.	Jakkolwiek
L	2665	Jakkolwiek kiedyś nauka rozstrzygnie, w rzeczywistości mowa kaszubska jak dotąd pozostanie wobec polskiego języka w roli narzecza.
L	2666	Ja po pierwsze się krępuję.
L	2667	Ja po pierwsze primo się krępuję.
M	2667	PO_PIERWSZE_PRIMO	1	3	20	Hint	Ten zwrot bywa używany żartobliwie. Jeśli tekst jest oficjalny, powinno być: <suggestion>po pierwsze</suggestion>.	po pierwsze
L	2668	Pan premier nie wypowie się w temacie homofobii.
M	2668	W_TEMACIE	1	28	37	Hint	W większości kontekstów to wyrażenie jest niepoprawne. Lepiej powiedzieć: <suggestion>na temat</suggestion>, <suggestion>jeśli chodzi o</suggestion>, <suggestion>w sprawie</suggestion>, <suggestion>w dziedzinie</suggestion>; <suggestion>w wątku</suggestion> (dyskusji).	na temat|jeśli chodzi o|w sprawie|w dziedzinie|w wątku
L	2669	Pan premier nie wypowie się w sprawie homofobii.
L	2670	Pan premier nie wypowie się w tym temacie.
M	2670	W_TEMACIE	2	28	41	Hint	W większości kontekstów to wyrażenie jest niepoprawne. Lepiej powiedzieć: <suggestion>na ten temat</suggestion>, <suggestion>w tej sprawie</suggestion>, <suggestion>w tej dziedzinie</suggestion>; <suggestion>w tym wątku</suggestion> (dyskusji).	na ten temat|w tej sprawie|w tej dziedzinie|w tym wątku
L	2671	Pan premier nie wypowie się w tej sprawie.
L	2672	Dla profesora stan wojenny był analogiczny z nadużyciem władzy i tragiczną branką młodzieży.
M	2672	ANALOGICZNY_Z	1	31	55	Hint	Prawdopodobnie niepoprawny przyimek. Powinno być <suggestion>analogiczny do nadużycia</suggestion>.	analogiczny do nadużycia
L	2673	Przeznacz czas dla bardziej produktywnych zadań.
M	2673	PRZEZNACZAC_CZAS	1	0	18	Hint	Prawdopodobnie użyto błędnego przyimka. Powinno być: <suggestion>Przeznacz czas na</suggestion> lub <suggestion>poświęć czas</suggestion>, <suggestion>poświęćże czas</suggestion> (z narzędnikiem).	Przeznacz czas na|Poświęć czas|Poświęćże czas
L	2674	Przeznacz czas na bardziej produktywne zadania.
L	2675	Piszę odnośnie do pańskiej propozycji...
L	2676	Piszę odnośnie pańskiej propozycji...
M	2676	ODNOSNIE_DO	1	6	14	Hint	Poprawną formą jest <suggestion>odnośnie do</suggestion> czegoś.	odnośnie do
L	2677	Nie będę tego podawać w wątpliwość.
L	2678	Działacze poddali wyrok w wątpliwość.
M	2678	PODDAWAC_W_WATPLIWOSC	1	10	17	Hint	Poprawną formą jest <suggestion>podali</suggestion>.	podali
L	2679	Nie będę tego poddawał w wątpliwość.
M	2679	PODDAWAC_W_WATPLIWOSC	1	14	22	Hint	Poprawną formą jest <suggestion>podawał</suggestion>.	podawał
L	2680	Józio poddał w wątpliwość cały proces wychowawczy.
M	2680	PODDAWAC_W_WATPLIWOSC	1	6	12	Hint	Poprawną formą jest <suggestion>podał</suggestion>.	podał
L	2681	Językiem macierzystym Goethego była niemczyzna.
M	2681	JEZYK_MACIERZYSTY	1	0	21	Hint	To niepoprawne wyrażenie. Poprawnie: <suggestion>Językiem ojczystym</suggestion>.	Językiem ojczystym
L	2682	Przemysław słabo posługuje się swoim językiem ojczystym.
L	2683	Antoni napił się znowu szamponu do włosów suchych.
L	2684	Antoni napił się znowu szamponu dla włosów suchych.
M	2684	BALSAM_DLA_WLOSOW	1	23	42	Hint	Niepoprawne użycie przyimka „dla”. Mówimy: <suggestion>szamponu do włosów</suggestion>.	szamponu do włosów
L	2685	Na razie cieszmy się z innych korzyści.
L	2686	Póki co cieszmy się z innych korzyści.
M	2686	POKI_CO	1	0	7	Hint	Poprawną formą jest <suggestion>na razie</suggestion>, wyrażenie „póki co” to rusycyzm.	Na razie
L	2687	Jarosława cechuje kult dla spisków.
M	2687	KULT_DLA	1	18	26	Hint	W tym miejscu należy prawdopodobnie napisać: <suggestion>kult</suggestion> (wyraz łączy się wprost z dopełniaczem).	kult
L	2688	Jarosława cechuje lekceważenie dla demokracji.
M	2688	KULT_DLA	1	18	34	Hint	W tym miejscu należy prawdopodobnie napisać: <suggestion>lekceważenie</suggestion> (wyraz łączy się wprost z dopełniaczem).	lekceważenie
L	2689	Jarosława cechuje kult spisków.
L	2690	Prezydent był z wizytą gospodarską na Białorusi.
L	2691	Prezydent był z wizytą gospodarską w Białorusi.
M	2691	W_WEGRZECH	1	35	46	Hint	Z tą nazwą geograficzną używa się przyimka „na”: <suggestion>na Białorusi</suggestion>.	na Białorusi
L	2692	Jest rozkochany w Syberii jak nowicjusz.
L	2693	Jarosław chce pojechać na Węgry.
L	2694	Jarosław chce pojechać do Węgier z Alikiem.
M	2694	DO_WEGIER	1	23	32	Hint	Niepoprawna forma. Piszemy: <suggestion>na Węgry</suggestion>.	na Węgry
M	2694	MORFOLOGIK_RULE_PL_PL		35	42	Other	Wykryto prawdopodobny błąd pisowni	Alicję|Plikiem|Halikiem|Malikiem|Alekiem|Alkiem|Blikiem|Palikiem|Asikiem|Flikiem|Balikiem|Calikiem|Galikiem|Lalikiem|Talikiem|Alizję|Almikiem|Alnikiem|Glikiem|Klikiem|Likiem|Mlikiem|Ulikiem|Żalikiem|A likiem
L	2695	Jarosław chce pojechać na Białoruś.
L	2696	Jarosław chce pojechać do Białorusi z Alikiem.
M	2696	DO_WEGIER	2	23	35	Hint	Niepoprawna forma. Piszemy: <suggestion>na Białoruś</suggestion>.	na Białoruś
M	2696	MORFOLOGIK_RULE_PL_PL		38	45	Other	Wykryto prawdopodobny błąd pisowni	Alicję|Plikiem|Halikiem|Malikiem|Alekiem|Alkiem|Blikiem|Palikiem|Asikiem|Flikiem|Balikiem|Calikiem|Galikiem|Lalikiem|Talikiem|Alizję|Almikiem|Alnikiem|Glikiem|Klikiem|Likiem|Mlikiem|Ulikiem|Żalikiem|A likiem
L	2697	Jarosław chce pojechać na Syberię.
L	2698	Jarosław chce pojechać do Syberii z Alikiem.
M	2698	DO_WEGIER	3	23	33	Hint	Niepoprawna forma. Piszemy: <suggestion>na Syberię</suggestion>.	na Syberię
M	2698	MORFOLOGIK_RULE_PL_PL		36	43	Other	Wykryto prawdopodobny błąd pisowni	Alicję|Plikiem|Halikiem|Malikiem|Alekiem|Alkiem|Blikiem|Palikiem|Asikiem|Flikiem|Balikiem|Calikiem|Galikiem|Lalikiem|Talikiem|Alizję|Almikiem|Alnikiem|Glikiem|Klikiem|Likiem|Mlikiem|Ulikiem|Żalikiem|A likiem
L	2699	Jarosław chce pojechać na Morawy.
L	2700	Jarosław chce pojechać do Moraw z Alikiem.
M	2700	DO_WEGIER	4	23	31	Hint	Niepoprawna forma. Piszemy: <suggestion>na Morawy</suggestion>.	na Morawy
M	2700	MORFOLOGIK_RULE_PL_PL		34	41	Other	Wykryto prawdopodobny błąd pisowni	Alicję|Plikiem|Halikiem|Malikiem|Alekiem|Alkiem|Blikiem|Palikiem|Asikiem|Flikiem|Balikiem|Calikiem|Galikiem|Lalikiem|Talikiem|Alizję|Almikiem|Alnikiem|Glikiem|Klikiem|Likiem|Mlikiem|Ulikiem|Żalikiem|A likiem
L	2701	Jarosław chce pojechać na Wołoszczyznę.
L	2702	Jarosław chce pojechać do Wołoszczyzny z Alikiem.
M	2702	DO_WEGIER	5	23	38	Hint	Niepoprawna forma. Piszemy: <suggestion>na Wołoszczyznę</suggestion>.	na Wołoszczyznę
M	2702	MORFOLOGIK_RULE_PL_PL		41	48	Other	Wykryto prawdopodobny błąd pisowni	Alicję|Plikiem|Halikiem|Malikiem|Alekiem|Alkiem|Blikiem|Palikiem|Asikiem|Flikiem|Balikiem|Calikiem|Galikiem|Lalikiem|Talikiem|Alizję|Almikiem|Alnikiem|Glikiem|Klikiem|Likiem|Mlikiem|Ulikiem|Żalikiem|A likiem
L	2703	Jarosław chce pojechać na Antarktydę.
L	2704	Jarosław chce pojechać do Antarktydy z Alikiem.
M	2704	DO_WEGIER	6	23	36	Hint	Niepoprawna forma. Piszemy: <suggestion>na Antarktydę</suggestion>.	na Antarktydę
M	2704	MORFOLOGIK_RULE_PL_PL		39	46	Other	Wykryto prawdopodobny błąd pisowni	Alicję|Plikiem|Halikiem|Malikiem|Alekiem|Alkiem|Blikiem|Palikiem|Asikiem|Flikiem|Balikiem|Calikiem|Galikiem|Lalikiem|Talikiem|Alizję|Almikiem|Alnikiem|Glikiem|Klikiem|Likiem|Mlikiem|Ulikiem|Żalikiem|A likiem
L	2705	W najbliższych dniach będą też trenować na hali i w siłowni.
M	2705	PRACOWAC_NA_HALI	1	40	47	Hint	Niepoprawny przyimek. Powinno być: <suggestion>w hali</suggestion>.	w hali
L	2706	Ilekroć razy mam problem, nawet najdrobniejszy, to Jezus pomaga mi.
M	2706	ILEKROC_RAZY	1	0	12	Hint	Niepoprawne wyrażenie. Powinno być: <suggestion>Ilekroć</suggestion> lub <suggestion>ile razy</suggestion>.	Ilekroć|Ile razy
L	2707	Ilekroć mam problem, nawet najdrobniejszy, to Jezus pomaga mi.
L	2708	Serwilizm demoliberalny jest identyczny do bolszewickiego.
M	2708	IDENTYCZNY_DO	1	29	57	Hint	Ten przymiotnik jest używany z przyimkiem „z”: <suggestion>identyczny z bolszewickim</suggestion>.	identyczny z bolszewickim
L	2709	Program jest identyczny z poprzednio wyemitowanym.
L	2710	Serwilizm demoliberalny jest identyczny jak bolszewicki.
M	2710	IDENTYCZNY_JAK	1	29	55	Hint	Ten przymiotnik jest używany z przyimkiem „z”: <suggestion>identyczny z bolszewickim</suggestion>.	identyczny z bolszewickim
L	2711	Program jest identyczny z poprzednio wyemitowanym.
L	2712	Wtedy będziecie bezpieczni przed gniewem tegoż społeczeństwa.
M	2712	BEZPIECZNY_PRZED	1	16	40	Hint	Błędny przyimek. Powinno być: <suggestion>zabezpieczeni przed gniewem</suggestion> lub <suggestion>bezpieczni od gniewu</suggestion>.	zabezpieczeni przed gniewem|bezpieczni od gniewu
L	2713	Zabytek bezpieczny od wody.
L	2714	Ludwik doznał ataku padaczki.
M	2714	DOZNAC_ATAKU	1	7	19	Hint	Błąd leksykalny. Poprawnie: <suggestion>miał atak</suggestion>.	miał atak
L	2715	Ludwik miał atak padaczki.
L	2716	Nadszarpnięta została renoma saabów jako wozów w pełni niezawodnych i bezpiecznych.
M	2716	MORFOLOGIK_RULE_PL_PL		29	35	Other	Wykryto prawdopodobny błąd pisowni	Saabów|Saamów|Raabów|Saabom|Saabowi|scabów|slabów
L	2717	On cieszy się złą renomą.
M	2717	ZLA_RENOMA	1	14	24	Hint	Błąd leksykalny. Renoma jest zawsze dobra. Lepiej: <suggestion>złą sławą</suggestion>.	złą sławą
L	2718	On ma jakiś fach w ręku.
L	2719	On ma jakiś fach w ręce.
M	2719	MIEC_FACH_W_RECE	1	19	23	Hint	Błąd leksykalny. Poprawnie: <suggestion>ręku</suggestion>.	ręku
L	2720	To był nałogowy alkoholik.
M	2720	NALOGOWY_ALKOHOLIK_ALKOHOLIK	1	7	25	Hint	Pleonazm. Powinno być: <suggestion>alkoholik</suggestion>.	alkoholik
L	2721	To był alkoholik.
L	2722	Pierwsza z nich obejmuje koszt adaptacji i przystosowania lokalu, który uzależniony jest od jego wielkości i standardu wykończenia.
M	2722	adaptacja_i_przystosowanie	1	31	57	Hint	To pleonazm. Wystarczy: <suggestion>adaptacji</suggestion>.	adaptacji
L	2723	Zajmuje się również dystrybucją projektów powtarzalnych wraz z ich adaptacją i przystosowaniem do miejscowych warunków zabudowy.
L	2724	W polskiej normalizacji podjęto szerokie działania w kierunku przystosowania i adaptacji swojego systemu wewnętrznego do zasad, jakie obowiązują w krajach UE.
M	2724	adaptacja_i_przystosowanie	2	62	88	Hint	To pleonazm. Wystarczy: <suggestion>przystosowania</suggestion>.	przystosowania
L	2725	Pozytywna akceptacja wniosku urozmaici bogatą ofertę przedszkola.
M	2725	POZYTYWNA_AKCEPTACJA	1	0	20	Hint	To pleonazm. Akceptacja jest zawsze pozytywna. Wystarczy: <suggestion>akceptacja</suggestion>.	Akceptacja
L	2726	Nadszarpnięta została renoma saabów jako wozów w pełni niezawodnych i bezpiecznych.
M	2726	MORFOLOGIK_RULE_PL_PL		29	35	Other	Wykryto prawdopodobny błąd pisowni	Saabów|Saamów|Raabów|Saabom|Saabowi|scabów|slabów
L	2727	Nadszarpnięta została dobra renoma saabów jako wozów w pełni niezawodnych i bezpiecznych.
M	2727	DOBRA_RENOMA	1	22	34	Hint	To pleonazm. Renoma jest zawsze dobra. Wystarczy: <suggestion>renoma</suggestion>.	renoma
M	2727	MORFOLOGIK_RULE_PL_PL		35	41	Other	Wykryto prawdopodobny błąd pisowni	Saabów|Saamów|Raabów|Saabom|Saabowi|scabów|slabów
L	2728	Efektem końcowym kryzysu jest głębokie bezrobocie.
M	2728	EFEKT_KONCOWY	1	0	16	Hint	To zwykle pleonazm. Wystarczy: <suggestion>Efektem</suggestion>.	Efektem
L	2729	Efektem kryzysu jest bezrobocie.
L	2730	Jestem dobrowolnym ochotnikiem.
M	2730	DOBROWOLNY_OCHOTNIK	1	7	30	Hint	To pleonazm. Wystarczy: <suggestion>ochotnikiem</suggestion>.	ochotnikiem
L	2731	Jestem ochotnikiem.
L	2732	Jest rzeczą oczywistą, że deprawacja moralna i orgie pijackie stwarzają grunt, na którym żerują agentury kontrrewolucyjne.
M	2732	DEPRAWACJA_MORALNA	1	26	44	Hint	To pleonazm. Wystarczy: <suggestion>deprawacja</suggestion>.	deprawacja
L	2733	Jest rzeczą oczywistą, że deprawacja i orgie pijackie stwarzają grunt, na którym żerują agentury kontrrewolucyjne.
L	2734	Józek czynnie uprawia sport.
M	2734	CZYNNIE_UPRAWIAC	1	6	27	Hint	To pleonazm. Wystarczy: <suggestion>uprawia sport</suggestion>.	uprawia sport
L	2735	Józek uprawia sport.
L	2736	Józek uwielbia czynne uprawianie sportu.
M	2736	CZYNNIE_UPRAWIAC	2	15	39	Hint	To pleonazm. Wystarczy: <suggestion>uprawianie sportu</suggestion>.	uprawianie sportu
L	2737	Józka nie interesuje uprawianie sportu.
L	2738	Macie jakieś nowe nowiny?
M	2738	NOWE_NOWINY	1	13	24	Hint	To pleonazm. Wystarczy <suggestion>nowiny</suggestion>.	nowiny
L	2739	Macie jakieś nowiny?
L	2740	Możemy wspólnie razem trochę potrenować.
M	2740	WSPOLNIE_RAZEM	1	7	21	Hint	To pleonazm. Wystarczy <suggestion>wspólnie</suggestion> lub <suggestion>razem</suggestion>.	wspólnie|razem
L	2741	Możemy razem trochę potrenować.
L	2742	Możemy razem wspólnie trochę potrenować.
M	2742	WSPOLNIE_RAZEM	2	7	21	Hint	To pleonazm. Wystarczy <suggestion>wspólnie</suggestion> lub <suggestion>razem</suggestion>.	wspólnie|razem
L	2743	Możemy razem trochę potrenować.
L	2744	Zdążyłem na czas wrócić i kupiłem pomarańcze.
M	2744	ZDAZYC_NA_CZAS	1	0	16	Hint	To pleonazm. Wystarczy: <suggestion>Zdążyłem</suggestion>.	Zdążyłem
L	2745	Zdążyłem wrócić i kupiłem pomarańcze.
L	2746	Znam to z własnej autopsji.
M	2746	WLASNA_AUTOPSJA	1	10	26	Hint	To pleonazm. Wystarczy powiedzieć <suggestion>autopsji</suggestion>.	autopsji
L	2747	Znam to z autopsji.
L	2748	Ceny spadały.
L	2749	Ceny spadały w dół.
M	2749	SPADAC_W_DOL	1	5	18	Hint	To pleonazm. Wystarczy powiedzieć: <suggestion>spadały</suggestion>.	spadały
L	2750	Uważaj przy cofaniu!
L	2751	Uważaj przy cofaniu do tyłu!
M	2751	COFAC_SIE_DO_TYLU	1	12	27	Hint	To pleonazm. Wystarczy powiedzieć: <suggestion>cofaniu</suggestion>.	cofaniu
L	2752	Cofnij się do tyłu!
M	2752	COFAC_SIE_DO_TYLU	1	0	18	Hint	To pleonazm. Wystarczy powiedzieć: <suggestion>Cofnij się</suggestion>.	Cofnij się
L	2753	Uważaj przy cofaniu!
L	2754	Uważaj przy cofaniu w tył!
M	2754	COFAC_SIE_DO_TYLU	2	12	25	Hint	To pleonazm. Wystarczy powiedzieć: <suggestion>cofaniu</suggestion>.	cofaniu
L	2755	Cofnij się w tył!
M	2755	COFAC_SIE_DO_TYLU	2	0	16	Hint	To pleonazm. Wystarczy powiedzieć: <suggestion>Cofnij się</suggestion>.	Cofnij się
L	2756	Uważaj przy cofaniu!
L	2757	Uważaj przy cofaniu wstecz!
M	2757	COFAC_SIE_DO_TYLU	3	12	26	Hint	To pleonazm. Wystarczy powiedzieć: <suggestion>cofaniu</suggestion>.	cofaniu
L	2758	Cofaj się szybko wstecz.
M	2758	COFAC_SIE_DO_TYLU	3	0	23	Hint	To pleonazm. Wystarczy powiedzieć: <suggestion>Cofaj się szybko</suggestion>.	Cofaj się szybko
L	2759	W Amwayu wiele w moim życiu poprawiło się na lepsze.
M	2759	POPRAWIC_SIE_NA_LEPSZE	1	28	51	Hint	To pleonazm (nic nie może poprawić się na gorsze). Mówimy po prostu <suggestion>poprawiło się</suggestion>.	poprawiło się
L	2760	Przemysław gra zawsze fair w bierki.
L	2761	Przemysław gra zawsze fair play w bierki.
M	2761	GRAC_FAIR_PLAY	1	22	31	Hint	Błędny związek frazeologiczny. Powinno być <suggestion>fair</suggestion>.	fair
L	2762	Wpisz adres w rubryce 1.
L	2763	Wpisz adres zamieszkania w rubryce 1.
M	2763	ADRES_ZAMIESZKANIA	1	6	24	Hint	To niepoprawne wyrażenie. Mówimy albo po prostu <suggestion>adres</suggestion>, albo <suggestion>miejsce zamieszkania</suggestion>. Czasem też używa się go w sensie <suggestion>adres do korespondencji</suggestion> (w odróżnieniu od adresu zameldowania).	adres|miejsce zamieszkania|adres do korespondencji
L	2764	Pan premier zawsze ma słuszną rację.
M	2764	MIEC_SLUSZNA_RACJE	1	19	35	Hint	To pleonazm. Mówimy <suggestion>ma rację</suggestion> lub <suggestion>ma słuszność</suggestion>.	ma rację|ma słuszność
L	2765	Pan premier zawsze ma rację.
L	2766	Pan premier ma zawsze słuszną rację.
M	2766	MIEC_SLUSZNA_RACJE	2	12	35	Hint	To pleonazm. Mówimy <suggestion>ma zawsze rację</suggestion> lub <suggestion>ma zawsze słuszność</suggestion>.	ma zawsze rację|ma zawsze słuszność
L	2767	Pan premier ma zawsze rację.
L	2768	Mimo zmęczenia sali Przemysław kontynuował swoją nudną przemowę.
L	2769	Mimo zmęczenia sali Przemysław kontynuował dalej swoją nudną przemowę.
M	2769	KONTYNUOWAC_DALEJ	1	31	48	Hint	To wyrażenie to pleonazm. Wystarczy powiedzieć <suggestion>kontynuował</suggestion>.	kontynuował
L	2770	Mimo zmęczenia sali Przemysław kontynuował swoją nudną przemowę.
L	2771	Mimo zmęczenia sali Przemysław dalej kontynuował swoją nudną przemowę.
M	2771	KONTYNUOWAC_DALEJ	2	31	48	Hint	To wyrażenie to pleonazm. Wystarczy powiedzieć <suggestion>kontynuował</suggestion>.	kontynuował
L	2772	Posiedzenie dalej trwało.
M	2772	KONTYNUOWAC_DALEJ	2	12	24	Hint	To wyrażenie to pleonazm. Wystarczy powiedzieć <suggestion>trwało</suggestion>.	trwało
L	2773	Mimo zmęczenia Przemysław postanowił wrócić i zbudować lotnisko we Włoszczowie.
L	2774	Mimo zmęczenia Przemysław postanowił wrócić z powrotem i zbudować lotnisko we Włoszczowie.
M	2774	WROCIC_Z_POWROTEM	1	37	54	Hint	To wyrażenie to pleonazm. Wystarczy powiedzieć <suggestion>wrócić</suggestion>.	wrócić
L	2775	Mimo zmęczenia Przemysław postanowił wrócić i zbudować lotnisko we Włoszczowie.
L	2776	Mimo zmęczenia Przemysław postanowił z powrotem wrócić i zbudować lotnisko we Włoszczowie.
M	2776	WROCIC_Z_POWROTEM	2	37	54	Hint	To wyrażenie to pleonazm. Wystarczy powiedzieć <suggestion>wrócić</suggestion>.	wrócić
L	2777	Ten film jest oparty na faktach.
L	2778	Ten film jest oparty na faktach autentycznych.
M	2778	FAKT_AUTENTYCZNY	1	24	45	Hint	To wyrażenie to pleonazm. Każdy fakt jest autentyczny i konkretny. Wystarczy napisać <suggestion>faktach</suggestion>.	faktach
L	2779	Ten film jest oparty na faktach konkretnych.
M	2779	FAKT_AUTENTYCZNY	1	24	43	Hint	To wyrażenie to pleonazm. Każdy fakt jest autentyczny i konkretny. Wystarczy napisać <suggestion>faktach</suggestion>.	faktach
L	2780	Ten film jest oparty na faktach.
L	2781	Ten film jest oparty na autentycznych faktach.
M	2781	FAKT_AUTENTYCZNY	2	24	45	Hint	To wyrażenie to pleonazm. Każdy fakt jest autentyczny i konkretny. Wystarczy napisać <suggestion>faktach</suggestion>.	faktach
L	2782	Ten film jest oparty na konkretnych faktach.
M	2782	FAKT_AUTENTYCZNY	2	24	43	Hint	To wyrażenie to pleonazm. Każdy fakt jest autentyczny i konkretny. Wystarczy napisać <suggestion>faktach</suggestion>.	faktach
L	2783	Ze względu na długi upływ czasu od momentu spadku wiele informacji na temat tego meteorytu można uznać jako niepewne.
M	2783	DLUGI_UPLYW	1	14	31	Hint	Wyrażenie „długi upływ czasu” to pleonazm. Lepiej powiedzieć: <suggestion>długi czas</suggestion>.	długi czas
M	2783	UZNAC_JAKO	1	103	107	Hint	Mówi się „uznać coś <suggestion>za</suggestion> jakieś”.	za
L	2784	Ze względu na długi czas od momentu spadku wiele informacji o tym meteorycie można uznać za niepewne.
L	2785	To otwiera nowe możliwości.
L	2786	To otwiera nowe potencjalne możliwości.
M	2786	POTENCJALNA_MOZLIWOSC	1	16	38	Hint	To wyrażenie to pleonazm. Wystarczy powiedzieć <suggestion>możliwości</suggestion>.	możliwości
L	2787	Ta propozycja spotkała się z akceptacją.
L	2788	W tym wypadku wymagana jest przychylna akceptacja.
M	2788	PRZYCHYLNA_AKCEPTACJA	1	28	49	Hint	To wyrażenie to pleonazm. Wystarczy powiedzieć: <suggestion>akceptacja</suggestion>.	akceptacja
L	2789	Geneza tego rękopisu wymaga dalszych badań.
L	2790	Geneza powstania tego rękopisu wymaga dalszych badań.
M	2790	GENEZA_POWSTANIA	1	0	16	Hint	To wyrażenie to pleonazm. Wystarczy powiedzieć <suggestion>Geneza</suggestion>.	Geneza
L	2791	Geneza powstania warszawskiego nie jest zagadką.
L	2792	Na dzień dzisiejszy wykonano 40 procent planu.
M	2792	NA_DZIEN_DZISIEJSZY	1	0	19	Hint	To nadużywane i błędne wyrażenie, które stosuje się w celu uzyskania pozornej elegancji wypowiedzi (ze skutkiem przeciwnym). Można je zastąpić wyrazami: <suggestion>obecnie</suggestion>, <suggestion>aktualnie</suggestion>, <suggestion>dzisiaj</suggestion>.	Obecnie|Aktualnie|Dzisiaj
L	2793	Wykonano aktualnie 40 procent planu.
L	2794	Trwało to miesiąc.
L	2795	Trwało to miesiąc czasu.
M	2795	OKRES_CZASU	1	10	23	Hint	Wyrażenia typu „miesiąc czasu”, „okres czasu” są niepoprawne (pleonazmy). Wystarczy: <suggestion>miesiąc</suggestion>.	miesiąc
L	2796	Trwało to godzinę czasu.
M	2796	OKRES_CZASU	1	10	23	Hint	Wyrażenia typu „miesiąc czasu”, „okres czasu” są niepoprawne (pleonazmy). Wystarczy: <suggestion>godzinę</suggestion>.	godzinę
L	2797	Było to rok temu.
L	2798	Było to miesiąc temu wstecz.
M	2798	ROK_TEMU_WSTECZ	1	8	27	Hint	Niepoprawne wyrażenie. Poprawnie: <suggestion>miesiąc temu</suggestion>.	miesiąc temu
L	2799	Taka aura pogodowa dała się wszystkim obywatelom we znaki.
M	2799	AURA_POGODOWA	1	5	18	Hint	Wyrażenie „aura pogodowa” jest pleonazmem: wystarczy <suggestion>aura</suggestion> albo <suggestion>pogoda</suggestion>.	aura|pogoda
L	2800	Ta pogoda dała się wszystkim we znaki.
L	2801	Przy takiej aurze pogodowych anomalii spodziewać się nie można.
L	2802	Śmieci są wywożone w każdy wtorek.
L	2803	Śmieci są wywożone w każdy wtorek tygodnia.
M	2803	KAZDY_WTOREK	1	21	42	Hint	Wyrażenia typu „każdy wtorek miesiąca” są pleonastyczne. Wystarczy powiedzieć <suggestion>każdy wtorek</suggestion>.	każdy wtorek
L	2804	Piłkarska reprezentacja Ekwadoru w glorii chwały wróciła do swojego kraju.
M	2804	W_GLORII_CHWALY	1	33	48	Hint	Mówi się <suggestion>w glorii</suggestion> lub <suggestion>w chwale</suggestion>; „w glorii chwały” to za dużo grzybów w barszcz.	w glorii|w chwale
L	2805	Piłkarska reprezentacja Ekwadoru w glorii wróciła do swojego kraju.
L	2806	Zapraszamy na kurs języka angielskiego!
L	2807	Zapraszamy na kurs nauki języka angielskiego!
M	2807	KURS_NAUKI	1	14	24	Hint	Wyrażenie „kurs nauki” jest pleonazmem (masłem maślanym). Wystarczy powiedzieć <suggestion>kurs</suggestion>.	kurs
L	2808	W lipcu premier jedzie na wakacje.
L	2809	W miesiącu lipcu premier jedzie na wakacje.
M	2809	W_MIESIACU_LIPCU	1	2	16	Hint	To wyrażenie jest pleonazmem. Wystarczy podać tylko nazwę miesiąca: <suggestion>lipcu</suggestion>.	lipcu
L	2810	W chwili obecnej posiłki przygotowuje kuchnia polowa.
M	2810	W_CHWILI_OBECNEJ	1	0	16	Hint	To nadużywane i błędne wyrażenie, które stosuje się w celu uzyskania pozornej elegancji wypowiedzi (ze skutkiem przeciwnym). Można je zastąpić wyrazami: <suggestion>obecnie</suggestion>, <suggestion>aktualnie</suggestion>, <suggestion>teraz</suggestion>.	Obecnie|Aktualnie|Teraz
L	2811	Obecnie posiłki przygotowuje kuchnia polowa.
L	2812	Cieszymy się z możliwości współpracy.
L	2813	Cieszymy się z możliwości wzajemnej współpracy.
M	2813	WZAJEMNA_WYMIANA	1	26	46	Hint	To wyrażenie to pleonazm. Wystarczy powiedzieć <suggestion>współpracy</suggestion>.	współpracy
L	2814	Cieszymy się z możliwości współdziałania.
L	2815	Cieszymy się z możliwości wzajemnego współdziałania.
M	2815	WZAJEMNE_WSPOLDZIALANIE	1	26	51	Hint	To wyrażenie to pleonazm. Wystarczy powiedzieć <suggestion>współdziałania</suggestion>.	współdziałania
L	2816	Ten film oparto na realiach.
L	2817	Powieść nie ma związku z autentycznymi realiami.
M	2817	AUTENTYCZNE_REALIA	1	25	47	Hint	To wyrażenie to pleonazm. Wystarczy powiedzieć <suggestion>realiami</suggestion>.	realiami
L	2818	Przemysław odpowiada za fiasko rozmów z Andrzejem.
L	2819	Przemysław odpowiada za kompletne fiasko rozmów z Andrzejem.
M	2819	CALKOWITE_FIASKO	1	24	40	Hint	To wyrażenie to pleonazm. Wystarczy powiedzieć <suggestion>fiasko</suggestion>.	fiasko
L	2820	Cieszymy się z możliwości zakupu kompletu.
L	2821	Cieszymy się z możliwości zakupu pełnego kompletu.
M	2821	PELNY_KOMPLET	1	33	49	Hint	To wyrażenie to pleonazm. Wystarczy powiedzieć <suggestion>kompletu</suggestion>.	kompletu
L	2822	Cieszymy się z wakatu na stanowisku premiera.
L	2823	Cieszymy się z wolnego wakatu na stanowisku premiera.
M	2823	WOLNY_WAKAT	1	15	29	Hint	To wyrażenie to pleonazm. Wystarczy powiedzieć <suggestion>wakatu</suggestion>.	wakatu
L	2824	Te pierniczki mają od lat ten sam skład.
L	2825	Te pierniczki mają od lat ten sam skład surowcowy.
M	2825	SKLAD_SUROWCOWY	1	34	49	Hint	To wyrażenie to pleonazm. Wystarczy powiedzieć <suggestion>skład</suggestion>.	skład
L	2826	Dzisiaj w godzinach popołudniowych przybyła do Katowic delegacja mrówek.
L	2827	W dniu dzisiejszym w godzinach popołudniowych przybyła do Katowic delegacja mrówek.
M	2827	DZIEN_DZISIEJSZY	1	0	18	Hint	To wyrażenie to pleonazm. Wystarczy powiedzieć <suggestion>dzisiaj</suggestion> lub <suggestion>dziś</suggestion>.	Dzisiaj|Dziś
L	2828	Szkoła dzisiaj
L	2829	Dzień dzisiejszy szkoły
M	2829	DZIEN_DZISIEJSZY	2	0	16	Hint	To wyrażenie to pleonazm. Wystarczy powiedzieć <suggestion>dzisiaj</suggestion> lub <suggestion>dziś</suggestion>.	Dzisiaj|Dziś
L	2830	W dniu jutrzejszym w godzinach popołudniowych przybędzie do Katowic delegacja mrówek.
M	2830	DZIEN_JUTRZEJSZY	1	0	18	Hint	To wyrażenie to pleonazm. Wystarczy powiedzieć <suggestion>jutro</suggestion>.	Jutro
L	2831	Nie należy też zbytnio trwożyć się tym, co przyniesie jutro.
L	2832	Nie należy też zbytnio trwożyć się tym, co przyniesie dzień jutrzejszy.
M	2832	DZIEN_JUTRZEJSZY	2	54	70	Hint	To wyrażenie to pleonazm. Wystarczy powiedzieć <suggestion>jutro</suggestion>.	jutro
L	2833	Wczoraj w godzinach popołudniowych przybędzie do Katowic delegacja mrówek.
L	2834	W dniu wczorajszym w godzinach popołudniowych przybyła do Katowic delegacja mrówek.
M	2834	DZIEN_WCZORAJSZY	1	0	18	Hint	To wyrażenie to pleonazm. Wystarczy powiedzieć <suggestion>wczoraj</suggestion>.	Wczoraj
L	2835	Wczoraj minęło spokojnie.
L	2836	Dzień wczorajszy minął spokojnie.
M	2836	DZIEN_WCZORAJSZY	2	0	16	Hint	To wyrażenie to pleonazm. Wystarczy powiedzieć <suggestion>wczoraj</suggestion>.	Wczoraj
L	2837	Do ciasta dodać jedno żółtko.
L	2838	Do ciasta dodać jedno żółtko jaja.
M	2838	ZOLTKO_JAJA	1	22	33	Hint	To wyrażenie to pleonazm. Wystarczy powiedzieć <suggestion>żółtko</suggestion>.	żółtko
L	2839	Do ciasta dodać jedno żółtko.
L	2840	Do ciasta dodać jedno żółtko jajeczne.
M	2840	ZOLTKO_JAJA	2	22	37	Hint	To wyrażenie to pleonazm. Wystarczy powiedzieć <suggestion>żółtko</suggestion>.	żółtko
L	2841	Pijcie jednym duszkiem.
M	2841	JEDNYM_DUSZKIEM	1	7	22	Hint	To wyrażenie to pleonazm. Wystarczy powiedzieć <suggestion>duszkiem</suggestion>.	duszkiem
L	2842	Pijcie duszkiem.
L	2843	Własność intelektualna to zwodniczy miraż.
M	2843	FALSZYWY_MIRAZ	1	26	41	Hint	To wyrażenie to pleonazm. Wystarczy powiedzieć <suggestion>miraż</suggestion>.	miraż
L	2844	Własność intelektualna to miraż.
L	2845	Między Krakowem a Warszawą trwają wzajemne antagonizmy.
M	2845	WZAJEMNE_ANTAGONIZMY	1	34	54	Hint	To wyrażenie to pleonazm. Wystarczy powiedzieć <suggestion>antagonizmy</suggestion>.	antagonizmy
L	2846	Między Krakowem a Warszawą trwają antagonizmy.
L	2847	Postępowanie w razie przypadku niezamierzonego uwolnienia do środowiska
M	2847	W_RAZIE_PRZYPADKU	1	13	30	Hint	To wyrażenie jest pleonazmem. Mówimy <suggestion>w razie</suggestion> lub <suggestion>w przypadku</suggestion>.	w razie|w przypadku
L	2848	Postępowanie w razie niezamierzonego uwolnienia do środowiska
L	2849	Józek zawsze miał słabą głowę do alkoholu.
M	2849	SLABA_GLOWA_DO_ALKOHOLU	1	18	41	Hint	To wyrażenie to pleonazm. Wystarczy powiedzieć: <suggestion>słabą głowę</suggestion>.	słabą głowę
L	2850	Ala ma kota i słabą głowę.
L	2851	Papież zostawił nam ogromny obowiązek moralno-etyczny.
M	2851	MORALNO_ETYCZNY	1	38	53	Hint	Ten wyraz jest pleonazmem. Wystarczy powiedzieć: <suggestion>etyczny</suggestion>.	etyczny
L	2852	Encykliki nie mogą uzasadniać nakazów moralnych.
L	2853	Jesteś debilem i/lub kretynem.
M	2853	I_LUB	1	15	20	Hint	Ten spójnik jest pleonazmem, gdyż jest logicznie równoważny po prostu spójnikowi <suggestion>lub</suggestion> (w sensie alternatywy niewykluczającej). Obydwa łączone przez niego człony mogą być zarazem prawdziwe.	lub
L	2854	Jesteś debilem lub kretynem.
L	2855	Jesteś debilem lub/i kretynem.
M	2855	I_LUB	2	15	20	Hint	Ten spójnik jest pleonazmem, gdyż jest logicznie równoważny po prostu spójnikowi <suggestion>lub</suggestion> (w sensie alternatywy niewykluczającej). Obydwa łączone przez niego człony mogą być zarazem prawdziwe.	lub
L	2856	Jesteś debilem lub kretynem.
L	2857	To są buty z wężej skórki.
L	2858	Tam, gdzie było wężej, blokowali jeden pas.
M	2858	wezej	1	16	21	Other	Błąd ortograficzny. Powinno być: <suggestion>węziej</suggestion>.	węziej
L	2859	Nie może poradzić sobie z samoobsługą s powodów zdrowotnych.
M	2859	S_Z	1	38	39	Other	Błąd ortograficzny – „s” to skrót od „sekunda”. Powinno być: <suggestion>z</suggestion>.	z
L	2860	Nie może poradzić sobie z samoobsługą z powodów zdrowotnych.
L	2861	Branie gorzały s Polski całkowicie odradzam.
M	2861	S_Z	1	15	16	Other	Błąd ortograficzny – „s” to skrót od „sekunda”. Powinno być: <suggestion>z</suggestion>.	z
L	2862	Ludwik ma randkę z Przemysławem we wtorek.
L	2863	Ludwik ma randkę z Przemysławem w wtorek.
M	2863	W_WE	1	32	40	Other	Prawdopodobnie ten przyimek należy zapisać tak: <suggestion>we wtorek</suggestion>.	we wtorek
L	2864	To jedenaście punktów radykalnej naprawy sytuacji w ww. czasopismach.
L	2865	Ludwik ma randkę z Przemysławem we wtorek.
L	2866	Ludwik ma randkę z Przemysławem w "wczorajszy wtorek.
M	2866	W_WE	2	32	45	Other	Prawdopodobnie ten przyimek należy zapisać tak: <suggestion>we "wczorajszy</suggestion>.	we "wczorajszy
L	2867	Ludwik ma randkę z Przemysławem w Łodzi.
L	2868	Krakusy mówią, że kaczki przeglądają się we wodzie.
L	2869	Chodziłem nerwowo w tę i we w tę.
L	2870	Ludwik ma randkę z Przemysławem we Łodzi.
M	2870	WE_W	1	32	40	Other	Prawdopodobnie ten przyimek należy zapisać tak: <suggestion>w Łodzi</suggestion>.	w Łodzi
L	2871	Ludwik ma randkę z Przemysławem w Łodzi.
L	2872	Krakusy mówią, że kaczki przeglądają się we wodzie.
L	2873	Ludwik ma randkę z Przemysławem we "pięknej Łodzi".
M	2873	WE_W	2	32	43	Other	Prawdopodobnie ten przyimek należy zapisać tak: <suggestion>w "pięknej</suggestion>.	w "pięknej
L	2874	Ludwik ma randkę z Przemysławem w Warszawie.
L	2875	Ludwik ma randkę z Przemysławem we Wiedniu.
M	2875	WE_W	3	32	34	Other	Prawdopodobnie ten przyimek należy zapisać tak: <suggestion>w</suggestion>.	w
L	2876	Ludwik ma randkę z Przemysławem we „Wiedniu i Moskwie”.
M	2876	WE_W	3	32	34	Other	Prawdopodobnie ten przyimek należy zapisać tak: <suggestion>w</suggestion>.	w
L	2877	Ludwik ma kochankę ze Świecia
L	2878	To przedni wyrób z ZSRR.
L	2879	Ludwik ma kochankę z Świecia.
M	2879	Z_ZE	1	19	28	Other	Prawdopodobnie ten przyimek należy zapisać tak: <suggestion>ze Świecia</suggestion>.	ze Świecia
L	2880	Żyjemy tylko z wpływów z biletów.
L	2881	Może nas czekać walka z wtórnym analfabetyzmem.
L	2882	To wszystko wynika z wpływu wywieranego na odbiorców.
L	2883	Noc z wtorku na środę
L	2884	Nie ma problemu z wdrażaniem tej funkcji.
L	2885	Ludwik ma kochankę ze Świecia.
L	2886	Ludwik ma kochankę z "strasznego Świecia".
M	2886	Z_ZE	2	19	32	Other	Prawdopodobnie ten przyimek należy zapisać tak: <suggestion>ze "strasznego</suggestion>.	ze "strasznego
L	2887	Ludwik ma kochankę z Łodzi.
L	2888	Mam ze czterdzieści takich samochodów jak Bond.
L	2889	Dostaniesz ze trzy tysiące premii za ten donos.
L	2890	Nawet Horacy drwił ze "szkodliwego hazardu".
L	2891	Żegnaliśmy go ze łzami.
L	2892	To trzydzieści miast, ze Lwowem włącznie.
L	2893	Ludwik ma kochankę ze Łodzi.
M	2893	ZE_Z_SPOL	1	19	27	Other	Prawdopodobnie ten przyimek należy zapisać tak: <suggestion>z Łodzi</suggestion>.	z Łodzi
L	2894	Podniósł się z fotelu i ze czcią zebrał porozdzierane kartki.
L	2895	Mimo ze to prawda!
M	2895	ZE_ZE	6	0	7	Other	Prawdopodobna literówka. Czy chodziło o <suggestion>Mimo że</suggestion>?	Mimo że
L	2896	Ale i tak cieszę się, ze u nas jest od 18.
M	2896	BOWIEM_ZAS	1	0	3	Hint	Ten wyraz nie powinien występować na początku zdania.	
M	2896	ZE_ZE	5	22	24	Other	Prawdopodobna literówka. Czy chodziło o <suggestion>że</suggestion>?	że
L	2897	Ludwik ma kochankę z Łodzi.
L	2898	Nawet Horacy drwił ze "szkodliwego hazardu".
L	2899	Nawet Horacy drwił ze "niewinnego hazardu".
M	2899	ZE_Z_SPOL	2	19	33	Other	Prawdopodobnie ten przyimek należy zapisać tak: <suggestion>z "niewinnego</suggestion>.	z "niewinnego
L	2900	Jak będziesz w szpitalu wariatów, pozdrów Antoniego ode mnie!
L	2901	Jak będziesz w szpitalu wariatów, pozdrów Antoniego od mnie!
M	2901	OD_MNIE	1	52	54	Other	Ten przyimek należy zapisać tak: <suggestion>ode</suggestion>.	ode
L	2902	Możesz bez mnie żyć...
M	2902	OD_MNIE	1	7	10	Other	Ten przyimek należy zapisać tak: <suggestion>beze</suggestion>.	beze
L	2903	Nie wyrywaj krzesła spod mnie.
M	2903	OD_MNIE	1	20	24	Other	Ten przyimek należy zapisać tak: <suggestion>spode</suggestion>.	spode
L	2904	Jak będziesz w szpitalu wariatów, pozdrów Antoniego od Aleksandra!
L	2905	Jak będziesz w szpitalu wariatów, pozdrów Antoniego ode Aleksandra!
M	2905	ODE_CZEGO	1	52	55	Other	Ten przyimek należy zapisać tak: <suggestion>od</suggestion>; jeśli chodziło o biernik od „oda”, to należy napisać: <suggestion>odę</suggestion>.	od|odę
L	2906	To wszystko przez mnie.
M	2906	PRZEZ_MNIE	1	12	17	Other	Ten przyimek należy zapisać tak: <suggestion>przeze</suggestion>.	przeze
L	2907	Jak będziesz w szpitalu wariatów, pozdrów Antoniego ode mnie!
L	2908	Nie patrz na mnie spod łba!
M	2908	SPOD_LBA	1	18	22	Other	Ten przyimek należy zapisać tak: <suggestion>spode</suggestion>.	spode
L	2909	Patrzył na mnie spode łba.
L	2910	Wylazł spode kamienia.
M	2910	SPODE_CZEGO	1	7	12	Other	Ten przyimek należy zapisać tak: <suggestion>spod</suggestion>.	spod
L	2911	Atleta, podejrzliwie znade łba wysuwając antenki, szedł za nimi.
L	2912	Kopał dołki pode mną.
L	2913	Włazł pode kamień.
M	2913	MORFOLOGIK_RULE_PL_PL		0	5	Other	Wykryto prawdopodobny błąd pisowni	Wlazł|Właz|Włazi|Właził|Włazu|Włażą|Włazy|Właź|Włażę|Wiązł|Właz ł
M	2913	PODE_CZEGO	1	6	10	Other	Ten przyimek należy zapisać tak: <suggestion>pod</suggestion>.	pod
L	2914	Teraz nie mogę dnia zacząć beze tego
M	2914	BEZE_CZEGO	1	27	31	Other	Ten przyimek należy zapisać tak: <suggestion>bez</suggestion>.	bez
L	2915	Teraz nie mogę dnia zacząć bez tego.
L	2916	To przeze mnie.
L	2917	To wszystko działo się przeze cały wrzesień.
M	2917	BEZE_CZEGO	1	23	29	Other	Ten przyimek należy zapisać tak: <suggestion>przez</suggestion>.	przez
L	2918	Zarząd określił w tym czasie zadania stojące przede nim.
M	2918	PRZEDE_CZYM	1	45	51	Other	Ten przyimek należy zapisać tak: <suggestion>przed</suggestion>.	przed
L	2919	Może coś przede mną chowasz?
L	2920	Może coś przed mną chowasz?
M	2920	PRZED_MNA	1	9	14	Other	Ten przyimek prawdopodobnie należy zapisać tak: <suggestion>przede</suggestion> (w wypadku „wszystkim” zależy to od kontekstu).	przede
L	2921	Dopiero przed drzwiami dziekanatu spojrzał na zegarek.
L	2922	To się działo dnia 32.8.2014.
M	2922	DATA_NIEMOZLIWA	1	19	28	Other	Jeśli to jest data, to jest błędna.	
L	2923	To się działo dnia 32 sierpnia 2014.
M	2923	DATA_NIEMOZLIWA	1	19	35	Other	Jeśli to jest data, to jest błędna.	
L	2924	To się działo dnia 32 VIII 2014.
M	2924	DATA_NIEMOZLIWA	2	19	31	Other	Jeśli to jest data, to jest błędna.	
L	2925	Działo się to 11.13.2014.
M	2925	DATA_NIEMOZLIWA	3	14	24	Other	Niepoprawny zapis miesiąca w dacie.	
L	2926	Było to w dniu 11.20.2014.
M	2926	DATA_NIEMOZLIWA	3	15	25	Other	Niepoprawny zapis miesiąca w dacie.	
L	2927	Umarła dnia 11.12.2014.
L	2928	wtorek, 26 sierpnia 2014
M	2928	UPPERCASE_SENTENCE_START		0	6	Other	To zdanie nie zaczyna się wielką literą	Wtorek
L	2929	Dziś jest wtorek, 27 sierpnia 2014.
M	2929	DATA_NIEMOZLIWA	4	10	34	Other	Dzień 27 sierpnia 2014 to nie wtorek.	
L	2930	Dziś jest pt., 27 sierpnia 2014.
M	2930	DATA_NIEMOZLIWA	4	10	31	Other	Dzień 27 sierpnia 2014 to nie pt.	
L	2931	Dziś jest niedziela 27 sierpnia 2014.
M	2931	DATA_NIEMOZLIWA	4	10	36	Other	Dzień 27 sierpnia 2014 to nie niedziela.	
L	2932	Koncert odbędzie się w niedzielę 27 sierpnia 2014.
M	2932	DATA_NIEMOZLIWA	4	23	49	Other	Dzień 27 sierpnia 2014 to nie niedzielę.	
L	2933	wtorek, 26.08.2014
M	2933	UPPERCASE_SENTENCE_START		0	6	Other	To zdanie nie zaczyna się wielką literą	Wtorek
L	2934	Dziś jest wtorek, 27.08.2014.
M	2934	DATA_NIEMOZLIWA	5	10	28	Other	Dzień 27.08.2014 to nie wtorek.	
L	2935	Dziś jest pt., 27.8.2014.
M	2935	DATA_NIEMOZLIWA	5	10	24	Other	Dzień 27.8.2014 to nie pt.	
L	2936	Dziś jest niedziela, 27.10.2014.
M	2936	DATA_NIEMOZLIWA	5	10	31	Other	Dzień 27.10.2014 to nie niedziela.	
L	2937	Dziś jest 26 sierpnia 2014, wtorek.
L	2938	Dziś jest 27 sierpnia 2014, wtorek.
M	2938	DATA_NIEMOZLIWA	6	10	34	Other	Dzień 27 sierpnia 2014 to nie wtorek.	
L	2939	Dziś jest 27 sierpnia 2014 (wtorek).
M	2939	DATA_NIEMOZLIWA	6	10	34	Other	Dzień 27 sierpnia 2014 to nie wtorek.	
L	2940	Dziś jest 27 sierpnia 2014, pt.
M	2940	DATA_NIEMOZLIWA	6	10	30	Other	Dzień 27 sierpnia 2014 to nie pt.	
L	2941	Urodził się 31 września.
M	2941	DATA_NIEMOZLIWA	7	12	23	Other	W tym miesiącu jest tylko 30 dni.	
L	2942	Urodził się 31 IX 1911.
M	2942	DATA_NIEMOZLIWA	7	12	17	Other	W tym miesiącu jest tylko 30 dni.	
L	2943	Urodził się 31 października.
L	2944	Urodził się 30 września.
L	2945	Urodził się 30 lutego.
M	2945	DATA_NIEMOZLIWA	8	12	21	Other	W lutym jest 28 lub 29 dni (w roku przestępnym).	
L	2946	Urodził się 28 lutego.
L	2947	Dzień 29 lutego 1900.
M	2947	DATA_NIEMOZLIWA	9	6	20	Other	W lutym 1900 nie ma 29 dni, gdyż 1900 nie jest rokiem przestępnym.	
L	2948	29 II 2000.
L	2949	29 II 2001.
M	2949	DATA_NIEMOZLIWA	9	0	10	Other	W lutym 2001 nie ma 29 dni, gdyż 2001 nie jest rokiem przestępnym.	
L	2950	29 lutego 2002.
M	2950	DATA_NIEMOZLIWA	9	0	14	Other	W lutym 2002 nie ma 29 dni, gdyż 2002 nie jest rokiem przestępnym.	
L	2951	29 lutego 2003.
M	2951	DATA_NIEMOZLIWA	9	0	14	Other	W lutym 2003 nie ma 29 dni, gdyż 2003 nie jest rokiem przestępnym.	
L	2952	29 lutego 2004.
L	2953	29 lutego 2005.
M	2953	DATA_NIEMOZLIWA	9	0	14	Other	W lutym 2005 nie ma 29 dni, gdyż 2005 nie jest rokiem przestępnym.	
L	2954	29 lutego 2006.
M	2954	DATA_NIEMOZLIWA	9	0	14	Other	W lutym 2006 nie ma 29 dni, gdyż 2006 nie jest rokiem przestępnym.	
L	2955	29 II 2007.
M	2955	DATA_NIEMOZLIWA	9	0	10	Other	W lutym 2007 nie ma 29 dni, gdyż 2007 nie jest rokiem przestępnym.	
L	2956	29 II 2008.
L	2957	29 II 2009.
M	2957	DATA_NIEMOZLIWA	9	0	10	Other	W lutym 2009 nie ma 29 dni, gdyż 2009 nie jest rokiem przestępnym.	
L	2958	29 lutego 2010.
M	2958	DATA_NIEMOZLIWA	9	0	14	Other	W lutym 2010 nie ma 29 dni, gdyż 2010 nie jest rokiem przestępnym.	
L	2959	29 lutego 2011.
M	2959	DATA_NIEMOZLIWA	9	0	14	Other	W lutym 2011 nie ma 29 dni, gdyż 2011 nie jest rokiem przestępnym.	
L	2960	29 lutego 2012.
L	2961	29 lutego 2014.
M	2961	DATA_NIEMOZLIWA	9	0	14	Other	W lutym 2014 nie ma 29 dni, gdyż 2014 nie jest rokiem przestępnym.	
L	2962	29 lutego 2016.
L	2963	29 lutego 2018.
M	2963	DATA_NIEMOZLIWA	9	0	14	Other	W lutym 2018 nie ma 29 dni, gdyż 2018 nie jest rokiem przestępnym.	
L	2964	29 II 2020.
L	2965	29 lutego 2100.
M	2965	DATA_NIEMOZLIWA	9	0	14	Other	W lutym 2100 nie ma 29 dni, gdyż 2100 nie jest rokiem przestępnym.	
L	2966	Zawody odbywają się w dniach 1–12 lutego.
L	2967	Zawody odbywają się w dniach 11–1 lutego.
M	2967	DATA_NIEMOZLIWA	10	29	40	Other	Dzień początkowy (11) jest późniejszy niż dzień końcowy (1).	
L	2968	Zawody odbywają się od 11 do 1 lutego.
M	2968	DATA_NIEMOZLIWA	10	23	37	Other	Dzień początkowy (11) jest późniejszy niż dzień końcowy (1).	
L	2969	Zawody odbywają się w dniach 21–10 XII.
M	2969	DATA_NIEMOZLIWA	10	29	38	Other	Dzień początkowy (21) jest późniejszy niż dzień końcowy (10).	
L	2970	Było to w latach 1915–1840.
M	2970	DATA_NIEMOZLIWA	11	17	26	Other	Rok początkowy (1915) jest późniejszy lub taki sam jak końcowy (1840).	
L	2971	Było to w latach 1915–1915.
M	2971	DATA_NIEMOZLIWA	11	17	26	Other	Rok początkowy (1915) jest późniejszy lub taki sam jak końcowy (1915).	
L	2972	Było to w latach 1915-1915.
M	2972	DATA_NIEMOZLIWA	11	17	26	Other	Rok początkowy (1915) jest późniejszy lub taki sam jak końcowy (1915).	
L	2973	Najwięcej aborcji wykonano w roku 1962 – 272 000.
L	2974	Szamszi-Adad I z Terqi (panował w latach 1814-1781 p.n.e.) założył pierwsze państwo asyryjskie.
M	2974	MORFOLOGIK_RULE_PL_PL		0	12	Other	Wykryto prawdopodobny błąd pisowni	
M	2974	MORFOLOGIK_RULE_PL_PL		17	22	Other	Wykryto prawdopodobny błąd pisowni	Terki|Teraj|Teruj|Ter qi
L	2975	Było to w latach 715–1840 p.n.e.
M	2975	DATA_NIEMOZLIWA	12	17	25	Other	Rok początkowy (715 p.n.e.) jest późniejszy lub taki sam jak końcowy (1840 p.n.e.).	
L	2976	Było to w latach 900–900 p.n.e.
M	2976	DATA_NIEMOZLIWA	12	17	24	Other	Rok początkowy (900 p.n.e.) jest późniejszy lub taki sam jak końcowy (900 p.n.e.).	
L	2977	Było to w latach 1000-2000 p.n.e.
M	2977	DATA_NIEMOZLIWA	12	17	26	Other	Rok początkowy (1000 p.n.e.) jest późniejszy lub taki sam jak końcowy (2000 p.n.e.).	
L	2978	Najwięcej aborcji wykonano w roku 1962 – 272 000.
L	2979	Szamszi-Adad I z Terqi (panował w latach 1814-1781 p.n.e.) założył pierwsze państwo asyryjskie.
M	2979	MORFOLOGIK_RULE_PL_PL		0	12	Other	Wykryto prawdopodobny błąd pisowni	
M	2979	MORFOLOGIK_RULE_PL_PL		17	22	Other	Wykryto prawdopodobny błąd pisowni	Terki|Teraj|Teruj|Ter qi
L	2980	Było to w latach 1855–40.
M	2980	DATA_NIEMOZLIWA	13	17	24	Other	Rok początkowy (1855) jest późniejszy lub taki sam jak końcowy (40). Może chodzi o zakres dat z przełomu stuleci? Takich nie zapisuje się w sposób skrócony.	
L	2981	Było to w latach 1815–12.
M	2981	DATA_NIEMOZLIWA	13	17	24	Other	Rok początkowy (1815) jest późniejszy lub taki sam jak końcowy (12). Może chodzi o zakres dat z przełomu stuleci? Takich nie zapisuje się w sposób skrócony.	
L	2982	Było to w latach 1815-15.
M	2982	DATA_NIEMOZLIWA	13	17	24	Other	Rok początkowy (1815) jest późniejszy lub taki sam jak końcowy (15). Może chodzi o zakres dat z przełomu stuleci? Takich nie zapisuje się w sposób skrócony.	
L	2983	Najwięcej aborcji wykonano w roku 1962 – 272 000.
L	2984	Było to w latach 1815–8.
M	2984	DATA_NIEMOZLIWA	14	17	23	Other	Tak nie skraca się zapisu dat. Poprawnie: <suggestion>1815–1818</suggestion>.	1815–1818
L	2985	Najwięcej aborcji wykonano w roku 1962 – 272 000.
L	2986	Było to w sezonie 1815/8.
M	2986	DATA_NIEMOZLIWA	15	18	24	Other	Tak nie skraca się zapisu dat. Poprawnie: <suggestion>1815/1818</suggestion> lub <suggestion>1815/18</suggestion>.	1815/1818|1815/18
L	2987	Najwięcej aborcji wykonano w roku 1962 – 272 000.
L	2988	Uwolnienie mas od pracy, spowodowane poszerzeniem sfery czasu wolnego, uczyniło możliwym ich udział w kulturze.
M	2988	UCZYNIC_MOZLIWYM_UMOZLIWIC	1	71	88	Other	Rozwlekły styl. Lepiej: <suggestion>umożliwiło</suggestion>.	umożliwiło
L	2989	Uwolnienie mas od pracy, spowodowane poszerzeniem sfery czasu wolnego, umożliwiło ich udział w kulturze.
L	2990	Na komputerze w domu powinniśmy mieć natomiast zainstalowany skuteczny program antywirusowy, który uczyni niemożliwym zainstalowanie na naszym komputerze programów szpiegowskich.
M	2990	UCZYNIC_MOZLIWYM_UMOZLIWIC	1	99	117	Other	Rozwlekły styl. Lepiej: <suggestion>uniemożliwi</suggestion>.	uniemożliwi
L	2991	Nasza aplikacja ma uczynić łatwiejszym organizację czasu, bez rozbudowanych ponad miarę opcji.
M	2991	UCZYNIC_LATWIEJSZYM_ULATWIC	1	19	38	Other	Rozwlekły styl. Lepiej: <suggestion>ułatwić</suggestion>.	ułatwić
L	2992	Nasza aplikacja ma ułatwić organizację czasu, bez rozbudowanych ponad miarę opcji.
L	2993	Ale jakże mnie to uczyniło szczęśliwym!
M	2993	BOWIEM_ZAS	1	0	3	Hint	Ten wyraz nie powinien występować na początku zdania.	
M	2993	UCZYNIC_SZCZESLIWYM_USZCZESLIWIC	1	18	38	Other	Rozwlekły styl. Lepiej: <suggestion>uszczęśliwiło</suggestion>.	uszczęśliwiło
L	2994	Ale jakże mnie to uszczęśliwiło!
M	2994	BOWIEM_ZAS	1	0	3	Hint	Ten wyraz nie powinien występować na początku zdania.	
L	2995	Jakie teksty Pisma Świętego trzeba ocenzurować, by tę koncepcję uczynić spójną?
M	2995	UCZYNIC_SPOJNYM_USPOJNIC	1	64	78	Other	Rozwlekły styl. Lepiej: <suggestion>uspójnić</suggestion>.	uspójnić
L	2996	Jakie teksty Pisma Świętego trzeba ocenzurować, by tę koncepcję uspójnić?
L	2997	Nasze Dwa Serca są złączone , pomimo tego, że świat argumentuje i zaprzecza tej Prawdzie.
M	2997	COMMA_PARENTHESIS_WHITESPACE		27	29	Other	Spację wstawiamy po przecinku, nie przed przecinkiem	,
L	2998	Nasze Dwa Serca są złączone , pomimo tego że świat argumentuje i zaprzecza tej Prawdzie.
M	2998	COMMA_PARENTHESIS_WHITESPACE		27	29	Other	Spację wstawiamy po przecinku, nie przed przecinkiem	,
M	2998	BRAK_PRZECINKA_ZE	1	37	44	Other	Przed spójnikiem „że” stawiamy przecinek: <suggestion>tego, że</suggestion>.	tego, że
L	2999	Nasze Dwa Serca są złączone, mimo że świat argumentuje i zaprzecza tej Prawdzie.
L	3000	Zawody odbywają się w dniach 1 kwietnia – 10 kwietnia.
M	3000	ZBEDNY_MIESIAC	1	29	53	Other	Zbędne powtórzenie nazwy miesiąca. Lepiej: <suggestion>1–10 kwietnia</suggestion>	1–10 kwietnia
L	3001	Zawody odbywają się od 1 kwietnia do 10 kwietnia.
M	3001	ZBEDNY_MIESIAC	2	23	48	Other	Zbędne powtórzenie nazwy miesiąca. Lepiej: <suggestion>1 do 10 kwietnia</suggestion>	1 do 10 kwietnia
L	3002	To jest muzułmanin.
L	3003	To jest muzułman.
M	3003	MUZULMAN	1	8	16	Other	Ta forma jest przestarzała. Lepiej: <suggestion>muzułmanin</suggestion>	muzułmanin
L	3004	Tu wylądowały oddziały.
L	3005	Drugi drugi jest krótki.
M	3005	WORD_REPEAT_RULE		0	11	Other	Prawdopodobna literówka: powtórzony wyraz	Drugi
L	3006	Nie ma trwałej wartości.
L	3007	Nie doceniasz wartości miłości.
L	3008	Drugi drugi jest krótki.
M	3008	WORD_REPEAT_RULE		0	11	Other	Prawdopodobna literówka: powtórzony wyraz	Drugi
L	3009	Nie ma trwałej wartości.
L	3010	Idź do niego do niego.
M	3010	PL_DWA_WYRAZY	1	4	21	Other	Te dwa wyrazy się powtarzają. Prawdopodobnie wystarczy zostawić tylko <suggestion>do niego</suggestion> albo rozdzielić oba wystąpienia przecinkiem: <suggestion>do niego, do niego</suggestion>.	do niego|do niego, do niego
L	3011	Idź do niego.
L	3012	Zachodzili od czasu do czasu do gospody na wino.
L	3013	W szczególności robi nam w szczególności problemy.
M	3013	WIELOKROTNE_WYSTPIENIE_TEGO_SAMEGO_WYRAENIA_PRZYIMKOWEGO	1	0	15	Other	Wyrażenie W szczególności występuje dwukrotnie w tym zdaniu.	
L	3014	Ciekawy zwłaszcza w czasach gdy producentów okien tak wielu, oferta ogromna zarówno firm, jak i profili, jak i różnego rodzaju promocji i upustów.
M	3014	PODWOJONE_JAK_I	1	105	110	Other	Stylistyczna monotonia. Lepiej zastąpić to wyrażenie synonimem: <suggestion>a także</suggestion>, <suggestion>oraz</suggestion>, <suggestion>i</suggestion>.	a także|oraz|i
L	3015	Wydarzyło się to na początku XX.
M	3015	NA_POCZ_XX	1	17	31	Other	Prawdopodobnie w tym wyrażeniu brakuje wyrazu „wieku”: <suggestion>na początku XX wieku</suggestion>.	na początku XX wieku
L	3016	Zrobiłem to na początku i nie żałuję.
L	3017	Wydarzyło się to na początku XX w.
L	3018	Wydarzyło się to u zarania XX.
M	3018	NA_POCZ_XX	2	17	29	Other	Prawdopodobnie w tym wyrażeniu brakuje wyrazu „wieku”: <suggestion>u zarania XX wieku</suggestion>.	u zarania XX wieku
L	3019	Wydarzyło się to u schyłku XX w.
L	3020	W wyborach nasza partia uzyskała dwadzieścia % głosów.
M	3020	LICZBA_PROC	1	45	46	Other	Nie stosuje się symbolu procenta, jeśli nie występuje po zapisie liczbowym, tylko skrót: <suggestion>proc.</suggestion>	proc.
L	3021	W wyborach nasza partia uzyskała 20% głosów.
L	3022	Badani mieszkańcy Krymu dali odpowiedź: za - 65-67%, przeciw – 23%.
L	3023	W wyborach nasza partia uzyskała dwadzieścia %.
M	3023	LICZBA_PROC	2	45	46	Other	Nie stosuje się symbolu procenta, jeśli nie występuje po zapisie liczbowym, tylko skrót: <suggestion>proc</suggestion>.	proc
L	3024	W wyborach nasza partia uzyskała 20%.
L	3025	Każdy Polak kocha swojego prezydenta.
L	3026	Ale każdy jedną wódkę wypił!
M	3026	BOWIEM_ZAS	1	0	3	Hint	Ten wyraz nie powinien występować na początku zdania.	
L	3027	Nie lubię każdego jednego łososia.
M	3027	KAZDY_JEDEN	1	10	25	Other	Nie mówi się „każdego jednego”. Wystarczy: <suggestion>każdego</suggestion>.	każdego
L	3028	Każdy jeden Polak kocha swojego prezydenta.
M	3028	KAZDY_JEDEN	1	0	11	Other	Nie mówi się „Każdy jeden”. Wystarczy: <suggestion>Każdy</suggestion>.	Każdy
L	3029	Nazwiska piszemy wielką literą.
L	3030	Nazwiska piszemy z dużej litery.
M	3030	Z_WIELKIEJ_LITERY	1	17	31	Other	Wyrażenia typu „z dużej litery” to rusycyzm. Mówimy: ten wyraz piszemy <suggestion>wielką literą</suggestion>, <suggestion>małą literą</suggestion>.	wielką literą|małą literą
L	3031	Ludwik zbił Jarka z pantałyku.
L	3032	Kazio bawił się pantałykiem.
M	3032	PANTALYK	1	16	27	Other	Wyraz „pantałyk” jest niesamodzielny i może występować tylko we frazie <suggestion>zbić z pantałyku</suggestion>.	zbić z pantałyku
L	3033	Jaka smaczna pomarańcza!
L	3034	Jaki smaczny pomarańcz!
M	3034	TEN_POMARANCZ	1	5	22	Other	Rzeczownik „pomarańcza” (=owoc cytrusowy) jest rodzaju żeńskiego. Poprawnie: <suggestion>smaczna pomarańcza</suggestion>. Wyjątkiem jest tylko nazwa koloru pomarańczowego (rodzaj męski).	smaczna pomarańcza
L	3035	Soki Cappy (porzeczka, pomarańcza, jabłko, grejpfrut, pomidor)
M	3035	MORFOLOGIK_RULE_PL_PL		5	10	Other	Wykryto prawdopodobny błąd pisowni	Happy|Capry|Kappy|Zappy|Capy|Campy|Capsy|Pappy|Capmy|Nappy|Rappy
L	3036	Soki Cappy (porzeczka, pomarańcz, jabłko, grejpfrut, pomidor)
M	3036	MORFOLOGIK_RULE_PL_PL		5	10	Other	Wykryto prawdopodobny błąd pisowni	Happy|Capry|Kappy|Zappy|Capy|Campy|Capsy|Pappy|Capmy|Nappy|Rappy
M	3036	TEN_POMARANCZ	2	23	32	Other	Rzeczownik „pomarańcza” (=owoc cytrusowy) jest rodzaju żeńskiego. Poprawnie: <suggestion>pomarańcza</suggestion>. Wyjątkiem jest tylko nazwa koloru pomarańczowego (rodzaj męski).	pomarańcza
L	3037	Sok z pomarańczy
L	3038	Sok z pomarańcza
M	3038	TEN_POMARANCZ	3	6	16	Other	Prawdopodobnie pomylony rodzaj gramatyczny. Mówimy „ta pomarańcza”, czyli z <suggestion>pomarańczy</suggestion>.	pomarańczy
L	3039	Jaka smaczna pomarańcza!
L	3040	Kupiła jednego pomarańcza.
M	3040	TEN_POMARANCZ	4	7	25	Other	Rzeczownik „pomarańcza” (=owoc cytrusowy) jest rodzaju żeńskiego. Poprawnie: <suggestion>jedną pomarańczę</suggestion>. Wyjątkiem jest tylko nazwa koloru pomarańczowego (rodzaj męski).	jedną pomarańczę
L	3041	W skład gospodarstwa wchodzi również przydomowy ogródek z warzywami tj. marchew, pietruszka, pora itp.
M	3041	TA_PORA	1	93	97	Other	Prawdopodobnie pomylony rodzaj gramatyczny. Mówimy <suggestion>por</suggestion> (=rodzaj warzywa).	por
L	3042	Pora najwyższa jeść pora.
L	3043	Sałatka z pora
L	3044	Sałatka z pory
M	3044	TA_PORA	2	10	14	Other	Prawdopodobnie pomylony rodzaj gramatyczny. Mówimy „por”, czyli z <suggestion>pora</suggestion> (jeśli chodzi o rodzaj warzywa).	pora
L	3045	Uwielbiam ten perfum...
M	3045	TEN_PERFUM	1	10	20	Other	Ten rzeczownik ma inny rodzaj gramatyczny i występuje tylko w liczbie mnogiej. Poprawnie: <suggestion>te perfumy</suggestion>.	te perfumy
L	3046	Czy to nowy perfum?
M	3046	TEN_PERFUM	1	7	18	Other	Ten rzeczownik ma inny rodzaj gramatyczny i występuje tylko w liczbie mnogiej. Poprawnie: <suggestion>nowe perfumy</suggestion>.	nowe perfumy
L	3047	On kupił sobie taki dobry perfum.
M	3047	TEN_PERFUM	2	15	32	Other	Ten rzeczownik ma inny rodzaj gramatyczny i występuje tylko w liczbie mnogiej. Poprawnie: <suggestion>takie dobre perfumy</suggestion>.	takie dobre perfumy
L	3048	Uwielbiam te perfumy...
L	3049	Lech z Antonim jedli pyszną golonkę.
L	3050	Lech z Antonim jedli pyszne golonko.
M	3050	GOLONKO	1	28	35	Other	To wołacz od słowa „golonka” (rodzaj żeński); jeśli nie chodziło o mówienie do golonki, należy napisać: <suggestion>golonka</suggestion> lub <suggestion>golonkę</suggestion> (w bierniku).	golonka|golonkę
L	3051	Oferujemy znakomite wiórka kokosowe produkcji gruzińskiej.
M	3051	WIORKA_KOKOSOWE	1	20	35	Other	„Wiórka” to dopełniacz liczby pojedynczej. Prawdopodobnie należało napisać <suggestion>wiórki kokosowe</suggestion>.	wiórki kokosowe
L	3052	Nie uronił ani jednego wiórka z całego opakowania.
L	3053	Mickiewicz kontra Słowacki
L	3054	Mickiewicz vs. Słowacki
M	3054	VS	1	11	14	Hint	Zbędna kalka z angielskiego. Po polsku funkcjonuje już inny przyimek o tym samym znaczeniu, też zapożyczony z łaciny: <suggestion>kontra</suggestion>.	kontra
L	3055	Mickiewicz kontra Słowacki
L	3056	Mickiewicz vs Słowacki
M	3056	VS	2	11	13	Hint	Zbędna kalka z angielskiego. Po polsku funkcjonuje już inny przyimek o tym samym znaczeniu, też zapożyczony z łaciny: <suggestion>kontra</suggestion>.	kontra
L	3057	Najmodniejsze destynacje w tym roku to Małkinia, Pcim i Tłuszcz.
M	3057	DESTYNACJA	1	14	24	Hint	Pretensjonalna kalka z angielskiego. Lepiej: <suggestion>cel podróży</suggestion>, <suggestion>miejsce</suggestion>.	cel podróży|miejsce
L	3058	Najmodniejsze cele podróży to Małkinia, Pcim i Tłuszcz.
L	3059	Zdefiniujmy najpierw podstawowe koncepty.
M	3059	KONCEPT	1	32	40	Hint	Ten termin jest często nadużywany (kalka z angielskiego). Poprawnie: <suggestion>pojęcia</suggestion> (wyjątkiem jest sytuacja, gdy mowa o konceptach w poezji barokowej).	pojęcia
L	3060	Interpretują ożywienie w terminach temperamentu.
M	3060	W_TERMINACH	1	23	47	Hint	Kalka z angielskiego. Lepiej: <suggestion>w kategoriach temperamentu</suggestion>.	w kategoriach temperamentu
L	3061	HOTEL Wałbrzych to trzygwiazdkowy obiekt położony w bliskiej odległości od centrum miasta.
M	3061	W_BLISKIEJ_ODLEGLOSCI	1	50	74	Hint	To wyrażenie jest pretensjonalne. Lepiej: <suggestion>blisko</suggestion>, <suggestion>w niewielkiej odległości od</suggestion>, <suggestion>w małej odległości od</suggestion>.	blisko|w niewielkiej odległości od|w małej odległości od
L	3062	HOTEL Wałbrzych to trzygwiazdkowy obiekt położony blisko centrum miasta.
L	3063	HOTEL Wałbrzych to trzygwiazdkowy obiekt położony w bliskiej odległości centrum miasta.
M	3063	W_BLISKIEJ_ODLEGLOSCI	2	50	71	Hint	To wyrażenie jest pretensjonalne. Lepiej: <suggestion>blisko</suggestion>, <suggestion>w niewielkiej odległości od</suggestion>, <suggestion>w małej odległości od</suggestion>.	blisko|w niewielkiej odległości od|w małej odległości od
L	3064	HOTEL Wałbrzych to trzygwiazdkowy obiekt położony blisko centrum miasta.
L	3065	Klucze przekazujemy osobom wynajmującym względnie administratorom domów.
M	3065	WZGLEDNIE_LUB	1	40	49	Hint	Ten wyraz należy do żargonu urzędniczego. Lepiej: <suggestion>ewentualnie</suggestion>, <suggestion>albo</suggestion>, <suggestion>bądź</suggestion>.	ewentualnie|albo|bądź
L	3066	Liczby względnie pierwsze
L	3067	Te przykłady nie są przekonywujące.
M	3067	PRZEKONYWUJACY	1	20	34	Hint	Ten wyraz jest niepoprawny gramatycznie i uważany za rażący; dopuszczają go nieliczne słowniki. Poprawnie: <suggestion>przekonywające</suggestion>, <suggestion>przekonujące</suggestion>.	przekonywające|przekonujące
L	3068	Te przykłady nie są przekonujące.
L	3069	W sklepie jest wiele towarów.
L	3070	W sklepie jest szeroki wachlarz towarów.
M	3070	WACHLARZ_CZEGO	1	15	31	Hint	To wyrażenie jest rozwlekłe i niezalecane. Lepiej po prostu: <suggestion>wiele</suggestion>.	wiele
L	3071	Na kształcenie polonistyczne składa się cały szereg różnorodnych kompetencji.
M	3071	CALY_SZEREG	1	40	51	Hint	To nadużywane wyrażenie. Lepiej: <suggestion>wiele</suggestion>, <suggestion>mnóstwo</suggestion>, <suggestion>bardzo wiele</suggestion>.	wiele|mnóstwo|bardzo wiele
L	3072	Na kształcenie polonistyczne składa się wiele różnorodnych kompetencji.
L	3073	Brakuje chleba.
L	3074	Występuje brak chleba.
M	3074	WYSTEPUJE_BRAK	1	0	14	Hint	Błędne wyrażenie. Powinno być: <suggestion>brakuje</suggestion>.	Brakuje
L	3075	Brakuje chleba.
L	3076	Wystąpi brak chleba.
M	3076	WYSTEPUJE_BRAK	2	0	12	Hint	Błędne wyrażenie. Powinno być: <suggestion>będzie brakować</suggestion>.	Będzie brakować
L	3077	Brakuje chleba.
L	3078	Wystąpił brak chleba.
M	3078	WYSTEPUJE_BRAK	3	0	13	Hint	Błędne wyrażenie. Powinno być: <suggestion>brakowało</suggestion>.	Brakowało
L	3079	Brakuje chleba.
L	3080	Wystąpiłby brak chleba.
M	3080	WYSTEPUJE_BRAK	4	0	15	Hint	Błędne wyrażenie. Powinno być: <suggestion>brakowałoby</suggestion>.	Brakowałoby
L	3081	Ja osobiście polecam ta metodę jak najbardziej, musisz koniecznie spróbować.
M	3081	JA_OSOBISCIE	1	0	12	Hint	Ta zbitka jest nadużywana i nic nie wnosi. Lepiej pominąć lub zastąpić przez <suggestion>sam</suggestion> lub <suggestion>sama</suggestion>.	Sam|Sama
M	3081	NIEZGODNO_PRZYPADKW_PRZYMIOTNIKA_I_RZECZOWNIKA_RODZAJU_ESKIEGO	4	21	23	Other	Prawdopodobna literówka: <suggestion>tą</suggestion>.	tą
L	3082	Polecam ta metodę jak najbardziej, musisz koniecznie spróbować.
M	3082	NIEZGODNO_PRZYPADKW_PRZYMIOTNIKA_I_RZECZOWNIKA_RODZAJU_ESKIEGO	4	8	10	Other	Prawdopodobna literówka: <suggestion>tą</suggestion>.	tą
L	3083	Zbigniew przesłuchiwał go w sprawie znieważenia prezydenta.
L	3084	Zbigniew przesłuchiwał go na okoliczność znieważenia prezydenta.
M	3084	NA_OKOLICZNOSC	1	26	40	Hint	To wyrażenie trąci urzędniczą nowomową. Lepiej: <suggestion>w sprawie</suggestion>, <suggestion>w związku z</suggestion>.	w sprawie|w związku z
L	3085	Zwróciła uwagę narzeczonego na okoliczność, że przecie to sami Wielosławscy.
L	3086	Trwają prace na odcinku Rzepin-Berlin.
M	3086	MORFOLOGIK_RULE_PL_PL		24	37	Other	Wykryto prawdopodobny błąd pisowni	
L	3087	Przemarsz na odcinku ul. Nowy Świat-Wiejska
M	3087	MORFOLOGIK_RULE_PL_PL		30	43	Other	Wykryto prawdopodobny błąd pisowni	
L	3088	Bogate tradycje szkoły należy odnotować również na odcinku rozwoju zespołów artystycznych.
M	3088	NA_ODCINKU	1	48	58	Hint	To wyrażenie w znaczeniu metaforycznym trąci urzędniczą nowomową. Lepiej: <suggestion>w zakresie</suggestion>, <suggestion>w</suggestion>. Ewentualnie należy przeredagować i uprościć całe zdanie.	w zakresie|w
L	3089	To jest szlak wiodący wprost na szczyt.
L	3090	Tematem przewodnim tej książki jest mądrość premiera.
L	3091	Tematem wiodącym tej książki jest mądrość premiera.
M	3091	WIADACY	1	8	16	Hint	Ten rusycyzm jest błędnie używany po polsku w znaczeniu.	przodującym|głównym|przewodnim|zasadniczym|najlepszym
L	3092	To wiodący we Francji producent telewizorów.
M	3092	WIADACY	1	3	10	Hint	Ten rusycyzm jest błędnie używany po polsku w znaczeniu.	przodujący|główny|przewodni|zasadniczy|najlepszy
L	3093	Dla zorientowania się w szlakach współczesnego Kościoła wiodących w przyszłość warto przeczytać ten artykuł.
L	3094	Wiodące warszawskie kluby sportowe.
M	3094	WIADACY	1	0	7	Hint	Ten rusycyzm jest błędnie używany po polsku w znaczeniu.	Przodujące|Główne|Przewodnie|Zasadnicze|Najlepsze
L	3095	Ścieżka wiodąca od tego domku do lasku bambusowego wyłożona była krowami.
L	3096	Kończył się wielkimi ściekami wiodącymi aż do rzeki.
L	3097	Powiem tak: premier jest najmądrzejszy na świecie.
M	3097	POWIEM_TAK	1	0	10	Hint	To modne i nadużywane wtrącenie, które nie niesie żadnego sensu.	
L	3098	Premier jest najmądrzejszy na świecie.
L	3099	Owszem.
L	3100	Dokładnie!
M	3100	DOKLADNIE	1	0	9	Hint	Wyraz „dokładnie” oznacza „w sposób ścisły, skrupulatny” i jest błędnie używane w sensie <suggestion>właśnie</suggestion>, <suggestion>owszem</suggestion>.	Właśnie|Owszem
L	3101	Owszem.
L	3102	Dokładnie tak!
M	3102	DOKLADNIE_TAK	1	0	13	Hint	Wyraz „dokładnie” oznacza „w sposób ścisły, skrupulatny” i jest błędnie używane w sensie <suggestion>właśnie</suggestion>, <suggestion>owszem</suggestion>.	Właśnie|Owszem
L	3103	Na podstawie tych wyliczeń można podjąć decyzję.
L	3104	W oparciu o te wyliczenia można podjąć decyzję.
M	3104	W_OPARCIU	1	0	11	Hint	Wyrażenie „w oparciu o” jest nadużywane i niezalecane przez językoznawców. Zalecane wyrażenie synonimiczne: <suggestion>na podstawie</suggestion>.	Na podstawie
L	3105	Generalnie pan minister ma rację.
M	3105	GENERALNIE	1	0	10	Hint	Wyraz „generalnie” jest nadużywany. Lepiej: <suggestion>na ogół</suggestion>, <suggestion>z reguły</suggestion>, <suggestion>najczęściej</suggestion>, <suggestion>ogólnie rzecz biorąc</suggestion>, <suggestion>zasadniczo</suggestion>, <suggestion>ogólnie</suggestion>, <suggestion>powszechnie</suggestion>, <suggestion>w zupełności</suggestion>, <suggestion>w ogólności</suggestion>, <suggestion>zupełnie</suggestion>.	Na ogół|Z reguły|Najczęściej|Ogólnie rzecz biorąc|Zasadniczo|Ogólnie|Powszechnie|W zupełności|W ogólności|Zupełnie
L	3106	Pan minister ma w ogólności rację.
L	3107	Emitowanie programu Firma wydaje się być bardzo pożyteczne.
M	3107	WYDAWAC_SIE_BYC	1	26	40	Hint	Wyrażenie „wydaje się być” jest modne i nadużywane, lecz niepoprawne. Poprawna jest forma <suggestion>wydaje się</suggestion>.	wydaje się
L	3108	Emitowanie programu Firma wydaje się bardzo pożyteczne.
L	3109	Dziś jestem znacznie zdrowszy.
L	3110	Dziś jestem dużo zdrowszy.
M	3110	DUZO_ZDROWSZY	1	12	25	Hint	Nie mówi się dużo zdrowszy, tylko <suggestion>znacznie zdrowszy</suggestion>.	znacznie zdrowszy
L	3111	Tłumaczenia przysięgłe, tanio!
M	3111	TLUMACZENIE_PRZYSIEGLE	1	0	22	Hint	To niepoprawny termin. Tłumacz jest przysięgły, ale jego tłumaczenie jest uwierzytelnione. Poprawnie więc będzie: <suggestion>Tłumaczenia uwierzytelnione</suggestion>.	Tłumaczenia uwierzytelnione
L	3112	Sędzia uznał, że pokrętne tłumaczenia przysięgłej były zupełnie nieprzekonujące.
L	3113	Tłumacz przysięgły wykonuje tłumaczenia uwierzytelnione.
L	3114	Na ekranie pojawił się komunikat błędu.
M	3114	KOMUNIKAT_BLEDU	1	23	38	Hint	Niepoprawny termin. Mówi się: <suggestion>komunikat o błędzie</suggestion>.	komunikat o błędzie
L	3115	Na ekranie pojawił się komunikat o błędzie.
L	3116	W wypadku braku ubezpieczenia poszkodowany nie może liczyć na pomoc państwa.
L	3117	W wypadku udział wzięły dwa samochody osobowe.
L	3118	W razie braku ubezpieczenia poszkodowany nie może liczyć na pomoc państwa.
L	3119	To jest dziwnie napisane sŁoWo.
M	3119	NIETYPOWA_KOMBINACJA_DUZYCH_I_MALYCH_LITER	1	25	30	Other	Nietypowa kombinacja małych i dużych liter. Czy nie powinno być: <suggestion>słowo</suggestion>?	słowo
L	3120	To jest dziwnie napisane słowo.
L	3121	test_variable
M	3121	MORFOLOGIK_RULE_PL_PL		0	13	Other	Wykryto prawdopodobny błąd pisowni	
L	3122	T1
M	3122	MORFOLOGIK_RULE_PL_PL		0	2	Other	Wykryto prawdopodobny błąd pisowni	TO|TA|TE|TU|TĘ|TY|TĄ|T|TJ|TV|TK|TS|A1|TW|TC|TR|TM|TP|H1|TT|TG|TŁ|TB|TH|B1|C1|TL|TI
L	3123	To jest zmienna X-23.
L	3124	Tak wygląda polityka PiS.
L	3125	To nieznany w przyrodzie przypadek fachowca z ZChN.
L	3126	Niewielu Polaków jadło kebaba.
L	3127	Przyglądam się polakom i Ukraińcom.
M	3127	Polak	1	15	22	Other	Małą literą piszemy tylko nazwę przedmiotu szkolnego w gwarze uczniowskiej. Nazwy narodowości piszemy dużą: <suggestion>Polakom</suggestion>.	Polakom
L	3128	Ortografia to jego pięta Achillesowa.
M	3128	PIETA_ACHILLESOWA	1	19	36	Other	To wyrażenie piszemy małą literą: <suggestion>pięta achillesowa</suggestion>.	pięta achillesowa
L	3129	Czasy te odpowiadają częstotliwości kilkuset Hertzów.
M	3129	herc_om	1	45	52	Other	Ta jednostka miary pisana jest małą literą: <suggestion>herców</suggestion>	herców
L	3130	Czasy te odpowiadają częstotliwości kilkuset herców.
L	3131	Czasy te odpowiadają częstotliwości 100 Hertzów.
M	3131	herc_om	2	40	47	Other	Ta jednostka miary pisana jest małą literą: <suggestion>herców</suggestion>	herców
L	3132	Czasy te odpowiadają częstotliwości 100 herców.
L	3133	Kup rezystor o oporności kilkuset Ohmów.
M	3133	herc_om	3	34	39	Other	Ta jednostka miary pisana jest małą literą: <suggestion>omów</suggestion>	omów
L	3134	Potrzebujesz opornika na 100 Ohmów.
M	3134	herc_om	4	29	34	Other	Ta jednostka miary pisana jest małą literą: <suggestion>omów</suggestion>	omów
L	3135	Te głośniki mają moc stu Wattów.
M	3135	herc_om	5	25	31	Other	Ta jednostka miary pisana jest małą literą: <suggestion>watów</suggestion>	watów
L	3136	Te głośniki mają moc stu watów.
L	3137	Te głośniki mają moc 1400 Wattów.
M	3137	herc_om	6	26	32	Other	Ta jednostka miary pisana jest małą literą: <suggestion>watów</suggestion>	watów
L	3138	Te głośniki mają moc 1400 watów.
L	3139	Sztuką zajmują się Ci, którzy tego chcą!
M	3139	CI_KTORZY	1	19	21	Other	Prawdopodobnie ten wyraz nie jest zaimkiem osobowym (nie oznacza „tobie”, lecz jest formą zaimka „ten”), więc nie ma sensu pisać go wielką literą. Poprawnie: <suggestion>ci</suggestion>.	ci
L	3140	Powiem Ci, że mam ochotę na ciastko.
L	3141	„Ci, którzy stworzyli te cuda — myślał Wokulski ...
M	3141	PL_UNPAIRED_BRACKETS		0	1	Other	Brak niesparowanego symbolu: „””	
L	3142	— Ci, którzy byli u pana? — spytał Jumart.
M	3142	MORFOLOGIK_RULE_PL_PL		35	41	Other	Wykryto prawdopodobny błąd pisowni	Jum art
L	3143	Zostań z Nami!
M	3143	ZBEDNA_WIELKA_LITERA_TY	1	9	13	Other	Prawdopodobnie zbędna wielka litera. Zaimki osobowe piszemy wielką literą wyłącznie w drugiej osobie. Poprawnie: <suggestion>nami</suggestion>.	nami
L	3144	Piszę do Ciebie powoli list, bo wiem, że powoli czytasz.
L	3145	Zostań z nami!
L	3146	Ten pies nie zrobi Ci krzywdy.
L	3147	Z każdym dniem kocham Cię coraz bardziej.
L	3148	Kojarzysz brytyjską agencję Mi 6?
L	3149	1600 śmigłowców szturmowych: Mi-24 i Mi-28 oraz Mi-8TB
L	3150	Porozmawiaj z Naszymi konsultantami!
M	3150	ZBEDNA_WIELKA_LITERA_TY	2	14	21	Other	Prawdopodobnie zbędna wielka litera. Zaimki osobowe piszemy wielką literą wyłącznie w drugiej osobie. Poprawnie: <suggestion>naszymi</suggestion>.	naszymi
L	3151	Wiem, że to Twoja sprawa.
L	3152	Porozmawiaj z naszymi konsultantami!
L	3153	Z Józkiem od razu przeszliśmy na ty.
L	3154	Z Józkiem od razu przeszliśmy na Ty.
M	3154	ZBEDNA_WIELKA_LITERA_TY	3	30	35	Other	Zbędna wielka litera. To utarte wyrażenie, a nie zwrot grzecznościowy. Poprawnie: <suggestion>na ty</suggestion>.	na ty
L	3155	Z Józkiem od razu przeszliśmy na ty.
L	3156	Z Józkiem przeszliśmy od razu na „Ty”.
M	3156	ZBEDNA_WIELKA_LITERA_TY	4	30	37	Other	Zbędna wielka litera i cudzysłów. To utarte wyrażenie, a nie zwrot grzecznościowy. Poprawnie: <suggestion>na ty</suggestion>.	na ty
L	3157	Z Józkiem od razu przeszliśmy na ty.
L	3158	Z Józkiem byłem per „Ty”.
M	3158	ZBEDNA_WIELKA_LITERA_TY	5	16	24	Other	Zbędna wielka litera i cudzysłów. To utarte wyrażenie, a nie zwrot grzecznościowy. Poprawnie: <suggestion>per ty</suggestion>.	per ty
L	3159	Z Józkiem od razu przeszliśmy na ty.
L	3160	Z Józkiem byłem per Ty.
M	3160	ZBEDNA_WIELKA_LITERA_TY	6	16	22	Other	Zbędna wielka litera i cudzysłów. To utarte wyrażenie, a nie zwrot grzecznościowy. Poprawnie: <suggestion>per ty</suggestion>.	per ty
L	3161	W Toruniu ogromne interesy prowadzą Redemptoryści.
M	3161	JEZUITA	1	36	49	Other	Nazwy zakonników z zakonów nierycerskich pisze się małą literą: <suggestion>redemptoryści</suggestion>.	redemptoryści
L	3162	W Toruniu potęgą są jezuici.
L	3163	Po zabójstwie Marian Płoński zaalarmował milicję.
L	3164	Paulina to wie.
L	3165	Na Dominikanie jest dużo ludzi.
L	3166	Nie zgodził się na to Marian Krzaklewski.
L	3167	To piękna książka w języku Katalońskim.
M	3167	JEZYK_POLSKI	1	20	38	Other	Przymiotniki wywodzące się z nazw języków piszemy małą literą (chyba że w innej nazwie własnej): <suggestion>języku katalońskim</suggestion>.	języku katalońskim
L	3168	Dbaj o wymowę w języku polskim.
L	3169	Rada Języka Polskiego.
L	3170	Opublikujemy listę agentów Rosyjskich.
M	3170	JEZYK_POLSKI	1	19	37	Other	Przymiotniki wywodzące się z nazw języków piszemy małą literą (chyba że w innej nazwie własnej): <suggestion>agentów rosyjskich</suggestion>.	agentów rosyjskich
L	3171	To grobowiec Ludwika Niemieckiego.
L	3172	KONNICA ROSYJSKA
L	3173	Niech żyje Byczysław, z łaski Bożej król Polski i Litwy!
M	3173	MORFOLOGIK_RULE_PL_PL		11	20	Other	Wykryto prawdopodobny błąd pisowni	Byczy sław
L	3174	wielkorządca Polski z ramienia caratu
M	3174	UPPERCASE_SENTENCE_START		0	12	Other	To zdanie nie zaczyna się wielką literą	Wielkorządca
L	3175	Śmiał się z nadmiaru makaronów w żołądku pana Słowackiego.
L	3176	Autorem „Kordiana” jest Juliusz Słowacki.
L	3177	Został prezesem Narodowego Banku Polskiego.
L	3178	Tekst ukazał się w „Nauce Polskiej”.
L	3179	Z inicjatywy krośnieńskiego oddziału Polskiego Towarzystwa Leśnego powstaje bajka…
L	3180	Liga Arabska powstała w 1945 roku.
L	3181	Czytałem to w „Gazecie wyborczej”.
M	3181	PISOWNIA_NAZW_CZASOPISM	1	15	32	Other	Tytuły czasopism pisze się wielkimi literami: <suggestion>Gazecie Wyborczej</suggestion>.	Gazecie Wyborczej
L	3182	Czytałem to w „Gazecie Wyborczej”.
L	3183	Czytałem gazety ukraińskie.
L	3184	Gazety francuskie nie są takie ciekawe.
L	3185	Kurier ten wręczył pani Sanseverina kilka listów hrabiego.
M	3185	MORFOLOGIK_RULE_PL_PL		24	35	Other	Wykryto prawdopodobny błąd pisowni	
L	3186	Gazeta holenderska "De Volkskrant" skomentowała oskarżenia.
M	3186	MORFOLOGIK_RULE_PL_PL		23	33	Other	Wykryto prawdopodobny błąd pisowni	
L	3187	Czytałem to w „Przeglądzie filozoficzno-literackim”.
M	3187	PISOWNIA_NAZW_CZASOPISM	2	15	50	Other	Tytuły czasopism pisze się wielkimi literami: <suggestion>Przeglądzie Filozoficzno-Literackim</suggestion>.	Przeglądzie Filozoficzno-Literackim
L	3188	Czytałem to w „Przeglądzie Filozoficzno-Literackim”.
L	3189	W ub. r. Holendrzy kupili tygodnik ekonomiczno-finansowy "Figyelo".
M	3189	MORFOLOGIK_RULE_PL_PL		58	65	Other	Wykryto prawdopodobny błąd pisowni	
L	3190	Należy do niej „Słowo Ludu” - dziennik informacyjno-publicystyczny.
L	3191	Zwiedzałem Frankfurt Nad Menem.
M	3191	FRANKFURT_NAD_MENEM	1	21	24	Other	W nazwach geograficznych ta cząstka jest pisana małą literą: <suggestion>nad</suggestion>.	nad
L	3192	Piękne jest zwłaszcza województwo Mazowieckie.
M	3192	WOJ_MAZOWIECKIE	1	34	45	Other	Nazwy województw piszemy małą literą: <suggestion>mazowieckie</suggestion>.	mazowieckie
L	3193	Mieszkam w województwie mazowieckim.
L	3194	Prezes komisji województwa Radoszewski także się na niej wzorował.
L	3195	Do władz województwa Mazowiecki wysłał depeszę.
L	3196	Urząd Marszałkowski Województwa Mazowieckiego
L	3197	A do Sejmu wejdzie radna Sejmiku Województwa Mazowieckiego Ewa Kopacz.
L	3198	Piękne jest zwłaszcza województwo Warmińsko-Mazurskie.
M	3198	WOJ_MAZOWIECKIE	2	34	53	Other	Nazwy województw piszemy małą literą: <suggestion>warmińsko-mazurskie</suggestion>.	warmińsko-mazurskie
L	3199	Mieszkam w województwie mazowieckim.
L	3200	Urząd Marszałkowski Województwa Kujawsko-Pomorskiego
L	3201	Przetargi w Małkini to istna wolna Amerykanka.
M	3201	WOLNA_AMERYKANKA	1	29	45	Other	Powinno być: <suggestion>wolna amerykanka</suggestion> (=walka zapaśnicza w stylu wolnoamerykańskim; jeśli chodzi o mieszkanki Ameryki, to oczywiście wielką literą).	wolna amerykanka
L	3202	Przetargi w Małkini to istna wolna amerykanka.
L	3203	Czy mówisz po Angielsku?
M	3203	PO_POLSKU	1	14	23	Other	Prawdopodobny błąd ortograficzny. Nazwy języków piszemy małą literą. Powinno być: <suggestion>angielsku</suggestion>.	angielsku
L	3204	Świetnie piszę po polsku.
L	3205	Mieszkam przy al. Świerczewskiego.
M	3205	AL_UJAZDOWSKIE	3	14	33	Other	W takich adresach pierwszy człon piszemy wielką literą: <suggestion>Al. Świerczewskiego</suggestion>.	Al. Świerczewskiego
L	3206	Kancelaria mieści się w Warszawie, pod adresem al. Ujazdowskie 123412.
M	3206	AL_UJAZDOWSKIE	1	47	62	Other	W wypadku takich adresów pierwszy wyraz również piszemy wielką literą. Poprawnie: <suggestion>Al. Ujazdowskie</suggestion>.	Al. Ujazdowskie
L	3207	Kancelaria mieści się w Warszawie, pod adresem Al. Ujazdowskie 12133.
L	3208	Jedną z piękniejszych ulic w Warszawie są aleje Jerozolimskie.
M	3208	AL_UJAZDOWSKIE	2	42	61	Other	W wypadku takich adresów pierwszy wyraz również piszemy wielką literą. Poprawnie: <suggestion>Aleje Jerozolimskie</suggestion>.	Aleje Jerozolimskie
L	3209	Mieszkam przy Alejach Świerczewskiego.
L	3210	Przy Alejach Jerozolimskich jest piękna, sztuczna palma.
L	3211	Mieszkał wraz z rodziną w Sopocie przy Al. Niepodległości.
L	3212	Mieszkał wraz z rodziną w Sopocie przy al. Niepodległości.
M	3212	AL_UJAZDOWSKIE	3	39	57	Other	W takich adresach pierwszy człon piszemy wielką literą: <suggestion>Al. Niepodległości</suggestion>.	Al. Niepodległości
L	3213	Kancelaria mieści się w Warszawie, pod adresem Al. Ujazdowskie 12133.
L	3214	Mieszkam przy Al. Świerczewskiego.
L	3215	Mieszkam przy al. Świerczewskiego.
M	3215	AL_UJAZDOWSKIE	3	14	33	Other	W takich adresach pierwszy człon piszemy wielką literą: <suggestion>Al. Świerczewskiego</suggestion>.	Al. Świerczewskiego
L	3216	Mieszkam przy ul. Świerczewskiego.
L	3217	Ul. Jana Pawła 2 nr 123 m. 458
L	3218	Kancelaria mieści się w Warszawie, Ul. Świerczewskiego 123412.
M	3218	AL_UJAZDOWSKIE	4	35	54	Other	W wypadku takich adresów pierwszy wyraz również piszemy małą literą. Poprawnie: <suggestion>ul. Świerczewskiego</suggestion>.	ul. Świerczewskiego
L	3219	Kancelaria mieści się w Warszawie, pod adresem Al. Ujazdowskie 12133.
L	3220	Mieszkam przy ulicy Kubusia Puchatka.
L	3221	Ulica Kubusia Puchatka 1
L	3222	Kancelaria mieści się w Warszawie, Ulica Świerczewskiego 123412.
M	3222	AL_UJAZDOWSKIE	5	35	56	Other	W wypadku takich adresów pierwszy wyraz również piszemy małą literą. Poprawnie: <suggestion>ulica Świerczewskiego</suggestion>.	ulica Świerczewskiego
L	3223	Kancelaria mieści się w Warszawie, pod adresem Al. Ujazdowskie 12133.
L	3224	Odkryłem Kometę Rady Języka Polskiego.
L	3225	A tak, to kometa Halleya.
M	3225	KOMETA_RJP	1	10	24	Other	W nazwach komet wszystkie człony zapisujemy wielką literą. Poprawnie: <suggestion>Kometa Halleya</suggestion>.	Kometa Halleya
L	3226	Radzieccy uczeni na podstawie pism Lenina przewidzieli kometę ISON.
M	3226	KOMETA_RJP	1	55	66	Other	W nazwach komet wszystkie człony zapisujemy wielką literą. Poprawnie: <suggestion>Kometę ISON</suggestion>.	Kometę ISON
L	3227	Małysz to najlepszy reprezentant polski.
M	3227	REPREZENTANT_POLSKI	1	20	39	Other	Prawdopodobnie błędna forma i pisownia. Powinno być: <suggestion>reprezentant Polski</suggestion>.	reprezentant Polski
L	3228	Małysz to najlepszy reprezentant Polski.
L	3229	Wiadomo, że on jest najlepszym polskim reprezentantem.
M	3229	REPREZENTANT_POLSKI	2	31	53	Other	Prawdopodobnie błędna forma i pisownia. Powinno być: <suggestion>reprezentantem Polski</suggestion>.	reprezentantem Polski
L	3230	Wiadomo, że on jest najlepszym reprezentantem Polski.
L	3231	Szkoła Podstawowa Nr 41
M	3231	SZKOLA_NR	1	0	20	Other	Błąd ortograficzny; poprawnie: <suggestion>Szkoła Podstawowa nr</suggestion>.	Szkoła Podstawowa nr
L	3232	Nie wiedziałem, że jesteś takim nocnym markiem.
L	3233	Nie wiedziałem, że jesteś takim nocnym Markiem.
M	3233	NOCNY_MAREK	1	32	46	Other	Błąd ortograficzny; „marek” to ludowa nazwa pokutującej duszy. Poprawnie: <suggestion>nocnym markiem</suggestion>.	nocnym markiem
L	3234	Spotkaliśmy się z przedstawicielami trzeciego świata.
M	3234	TRZECI_SWIAT	1	36	52	Other	To wyrażenie pisze się wielkimi literami: <suggestion>Trzeciego Świata</suggestion> (=kraje rozwijające się).	Trzeciego Świata
L	3235	Spotkaliśmy się z przedstawicielami Trzeciego Świata.
L	3236	Jadę nad Może Bałtyckie.
M	3236	MOZE_BALTYCKIE	1	9	13	Other	Możliwy błąd ortograficzny. Czy chodziło o <suggestion>Morze</suggestion>?	Morze
L	3237	A może czarne ravioli lub czarny makaron?
L	3238	Polska ma dostęp do Morza bałtyckiego.
M	3238	MORZE_BALTYCKIE	1	20	37	Other	Błędna pisownia. Powinno być: <suggestion>Morza Bałtyckiego</suggestion>.	Morza Bałtyckiego
L	3239	Uwielbiam cywilizację basenu Morza Śródziemnego.
L	3240	Widziałem nad tamtym morzem bałtyckie rybitwy.
L	3241	Polska ma dostęp do morza Bałtyckiego.
M	3241	MORZE_BALTYCKIE	2	20	37	Other	Błędna pisownia. Powinno być: <suggestion>Morza Bałtyckiego</suggestion>.	Morza Bałtyckiego
L	3242	Polska ma dostęp do morza bałtyckiego.
M	3242	MORZE_BALTYCKIE	2	20	37	Other	Błędna pisownia. Powinno być: <suggestion>Morza Bałtyckiego</suggestion>.	Morza Bałtyckiego
L	3243	Uwielbiam cywilizację basenu Morza Śródziemnego.
L	3244	Widziałem nad tamtym morzem bałtyckie rybitwy.
L	3245	To przedstawiciele Ameryki Łacińskiej.
L	3246	On się przejmuje Ameryką łacińską.
M	3246	ameryka_lacinska	1	17	33	Other	Błędna pisownia. Powinno być: <suggestion>Ameryką Łacińską</suggestion>.	Ameryką Łacińską
L	3247	To przedstawiciele Republiki Czeskiej.
L	3248	Myślałem często o republice Czeskiej.
M	3248	republika_jakas	1	18	36	Other	Błędna pisownia. Powinno być: <suggestion>Republice Czeskiej</suggestion>.	Republice Czeskiej
L	3249	Polska nie ma dostępu do Oceanu atlantyckiego.
M	3249	OCEAN_ATLANTYCKI	1	25	45	Other	Błędna pisownia. Powinno być: <suggestion>Oceanu Atlantyckiego</suggestion>.	Oceanu Atlantyckiego
L	3250	Uwielbiam klimat Oceanu Atlantyckiego.
L	3251	Widziałem nad tamtym oceanem spokojne rybitwy.
L	3252	Polska nie ma dostępu do oceanu Atlantyckiego.
M	3252	OCEAN_ATLANTYCKI	2	25	45	Other	Błędna pisownia. Powinno być: <suggestion>Oceanu Atlantyckiego</suggestion>.	Oceanu Atlantyckiego
L	3253	Polska ma dostęp do oceanu atlantyckiego.
M	3253	OCEAN_ATLANTYCKI	2	20	40	Other	Błędna pisownia. Powinno być: <suggestion>Oceanu Atlantyckiego</suggestion>.	Oceanu Atlantyckiego
L	3254	Uwielbiam klimat Oceanu Atlantyckiego.
L	3255	Widziałem nad tamtym oceanem spokojne rybitwy.
L	3256	Wybuchły zamieszki na Sri lance.
M	3256	SRI_LANKA	1	22	31	Other	Błąd pisowni. Powinno być: <suggestion>Sri Lance</suggestion>.	Sri Lance
L	3257	Wybuchły zamieszki na Sri Lance.
L	3258	Mieszkam w Bielsku-białej.
M	3258	BIELSKO_BIALA	1	11	25	Other	W dwuczłonowych nazwach miast oba człony piszemy wielką literą: <suggestion>Bielsku-Białej</suggestion>	Bielsku-Białej
L	3259	Mieszkam w Bielsku-Białej.
L	3260	Mieszkam w Rabce-zdroju.
M	3260	BIELSKO_BIALA	2	11	23	Other	W dwuczłonowych nazwach miast oba człony piszemy wielką literą: <suggestion>Rabce-Zdroju</suggestion>	Rabce-Zdroju
L	3261	Mieszkam w Rabce-Zdroju.
L	3262	Byłem w Rudzie śląskiej.
M	3262	BIELSKO_BIALA	3	8	23	Other	W dwuczłonowych nazwach miast oba człony piszemy wielką literą: <suggestion>Rudzie Śląskiej</suggestion>.	Rudzie Śląskiej
L	3263	Byłem w Rudzie Śląskiej.
L	3264	To się stało w Wielki Piątek.
L	3265	Poniedziałek to idealny początek tygodnia.
L	3266	To się zdarzyło w Środę Popielcową albo Niedzielę Palmową, sam nie pamiętam.
L	3267	Niebawem będzie Niedziela Miłosierdzia Bożego.
L	3268	To stało się w Pon Petri.
M	3268	SKROTY_Z_KROPKA	1	15	18	Other	Ten skrót piszemy z kropką: <suggestion>Pon.</suggestion>	Pon.
L	3269	Robimy dorsza co Piątek.
M	3269	DNI_TYGODNIA	1	17	23	Other	Nazwy dni tygodnia piszemy małą literą: <suggestion>piątek</suggestion>	piątek
L	3270	To się stało w Wielki Piątek.
L	3271	To się stało w wielki piątek.
M	3271	DNI_TYGODNIA	2	15	28	Other	Nazwę tego święta piszemy wielką literą: <suggestion>Wielki Piątek</suggestion>	Wielki Piątek
L	3272	To się stało w Środę Popielcową.
L	3273	To się stało w środę popielcową.
M	3273	DNI_TYGODNIA	3	15	31	Other	Nazwę tego święta piszemy wielką literą: <suggestion>Środę Popielcową</suggestion>	Środę Popielcową
L	3274	To się stało w Niedzielę Palmową.
L	3275	To się stało w niedzielę palmową.
M	3275	DNI_TYGODNIA	4	15	32	Other	Nazwę tego święta piszemy wielką literą: <suggestion>Niedzielę Palmową</suggestion>	Niedzielę Palmową
L	3276	To się stało w lany poniedziałek.
L	3277	To się stało w poniedziałek wielkanocny.
M	3277	DNI_TYGODNIA	5	15	39	Other	Nazwę tego święta piszemy wielką literą: <suggestion>Poniedziałek Wielkanocny</suggestion>	Poniedziałek Wielkanocny
L	3278	To się stało w Niedzielę Miłosierdzia Bożego.
L	3279	To się stało w niedzielę miłosierdzia bożego.
M	3279	DNI_TYGODNIA	6	15	44	Other	Nazwę tego święta piszemy wielką literą: <suggestion>Niedzielę Miłosierdzia Bożego</suggestion>	Niedzielę Miłosierdzia Bożego
L	3280	Usterka polega na tym, że tylne głośniki grają dużo ciszej nisz przednie.
M	3280	LEPIEJ_NISZ_LEPIEJ_NIZ	1	59	63	Other	Prawdopodobnie błąd ortograficzny. Powinno być: <suggestion>niż</suggestion>.	niż
L	3281	Usterka polega na tym, że tylne głośniki grają dużo ciszej niż przednie.
L	3282	Nie powinniśmy się godzić na spychanie bardów do coraz ciaśniejszych nisz...
L	3283	Szliśmy wzdłuż drużki.
M	3283	POLNA_DRUZKA_POLNA_DROZKA	1	15	21	Other	Błąd ortograficzny. Powinno być: <suggestion>dróżki</suggestion>.	dróżki
L	3284	Szliśmy wzdłuż dróżki.
L	3285	Szliśmy wzdłuż błotnistej drużki.
M	3285	POLNA_DRUZKA_POLNA_DROZKA	2	26	32	Other	Błąd ortograficzny. Powinno być: <suggestion>dróżki</suggestion>.	dróżki
L	3286	Szliśmy wzdłuż błotnistej dróżki.
L	3287	Szliśmy wzdłuż Drużki Różańcowej.
M	3287	POLNA_DRUZKA_POLNA_DROZKA	1	15	21	Other	Błąd ortograficzny. Powinno być: <suggestion>Dróżki</suggestion>.	Dróżki
L	3288	Szliśmy wzdłuż Dróżki Różańcowej.
L	3289	Jakie zabytki nadaja się na pocztówki w Krasnym Stawie?
M	3289	MORFOLOGIK_RULE_PL_PL		14	20	Other	Wykryto prawdopodobny błąd pisowni	nadają|nadaje|padają|żądają|badają|latają|nadając|nadała|zadają|gadają|nadaję|nadąża|nadaj|nadana|jadają|nadaną|łatają|Natana|rataja|zataja|Rataja|nastają|Nadala|nadążą|Dadaja|Madaja|nadawa|nahaja|zatają|Nanaja|Nastaja|matają|nabaja|nabają|nadawą|naddają|nadoją|nadąsa|napaja|naraja|narają|nataka|nataką|natkają|nałają|nad aja|nada ja|nadaj a
M	3289	KRASNY_STAW	1	40	54	Other	Tę nazwę miasta piszemy łącznie<suggestion>Krasnymstawie</suggestion>	Krasnymstawie
L	3290	Za panowania Władysława Jagiełły zaczęła się upowszechniać nowa nazwa: Krasny Staw - Krasnystaw.
M	3290	DYWIZ	1	78	95	Other	Spacje wokół dywizu (w przeciwieństwie do myślnika) są zbędne: <suggestion>Staw-Krasnystaw</suggestion>; jeśli to miał być myślnik, to należy napisać <suggestion>Staw — Krasnystaw</suggestion>.	Staw-Krasnystaw|Staw — Krasnystaw
L	3291	Jakie zabytki nadaja się na pocztówki w Białym stoku?
M	3291	MORFOLOGIK_RULE_PL_PL		14	20	Other	Wykryto prawdopodobny błąd pisowni	nadają|nadaje|padają|żądają|badają|latają|nadając|nadała|zadają|gadają|nadaję|nadąża|nadaj|nadana|jadają|nadaną|łatają|Natana|rataja|zataja|Rataja|nastają|Nadala|nadążą|Dadaja|Madaja|nadawa|nahaja|zatają|Nanaja|Nastaja|matają|nabaja|nabają|nadawą|naddają|nadoją|nadąsa|napaja|naraja|narają|nataka|nataką|natkają|nałają|nad aja|nada ja|nadaj a
M	3291	BIALY_STOK	1	40	52	Other	Tę nazwę miasta piszemy łącznie<suggestion>Białymstoku</suggestion>	Białymstoku
L	3292	Alpy Włoskie kuszą natomiast białymi stokami w blasku promieni słonecznych.
L	3293	Prawie ich znienawidziłam, bo takie podejscie do kobiet jest kary godne.
M	3293	MORFOLOGIK_RULE_PL_PL		36	45	Other	Wykryto prawdopodobny błąd pisowni	podejście|odejście|podejścia|podejściu|podejściem|podeście
M	3293	KARY_GODNY	1	61	71	Other	Prawdopodobny błąd ortograficzny. Ten wyraz pisze się łącznie: <suggestion>karygodne</suggestion>.	karygodne
L	3294	To jest najwyższej kary godne.
M	3294	ADJ_SUBST_ADJ_UNIFY	1	8	29	Other	Przypuszczalnie brak zgodności form przypadków przymiotników i rzeczownika: najwyższej kary godne.	
L	3295	Dzieciak nie rozumie, bo wszystko przednim.
M	3295	WSZYSTKO_PRZEDNIM	1	25	42	Other	Błąd ortograficzny. Powinno być: <suggestion>wszystko przed nim</suggestion>.	wszystko przed nim
L	3296	Był nade wszystko przednim artystą.
L	3297	Stoi przednim kołem na moście.
L	3298	W tym roku uczniowie z województwa kujawsko-pomorskiego jako pierwsi w Polsce, razem z dziećmi i młodzieżą z województw: lubuskiego, małopolskiego, święto krzyskiego...
M	3298	SWIETO_KRZYSKI	1	148	165	Other	Ten wyraz piszemy łącznie: <suggestion>świętokrzyskiego</suggestion>.	świętokrzyskiego
L	3299	A na mało solny rarytas trzeba będzie jeszcze trochę poczekać.
M	3299	MALO_SOLNY	1	5	15	Other	Prawdopodobnie błąd ortograficzny. Ten wyraz pisze się razem: <suggestion>małosolny</suggestion>.	małosolny
L	3300	Nasz tamtejszy korespondent Piotr Andrusieczko pisze o sytuacji w Siewierodoniecku, gdzie walki trwają o każdą pięć ziemi.
M	3300	MORFOLOGIK_RULE_PL_PL		34	46	Other	Wykryto prawdopodobny błąd pisowni	
M	3300	PIEC_PIEDZ_ZIEMI	1	111	121	Other	Prawdopodobne błąd ortograficzny. Czy chodziło o <suggestion>piędź ziemi</suggestion>?	piędź ziemi
L	3301	Krew mu leciała z uha.
M	3301	DO_UHA	1	18	21	Other	Prawdopodobny błąd ortograficzny. Czy chodziło o <suggestion>ucha</suggestion>?	ucha
L	3302	Można się od stresować.
M	3302	OD_STRESOWAĆ	1	10	22	Other	Błąd ortograficzny. Ten wyraz piszemy łącznie: <suggestion>odstresować</suggestion>.	odstresować
L	3303	Ten eschatologiczny moment jest szczególnie mocno odczuwany pod czas katastrof, wojen, rewolucji i kryzysów cywilizacyjnych.
M	3303	POD_CZAS_PODCZAS	1	60	68	Other	Błąd ortograficzny. Ten przyimek piszemy łącznie: <suggestion>podczas</suggestion>.	podczas
L	3304	Polecam też kity do podług firmy Soudal.
M	3304	PODLUG_PODLOG	1	20	26	Other	Prawdopodobnie błąd ortograficzny. Czy chodziło o <suggestion>podłóg</suggestion> (dopełniacz od „podłoga”)?	podłóg
M	3304	MORFOLOGIK_RULE_PL_PL		33	39	Other	Wykryto prawdopodobny błąd pisowni	Spytał|Sołdat|Smutał|Sou dal
L	3305	Jestem wielbicielem podług drewnianych.
M	3305	PODLUG_PODLOG	2	20	26	Other	Prawdopodobnie błąd ortograficzny. Czy chodziło o <suggestion>podłóg</suggestion> (dopełniacz od „podłoga”)?	podłóg
L	3306	Nie mniej jednak Kołakowski był filozofem.
M	3306	nie_mniej_jednak	1	0	9	Other	Ten wyraz prawdopodobnie należy zapisać łącznie: <suggestion>Niemniej</suggestion>.	Niemniej
L	3307	Skazany w pierwszej instancji na karę grzywny obowiązany jest uiścić opłatę w wysokości 10%, nie mniej jednak niż 30 zł.
L	3308	Szymon nalegał, żebyś my je także umieścili.
M	3308	ZEBYS_MY_ZEBYSMY	1	16	24	Other	Ten wyraz piszemy łącznie: <suggestion>żebyśmy</suggestion>.	żebyśmy
L	3309	Szymon nalegał, żebyśmy je także umieścili.
L	3310	Nie trudno dostrzec, że rodzeństwo jest nam potrzebne.
M	3310	NIE_ADV	3	0	10	Other	Po reformie pisowni „nie” z przysłówkami piszemy łącznie, czyli poprawnie będzie <suggestion>nietrudno</suggestion>.	Nietrudno
L	3311	Nietrudno dostrzec, że rodzeństwo jest nam potrzebne.
L	3312	Szło nie trudno, lecz całkiem łatwo.
L	3313	Autor badał jedynie objawy depresyjne, co warto był oby rozróżnić.
M	3313	BYL_OBY_BYLOBY	1	48	55	Other	Ten wyraz piszemy łącznie: <suggestion>byłoby</suggestion>	byłoby
L	3314	Autor badał jedynie objawy depresyjne, co warto byłoby rozróżnić.
L	3315	Autor badał jedynie objawy depresyjne, co warto był o by rozróżnić.
M	3315	BYL_OBY_BYLOBY	2	48	56	Other	Ten wyraz piszemy łącznie: <suggestion>byłoby</suggestion>	byłoby
L	3316	Autor badał jedynie objawy depresyjne, co warto byłoby rozróżnić.
L	3317	Chciałbym, abyśmy w tym wątku oprócz wierz powstających w Paryżu, dyskutowali także o ich symbolice.
M	3317	WIERZ_WIEZ	1	37	42	Other	Czy chodziło o <suggestion>wież</suggestion> (dopełniacz l.m. od „wieża”)?	wież
L	3318	Oto pozostałości dwóch wierz u stóp wzgórza.
M	3318	WIERZ_WIEZ	1	23	28	Other	Czy chodziło o <suggestion>wież</suggestion> (dopełniacz l.m. od „wieża”)?	wież
L	3319	Ale puki co to nam wystarczy.
M	3319	BOWIEM_ZAS	1	0	3	Hint	Ten wyraz nie powinien występować na początku zdania.	
M	3319	PUKI_CO_NA_RAZIE	1	4	11	Other	Dwa błędy w jednym: rusycyzm (póki co) i błąd ortograficzny. Powinno być: <suggestion>na razie</suggestion>	na razie
L	3320	Ale na razie to nam wystarczy.
M	3320	BOWIEM_ZAS	1	0	3	Hint	Ten wyraz nie powinien występować na początku zdania.	
L	3321	Napisałem to w kodzie Morsa.
M	3321	KOD_MORSA_KOD_MORSEA	1	15	27	Other	Czy chodziło o <suggestion>kodzie Morse’a</suggestion>?	kodzie Morse’a
L	3322	Ledwo zniosłem jego 5 minutowy atak kaszlu.
M	3322	LICZBA_BEZ_DYWIZU_Z_PRZYMIOTNIKIEM	1	20	30	Other	Prawdopodobnie brak dywizu w tym wyrazie: <suggestion>5-minutowy</suggestion>?	5-minutowy
L	3323	w Chinach w związku z organizowanymi tam w 2008 letnimi Igrzyskami Olimpijskimi.
L	3324	Misz masz 5 września
M	3324	MISZ_MASZ_MISZMASZ	1	0	9	Other	Ten wyraz pisze się łącznie: <suggestion>Miszmasz</suggestion>.	Miszmasz
L	3325	Nikt z nas niemiał o tym pojęcia.
M	3325	NIGDY_NIE	1	0	33	Other	W tym zdaniu brak słowa „nie”.	
L	3326	Pozwól mi zajrzeć wgłąb swej duszy.
M	3326	WGLAB_W_GLAB	1	18	23	Other	Prawdopodobny błąd ortograficzny. Czy chodziło o <suggestion>w głąb</suggestion> (= głęboko, w dół)?	w głąb
L	3327	Pozwól mi zajrzeć w głąb swej duszy.
L	3328	Pozwól mi zajrzeć wgłąb.
M	3328	WGLAB_W_GLAB	2	18	23	Other	Prawdopodobny błąd ortograficzny. Czy chodziło o <suggestion>w głąb</suggestion> (= głęboko, w dół)?	w głąb
L	3329	Pozwól mi zajrzeć w głąb.
L	3330	Ziemia miała być odsprzedawana dzierżawcą.
M	3330	OM_A	1	31	41	Other	Prawdopodobny błąd ortograficzny. Czy chodziło o <suggestion>dzierżawcom</suggestion>?	dzierżawcom
L	3331	Ziemia miała być odsprzedawana dzierżawcom.
L	3332	Pojechałem do Europy zachodniej.
M	3332	EUROPA_ZACHODNIA	1	14	31	Other	Błąd ortograficzny, jeśli chodziło o państwa Europy zachodniej wchodzące w skład UE lub regiony Europy. Powinno być: <suggestion>Europy Zachodniej</suggestion>.	Europy Zachodniej
L	3333	Pojechałem do Europy Zachodniej.
L	3334	Ta moda panuje na kontynencie północno amerykańskim.
M	3334	POLNOCNO_AMERYKANSKI	1	30	51	Other	Ten wyraz pisze się łącznie: <suggestion>północnoamerykańskim</suggestion>.	północnoamerykańskim
L	3335	Ta moda panuje na kontynencie Północno Amerykańskim.
M	3335	POLNOCNO_AMERYKANSKI	1	30	51	Other	Ten wyraz pisze się łącznie: <suggestion>północnoamerykańskim</suggestion>.	północnoamerykańskim
L	3336	On czół się strasznie.
M	3336	CZUL_SIE	1	3	11	Other	Prawdopodobny błąd ortograficzny; czy chodziło o <suggestion>czuł się</suggestion> (formę czasownika „czuć”)?	czuł się
L	3337	On czuł się strasznie.
L	3338	Ale nie czół żadnego smaku.
M	3338	BOWIEM_ZAS	1	0	3	Hint	Ten wyraz nie powinien występować na początku zdania.	
M	3338	CZUL_SIE	2	8	12	Other	Prawdopodobny błąd ortograficzny; czy chodziło o <suggestion>czuł</suggestion> (formę czasownika „czuć”)?	czuł
L	3339	On czuł się strasznie.
L	3340	Tarcica obrzynana posiada obrobione wszystkie płaszczyzny oraz krawędzie czół.
L	3341	Ból jest krótko trwały.
M	3341	KROTKO_TRWALY	1	9	22	Other	Czy chodziło o przymiotnik <suggestion>krótkotrwały</suggestion>? Pisze się go łącznie.	krótkotrwały
L	3342	Ból jest krótkotrwały.
L	3343	Krotko trwaly spekulacje.
M	3343	PL_SIMPLE_REPLACE		0	6	Other	Wyraz „Krotko” to najczęściej literówka; poprawnie pisze się: krótko.	Krótko
M	3343	WOLACZ_BEZ_PRZECINKA	1	6	13	Other	Prawdopodobnie brak przecinka po rzeczowniku w wołaczu. Powinno być: <suggestion>, trwaly</suggestion>.	, trwaly
L	3344	Ale tak naprawdę, krótko trwały te radości.
M	3344	BOWIEM_ZAS	1	0	3	Hint	Ten wyraz nie powinien występować na początku zdania.	
L	3345	Te chwile krótko trwały.
L	3346	On wspomina o tym mimo chodem.
M	3346	MIMO_CHODEM	1	18	29	Other	Błąd ortograficzny. Ten wyraz pisze się łącznie: <suggestion>mimochodem</suggestion>.	mimochodem
L	3347	On wspomina o tym mimochodem.
L	3348	Dlatego po trzeba było wziąć szmatę.
M	3348	PO_TRZEBA	1	8	17	Other	Błąd ortograficzny. Ten wyraz pisze się łącznie: <suggestion>potrzeba</suggestion>.	potrzeba
L	3349	Czy na tabletkę dzień po trzeba mieć receptę?
L	3350	PO trzeba rozwiązać.
L	3351	O jej!
M	3351	O_JEJ	1	0	6	Other	Prawdopodobny błąd ortograficzny. Czy chodziło o <suggestion>ojej</suggestion> (=oj)?	Ojej
L	3352	Ojej!
L	3353	Rób ta, co chce ta!
M	3353	ROB_TA_CO_CHCE_TA	1	0	18	Other	To wyrażenie jest gwarowe i powinno się je zapisywać tak: <suggestion>róbta, co chceta</suggestion>	Róbta, co chceta
L	3354	Róbta, co chceta!
M	3354	MORFOLOGIK_RULE_PL_PL		0	5	Other	Wykryto prawdopodobny błąd pisowni	Robią|Robota|Robotą|Rubla|Ruta|Rota|Roota|Rotą|Robra|Rubra|Rutą|Rubat|Rubata|Rób ta
M	3354	MORFOLOGIK_RULE_PL_PL		10	16	Other	Wykryto prawdopodobny błąd pisowni	chce ta
L	3355	Coś wspaniałego dla moich kupek smakowych są w niebie.
M	3355	NIEZGODNOSC_LICZBY_PODMIOTU_I_ORZECZENIA	1	0	44	Other	Podmiot „Coś” jest niezgodny z liczbą orzeczenia „są”. Niepoprawna liczba któregoś z wyrazu lub brak przecinka.	
L	3356	Moje kubki smakowe są w niebie.
L	3357	Moje kupki smakowe są w niebie.
M	3357	KUPKI_SMAKOWE	2	5	18	Other	Błąd ortograficzny. Powinno być: <suggestion>kubki smakowe</suggestion>?	kubki smakowe
L	3358	Moje kubki smakowe są w niebie.
L	3359	Zwiększyć tępo marszu!
M	3359	TEPO_PRACY	1	10	14	Other	Czy chodziło o <suggestion>tempo</suggestion> (=prędkość)?	tempo
L	3360	Zwiększyć tempo marszu.
L	3361	Patrzyła na niego tępo.
L	3362	Często narzekamy na jego zbyt szybkie lub wolne tępo.
M	3362	TEPO_PRACY	2	48	52	Other	Czy chodziło o <suggestion>tempo</suggestion> (=prędkość)?	tempo
L	3363	Często narzekamy na jego zbyt szybkie lub wolne tempo.
L	3364	Patrzyła na niego tępo.
L	3365	Bardzo miło się słucha także "Crucified", który pomimo swojego wolnego tępa wręcz przytłacza tajemniczością.
M	3365	MORFOLOGIK_RULE_PL_PL		30	39	Other	Wykryto prawdopodobny błąd pisowni	
M	3365	TEPO_PRACY	3	71	75	Other	Czy chodziło o <suggestion>tempa</suggestion> (=prędkości)?	tempa
L	3366	Bardzo miło się słucha także "Crucified", który pomimo swojego wolnego tempa wręcz przytłacza tajemniczością.
M	3366	MORFOLOGIK_RULE_PL_PL		30	39	Other	Wykryto prawdopodobny błąd pisowni	
L	3367	Patrzyła na niego tępo.
L	3368	Patrzył tempo w płomienie w kominku.
M	3368	TEPO_PRACY	4	8	13	Other	Czy chodziło o <suggestion>tępo</suggestion> (=otępiale)?	tępo
L	3369	Patrzył tępo w płomienie w kominku.
L	3370	Bądź co bądź to prawda.
L	3371	Ale boć, co boć był najlepszym bratem na świecie.
M	3371	BOWIEM_ZAS	1	0	3	Hint	Ten wyraz nie powinien występować na początku zdania.	
M	3371	boc_co_badz	1	4	15	Other	Błąd ortograficzny. Poprawnie: <suggestion>bądź co bądź</suggestion>.	bądź co bądź
L	3372	Dajże mi spokój!
L	3373	Daj że mi spokój!
M	3373	DAJZE	1	0	6	Other	Te wyrazy należy napisać łącznie (jeśli cząstka „że” funkcjonuje jako wzmocnienie rozkazu) lub z przecinkiem, jeśli wprowadza zdanie podrzędne.	Dajże|Daj, że
L	3374	Gdzieżeś się podziewała tyle czasu?
L	3375	Gdzie żeś się podziewała tyle czasu?
M	3375	GDZIEZES	1	0	9	Other	To wyrażenie piszemy łącznie: <suggestion>Gdzieżeś</suggestion>.	Gdzieżeś
L	3376	Konrad poeta czuje się partnerem niemal że równorzędnym Bogu.
M	3376	NIEMALZE	1	33	42	Other	To słowo piszemy łącznie: <suggestion>niemalże</suggestion>.	niemalże
L	3377	Mówi, że nie nawidzi mnie.
M	3377	NIENAWIDZIC	1	9	20	Other	To słowo piszemy łącznie: <suggestion>nienawidzi</suggestion>.	nienawidzi
L	3378	To jest pismo popularnonaukowe.
L	3379	To jest pismo popularno-naukowe.
M	3379	POPULARNO_NAUKOWY	1	14	31	Other	Ten przymiotnik piszemy łącznie: <suggestion>popularnonaukowe</suggestion>.	popularnonaukowe
L	3380	Tego dnia po popołudniu jeszcze raz wpadli na podwórze żandarmi całym patrolem.
L	3381	Ja robiłam popołudniu i wyszedł mi zgodnie z prawdą.
M	3381	POPOLUDNIU	1	11	21	Other	Prawdopodobny błąd ortograficzny. Czy chodziło o <suggestion>po południu</suggestion>, czy o popołudnie (rzeczownik, oznaczający porę dnia)?	po południu
L	3382	Najbliższe wydanie programu poświęcone będzie "Popołudniu z dzielnicami", które odbyło się 4 maja.
L	3383	To kosztuje niemało, z tymże jest to cena uczciwa.
M	3383	Z_TYMZE	1	21	28	Other	Prawdopodobny błąd ortograficzny. Czy chodziło o spójnik złożony „<suggestion>z tym że</suggestion>” (=ale, jednak, z tym wyjątkiem, że)?	z tym że
L	3384	Poszliśmy na pocztę z tymże człowiekiem.
L	3385	Julek jest rządny władzy.
M	3385	RZADNY_CZEGO	1	11	17	Other	Prawdopodobny błąd ortograficzny. Czy chodziło o <suggestion>żądny</suggestion>?	żądny
L	3386	Obyśmy żyli w rządnej ojczyźnie.
L	3387	Bezsensu.
M	3387	BEZSENSU	1	0	8	Other	Prawdopodobny błąd ortograficzny. Czy chodziło o <suggestion>bez sensu</suggestion> („bezsensu” to dopełniacz od słowa „bezsens”)?	Bez sensu
L	3388	Bez sensu
L	3389	To jest bezsensu.
M	3389	BEZSENSU	2	8	16	Other	Prawdopodobny błąd ortograficzny. Czy chodziło o <suggestion>bez sensu</suggestion> („bezsensu” to dopełniacz od słowa „bezsens”)?	bez sensu
L	3390	Otacza nas morze bezsensu.
L	3391	Potrwa to za pewne kilka dni.
M	3391	ZA_PEWNE	1	10	18	Other	Prawdopodobny błąd ortograficzny. Ten przysłówek pisze się łącznie: <suggestion>zapewne</suggestion> (=chyba, prawdopodobnie).	zapewne
L	3392	Za pewne kwoty ludzie gotowi są zabijać.
L	3393	Dzisiaj jednak uznaje się za pewne, że to Watson zabił Holmesa.
L	3394	Szampana w brud, wódeczki ciut.
M	3394	W_BRUD	1	9	15	Other	Prawdopodobny błąd ortograficzny. Czy chodziło o <suggestion>w bród</suggestion> (=dużo)?	w bród
L	3395	Czystość wciąż zmieniała się w brud.
L	3396	Mieszkańcy skarżą się na bród, smród i hałas.
M	3396	BROD_BROD	1	25	29	Other	Prawdopodobny błąd ortograficzny. Czy chodziło o <suggestion>brud</suggestion>?	brud
L	3397	Mieszkańcy skarżą się na bród pod dywanem.
M	3397	BROD_BROD	2	25	29	Other	Prawdopodobny błąd ortograficzny. Czy chodziło o <suggestion>brud</suggestion>?	brud
L	3398	Mieszkańcy skarżą się na wszechobecny bród.
M	3398	BROD_BROD	3	38	42	Other	Prawdopodobny błąd ortograficzny. Czy chodziło o <suggestion>brud</suggestion>?	brud
L	3399	Futbol popada w monotonnie.
M	3399	MONOTONNIE_MONOTONIĘ	1	16	26	Other	Prawdopodobny błąd ortograficzny. Czy chodziło o <suggestion>monotonię</suggestion> (=formę wyrazu „monotonia”)?	monotonię
L	3400	Futbol popada w monotonię.
L	3401	Ale on jej karze to zrobić!
M	3401	BOWIEM_ZAS	1	0	3	Hint	Ten wyraz nie powinien występować na początku zdania.	
M	3401	KAZAC_KARAC	1	11	16	Other	Prawdopodobny błąd ortograficzny. Czy chodziło o <suggestion>każe</suggestion> (=forma czasownika „kazać”)?	każe
L	3402	Rozmawiałem o jej karze z adwokatem.
L	3403	Co mu karzesz zrobić?
M	3403	KAZAC_KARAC	2	6	13	Other	Prawdopodobny błąd ortograficzny. Czy chodziło o <suggestion>każesz</suggestion> (forma czasownika „kazać”)?	każesz
L	3404	Co mu każesz zrobić?
L	3405	Co jej karzesz zrobić?
M	3405	KAZAC_KARAC	3	7	14	Other	Prawdopodobny błąd ortograficzny. Czy chodziło o <suggestion>każesz</suggestion> (forma czasownika „kazać”)?	każesz
L	3406	Co jej każesz zrobić?
L	3407	To samochód z niskiej pułki.
M	3407	PULKI_POLKI	1	22	27	Other	Prawdopodobny błąd ortograficzny. Czy chodziło o <suggestion>półki</suggestion> (=forma wyrazu „półka”)?	półki
L	3408	To samochód z wyższej półki.
L	3409	Aby nie dopuścić do awansów, firmy wyrzucają dobrych pracowników za w czasu.
M	3409	ZA_W_CZASU	1	65	75	Other	Ten wyraz pisze się łącznie: <suggestion>zawczasu</suggestion>.	zawczasu
L	3410	Aby nie dopuścić do awansów, firmy wyrzucają dobrych pracowników zawczasu.
L	3411	Aby nie dopuścić do awansów, firmy wyrzucają dobrych pracowników za wczasu.
M	3411	ZA_W_CZASU	2	65	74	Other	Ten wyraz pisze się łącznie: <suggestion>zawczasu</suggestion>.	zawczasu
L	3412	Józek lekce ważył polecenia nauczyciela.
M	3412	LEKCE_WAZYC	1	6	17	Other	Ten czasownik pisze się łącznie: <suggestion>lekceważył</suggestion>.	lekceważył
L	3413	Józek lekceważył polecenia nauczyciela.
L	3414	Józek na umyślnie przeszkadzał na lekcji.
M	3414	NAPRZECIWKO	1	6	17	Other	Wyrażenie <suggestion>naumyślnie</suggestion> piszemy łącznie.	naumyślnie
L	3415	Józek naumyślnie przeszkadzał na lekcji.
L	3416	Zbudowany jest na wzór rynku w Krakowie: dawne domy dookoła, w po środku - duży budynek.
M	3416	DYWIZ	1	66	79	Other	Spacje wokół dywizu (w przeciwieństwie do myślnika) są zbędne: <suggestion>środku-duży</suggestion>; jeśli to miał być myślnik, to należy napisać <suggestion>środku — duży</suggestion>.	środku-duży|środku — duży
L	3417	Zbudowany jest na wzór rynku w Krakowie: dawne domy dookoła, pośrodku - duży budynek.
M	3417	DYWIZ	1	61	76	Other	Spacje wokół dywizu (w przeciwieństwie do myślnika) są zbędne: <suggestion>pośrodku-duży</suggestion>; jeśli to miał być myślnik, to należy napisać <suggestion>pośrodku — duży</suggestion>.	pośrodku-duży|pośrodku — duży
L	3418	Dziękuję po niewczasie.
M	3418	PO_NIEWCZASIE	1	9	22	Other	Ten wyraz według uchwał językoznawców pisze się łącznie: <suggestion>poniewczasie</suggestion>.	poniewczasie
L	3419	Dziękuję poniewczasie.
L	3420	Okoliczności kształtują człowieka niemniej niż człowiek kształtuje okoliczności.
M	3420	NIEMNIEJ_NIZ	1	34	42	Other	Prawdopodobny błąd ortograficzny. Czy chodziło o <suggestion>nie mniej</suggestion> (=przynajmniej)?	nie mniej
L	3421	Okoliczności kształtują człowieka nie mniej niż człowiek kształtuje okoliczności.
M	3421	ZDANIA_ZLOZONE	1	13	81	Other	W tym zdaniu złożonym brakuje przecinka lub spójnika między jednym czasownikiem („kształtują”) a drugim („kształtuje”).	
L	3422	To moja jasno zielona żaba.
M	3422	JASNO_NIEBIESKI	1	8	21	Other	Prawdopodobny błąd ortograficzny. Przymiotniki złożone z członów nierównorzędnych znaczeniowo pisze się razem: <suggestion>jasnozielona</suggestion>.	jasnozielona
L	3423	To moja jasnozielona żaba.
L	3424	Koledzy naważyli sobie w ten sposób piwa.
M	3424	NAWAZYC_PIWA	1	8	16	Other	Prawdopodobny błąd ortograficzny. Powinno być <suggestion>nawarzyli</suggestion> (=wpędzili się w kłopoty lub dosł. przygotowali piwo; „naważyć” znaczy „nałożyć na wagę”).	nawarzyli
L	3425	Koledzy nawarzyli sobie w ten sposób piwa.
L	3426	Wczoraj ważyłem piwo.
M	3426	NAWAZYC_PIWA	1	8	15	Other	Prawdopodobny błąd ortograficzny. Powinno być <suggestion>warzyłem</suggestion> (=wpędzili się w kłopoty lub dosł. przygotowali piwo; „naważyć” znaczy „nałożyć na wagę”).	warzyłem
L	3427	Mówisz wypić piwo, którego sobie naważyłeś.
M	3427	NAWAZYC_PIWA	2	33	42	Other	Prawdopodobny błąd ortograficzny. Powinno być <suggestion>nawarzyłeś</suggestion> (=wpędzili się w kłopoty; „naważyć” znaczy „nałożyć na wagę”).	nawarzyłeś
L	3428	Uwielbiam ważenie piwa.
M	3428	NAWAZYC_PIWA	3	10	22	Other	Powinno być <suggestion>warzenie piwa</suggestion>.	warzenie piwa
L	3429	Uwielbiam warzenie piwa.
L	3430	Spędźmy dziką noc pod wieżą Eiffela!
M	3430	WIEZA_EIFFELA	1	22	35	Other	Nieprawidłowa pisownia. Poprawnie: <suggestion>wieżą Eiffla</suggestion> (wymowa: Ajfla).	wieżą Eiffla
L	3431	W Warszawie nie ma nic, co przypominałoby wieżę Eiffla.
L	3432	W związku z remontem części wind na Wieży Eiffla bilety dostępne są na zapytanie.
M	3432	WIEZA_EIFFELA	2	36	48	Other	Nieprawidłowa pisownia. Poprawnie: <suggestion>wieży Eiffla</suggestion>.	wieży Eiffla
L	3433	Spotkałem wczoraj w kawiarni pana Eiffla.
M	3433	WIEZA_EIFFELA	3	34	40	Other	Nieprawidłowa pisownia nazwiska. Jeśli nie chodzi o wieżę Eiffla, piszemy <suggestion>Eiffela</suggestion>.	Eiffela
L	3434	Dla judaizmu Biblia ma charakter księgi pedagogicznej par excellance.
M	3434	PAR_EXCELLENCE	1	54	68	Other	Błąd w pisowni. Poprawnie: <suggestion>par excellence</suggestion>.	par excellence
L	3435	Dla judaizmu Biblia ma charakter księgi pedagogicznej par excellence.
L	3436	Cała na przód ku nowej przygodzie, taka gratka nie zdarza się co dzień.
M	3436	NA_PRZOD	1	0	13	Other	Prawdopodobny błąd ortograficzny. Powinno być: <suggestion>Cała naprzód</suggestion>.	Cała naprzód
L	3437	Cała naprzód ku nowej przygodzie, taka gratka nie zdarza się co dzień
L	3438	Uczyniliśmy wielki krok na przód.
M	3438	NA_PRZOD	2	19	32	Other	Prawdopodobny błąd ortograficzny. Powinno być: <suggestion>krok naprzód</suggestion>.	krok naprzód
L	3439	Uczyniliśmy wielki krok naprzód.
L	3440	Patrzyłem na tam to dziecko.
M	3440	TAM_TEN	1	13	27	Other	Prawdopodobny błąd ortograficzny. Czy miało być <suggestion>tamto dziecko</suggestion>?	tamto dziecko
L	3441	Patrzyłem na tamto dziecko.
L	3442	Tam ten mężczyzna do mnie podszedł.
M	3442	TAM_TEN	2	0	17	Other	Prawdopodobny błąd ortograficzny. Czy miało być <suggestion>Tamten mężczyzna</suggestion>?	Tamten mężczyzna
L	3443	Tamten mężczyzna jest mordercą!
L	3444	Tam ta kobieta wygląda podejrzanie.
M	3444	TAM_TEN	3	0	14	Other	Prawdopodobny błąd ortograficzny. Czy miało być <suggestion>Tamta kobieta</suggestion>?	Tamta kobieta
L	3445	Tamta kobieta kupowała jaja na targu.
L	3446	Nie widziałem nigdy tam tej kobiety.
M	3446	TAM_TEN	4	20	35	Other	Prawdopodobny błąd ortograficzny. Czy miało być <suggestion>tamtej kobiety</suggestion>?	tamtej kobiety
L	3447	Nigdy nie widziałem tamtej kobiety.
L	3448	Zająłem się tam tą sprawą.
M	3448	TAM_TEN	5	12	25	Other	Prawdopodobny błąd ortograficzny. Czy miało być <suggestion>tamtą sprawą</suggestion>?	tamtą sprawą
L	3449	Zająłem się tamtą sprawą.
L	3450	Długo przyglądałem się tam tym ogórkom.
M	3450	TAM_TEN	6	23	38	Other	Prawdopodobny błąd ortograficzny. Czy miało być <suggestion>tamtym ogórkom</suggestion>?	tamtym ogórkom
L	3451	Długo przyglądałem się tamtym dziewczynom.
L	3452	Nie będę się zadawał z tam tymi bandziorami.
M	3452	TAM_TEN	7	23	43	Other	Prawdopodobny błąd ortograficzny. Czy miało być <suggestion>tamtymi bandziorami</suggestion>?	tamtymi bandziorami
L	3453	Lepiej nie zadzieraj z tamtymi bandziorami.
L	3454	Nie ma tam tych pieniędzy.
M	3454	TAM_TEN	8	7	25	Other	Prawdopodobny błąd ortograficzny. Czy miało być <suggestion>tamtych pieniędzy</suggestion>?	tamtych pieniędzy
L	3455	Nie mam już tamtych pieniędzy.
L	3456	Udało mi się wywieść najcenniejsze obrazy z kraju.
M	3456	WYWIESC_Z_POLSKI	1	13	20	Other	Prawdopodobny błąd ortograficzny. Poprawnie: <suggestion>wywieźć</suggestion> (=wytransportować).	wywieźć
L	3457	Możesz wywieźć z Polski nawet pół litra tlenu.
L	3458	Ten cwany prawnik zdołał wywieźć to uprawnienie z ustawy zasadniczej.
M	3458	WYWIEZC_Z_POBUDEK	1	25	32	Other	Prawdopodobny błąd ortograficzny. Czy chodziło o <suggestion>wywieść</suggestion> (=wyprowadzić drogą rozumowania itd.)?	wywieść
L	3459	Potrafię wywieść to z całkowicie pewnych przesłanek.
L	3460	By najmniej nie mówiłem, że uwielbiam prezesa.
M	3460	ZEBY_PRI_SEC	1	0	23	Other	Błędna forma spójnika i czasownika (lub literówka). Powinno prawdopodobnie być: <suggestion>Bym najmniej nie mówił</suggestion>.	Bym najmniej nie mówił
L	3461	Lekarz musi się starać, by najmniej zaszkodzić pacjentowi.
L	3462	Wznieśmy toast nowo roczny!
M	3462	TEGO_ROCZNY	1	15	26	Other	Prawdopodobny błąd ortograficzny. Ten przymiotnik pisze się łącznie: <suggestion>noworoczny</suggestion>.	noworoczny
L	3463	Tegoroczne zbiory pszenicy są znakomite.
L	3464	Pochodziła z kraju anglo-języcznego.
M	3464	ANGIELSKO_JEZYCZNY	1	19	35	Other	Ten wyraz pisze się bez łącznika: <suggestion>anglojęzycznego</suggestion>.	anglojęzycznego
L	3465	Tym nie mniej zrobiłem to, o co prosił.
M	3465	TYM_NIE_MNIEJ	1	0	13	Other	Prawdopodobny błąd ortograficzny i rusycyzm. Poprawnie: <suggestion>niemniej jednak</suggestion>.	Niemniej jednak
L	3466	Do słoika pakujemy 12 ryb, w tym nie mniej niż 7 śledzi.
L	3467	Zrobiłem to od tak.
M	3467	OD_TAK	1	12	18	Other	Prawdopodobna literówka. Czy chodziło o <suggestion>ot, tak</suggestion> (=od niechcenia)?	ot, tak
L	3468	Od tak zwanych mikrobów chroni nas produkt firmy chińskiej.
L	3469	Przebywają przecież z sobą od tak dawna i każda z nim rozmowa nie przestaje być największą przyjemnością.
L	3470	Benedykt od tak już dawna nie myślał.
L	3471	Dziś pokarzę, że w okularach można ładnie wyglądać.
M	3471	POKARZ	1	5	12	Other	Prawdopodobny błąd ortograficzny. Czy chodziło o <suggestion>pokażę</suggestion> (formę czasownika „pokazać”)?	pokażę
L	3472	Dziś pokażę, że w okularach można ładnie wyglądać.
L	3473	Pokarz mi swój samochód, a nie powiem ci, kim jesteś.
M	3473	POKARZ	2	0	6	Other	Prawdopodobny błąd ortograficzny. Czy chodziło o <suggestion>Pokaż</suggestion> (formę czasownika „pokazać”)?	Pokaż
L	3474	Pokaż mi swój samochód.
L	3475	Oni wieżą w zwycięstwo.
M	3475	WIEZY_WIERZY	1	4	9	Other	Prawdopodobny błąd ortograficzny. Czy chodziło o <suggestion>wierzą</suggestion> (formę czasownika „wierzyć”)?	wierzą
L	3476	Wieżę w cuda.
M	3476	WIEZY_WIERZY	1	0	5	Other	Prawdopodobny błąd ortograficzny. Czy chodziło o <suggestion>Wierzę</suggestion> (formę czasownika „wierzyć”)?	Wierzę
L	3477	Wierzę w cuda.
L	3478	Nie wieżę w cuda.
M	3478	WIEZY_WIERZY	2	4	9	Other	Prawdopodobny błąd ortograficzny. Czy chodziło o <suggestion>wierzę</suggestion> (formę czasownika „wierzyć”)?	wierzę
L	3479	Nie wierzę w cuda.
L	3480	To trwało ponad pół tora miesiąca.
M	3480	POL_TORA	1	16	24	Other	Prawdopodobny błąd ortograficzny. Ten wyraz piszemy łącznie: <suggestion>półtora</suggestion> (=jeden i pół).	półtora
L	3481	To trwało ponad półtora miesiąca.
L	3482	Kup pół tora kilo kaszanki!
M	3482	POL_TORA	1	4	12	Other	Prawdopodobny błąd ortograficzny. Ten wyraz piszemy łącznie: <suggestion>półtora</suggestion> (=jeden i pół).	półtora
L	3483	Kup półtora kilo kaszanki!
L	3484	Przyglądał się pół nagim tancerkom.
M	3484	POL_NAGI	1	15	24	Other	Prawdopodobny błąd ortograficzny. Ten wyraz piszemy łącznie: <suggestion>półnagim</suggestion> (=jeden i pół).	półnagim
L	3485	On ci nie pomorze.
M	3485	POMORZE_POMOZE	1	10	17	Other	Prawdopodobny błąd ortograficzny. Czy chodziło o <suggestion>pomoże</suggestion> (formę czasownika „pomóc”)?	pomoże
L	3486	Mowa o pomorze świń.
L	3487	On już nic nam nie pomoże.
L	3488	Mam potworny bul głowy.
M	3488	BUL_GLOWY	1	13	16	Other	Prawdopodobny błąd ortograficzny. Czy chodziło o <suggestion>ból</suggestion> (=nieprzyjemne odczucie)?	ból
L	3489	Bul, bul, bul, a może ból?
M	3489	PL_SIMPLE_REPLACE		0	3	Other	Wyraz „Bul” to najczęściej literówka; poprawnie pisze się: ból.	Ból
M	3489	PL_SIMPLE_REPLACE		5	8	Other	Wyraz „bul” to najczęściej literówka; poprawnie pisze się: ból.	ból
M	3489	PL_SIMPLE_REPLACE		10	13	Other	Wyraz „bul” to najczęściej literówka; poprawnie pisze się: ból.	ból
L	3490	Co i róż media informują o tym, że któryś z prominentnych polityków koalicji rządzącej załatwił coś dla siebie.
M	3490	CO_I_ROZ	1	0	8	Other	Błąd ortograficzny. Poprawnie: <suggestion>co rusz</suggestion>.	Co rusz
L	3491	Raz po raz media informują o tym, że któryś z prominentnych polityków koalicji rządzącej załatwił coś dla siebie.
L	3492	Co róż media informują o tym, że któryś z prominentnych polityków koalicji rządzącej załatwił coś dla siebie.
M	3492	CO_I_ROZ	2	0	6	Other	Błąd ortograficzny. Poprawnie: <suggestion>co rusz</suggestion>.	Co rusz
L	3493	Raz po raz media informują o tym, że któryś z prominentnych polityków koalicji rządzącej załatwił coś dla siebie.
L	3494	Mój samochód jest całkowicie bez wypadkowy.
M	3494	BEZ_POSREDNI	1	29	42	Other	Prawdopodobny błąd ortograficzny. Ten przymiotnik piszemy łącznie: <suggestion>bezwypadkowy</suggestion>.	bezwypadkowy
L	3495	Bez barwnego lakieru nie naprawisz tych zadrapań.
L	3496	Latam na około księżyca.
M	3496	NA_OKOLO	1	6	14	Other	Prawdopodobny błąd ortograficzny. Powinno być: <suggestion>naokoło</suggestion>.	naokoło
L	3497	Komisja wyceniła straty na około pięć milionów.
L	3498	Komisja wyceniła straty na około 12 milionów.
L	3499	Ten samochód jest naj lepszy.
M	3499	NAJ_LEPSZY	1	18	28	Other	Prawdopodobny błąd ortograficzny. Powinno być: <suggestion>najlepszy</suggestion>.	najlepszy
L	3500	Mamy najgorszego premiera w historii.
L	3501	Premier wyniósł się z Sejmu w oka mgnieniu.
M	3501	W_OKA_MGNIENIU	1	28	42	Other	Błąd ortograficzny. Powinno być: <suggestion>w okamgnieniu</suggestion>.	w okamgnieniu
L	3502	Koalicja uratowała się w okamgnieniu.
L	3503	Ta droga jest dwupasmowa.
L	3504	Ta droga jest stu pięćdziesięcio dwu pasmowa.
M	3504	DWU_PRZYMIOTNIK	1	14	44	Other	Prawdopodobnie błąd ortograficzny. Ten wyraz piszemy razem: <suggestion>stupięćdziesięciodwupasmowa</suggestion>.	stupięćdziesięciodwupasmowa
L	3505	Ta droga jest dwupasmowa.
L	3506	Ta droga jest pięćdziesięcio dwu pasmowa.
M	3506	DWU_PRZYMIOTNIK	2	14	40	Other	Prawdopodobnie błąd ortograficzny. Ten wyraz piszemy razem: <suggestion>pięćdziesięciodwupasmowa</suggestion>.	pięćdziesięciodwupasmowa
L	3507	Ta droga jest dwupasmowa.
L	3508	Ta droga jest dwu pasmowa.
M	3508	DWU_PRZYMIOTNIK	3	14	25	Other	Prawdopodobnie błąd ortograficzny. Ten wyraz piszemy razem: <suggestion>dwupasmowa</suggestion>.	dwupasmowa
L	3509	Wśród innych aplikacji tego typu wyróżnia się m.in. łatwością obsługi (posiada pełne wsparcie dla technologii przeciągnij-i-upuść).
M	3509	MORFOLOGIK_RULE_PL_PL		110	129	Other	Wykryto prawdopodobny błąd pisowni	
L	3510	Nazwa staro-cerkiewno-słowiański jako przymiotnik złożony składający się z dwóch lub więcej członów równorzędnych znaczeniowo powinna być pisana zawsze z łącznikiem.
M	3510	DWA_LUB_WIECEJ	1	75	91	Other	Konstrukcji tego typu nie da się użyć tak, aby nie budziła zastrzeżeń. Lepiej: <suggestion>co najmniej dwóch</suggestion>.	co najmniej dwóch
L	3511	Jacuś pochodzi z Port-of-Spain.
L	3512	Wśród innych aplikacji tego typu wyróżnia się m.in. łatwością obsługi (w pełni obsługuje metodę „przeciągnij i upuść”).
L	3513	Zebranie będzie dwuipółgodzinne.
L	3514	Zebranie będzie dwu i pół godzinne.
M	3514	DWU_I_POL_PRZYMIOTNIK	1	16	34	Other	Prawdopodobnie błąd ortograficzny. Ten wyraz piszemy razem: <suggestion>dwuipółgodzinne</suggestion>.	dwuipółgodzinne
L	3515	W raz z nią popierał rozwój nauki i sztuki.
M	3515	W_RAZ	1	0	5	Other	Prawdopodobny błąd ortograficzny. Ten wyraz piszemy łącznie: <suggestion>Wraz</suggestion>.	Wraz
L	3516	Raz w raz wstaje wielka postać, że ino jej skrzydeł dostać.
M	3516	ZE_INF_IMPT	1	52	58	Other	W tym zdaniu podrzędnym występuje tylko bezokolicznik „dostać”. Prawdopodobnie to błąd gramatyczny.	
L	3517	Raz wraz przerywały jazdę popsute mosty.
M	3517	RAZ_WRAZ	1	0	8	Other	Błąd ortograficzny. Powinno być: <suggestion>raz w raz</suggestion>.	Raz w raz
L	3518	Raz w raz przerywały jazdę popsute mosty.
L	3519	Klientom nie wolno udostępniać świadczonych przez Operatora usług osobą trzecim.
M	3519	OSOBA_TRZECIM	1	66	79	Other	Prawdopodobny błąd ortograficzny. Powinno być: <suggestion>osobom trzecim</suggestion>.	osobom trzecim
L	3520	Klientom nie wolno udostępniać świadczonych przez Operatora usług osobom trzecim.
L	3521	Walka zapowiadała się bardzo emocjonująco i nikt nie był wstanie wskazać lidera.
M	3521	BYC_WSTANIE	1	57	64	Other	Prawdopodobny błąd ortograficzny. Powinno być: <suggestion>w stanie</suggestion>.	w stanie
L	3522	Nie jestem w stanie tego słuchać.
L	3523	Rząd jest pot wpływem obcych sił.
M	3523	POT_WPLYWEM	1	10	21	Other	Prawdopodobny błąd ortograficzny. Czy chodziło o <suggestion>pod wpływem</suggestion>?	pod wpływem
L	3524	Rząd jest pod wpływem obcych sił.
L	3525	Pot strugami spływał z pleców Romana.
L	3526	Dziś mówi się w prawdzie wiele o wychowaniu seksualnym, ale często w sposób dość powierzchowny.
M	3526	W_PRAWDZIE	1	14	24	Other	Prawdopodobny błąd ortograficzny. Czy chodziło o <suggestion>wprawdzie</suggestion> (=chociaż)?	wprawdzie
L	3527	Dziś mówi się wprawdzie wiele o wychowaniu seksualnym, ale często w sposób dość powierzchowny.
L	3528	Widzimy parę kozic, pyrgających po pod kosówką.
M	3528	PO_POD	1	32	38	Other	Ten przyimek piszemy razem: <suggestion>popod</suggestion>.	popod
L	3529	Korty byłego posła PO pod lupą radnych
L	3530	Królestwo Polskie w przede dniu Powstania Styczniowego 1856-1861.
M	3530	PRZEDE_DNIU	1	20	31	Other	Ten wyraz piszemy razem: <suggestion>przededniu</suggestion>.	przededniu
L	3531	Królestwo Polskie w przededniu Powstania Styczniowego 1856-1861.
L	3532	Lotnictwo Polskie w przed dzień zakończenia II wojny światowej.
M	3532	JEZYK_POLSKI	1	0	17	Other	Przymiotniki wywodzące się z nazw języków piszemy małą literą (chyba że w innej nazwie własnej): <suggestion>lotnictwo polskie</suggestion>.	lotnictwo polskie
M	3532	PRZEDE_DNIU	2	20	31	Other	Ten wyraz piszemy razem: <suggestion>przeddzień</suggestion>.	przeddzień
L	3533	Próbujmy wiele razy, bo a nuż się uda.
L	3534	Próbujmy wiele razy, bo a nóż się uda.
M	3534	A_NUZ	1	26	29	Other	Prawdopodobny błąd ortograficzny, powinno być: <suggestion>nuż</suggestion>.	nuż
L	3535	Próbujmy wiele razy, a nuż się uda.
L	3536	Słucham tego durnia, a nóż mi się w kieszeni otwiera.
L	3537	Próbujmy wiele razy, a nóż się uda.
M	3537	A_NUZ	2	23	26	Other	Prawdopodobny błąd ortograficzny, powinno być: <suggestion>nuż</suggestion>.	nuż
L	3538	Pobierz pliki
L	3539	Pobież pliki
M	3539	POBIEZ	1	0	6	Other	Pobież to forma czasownika „pobieżeć” (=pobiec). Prawie na pewno chodziło o <suggestion>pobierz</suggestion> (od „pobrać”).	Pobierz
L	3540	Przemysław pierwszy raz wyjechał za granicę.
L	3541	Przemysław pierwszy raz wyjechał zagranicę.
M	3541	WYJECHAC_ZAGRANICE	1	33	42	Other	Prawdopodobny błąd ortograficzny. Powinno być <suggestion>za granicę</suggestion>.	za granicę
L	3542	Przemysław pierwszy raz za granicę Polski wyjechał.
L	3543	Przemysław pierwszy raz zagranicę Polski wyjechał.
M	3543	WYJECHAC_ZAGRANICE	2	24	33	Other	Prawdopodobny błąd ortograficzny. Powinno być <suggestion>za granicę</suggestion>.	za granicę
L	3544	Od dawna nie byłem za granicą.
L	3545	Od dawna nie byłem zagranicą.
M	3545	ZAGRANICA-ZA_GRANICA	1	19	28	Other	W tym wypadku prawdopodobnie należy napisać rozłącznie: <suggestion>za granicą</suggestion> (gdzie? za granicą! czym? zagranicą!).	za granicą
L	3546	To nie powinno zależeć od widzimisię policjanta.
L	3547	To nie powinno zależeć od widzi mi się policjanta.
M	3547	WIDZI_MI_SIE	1	26	38	Other	Prawdopodobny błąd ortograficzny. Czy chodziło o <suggestion>widzimisię</suggestion> (=kaprys)?	widzimisię
L	3548	To nie powinno zależeć od twojego widzimisię.
L	3549	To nie powinno zależeć od czyjegoś widzi mi się.
M	3549	WIDZI_MI_SIE	2	35	47	Other	Prawdopodobny błąd ortograficzny. Czy chodziło o <suggestion>widzimisię</suggestion> (=kaprys)?	widzimisię
L	3550	To nie powinno zależeć od widzimisię.
L	3551	To nie powinno zależeć od widzi mi się.
M	3551	WIDZI_MI_SIE	3	26	38	Other	Prawdopodobny błąd ortograficzny. Czy chodziło o <suggestion>widzimisię</suggestion> (=kaprys)?	widzimisię
L	3552	Ludwik dostał kilkaset SMS-ów z pogróżkami od Przemysława.
L	3553	Ludwik dostał kilkaset SMSów z pogróżkami od Przemysława.
M	3553	SKROTOWCE_BEZ_DYWIZU	1	23	28	Other	Prawdopodobny błąd zapisu odmiany; skrótowce odmieniamy z dywizem:<suggestion>SMS-ów</suggestion>.	SMS-ów
L	3554	Nasze radio nadaje na częstotliwości 102 MHz.
L	3555	Cytokina TNFα
M	3555	NIETYPOWA_KOMBINACJA_DUZYCH_I_MALYCH_LITER	1	9	13	Other	Nietypowa kombinacja małych i dużych liter. Czy nie powinno być: <suggestion>tnfα</suggestion>?	tnfα
L	3556	Był to działacz WiNu.
M	3556	SKROTOWCE_BEZ_DYWIZU	1	16	20	Other	Prawdopodobny błąd zapisu odmiany; skrótowce odmieniamy z dywizem:<suggestion>WiN-u</suggestion>.	WiN-u
L	3557	Pracuję w IFiSie.
M	3557	SKROTOWCE_BEZ_DYWIZU	1	10	16	Other	Prawdopodobny błąd zapisu odmiany; skrótowce odmieniamy z dywizem:<suggestion>IFiS-ie</suggestion>.	IFiS-ie
L	3558	Uwaga, wyrób zawiera HCl!
M	3558	NIETYPOWA_KOMBINACJA_DUZYCH_I_MALYCH_LITER	1	21	24	Other	Nietypowa kombinacja małych i dużych liter. Czy nie powinno być: <suggestion>hcl</suggestion>?	hcl
L	3559	Ludwik dostał kilkaset SMS-ów z pogróżkami od Przemysława.
L	3560	Ludwik dostał kilkaset SMS'ów z pogróżkami od Przemysława.
M	3560	SKROTOWCE_Z_APOSTROFEM	1	23	29	Other	Prawdopodobny błąd zapisu odmiany; skrótowce odmieniamy z dywizem: <suggestion>SMS-ów</suggestion>.	SMS-ów
L	3561	Zagrał zbyt głośno Stayin' Alive.
M	3561	MORFOLOGIK_RULE_PL_PL		19	25	Other	Wykryto prawdopodobny błąd pisowni	Stalin|Stanin|Stasin|Stawin|Stamin
M	3561	MORFOLOGIK_RULE_PL_PL		27	32	Other	Wykryto prawdopodobny błąd pisowni	Live|Alice|Oliwę|Alinę|Clive|Śliwę|Aliję|Alidę|Alvie|Alvę|Alwę|Gliwę|Alije|A live
L	3562	Nasze radio nadaje na częstotliwości 102 MHz.
L	3563	Porozmawiajmy o John'ie Lennonie.
M	3563	IMIONA_Z_APOSTROFAMI	1	16	23	Other	Ten wyraz odmienia się prawdopodobnie bez apostrofów: <suggestion>Johnie</suggestion>.	Johnie
L	3564	To wielka szansa dla Jacques'a.
L	3565	Porozmawiajmy o IPN'ie.
M	3565	SKROTOWCE_Z_APOSTROFEM	1	16	22	Other	Prawdopodobny błąd zapisu odmiany; skrótowce odmieniamy z dywizem: <suggestion>IPN-ie</suggestion>.	IPN-ie
L	3566	Porozmawiajmy o Bentley'u.
M	3566	IMIONA_Z_APOSTROFAMI	2	16	25	Other	Ten wyraz odmienia się prawdopodobnie bez apostrofów: <suggestion>Bentleyu</suggestion>.	Bentleyu
L	3567	Porozmawiajmy o Bentleyu Lennonie.
L	3568	To wielka szansa dla Rorty'ego.
M	3568	MORFOLOGIK_RULE_PL_PL		21	26	Other	Wykryto prawdopodobny błąd pisowni	Porty|Korty|Roty|Forty|Torty|Aorty|Roraty|Sorty|Orty|Ronty|Rooty|Gorty|Horty|ROR-y|Borty|Jorty|R orty
L	3569	Wywiad z Andrew Jacksonem
L	3570	Wywiad z Andrew'em Jacksonem
M	3570	IMIONA_Z_APOSTROFAMI	3	9	18	Other	To imię jest nieodmienne. Poprawnie: <suggestion>Andrew</suggestion>.	Andrew
L	3571	Porozmawiajmy o Andy'm.
M	3571	IMIONA_Z_APOSTROFAMI	4	16	22	Other	Ten wyraz odmienia się prawdopodobnie bez apostrofów: <suggestion>Andym</suggestion>.	Andym
L	3572	Porozmawiajmy o Andym.
L	3573	Zajmijmy się wreszcie Joyce'm.
M	3573	IMIONA_Z_APOSTROFAMI	5	22	29	Other	Ten wyraz odmienia się prawdopodobnie tak: <suggestion>Joyce’em</suggestion>.	Joyce’em
L	3574	Zajmijmy się wreszcie Joyce'em.
L	3575	Zajmuję się Locke'm.
M	3575	IMIONA_Z_APOSTROFAMI	6	12	19	Other	Ten wyraz odmienia się prawdopodobnie tak: <suggestion>Lockiem</suggestion>.	Lockiem
L	3576	Zajmuję się Locke'm.
M	3576	IMIONA_Z_APOSTROFAMI	6	12	19	Other	Ten wyraz odmienia się prawdopodobnie tak: <suggestion>Lockiem</suggestion>.	Lockiem
L	3577	Zajmuję się Braque'm.
M	3577	IMIONA_Z_APOSTROFAMI	6	12	20	Other	Ten wyraz odmienia się prawdopodobnie tak: <suggestion>Brakiem</suggestion>.	Brakiem
L	3578	Zajmuję się Lockiem.
L	3579	Zaprośmy Charlie'go.
M	3579	IMIONA_Z_APOSTROFAMI	7	9	19	Other	Ten wyraz odmienia się prawdopodobnie tak: <suggestion>Charliego</suggestion>.	Charliego
L	3580	Zaprośmy Charliego.
L	3581	Zaprośmy Charlie'ego.
M	3581	IMIONA_Z_APOSTROFAMI	7	9	20	Other	Ten wyraz odmienia się prawdopodobnie tak: <suggestion>Charliego</suggestion>.	Charliego
L	3582	Porozmawiajmy o Bill'im.
M	3582	IMIONA_Z_APOSTROFAMI	8	16	23	Other	Ten wyraz odmienia się prawdopodobnie bez apostrofów: <suggestion>Billym</suggestion>.	Billym
L	3583	Porozmawiajmy o Billym.
L	3584	Porozmawiajmy o Steve'ie.
M	3584	IMIONA_Z_APOSTROFAMI	9	16	24	Other	Ten wyraz odmienia się prawdopodobnie tak: <suggestion>Stevie</suggestion>.	Stevie
L	3585	Porozmawiajmy o Stevie.
L	3586	Zajmij się Eric'iem.
M	3586	IMIONA_Z_APOSTROFAMI	10	11	19	Other	Ten wyraz odmienia się tak: <suggestion>Erikiem</suggestion>.	Erikiem
L	3587	Zajmij się Erikiem.
L	3588	Zajmij się Eric'em.
M	3588	IMIONA_Z_APOSTROFAMI	10	11	18	Other	Ten wyraz odmienia się tak: <suggestion>Erikiem</suggestion>.	Erikiem
L	3589	Porozmawiajmy o James'ie.
M	3589	IMIONA_Z_APOSTROFAMI	11	16	24	Other	Ten wyraz odmienia się prawdopodobnie bez apostrofów: <suggestion>Jamesie</suggestion>.	Jamesie
L	3590	Porozmawiajmy o Jamesie.
L	3591	To wielka szansa dla Charles'a de Gaulla.
M	3591	MORFOLOGIK_RULE_PL_PL		34	40	Other	Wykryto prawdopodobny błąd pisowni	Gaulle|Galla|Gallą|Grylla|Gryllą
L	3592	Widzę Joe'a.
M	3592	IMIONA_Z_APOSTROFAMI	12	6	11	Other	To imię odmienia się bez apostrofów: <suggestion>Joego</suggestion>.	Joego
L	3593	Widzę Joego.
L	3594	Dowal Joe'owi.
M	3594	IMIONA_Z_APOSTROFAMI	13	6	13	Other	To imię odmienia się inaczej: <suggestion>Joemu</suggestion>.	Joemu
L	3595	Dowal Joemu.
L	3596	Dowal Joe'emu.
M	3596	IMIONA_Z_APOSTROFAMI	14	6	13	Other	To imię odmienia się inaczej: <suggestion>Joemu</suggestion>.	Joemu
L	3597	Porozmawiajmy o Joe'em.
M	3597	IMIONA_Z_APOSTROFAMI	14	16	22	Other	To imię odmienia się inaczej: <suggestion>Joem</suggestion>.	Joem
L	3598	Dowal Joemu.
L	3599	Porozmawiajmy o Laurence'ie.
M	3599	IMIONA_Z_APOSTROFAMI	15	16	27	Other	Ten wyraz odmienia się prawdopodobnie tak: <suggestion>Laurensie</suggestion>.	Laurensie
L	3600	Porozmawiajmy o Laurensie.
L	3601	Porozmawiajmy o Smith'ie.
M	3601	IMIONA_Z_APOSTROFAMI	16	16	24	Other	To imię odmienia się inaczej: <suggestion>Smicie</suggestion> (lub <suggestion>Smisie</suggestion>).	Smicie|Smisie
L	3602	Porozmawiajmy o Smicie.
L	3603	Porozmawiajmy o Stone'ie.
M	3603	IMIONA_Z_APOSTROFAMI	17	16	24	Other	To nazwisko odmienia się inaczej: <suggestion>Stonie</suggestion>.	Stonie
L	3604	Porozmawiajmy o Stonie.
L	3605	Porozmawiajmy o Wright'cie.
M	3605	IMIONA_Z_APOSTROFAMI	18	16	26	Other	To nazwisko odmienia się inaczej: <suggestion>Wrighcie</suggestion>.	Wrighcie
L	3606	Porozmawiajmy o Wrighcie.
L	3607	Ludwik musi się wykazywać ogromnym hartem ducha przy Romanie.
L	3608	Ludwik musi się wykazywać ogromnym chartem ducha przy Romanie.
M	3608	CHART_DUCHA	1	35	42	Other	Prawdopodobny błąd ortograficzny, powinno być <suggestion>hartem</suggestion>.	hartem
L	3609	Marzę o Romanie w ramionach Wojtusia.
L	3610	Mażę o Romanie w ramionach Wojtusia.
M	3610	MAZE_O	1	0	4	Other	Prawdopodobny błąd ortograficzny, powinno być <suggestion>marzę</suggestion>.	Marzę
L	3611	Zeszliśmy na dół.
L	3612	Zeszliśmy na duł.
M	3612	DUL_DOL	1	13	16	Other	Prawdopodobnie błąd ortograficzny. Poprawna pisownia: <suggestion>dół</suggestion>.	dół
L	3613	Spotkałem się z wiceprezesem gminnej spółdzielni, towarzyszem Gosiewskim.
L	3614	Spotkałem się z v-ce prezesem gminnej spółdzielni, towarzyszem Gosiewskim.
M	3614	VCE	1	16	29	Other	To zbędny i błędny skrót (dłuższy od skracanego wyrazu). Lepiej napisać: <suggestion>wiceprezesem</suggestion>.	wiceprezesem
L	3615	Do Afganistanu pojedzie 100 tys. żołnierzy z Radomia.
L	3616	Do Afganistanu pojedzie 100 tyś. żołnierzy z Radomia.
M	3616	TYS	1	28	31	Other	Błędny skrót. Poprawnie: <suggestion>tys</suggestion>.	tys
L	3617	Do Afganistanu pojedzie 100 tys. żołnierzy z Radomia.
L	3618	Do Afganistanu pojedzie 100 tyś żołnierzy z Radomia.
M	3618	TYS	2	28	31	Other	Błędny skrót. Poprawnie: <suggestion>tys.</suggestion>.	tys.
L	3619	Spółdz. Mlecz. w Garwolinie
L	3620	Sp-nia Mlecz. w Garwolinie
M	3620	SP-NIA	1	0	6	Other	To błędny skrót. Poprawnie: <suggestion>spółdz.</suggestion>.	Spółdz.
L	3621	Ruda Śląska, Katow., Chorzów
M	3621	KROPKA_PRZED_PRZECINKIEM	1	13	20	Other	Czy na pewno tu ma być kropka? Może chodziło o <suggestion>Katow,</suggestion>?	Katow,
L	3622	Ruda Śląska, Ka-ce, Chorzów
M	3622	K-CE	1	13	18	Other	To błędny skrót. Poprawnie: <suggestion>Katow.</suggestion>.	Katow.
L	3623	Ad 1.
L	3624	Ad. 1.
M	3624	AD_KROPKA	1	0	3	Other	Ten wyraz nie jest skrótem, lecz wyrazem łacińskim, pisanym bez kropki: <suggestion>ad</suggestion>.	Ad
L	3625	Ad. (1).
M	3625	AD_KROPKA	1	0	3	Other	Ten wyraz nie jest skrótem, lecz wyrazem łacińskim, pisanym bez kropki: <suggestion>ad</suggestion>.	Ad
L	3626	Właśnie uciekła mi 1-ka.
M	3626	LICZBY_SLOWNIE_SKROT	1	19	23	Other	Niepoprawny zapis skrótowy liczby. Rzeczowniki odliczebnikowe zawsze zapisuje się słownie: <suggestion>jedynka</suggestion>; w niektórych kontekstach można też po prostu użyć zapisu liczbowego: <suggestion>1</suggestion>.	jedynka|1
L	3627	Jechałem jedynką.
L	3628	Właśnie uciekła mi 2-jka.
M	3628	LICZBY_SLOWNIE_SKROT	2	19	24	Other	Niepoprawny zapis skrótowy liczby. Rzeczowniki odliczebnikowe zawsze zapisuje się słownie: <suggestion>dwójka</suggestion>; w niektórych kontekstach można też po prostu użyć zapisu liczbowego: <suggestion>2</suggestion>.	dwójka|2
L	3629	Jechałem dwójką.
L	3630	Właśnie uciekła mi 3-jka.
M	3630	LICZBY_SLOWNIE_SKROT	3	19	24	Other	Niepoprawny zapis skrótowy liczby. Rzeczowniki odliczebnikowe zawsze zapisuje się słownie: <suggestion>trójka</suggestion>; w niektórych kontekstach można też po prostu użyć zapisu liczbowego: <suggestion>3</suggestion>.	trójka|3
L	3631	Jechałem trójką.
L	3632	Właśnie uciekła mi 4-rka.
M	3632	LICZBY_SLOWNIE_SKROT	4	19	24	Other	Niepoprawny zapis skrótowy liczby. Rzeczowniki odliczebnikowe zawsze zapisuje się słownie: <suggestion>czwórka</suggestion>; w niektórych kontekstach można też po prostu użyć zapisu liczbowego: <suggestion>4</suggestion>.	czwórka|4
L	3633	Jechałem czwórką.
L	3634	Właśnie uciekła mi 5-ka.
M	3634	LICZBY_SLOWNIE_SKROT	5	19	23	Other	Niepoprawny zapis skrótowy liczby. Rzeczowniki odliczebnikowe zawsze zapisuje się słownie: <suggestion>piątka</suggestion>; w niektórych kontekstach można też po prostu użyć zapisu liczbowego: <suggestion>5</suggestion>.	piątka|5
L	3635	Jechałem piątką.
L	3636	Mam 5-ięć robaków.
M	3636	LICZBY_SLOWNIE_SKROT	6	4	9	Other	Niepoprawny zapis skrótowy liczby. Rzeczowniki odliczebnikowe zawsze zapisuje się słownie: <suggestion>pięć</suggestion>; w niektórych kontekstach można też po prostu użyć zapisu liczbowego: <suggestion>5</suggestion>.	pięć|5
L	3637	Mam pięć robaków.
L	3638	Właśnie uciekła mi 6-tka.
M	3638	LICZBY_SLOWNIE_SKROT	7	19	24	Other	Niepoprawny zapis skrótowy liczby. Rzeczowniki odliczebnikowe zawsze zapisuje się słownie: <suggestion>szóstka</suggestion>; w niektórych kontekstach można też po prostu użyć zapisu liczbowego: <suggestion>6</suggestion>.	szóstka|6
L	3639	Jechałem szóstką.
L	3640	Mam 6-ciu kolegów.
M	3640	LICZBY_SLOWNIE_SKROT	8	4	9	Other	Niepoprawny zapis skrótowy liczby. Rzeczowniki odliczebnikowe zawsze zapisuje się słownie: <suggestion>sześciu</suggestion>; w niektórych kontekstach można też po prostu użyć zapisu liczbowego: <suggestion>6</suggestion>.	sześciu|6
L	3641	Mam sześciu kolegów.
L	3642	Właśnie uciekła mi 7-ka.
M	3642	LICZBY_SLOWNIE_SKROT	9	19	23	Other	Niepoprawny zapis skrótowy liczby. Rzeczowniki odliczebnikowe zawsze zapisuje się słownie: <suggestion>siódemka</suggestion>; w niektórych kontekstach można też po prostu użyć zapisu liczbowego: <suggestion>7</suggestion>.	siódemka|7
L	3643	Jechałem siódemką.
L	3644	Mam 7-miu kolegów.
M	3644	LICZEBNIKI	1	4	9	Other	Liczebniki porządkowe zapisujemy nie z końcówkami przypadków, tylko z kropką: <suggestion>7.</suggestion>.	7.
L	3645	Mam siedmiu kolegów.
L	3646	Właśnie uciekła mi 8-ka.
M	3646	LICZBY_SLOWNIE_SKROT	11	19	23	Other	Niepoprawny zapis skrótowy liczby. Rzeczowniki odliczebnikowe zawsze zapisuje się słownie: <suggestion>ósemka</suggestion>; w niektórych kontekstach można też po prostu użyć zapisu liczbowego: <suggestion>8</suggestion>.	ósemka|8
L	3647	Jechałem ósemką.
L	3648	Mam 8-miu kolegów.
M	3648	LICZEBNIKI	1	4	9	Other	Liczebniki porządkowe zapisujemy nie z końcówkami przypadków, tylko z kropką: <suggestion>8.</suggestion>.	8.
L	3649	Mam ośmiu kolegów.
L	3650	Właśnie uciekła mi 9-tka.
M	3650	LICZBY_SLOWNIE_SKROT	13	19	24	Other	Niepoprawny zapis skrótowy liczby. Rzeczowniki odliczebnikowe zawsze zapisuje się słownie: <suggestion>dziewiątka</suggestion>; w niektórych kontekstach można też po prostu użyć zapisu liczbowego: <suggestion>9</suggestion>.	dziewiątka|9
L	3651	Jechałem dziewiątką.
L	3652	Mam 9-ciu kolegów.
M	3652	LICZBY_SLOWNIE_SKROT	14	4	9	Other	Niepoprawny zapis skrótowy liczby. Rzeczowniki odliczebnikowe zawsze zapisuje się słownie: <suggestion>dziewięciu</suggestion>; w niektórych kontekstach można też po prostu użyć zapisu liczbowego: <suggestion>9</suggestion>.	dziewięciu|9
L	3653	Mam dziewięciu kolegów.
L	3654	Właśnie uciekła mi 10-tka.
M	3654	LICZBY_SLOWNIE_SKROT	15	19	25	Other	Niepoprawny zapis skrótowy liczby. Rzeczowniki odliczebnikowe zawsze zapisuje się słownie: <suggestion>dziesiątka</suggestion>; w niektórych kontekstach można też po prostu użyć zapisu liczbowego: <suggestion>10</suggestion>.	dziesiątka|10
L	3655	Jechałem dziesiątką.
L	3656	Mam 10-ciu kolegów.
M	3656	LICZBY_SLOWNIE_SKROT	16	4	10	Other	Niepoprawny zapis skrótowy liczby. Rzeczowniki odliczebnikowe zawsze zapisuje się słownie: <suggestion>dziesięciu</suggestion>; w niektórych kontekstach można też po prostu użyć zapisu liczbowego: <suggestion>10</suggestion>.	dziesięciu|10
L	3657	Mam dziesięciu kolegów.
L	3658	Nienawidzę 11-tek.
M	3658	LICZBY_SLOWNIE_SKROT	17	11	17	Other	Niepoprawny zapis skrótowy liczby. Rzeczowniki odliczebnikowe zawsze zapisuje się słownie: <suggestion>jedenastek</suggestion>; w niektórych kontekstach można też po prostu użyć zapisu liczbowego: <suggestion>11</suggestion>.	jedenastek|11
L	3659	Jechałem jedenastką.
L	3660	Nienawidzę 12-tek.
M	3660	LICZBY_SLOWNIE_SKROT	18	11	17	Other	Niepoprawny zapis skrótowy liczby. Rzeczowniki odliczebnikowe zawsze zapisuje się słownie: <suggestion>dwunastek</suggestion>; w niektórych kontekstach można też po prostu użyć zapisu liczbowego: <suggestion>12</suggestion>.	dwunastek|12
L	3661	Jechałem dwunastką.
L	3662	Nienawidzę 13-tek.
M	3662	LICZBY_SLOWNIE_SKROT	19	11	17	Other	Niepoprawny zapis skrótowy liczby. Rzeczowniki odliczebnikowe zawsze zapisuje się słownie: <suggestion>trzynastek</suggestion>; w niektórych kontekstach można też po prostu użyć zapisu liczbowego: <suggestion>13</suggestion>.	trzynastek|13
L	3663	Jechałem trzynastką.
L	3664	Nienawidzę 14-tek.
M	3664	LICZBY_SLOWNIE_SKROT	20	11	17	Other	Niepoprawny zapis skrótowy liczby. Rzeczowniki odliczebnikowe zawsze zapisuje się słownie: <suggestion>czternastek</suggestion>; w niektórych kontekstach można też po prostu użyć zapisu liczbowego: <suggestion>14</suggestion>.	czternastek|14
L	3665	Jechałem czternastką.
L	3666	Nienawidzę 15-tek.
M	3666	LICZBY_SLOWNIE_SKROT	21	11	17	Other	Niepoprawny zapis skrótowy liczby. Rzeczowniki odliczebnikowe zawsze zapisuje się słownie: <suggestion>piętnastek</suggestion>; w niektórych kontekstach można też po prostu użyć zapisu liczbowego: <suggestion>15</suggestion>.	piętnastek|15
L	3667	Jechałem piętnastką.
L	3668	Nienawidzę 16-tek.
M	3668	LICZBY_SLOWNIE_SKROT	22	11	17	Other	Niepoprawny zapis skrótowy liczby. Rzeczowniki odliczebnikowe zawsze zapisuje się słownie: <suggestion>szesnastek</suggestion>; w niektórych kontekstach można też po prostu użyć zapisu liczbowego: <suggestion>16</suggestion>.	szesnastek|16
L	3669	Jechałem szesnastką.
L	3670	Nienawidzę 17-tek.
M	3670	LICZBY_SLOWNIE_SKROT	23	11	17	Other	Niepoprawny zapis skrótowy liczby. Rzeczowniki odliczebnikowe zawsze zapisuje się słownie: <suggestion>siedemnastek</suggestion>; w niektórych kontekstach można też po prostu użyć zapisu liczbowego: <suggestion>17</suggestion>.	siedemnastek|17
L	3671	Jechałem siedemnastką.
L	3672	Nienawidzę 18-tek.
M	3672	LICZBY_SLOWNIE_SKROT	24	11	17	Other	Niepoprawny zapis skrótowy liczby. Rzeczowniki odliczebnikowe zawsze zapisuje się słownie: <suggestion>osiemnastek</suggestion>; w niektórych kontekstach można też po prostu użyć zapisu liczbowego: <suggestion>18</suggestion>.	osiemnastek|18
L	3673	Jechałem osiemnastką.
L	3674	Nienawidzę 19-tek.
M	3674	LICZBY_SLOWNIE_SKROT	25	11	17	Other	Niepoprawny zapis skrótowy liczby. Rzeczowniki odliczebnikowe zawsze zapisuje się słownie: <suggestion>dziewiętnastek</suggestion>; w niektórych kontekstach można też po prostu użyć zapisu liczbowego: <suggestion>19</suggestion>.	dziewiętnastek|19
L	3675	Jechałem dziewiętnastką.
L	3676	Nienawidzę 20-tek.
M	3676	LICZBY_SLOWNIE_SKROT	26	11	17	Other	Niepoprawny zapis skrótowy liczby. Rzeczowniki odliczebnikowe zawsze zapisuje się słownie: <suggestion>dwudziestek</suggestion>; w niektórych kontekstach można też po prostu użyć zapisu liczbowego: <suggestion>20</suggestion>.	dwudziestek|20
L	3677	Jechałem dwudziestką.
L	3678	Nienawidzę 30-tek.
M	3678	LICZBY_SLOWNIE_SKROT	27	11	17	Other	Niepoprawny zapis skrótowy liczby. Rzeczowniki odliczebnikowe zawsze zapisuje się słownie: <suggestion>trzydziestek</suggestion>; w niektórych kontekstach można też po prostu użyć zapisu liczbowego: <suggestion>30</suggestion>.	trzydziestek|30
L	3679	Jechałem trzydziestką.
L	3680	Nienawidzę 40-tek.
M	3680	LICZBY_SLOWNIE_SKROT	28	11	17	Other	Niepoprawny zapis skrótowy liczby. Rzeczowniki odliczebnikowe zawsze zapisuje się słownie: <suggestion>czterdziestek</suggestion>; w niektórych kontekstach można też po prostu użyć zapisu liczbowego: <suggestion>40</suggestion>.	czterdziestek|40
L	3681	Jechałem czterdziestką.
L	3682	Nienawidzę 50-tek.
M	3682	LICZBY_SLOWNIE_SKROT	29	11	17	Other	Niepoprawny zapis skrótowy liczby. Rzeczowniki odliczebnikowe zawsze zapisuje się słownie: <suggestion>pięćdziesiątek</suggestion>; w niektórych kontekstach można też po prostu użyć zapisu liczbowego: <suggestion>50</suggestion>.	pięćdziesiątek|50
L	3683	Nie jestem już ryczącą pięćdziesiątką.
L	3684	Nienawidzę 60-tek.
M	3684	LICZBY_SLOWNIE_SKROT	30	11	17	Other	Niepoprawny zapis skrótowy liczby. Rzeczowniki odliczebnikowe zawsze zapisuje się słownie: <suggestion>sześćdziesiątek</suggestion>; w niektórych kontekstach można też po prostu użyć zapisu liczbowego: <suggestion>60</suggestion>.	sześćdziesiątek|60
L	3685	Sześćdziesiątki to piękne liczby.
L	3686	Nienawidzę 70-tek.
M	3686	LICZBY_SLOWNIE_SKROT	31	11	17	Other	Niepoprawny zapis skrótowy liczby. Rzeczowniki odliczebnikowe zawsze zapisuje się słownie: <suggestion>siedemdziesiątek</suggestion>; w niektórych kontekstach można też po prostu użyć zapisu liczbowego: <suggestion>70</suggestion>.	siedemdziesiątek|70
L	3687	Siedemdziesiątki to piękne liczby.
L	3688	Nienawidzę 80-tek.
M	3688	LICZBY_SLOWNIE_SKROT	32	11	17	Other	Niepoprawny zapis skrótowy liczby. Rzeczowniki odliczebnikowe zawsze zapisuje się słownie: <suggestion>osiemdziesiątek</suggestion>; w niektórych kontekstach można też po prostu użyć zapisu liczbowego: <suggestion>80</suggestion>.	osiemdziesiątek|80
L	3689	Sześćdziesiątki to piękne liczby.
L	3690	Nienawidzę 90-tek.
M	3690	LICZBY_SLOWNIE_SKROT	33	11	17	Other	Niepoprawny zapis skrótowy liczby. Rzeczowniki odliczebnikowe zawsze zapisuje się słownie: <suggestion>dziewięćdziesiątek</suggestion>; w niektórych kontekstach można też po prostu użyć zapisu liczbowego: <suggestion>90</suggestion>.	dziewięćdziesiątek|90
L	3691	Nie miałem pojęcia o tych dziewięćdziesiątkach.
L	3692	Nienawidzę 100-tek.
M	3692	LICZBY_SLOWNIE_SKROT	34	11	18	Other	Niepoprawny zapis skrótowy liczby. Rzeczowniki odliczebnikowe zawsze zapisuje się słownie: <suggestion>setek</suggestion>; w niektórych kontekstach można też po prostu użyć zapisu liczbowego: <suggestion>100</suggestion>.	setek|100
L	3693	Wypijmy setkę.
L	3694	Nienawidzę 200-tek.
M	3694	LICZBY_SLOWNIE_SKROT	35	11	18	Other	Niepoprawny zapis skrótowy liczby. Rzeczowniki odliczebnikowe zawsze zapisuje się słownie: <suggestion>dwusetek</suggestion>; w niektórych kontekstach można też po prostu użyć zapisu liczbowego: <suggestion>200</suggestion>.	dwusetek|200
L	3695	Wypijmy dwusetkę.
L	3696	Nienawidzę 300-tek.
M	3696	LICZBY_SLOWNIE_SKROT	36	11	18	Other	Niepoprawny zapis skrótowy liczby. Rzeczowniki odliczebnikowe zawsze zapisuje się słownie: <suggestion>trzysetek</suggestion>; w niektórych kontekstach można też po prostu użyć zapisu liczbowego: <suggestion>300</suggestion>.	trzysetek|300
L	3697	Wypijmy trzysetkę.
L	3698	Nienawidzę 400-tek.
M	3698	LICZBY_SLOWNIE_SKROT	37	11	18	Other	Niepoprawny zapis skrótowy liczby. Rzeczowniki odliczebnikowe zawsze zapisuje się słownie: <suggestion>czterysetek</suggestion>; w niektórych kontekstach można też po prostu użyć zapisu liczbowego: <suggestion>400</suggestion>.	czterysetek|400
L	3699	Wypijmy czterysetkę.
L	3700	Nienawidzę 500-tek.
M	3700	LICZBY_SLOWNIE_SKROT	38	11	18	Other	Niepoprawny zapis skrótowy liczby. Rzeczowniki odliczebnikowe zawsze zapisuje się słownie: <suggestion>pięćsetek</suggestion>; w niektórych kontekstach można też po prostu użyć zapisu liczbowego: <suggestion>500</suggestion>.	pięćsetek|500
L	3701	Wypijmy setkę, pięćsetkę lub dziesiątkę.
L	3702	Nienawidzę 600-tek.
M	3702	LICZBY_SLOWNIE_SKROT	39	11	18	Other	Niepoprawny zapis skrótowy liczby. Rzeczowniki odliczebnikowe zawsze zapisuje się słownie: <suggestion>sześćsetek</suggestion>; w niektórych kontekstach można też po prostu użyć zapisu liczbowego: <suggestion>600</suggestion>.	sześćsetek|600
L	3703	Wypijmy sześćsetkę.
L	3704	Nienawidzę 700-tek.
M	3704	LICZBY_SLOWNIE_SKROT	40	11	18	Other	Niepoprawny zapis skrótowy liczby. Rzeczowniki odliczebnikowe zawsze zapisuje się słownie: <suggestion>siedemsetek</suggestion>; w niektórych kontekstach można też po prostu użyć zapisu liczbowego: <suggestion>700</suggestion>.	siedemsetek|700
L	3705	Nie mówmy już o tych siedemsetkach reguł, którymi wykrywam błędy.
L	3706	Nienawidzę 800-tek.
M	3706	LICZBY_SLOWNIE_SKROT	41	11	18	Other	Niepoprawny zapis skrótowy liczby. Rzeczowniki odliczebnikowe zawsze zapisuje się słownie: <suggestion>osiemsetek</suggestion>; w niektórych kontekstach można też po prostu użyć zapisu liczbowego: <suggestion>800</suggestion>.	osiemsetek|800
L	3707	Nie mówmy już o tych osiemsetkach reguł, którymi wykrywam błędy.
L	3708	Nienawidzę 900-tek.
M	3708	LICZBY_SLOWNIE_SKROT	42	11	18	Other	Niepoprawny zapis skrótowy liczby. Rzeczowniki odliczebnikowe zawsze zapisuje się słownie: <suggestion>dziewięćsetek</suggestion>; w niektórych kontekstach można też po prostu użyć zapisu liczbowego: <suggestion>900</suggestion>.	dziewięćsetek|900
L	3709	Nie mówmy już o tych dziewięćsetkach reguł, którymi wykrywam błędy.
L	3710	Nienawidzę 912-tek.
M	3710	LICZBY_SLOWNIE_SKROT	43	11	18	Other	Niepoprawny zapis skrótowy liczby. Rzeczowniki odliczebnikowe zawsze zapisuje się słownie.	
L	3711	Nie mówmy już o tych dziewięćset dwunastkach reguł, którymi wykrywam błędy.
L	3712	To jest 500-tka na dwóch.
M	3712	LICZBY_SLOWNIE_SKROT	38	8	15	Other	Niepoprawny zapis skrótowy liczby. Rzeczowniki odliczebnikowe zawsze zapisuje się słownie: <suggestion>pięćsetka</suggestion>; w niektórych kontekstach można też po prostu użyć zapisu liczbowego: <suggestion>500</suggestion>.	pięćsetka|500
L	3713	Ten system jest 32-bitowy.
L	3714	To już 5-ty raz!
M	3714	LICZEBNIKI	1	7	11	Other	Liczebniki porządkowe zapisujemy nie z końcówkami przypadków, tylko z kropką: <suggestion>5.</suggestion>.	5.
L	3715	20-lecie międzywojenne było okresem pełnym intryg politycznych.
L	3716	To już 1-wszy raz!
M	3716	LICZEBNIKI	1	7	13	Other	Liczebniki porządkowe zapisujemy nie z końcówkami przypadków, tylko z kropką: <suggestion>1.</suggestion>.	1.
L	3717	Rosjanie byli 1-wsi w kosmosie.
M	3717	LICZEBNIKI	1	14	19	Other	Liczebniki porządkowe zapisujemy nie z końcówkami przypadków, tylko z kropką: <suggestion>1.</suggestion>.	1.
L	3718	Zainicjowana przez Philippe’a Turchet w latach 90tych, synergologia była wielką ściemą.
M	3718	MORFOLOGIK_RULE_PL_PL		30	37	Other	Wykryto prawdopodobny błąd pisowni	
M	3718	LICZEBNIKI	1	47	53	Other	Liczebniki porządkowe zapisujemy nie z końcówkami przypadków, tylko z kropką: <suggestion>90.</suggestion>.	90.
M	3718	MORFOLOGIK_RULE_PL_PL		55	67	Other	Wykryto prawdopodobny błąd pisowni	syn ergologia
L	3719	To było 21go maja.
M	3719	LICZEBNIKI	2	8	17	Other	W datach nie używamy końcówek przypadków: <suggestion>21 maja</suggestion>.	21 maja
L	3720	To są argumenty, o których pisano już w literaturze przedmiotu (Davidson 1992a).
L	3721	To było 21 maja.
L	3722	To było 21-go maja.
M	3722	LICZEBNIKI	2	8	18	Other	W datach nie używamy końcówek przypadków: <suggestion>21 maja</suggestion>.	21 maja
L	3723	To było 21go maja.
M	3723	LICZEBNIKI	2	8	17	Other	W datach nie używamy końcówek przypadków: <suggestion>21 maja</suggestion>.	21 maja
L	3724	Ten system jest 32-bitowy.
L	3725	To już 5—ty raz!
M	3725	LICZEBNIKI	3	7	11	Other	Liczebniki porządkowe zapisujemy nie z końcówkami przypadków, tylko z kropką: <suggestion>5.</suggestion>.	5.
L	3726	20-lecie międzywojenne było okresem pełnym intryg politycznych.
L	3727	To już 1—wszy raz!
M	3727	LICZEBNIKI	3	7	13	Other	Liczebniki porządkowe zapisujemy nie z końcówkami przypadków, tylko z kropką: <suggestion>1.</suggestion>.	1.
L	3728	Rosjanie byli 1—wsi w kosmosie.
M	3728	LICZEBNIKI	3	14	19	Other	Liczebniki porządkowe zapisujemy nie z końcówkami przypadków, tylko z kropką: <suggestion>1.</suggestion>.	1.
L	3729	Zainicjowana przez Philippe’a Turchet w latach 90—tych, synergologia była wielką ściemą.
M	3729	MORFOLOGIK_RULE_PL_PL		30	37	Other	Wykryto prawdopodobny błąd pisowni	
M	3729	LICZEBNIKI	3	47	54	Other	Liczebniki porządkowe zapisujemy nie z końcówkami przypadków, tylko z kropką: <suggestion>90.</suggestion>.	90.
M	3729	MORFOLOGIK_RULE_PL_PL		56	68	Other	Wykryto prawdopodobny błąd pisowni	syn ergologia
L	3730	To było 21—go maja.
M	3730	LICZEBNIKI	4	8	18	Other	W datach nie używamy końcówek przypadków: <suggestion>21 maja</suggestion>.	21 maja
L	3731	Ten system jest 32-bitowy.
L	3732	To było 21—go maja.
M	3732	LICZEBNIKI	4	8	18	Other	W datach nie używamy końcówek przypadków: <suggestion>21 maja</suggestion>.	21 maja
L	3733	Góry i morze – pisał Asnyk w liście do ojca 28 maja 1874 – to jedyne uniwersalne lekarstwo.
L	3734	Ten system jest 32-bitowy.
L	3735	To już 32-u bitowy komputer.
M	3735	LICZEBNIKI	1	7	11	Other	Liczebniki porządkowe zapisujemy nie z końcówkami przypadków, tylko z kropką: <suggestion>32.</suggestion>.	32.
L	3736	Ta droga jest 4-ro pasmowa.
M	3736	LICZEBNIKI	5	14	26	Other	Przymiotniki zawierające liczby zapisujemy łącznie i z myślnikiem: <suggestion>4-pasmowa</suggestion>.	4-pasmowa
L	3737	Kupiłem 6-cio miesięcznego kota.
M	3737	LICZEBNIKI	5	8	26	Other	Przymiotniki zawierające liczby zapisujemy łącznie i z myślnikiem: <suggestion>6-miesięcznego</suggestion>.	6-miesięcznego
L	3738	Ten system jest 32-bitowy.
L	3739	W tym czasie istniały maszyny 32-u i 64-bitowe.
M	3739	LICZEBNIKI	1	30	34	Other	Liczebniki porządkowe zapisujemy nie z końcówkami przypadków, tylko z kropką: <suggestion>32.</suggestion>.	32.
L	3740	Ta droga jest 4-ro lub 6-pasmowa.
M	3740	LICZEBNIKI	6	14	18	Other	W wypadku rozdzielenia przymiotników zawierających liczby pierwszy piszemy tylko z łącznikiem: <suggestion>4-</suggestion>.	4-
L	3741	Kupiłem 6-cio oraz 2-miesięcznego kota.
M	3741	LICZEBNIKI	6	8	13	Other	W wypadku rozdzielenia przymiotników zawierających liczby pierwszy piszemy tylko z łącznikiem: <suggestion>6-</suggestion>.	6-
L	3742	Ten system jest 32-bitowy.
L	3743	Odnotowano 10-cio proc. wzrost.
M	3743	LICZEBNIKI	7	11	17	Other	Nigdy nie dodaje się końcówek do odmienianych liczb; piszemy je po prostu: <suggestion>10</suggestion> lub <suggestion>10.</suggestion> (w wypadku liczebników porządkowych).	10|10.
L	3744	To poglądy rodem z XIX-go wieku.
M	3744	LICZEBNIKI	8	19	25	Other	Liczebniki porządkowe pisane liczbami rzymskimi zapisujemy bez żadnych końcówek przypadków. Poprawnie: <suggestion>XIX</suggestion>	XIX
L	3745	To poglądy rodem z XIX wieku.
L	3746	XX-lecie międzywojenne
M	3746	MORFOLOGIK_RULE_PL_PL		0	8	Other	Wykryto prawdopodobny błąd pisowni	
L	3747	W XV wieku formy z wtórnym ''-e-'' zaczęły być postrzegane jako gwara.
M	3747	MORFOLOGIK_RULE_PL_PL		29	31	Other	Wykryto prawdopodobny błąd pisowni	że|ze|je|te|we|tę|de|Te|UE|e|me|se|E|be|he|ie|De|KE|pe|re|ce|hę|ę|Be|He|ee|fe|Fe|LE|Ne|Oe|RE|Re|GE|IE|JE|Se|AE|Ge|Ce|gę|wę|cę|Xe
L	3748	Ich nazwy dodawane są na końcu listy argumentów.
L	3749	Android 4.0 Ice Cream Sandwich.
M	3749	MORFOLOGIK_RULE_PL_PL		16	21	Other	Wykryto prawdopodobny błąd pisowni	Dream
L	3750	To poglądy rodem z XIX- go wieku.
M	3750	LICZEBNIKI	9	19	26	Other	Liczebniki porządkowe pisane liczbami rzymskimi zapisujemy bez żadnych końcówek przypadków. Poprawnie: <suggestion>XIX</suggestion>.	XIX
L	3751	To poglądy rodem z XIX wieku.
L	3752	XX-lecie międzywojenne
M	3752	MORFOLOGIK_RULE_PL_PL		0	8	Other	Wykryto prawdopodobny błąd pisowni	
L	3753	- ego
L	3754	Zagniatać ciasto 3 krotnie podczas wyrastania.
M	3754	KROTNY	1	17	26	Other	Ten wyraz piszemy razem i z łącznikiem: <suggestion>3-krotnie</suggestion>.	3-krotnie
L	3755	Zagniatać ciasto 3 — krotnie podczas wyrastania.
M	3755	KROTNY	2	17	28	Other	Ten wyraz piszemy z łącznikiem: <suggestion>3-krotnie</suggestion>.	3-krotnie
L	3756	Sygnały pozawerbalne mają 5. krotnie większy wpływ na rozmówcę, niż to, co mówimy.
M	3756	KROTNY	2	26	36	Other	Ten wyraz piszemy z łącznikiem: <suggestion>5-krotnie</suggestion>.	5-krotnie
L	3757	9' krotny Mistrz Świata był całkiem zadowolony z tego swojego, bądź co bądź, najlepszego finiszu w tym roku.
M	3757	KROTNY	2	0	9	Other	Ten wyraz piszemy z łącznikiem: <suggestion>9-krotny</suggestion>.	9-krotny
L	3758	Zagniatać ciasto dwu krotnie podczas wyrastania.
M	3758	KROTNY	3	17	28	Other	Ten wyraz piszemy razem: <suggestion>dwukrotnie</suggestion>.	dwukrotnie
L	3759	Wiesz, ilu krotnie może się zwrócić inwestycja?
M	3759	KROTNY	4	7	18	Other	Ten wyraz piszemy razem i z łącznikiem: <suggestion>ilokrotnie</suggestion>.	ilokrotnie
L	3760	1 stycznia 1999
L	3761	1. stycznia 2000
M	3761	DATA_KROPKA_PO_DNIU	1	0	2	Other	W datach o takim formacie liczebniki zapisujemy bez kropki: <suggestion>1</suggestion>.	1
L	3762	Poszedłem tam o godzinie 10.
L	3763	Poszedłem tam o 22.00.
L	3764	Serwer pracował od godziny 4. do 6 nad ranem.
M	3764	GODZINA_KROPKA	1	19	29	Other	Nie stawiamy kropki po cyfrach arabskich, jeśli oznaczają godzinę: <suggestion>godziny 4</suggestion>.	godziny 4
L	3765	A tymczasem na Politechnice...
L	3766	Co z tym czasem?
L	3767	A tym czasem na Politechnice...
M	3767	TYMCZASEM	1	2	12	Other	Wyraz <suggestion>tymczasem</suggestion> piszemy łącznie.	tymczasem
L	3768	Jest wpół do pierwszej.
L	3769	Jest w pół do pierwszej.
M	3769	W_POL_DO	1	5	13	Other	To wyrażenie piszemy: <suggestion>wpół do</suggestion>.	wpół do
L	3770	Andrzej będzie umawiał się z Renatą przeciwko Przemysławowi co tygodniowo.
M	3770	CO_TYGODNIOWY	1	60	73	Other	Prawdopodobny błąd ortograficzny: ten wyraz piszemy łącznie, tj. <suggestion>cotygodniowo</suggestion>.	cotygodniowo
L	3771	Andrzej będzie umawiał się z Renatą przeciwko Jarosławowi cotygodniowo.
L	3772	Stołownicy dostają tylko obiad, za co miesięcznie płacą trzydzieści franków.
L	3773	Jarosław Kaczyński jest najwybitniejszym mężem stanu w śród wszystkich Kaczyńskich.
M	3773	W_SROD	1	53	59	Other	Ten wyraz piszemy łącznie: <suggestion>wśród</suggestion>.	wśród
L	3774	W ciąż w Hiszpanii nie szanuje się hiszpańskich piłkarzy
M	3774	W_SROD	1	0	6	Other	Ten wyraz piszemy łącznie: <suggestion>wciąż</suggestion>.	Wciąż
L	3775	Jarosław Kaczyński jest najwybitniejszym mężem stanu wśród wszystkich Kaczyńskich.
L	3776	Ale w koło jest wesoło.
M	3776	BOWIEM_ZAS	1	0	3	Hint	Ten wyraz nie powinien występować na początku zdania.	
M	3776	W_KOLO	1	4	10	Other	Prawdopodobny błąd ortograficzny. Czy chodziło o <suggestion>wkoło</suggestion> (=wokół)?	wkoło
L	3777	Policja strzeliła w koło Poloneza.
L	3778	Mnóstwo kwiatów rośnie w koło domku.
M	3778	W_KOLO	2	23	29	Other	Prawdopodobny błąd ortograficzny. Czy chodziło o <suggestion>wkoło</suggestion> (=wokół)?	wkoło
L	3779	Pojazd uderzył w koło naczepy.
L	3780	I tak wkoło Macieju.
M	3780	WKOLO_MACIEJU	1	6	19	Other	Błąd ortograficzny. Powinno być: <suggestion>w koło Macieju</suggestion>.	w koło Macieju
L	3781	I tak w koło Macieju.
L	3782	Do niedawna Przemysław szanował Ludwika.
L	3783	Do nie dawna Przemysław szanował Ludwika.
M	3783	DO_NIE_DAWNA	1	0	12	Other	To wyrażenie piszemy poprawnie tak: <suggestion>do niedawna</suggestion>.	Do niedawna
L	3784	Lubię wszystkich polityków oprócz premiera.
L	3785	Lubię wszystkich polityków o prócz premiera.
M	3785	O_PROCZ	1	27	34	Other	Ten przyimek piszemy łącznie: <suggestion>oprócz</suggestion>.	oprócz
L	3786	Pomóżmy sobie nawzajem!
L	3787	Pomóżmy sobie na wzajem!
M	3787	NA_WZAJEM	1	14	23	Other	Ten przyimek piszemy łącznie: <suggestion>nawzajem</suggestion>.	nawzajem
L	3788	Nieomal kupiłem mercedesa za bezcen.
M	3788	MORFOLOGIK_RULE_PL_PL		16	25	Other	Wykryto prawdopodobny błąd pisowni	Mercedesa|Mercedes|mercedesy|Mercedesy
L	3789	Nie omal kupiłem mercedesa za bezcen.
M	3789	NIE_OMAL	1	0	8	Other	Ten wyraz piszemy łącznie: <suggestion>Nieomal</suggestion>.	Nieomal
M	3789	MORFOLOGIK_RULE_PL_PL		17	26	Other	Wykryto prawdopodobny błąd pisowni	Mercedesa|Mercedes|mercedesy|Mercedesy
L	3790	Teściowa ma gest, nie prawdaż?
M	3790	NIE_OMAL	1	18	29	Other	Ten wyraz piszemy łącznie: <suggestion>nieprawdaż</suggestion>.	nieprawdaż
L	3791	Sklep jest nieopodal.
L	3792	Sklep jest nie opodal.
M	3792	NIE_OPODAL	1	11	21	Other	Ten wyraz piszemy łącznie: <suggestion>nieopodal</suggestion>.	nieopodal
L	3793	Przy takim pojmowaniu historii jasne jest, że nie ma tu zgoła miejsca dla wybitnych jednostek, a niewiele go zostaje dla wolności woli.
L	3794	Przy takim pojmowaniu historii jasnym jest, że nie ma tu z goła miejsca dla wybitnych jednostek, a niewiele go zostaje dla wolności woli.
M	3794	PRAWDOPODOBNYM_JEST	1	31	37	Other	Ten wyraz powinien być w mianowniku: <suggestion>jasne</suggestion> (domyślnym podmiotem jest „to”).	jasne
M	3794	Z_GOLA	1	57	63	Other	Ten wyraz piszemy łącznie: <suggestion>zgoła</suggestion>.	zgoła
L	3795	Premier z nów wpłacił pieniądze na konto mamusi.
M	3795	Z_GOLA	1	8	13	Other	Ten wyraz piszemy łącznie: <suggestion>znów</suggestion>.	znów
L	3796	Uciekł mi autobus sprzed nosa.
L	3797	Uciekł mi autobus z przed nosa.
M	3797	Z_PRZED	1	18	25	Other	Ten wyraz piszemy łącznie: <suggestion>sprzed</suggestion>.	sprzed
L	3798	Wstrętny ryj wychynął zza rogu.
L	3799	Wstrętny ryj wychynął z za rogu.
M	3799	Z_ZA	1	22	26	Other	Ten wyraz piszemy łącznie: <suggestion>zza</suggestion>.	zza
L	3800	Wstrętny ryj wychynął spomiędzy sztachet.
L	3801	Wstrętny ryj wychynął z pomiędzy sztachet.
M	3801	Z_POMIEDZY	1	22	32	Other	Ten wyraz piszemy łącznie: <suggestion>spomiędzy</suggestion>.	spomiędzy
L	3802	Wstrętny ryj wychynął spomiędzy sztachet.
L	3803	Wstrętny ryj wychynął z po między sztachet.
M	3803	Z_PO_MIEDZY	1	22	33	Other	Ten wyraz piszemy łącznie: <suggestion>spomiędzy</suggestion>.	spomiędzy
L	3804	Poszliśmy tamtędy.
L	3805	Poszliśmy tam tędy.
M	3805	TAM_TEDY	1	10	18	Other	Ten wyraz piszemy łącznie: <suggestion>tamtędy</suggestion>.	tamtędy
L	3806	Pora na małe co nieco.
L	3807	Pora na małe co nie co.
M	3807	CO_NIE_CO	1	16	22	Other	Wyraz <suggestion>nieco</suggestion> piszemy łącznie.	nieco
L	3808	Mam uwagę à propos wystąpienia pana ministra.
L	3809	Mam uwagę a pro po wystąpienia pana ministra.
M	3809	A_PROPOS	1	10	18	Other	To wyrażenie (z franc.) pisze się następująco: <suggestion>à propos</suggestion>.	à propos
L	3810	Gdzieniegdzie rośnie trawa.
L	3811	Gdzie nie gdzie rośnie trawa.
M	3811	GDZIENIEGDZIE	1	0	15	Other	Ten wyraz piszemy łącznie: <suggestion>Gdzieniegdzie</suggestion>.	Gdzieniegdzie
L	3812	Zanadto się wygłupiasz.
L	3813	Za nad to się wygłupiasz.
M	3813	ZANADTO	1	0	9	Other	Ten wyraz piszemy łącznie: <suggestion>Zanadto</suggestion>.	Zanadto
L	3814	Jarosław Kaczyński jest najwybitniejszym mężem stanu z pośród wszystkich Kaczyńskich.
M	3814	Z_POSROD	1	53	61	Other	Ten przyimek piszemy łącznie: <suggestion>spośród</suggestion>.	spośród
L	3815	Jarosław Kaczyński jest najwybitniejszym mężem stanu spośród wszystkich Kaczyńskich.
L	3816	Współczesny świat jest co raz wyraźniej dynamiczny.
M	3816	CORAZ	1	23	29	Other	Wyraz <suggestion>coraz</suggestion> piszemy tu łącznie.	coraz
L	3817	Współczesny świat jest coraz bardziej dynamiczny.
L	3818	W międzyczasie Robert zjadł kanapki z szynką.
L	3819	W między czasie Robert zjadł kanapki z szynką.
M	3819	W_MIEDZY_CZASIE	1	2	15	Other	W tym wyrażeniu drugi wyraz zapisujemy łącznie: <suggestion>międzyczasie</suggestion>.	międzyczasie
L	3820	Prosimy o niepalenie.
L	3821	Tu nie można palić.
L	3822	To jest Marysia, a nie Hania.
L	3823	Ten samochód jest drogi, a nie tani.
L	3824	Ten zawodnik jest nienajlepszy.
L	3825	Nie każdy tak potrafi.
L	3826	On jest nie lepszy od swojego poprzednika.
L	3827	One nie były głupie.
L	3828	Być albo nie być: oto jest pytanie.
L	3829	Nie boli mnie noga.
L	3830	Wójt nie zabrania picia wódki w domu.
L	3831	Dlaczego nie Polska?
L	3832	Marniejemy, panie… nie pierwsi i nie ostatni.
L	3833	Czyż to nie zadziwiające!
L	3834	A teraz użyczcie mi znów tej głowni… co, nie łaska?
L	3835	Sancho stał za nim, trzymając w ręku czarę, nie kryształową wprawdzie, lecz rogową.
L	3836	To sąd był cacy, a teraz jest nie cacy.
L	3837	Prosimy o nie palenie.
M	3837	NIE_RZECZOWNIK	1	10	21	Other	„Nie” z rzeczownikami, przysłówkami i przymiotnikami piszemy łącznie, czyli poprawnie będzie <suggestion>niepalenie</suggestion>.	niepalenie
L	3838	To człowiek nie palący.
M	3838	NIE_RZECZOWNIK	1	12	22	Other	„Nie” z rzeczownikami, przysłówkami i przymiotnikami piszemy łącznie, czyli poprawnie będzie <suggestion>niepalący</suggestion>.	niepalący
L	3839	On jest nie dobry.
M	3839	NIE_RZECZOWNIK	1	8	17	Other	„Nie” z rzeczownikami, przysłówkami i przymiotnikami piszemy łącznie, czyli poprawnie będzie <suggestion>niedobry</suggestion>.	niedobry
L	3840	Mięso było nie gotowe.
M	3840	NIE_RZECZOWNIK	1	11	21	Other	„Nie” z rzeczownikami, przysłówkami i przymiotnikami piszemy łącznie, czyli poprawnie będzie <suggestion>niegotowe</suggestion>.	niegotowe
L	3841	Mówisz, że on jest dureń, ale tamten też nie lepszy.
M	3841	DWA_PODMIOTY_FIN	1	11	24	Other	W tym fragmencie zdania występują dwa potencjalne podmioty (on, dureń) jednego orzeczenia (jest). Prawdopodobnie błąd gramatyczny, interpunkcyjny lub literówka.	
M	3841	NIE_RZECZOWNIK	1	41	51	Other	„Nie” z rzeczownikami, przysłówkami i przymiotnikami piszemy łącznie, czyli poprawnie będzie <suggestion>nielepszy</suggestion>.	nielepszy
L	3842	Ta miseczka jest nie najlepsza.
M	3842	NIE_RZECZOWNIK	1	17	30	Other	„Nie” z rzeczownikami, przysłówkami i przymiotnikami piszemy łącznie, czyli poprawnie będzie <suggestion>nienajlepsza</suggestion>.	nienajlepsza
L	3843	Prosimy o niepalenie.
L	3844	Tu nie można palić.
L	3845	To jest Marysia, a nie Hania.
L	3846	Ten samochód jest drogi, a nie tani.
L	3847	Ten zawodnik jest nie najlepszy.
M	3847	NIE_RZECZOWNIK	1	18	31	Other	„Nie” z rzeczownikami, przysłówkami i przymiotnikami piszemy łącznie, czyli poprawnie będzie <suggestion>nienajlepszy</suggestion>.	nienajlepszy
L	3848	Nie każdy tak potrafi.
L	3849	On jest nie lepszy od swojego poprzednika.
L	3850	One nie były głupie.
L	3851	Być albo nie być: oto jest pytanie.
L	3852	Nie boli mnie noga.
L	3853	Wójt nie zabrania picia wódki w domu.
L	3854	Język jest niewłaściwy (nie naukowy, lecz potoczny).
L	3855	Dlaczego nie Polska, ale Ukraina jest ojczyzną najwyższego Słowianina?
L	3856	Prosimy o nie palenie na okręcie.
M	3856	NIE_RZECZOWNIK	2	10	21	Other	„Nie” z rzeczownikami, przysłówkami i przymiotnikami piszemy łącznie, czyli poprawnie będzie <suggestion>niepalenie</suggestion>.	niepalenie
L	3857	Prosimy nie palących o interwencje.
M	3857	NIE_RZECZOWNIK	2	8	20	Other	„Nie” z rzeczownikami, przysłówkami i przymiotnikami piszemy łącznie, czyli poprawnie będzie <suggestion>niepalących</suggestion>.	niepalących
L	3858	Należy tutaj dodać, iż nie wszyscy anarchiści byli przeciwni egoizmowi.
L	3859	To nie takie proste.
L	3860	Miał na myśli nie konkretny dzień, lecz datę około tego terminu.
L	3861	Ja nie żaden zbój, abym ludzi miał rżnąć - odpowiadał.
M	3861	DYWIZ	1	35	53	Other	Spacje wokół dywizu (w przeciwieństwie do myślnika) są zbędne: <suggestion>rżnąć-odpowiadał</suggestion>; jeśli to miał być myślnik, to należy napisać <suggestion>rżnąć — odpowiadał</suggestion>.	rżnąć-odpowiadał|rżnąć — odpowiadał
L	3862	I żeby nie święta przysięga, to mówię panu, już bym porzucił ją.
L	3863	Bodaj czy nie jedyny to był od śmierci Marty okres w moim życiu…
L	3864	Miał nie mniej niż 3 lata.
L	3865	Nie mdlej!
L	3866	Na szczęście dla nas, problem ten jest bolączką ogólnoświatową, a nie jedynie polską.
L	3867	Dał mi nie więcej niż dwa miliony złotych; drobna łapówka.
L	3868	Gdyby nie Franco, Hiszpania byłaby demokratycznym krajem znacznie wcześniej.
L	3869	W środowisku górniczym i handlowców mówi się o tym może nie głośno, lecz półgłosem na pewno.
L	3870	Dziunia tańczy nie lepiej niż Waldek.
M	3870	NIE_ADV	3	15	25	Other	Po reformie pisowni „nie” z przysłówkami piszemy łącznie, czyli poprawnie będzie <suggestion>nielepiej</suggestion>.	nielepiej
L	3871	Nie mógłbym tego zrobić.
L	3872	Nie mógł bym tego zrobić..
M	3872	CZASOWNIK_BY	1	4	12	Other	Cząstki „-bym”, „-byś”, „-by”, „-byśmy”, „-byście” piszemy łącznie z czasownikami w formach osobowych. Poprawnie: <suggestion>mógłbym</suggestion>.	mógłbym
M	3872	DOUBLE_PUNCTUATION	2	24	26	Other	Dwie kropki. Czy chodziło o <suggestion>.</suggestion>?	.
L	3873	Jak ci nie gwizdnę co ino sił, umarły by usłyszał.
L	3874	Czyżby w redakcjach nie było zdrowo rozsądkowych, którzy realnie potrafią ocenić wartość tego filmu?
M	3874	ZDROWO_ROZSADKOWY	1	29	48	Other	Ten wyraz piszemy łącznie: <suggestion>zdroworozsądkowych</suggestion>.	zdroworozsądkowych
L	3875	Nie mogę się do czekać.
M	3875	DO_CZEKAĆ	1	13	22	Other	Ten czasownik pisze się łącznie: <suggestion>doczekać</suggestion>.	doczekać
L	3876	Czekał, czekał, aż się doczekał.
L	3877	Ponadto samochód wyposażony jest w ogromny bagażnik.
L	3878	Ponad to samochód wyposażony jest w ogromny bagażnik.
M	3878	PONAD_TO	1	0	8	Other	Wyraz <suggestion>ponadto</suggestion> w sensie „poza tym”, „oprócz tego” piszemy łącznie.	Ponadto
L	3879	Nie umie ona więcej ponad to, co się znajduje w podręczniku.
L	3880	Ponadto samochód wyposażony jest w ogromny bagażnik.
L	3881	Po nadto samochód wyposażony jest w ogromny bagażnik.
M	3881	PONAD_TO	2	0	8	Other	Wyraz <suggestion>ponadto</suggestion> w sensie „poza tym”, „oprócz tego” piszemy łącznie.	Ponadto
L	3882	Ponadto samochód wyposażony jest w ogromny bagażnik.
L	3883	Po nad to samochód wyposażony jest w ogromny bagażnik.
M	3883	PONAD_TO	3	0	9	Other	Wyraz <suggestion>ponadto</suggestion> w sensie „poza tym”, „oprócz tego” piszemy łącznie.	Ponadto
L	3884	Ten minister aż zanadto przypomina wioskowego głupka.
L	3885	Ten minister aż za nadto przypomina wioskowego głupka.
M	3885	ZA_NADTO	1	16	24	Other	Wyraz <suggestion>zanadto</suggestion> piszemy łącznie.	zanadto
L	3886	Ten minister aż nadto przypomina wioskowego głupka.
L	3887	Ten minister aż nad to przypomina wioskowego głupka.
M	3887	AZ_NADTO	1	16	22	Other	Wyraz <suggestion>nadto</suggestion> piszemy łącznie.	nadto
L	3888	Ten minister przypomina głupka spod budki z piwem.
L	3889	Ten minister przypomina głupka z pod budki z piwem.
M	3889	Z_POD	1	31	36	Other	Wyraz <suggestion>spod</suggestion> piszemy łącznie.	spod
L	3890	Wokół Przemysława gromadziło się wielu podejrzanych typów.
L	3891	W okół Przemysława gromadziło się wielu podejrzanych typów.
M	3891	W_OKOL	1	0	6	Other	Prawdopodobny błąd: przyimek <suggestion>Wokół</suggestion> piszemy łącznie.	Wokół
L	3892	am jest cywilizacja, prawo i demokracja, a w około jest reżim.
M	3892	SKROTY_Z_KROPKA	1	0	2	Other	Ten skrót piszemy z kropką: <suggestion>am.</suggestion>	am.
M	3892	W_OKOL	1	43	50	Other	Prawdopodobny błąd: przyimek <suggestion>wokoło</suggestion> piszemy łącznie.	wokoło
L	3893	Alergiczne podłoże tych reakcji udaje się wykazać w około 50% przypadków.
L	3894	25 zł za raz w tygodniu
L	3895	Pewnie jeszcze za raz mnie ukąsi i będzie bąbel.
M	3895	ZA_RAZ	1	15	21	Other	Prawdopodobny błąd ortograficzny. Powinno być: <suggestion>zaraz</suggestion>.	zaraz
L	3896	Szlak by to trafił!
M	3896	SZLAK_TRAFIA	1	0	5	Other	Prawdopodobny błąd ortograficzny. Powinno być: <suggestion>szlag</suggestion> („szlak” może być turystyczny i raczej nikogo nie trafia).	Szlag
L	3897	Szlag by to trafił!
L	3898	Zaraz trafi mnie szlak!
M	3898	SZLAK_TRAFIA	2	17	22	Other	Prawdopodobny błąd ortograficzny. Powinno być: <suggestion>szlag</suggestion> („szlak” może być turystyczny i raczej nikogo nie trafia).	szlag
L	3899	Zaraz trafi mnie szlag!
L	3900	Przemysław wyszedł z domu na wpół rozebrany.
L	3901	Przemysław wyszedł z domu na w pół rozebrany.
M	3901	NA_W_POL	1	26	34	Other	Błąd ortograficzny. Powinno być: <suggestion>na wpół</suggestion>.	na wpół
L	3902	Tylko byłby na w skroś poprawnie polityczny.
M	3902	NA_W_POL	1	12	22	Other	Błąd ortograficzny. Powinno być: <suggestion>na wskroś</suggestion>.	na wskroś
L	3903	Poza tym samochód wyposażony jest w ogromny bagażnik.
L	3904	Po za tym samochód wyposażony jest w ogromny bagażnik.
M	3904	PO_ZA	1	0	5	Other	Wyraz <suggestion>poza</suggestion> piszemy łącznie.	Poza
L	3905	Ala mieszkała naprzeciwko.
L	3906	Sam wyszedłeś mu na przeciw.
M	3906	NAPRZECIWKO	1	17	27	Other	Wyrażenie <suggestion>naprzeciw</suggestion> piszemy łącznie.	naprzeciw
L	3907	Nigdy nie wymawiaj mojego imienia na daremnie.
M	3907	NAPRZECIWKO	1	34	45	Other	Wyrażenie <suggestion>nadaremnie</suggestion> piszemy łącznie.	nadaremnie
L	3908	Na przeciwko moich okien są takie same okna innego budynku na naszym terenie.
M	3908	NAPRZECIWKO	1	0	12	Other	Wyrażenie <suggestion>Naprzeciwko</suggestion> piszemy łącznie.	Naprzeciwko
L	3909	On idzie z na przeciwka.
M	3909	NAPRZECIWKO	1	11	23	Other	Wyrażenie <suggestion>naprzeciwka</suggestion> piszemy łącznie.	naprzeciwka
L	3910	Ala mieszkała naprzeciwko.
L	3911	On idzie zna przeciwka.
M	3911	NAPRZECIWKO	2	9	22	Other	Poprawnie: <suggestion>z naprzeciwka</suggestion>.	z naprzeciwka
L	3912	Pokazał mi zdjęcia znad oceanu.
L	3913	Pokazał mi zdjęcia z nad oceanu.
M	3913	ZNAD	1	19	24	Other	Wyrażenie <suggestion>znad</suggestion> piszemy łącznie.	znad
L	3914	To kronika Galla Anonima.
L	3915	To kronika Gala Anonima.
M	3915	GAL_ANONIM	1	11	15	Other	Poprawnie piszemy <suggestion>Galla</suggestion> Anonim.	Galla
L	3916	Jest to osoba spoza Australii.
L	3917	Jest to osoba z poza Australii.
M	3917	SPOZA	1	14	20	Other	Wyraz <suggestion>spoza</suggestion> piszemy łącznie.	spoza
L	3918	a/a
M	3918	AA_AA	1	0	3	Other	Skrót od „ad acta” zapisujemy jako <suggestion>aa</suggestion>.	aa
L	3919	aa
L	3920	To austriackie gadanie.
L	3921	Kraj był podzielony na trzy zabory: pruski, rosyjski i austryjacki.
M	3921	austriacki	1	55	66	Other	Błąd ortograficzny. Poprawnie: <suggestion>austriacki</suggestion>.	austriacki
L	3922	No ale Polak zarabia dużo więcej niż Austryjak.
M	3922	austriacki	1	37	46	Other	Błąd ortograficzny. Poprawnie: <suggestion>Austriak</suggestion>.	Austriak
L	3923	Mgr Kowalski napisał dwa donosy.
L	3924	Mgr. Kowalski napisał dwa donosy.
M	3924	SKROTY_BEZ_KROPKI	1	0	13	Other	Ten skrót piszemy bez kropki: <suggestion>Mgr Kowalski</suggestion>.	Mgr Kowalski
L	3925	To samodzielna praca mgr. Kowalskiego.
L	3926	Szpital Uniwersytecki nr 2 im. dr. Jana Biziela
M	3926	MORFOLOGIK_RULE_PL_PL		40	47	Other	Wykryto prawdopodobny błąd pisowni	Bizjeta|Bi ziela|Bizie la
L	3927	Dr hab. Kowalski napisał dwa donosy.
L	3928	Dr. hab. Kowalski napisał dwa donosy.
M	3928	SKROTY_BEZ_KROPKI	2	0	3	Other	Ten skrót piszemy bez kropki: <suggestion>Dr</suggestion>.	Dr
L	3929	To samodzielna praca dr. hab. Kowalskiego.
L	3930	On mieszka pod nr. 2.
L	3931	Oto samochód nr 2.
L	3932	Oto samochód nr. 2.
M	3932	SKROTY_BEZ_KROPKI	3	13	18	Other	Ten skrót piszemy bez kropki: <suggestion>nr 2</suggestion>.	nr 2
L	3933	Kupiłem działkę wielkości 5 ha. na Mazurach.
M	3933	SKROTY_BEZ_KROPKI	4	28	31	Other	Ten skrót piszemy bez kropki: <suggestion>ha</suggestion>.	ha
L	3934	Ha, ha, ha!
L	3935	Ten palmtop waży 100 gr., jest więc bardzo lekki.
M	3935	SKROTY_BEZ_KROPKI	4	21	24	Other	Ten skrót piszemy bez kropki: <suggestion>gr</suggestion>.	gr
L	3936	Apollo (gr. Apollon, zwany też Phoibos "Jaśniejący")
M	3936	MORFOLOGIK_RULE_PL_PL		31	38	Other	Wykryto prawdopodobny błąd pisowni	Phobos
L	3937	Brakuje nam 3 mln złotych.
L	3938	Wczoraj wygrałem 10 mld.
L	3939	Brakuje nam 3 mln. złotych.
M	3939	SKROTY_BEZ_KROPKI	5	14	18	Other	Ten skrót piszemy bez kropki: <suggestion>mln</suggestion>.	mln
L	3940	Spotkajmy się z min. Kudrycką.
L	3941	Były to min. trzy karabiny, dwa czołgi i siedem krewetek.
M	3941	SKROTY_BEZ_KROPKI	6	8	12	Other	Prawdopodobnie literówka. Czy chodziło o skrót <suggestion>m.in.</suggestion>?	m.in.
L	3942	Pozostaw w piecu na min. 30 minut.
L	3943	Wiemy to m.in. z pamiętników Edgara.
L	3944	Wczoraj przebiegłem 1000 m.
L	3945	Do redukcji używa się m.im. nast. związków...
M	3945	M_IM	1	24	26	Other	Prawdopodobna literówka. Czy chodziło o <suggestion>in</suggestion>?	in
L	3946	Biblioteka Publiczna w Dzielnicy Bemowo m.st. Warszawy
L	3947	Brakuje nam 3 m. tkaniny.
M	3947	SKROTY_BEZ_KROPKI	7	14	16	Other	Ten skrót piszemy bez kropki: <suggestion>m</suggestion>.	m
L	3948	Ta góra ma wysokość 8031 m n.p.m., a jej szczyt okrywa wieczny śnieg.
L	3949	Np. Kowalski napisał dwa donosy.
L	3950	This and that
M	3950	MORFOLOGIK_RULE_PL_PL		0	4	Other	Wykryto prawdopodobny błąd pisowni	His|Tais|T his
M	3950	MORFOLOGIK_RULE_PL_PL		9	13	Other	Wykryto prawdopodobny błąd pisowni	ChAT|chat|hat|thai|tat|Chat|Thant|Thot|khat|trat|Ghat|Thet|ghat|thaj|thet|t hat|th at
L	3951	Z takim błaznem strzelać się nie podobna, n'est–ce pas?
L	3952	Np Kowalski napisał dwa donosy.
M	3952	SKROTY_Z_KROPKA	1	0	2	Other	Ten skrót piszemy z kropką: <suggestion>Np.</suggestion>	Np.
L	3953	Stopień dysocjacji w temperaturze 4000 K wynosi niecałe 3%.
L	3954	Lista światowego dziedzictwa kulturowego (K) i przyrodniczego (P)
L	3955	— Oo, jak nabazgrane!
L	3956	Dlatego tak istotne są badania RTG klatki piersiowej.
L	3957	M.in. Kowalski napisał dwa donosy.
L	3958	Zapłodnienie in vitro pomaga wielu kobietom.
L	3959	Substancje diagnostyczne in vitro i in vivo
L	3960	M.in Kowalski napisał dwa donosy.
M	3960	SKROTY_Z_KROPKA	2	2	4	Other	Ten skrót piszemy z kropką: <suggestion>in.</suggestion>	in.
L	3961	Dr Kowalski przyjmuje w środy.
L	3962	Dzięki dr Kowalskiemu rozwiązaliśmy zagadkę morderstwa.
M	3962	SKROTY_Z_KROPKA	3	7	21	Other	Ten skrót z rzeczownikiem w przypadku zależnym piszemy z kropką: <suggestion>dr. Kowalskiemu</suggestion>.	dr. Kowalskiemu
L	3963	To samodzielna praca dr. Kowalskiego.
L	3964	Przy współpracy dr Łucji Kańskiej
L	3965	Działo się to w XVII w.
L	3966	To środowisko, które widzi użytkownik i w którym pracuje.
L	3967	Na początku XVII w chłopi byli warstwą uciskaną.
M	3967	SKROTY_Z_KROPKA	4	17	18	Other	Prawdopodobnie brak kropki: <suggestion>w.</suggestion>	w.
L	3968	Pan młody prawie dał mi w twarz.
L	3969	ACM zatrudnia też CEO - w tej chwili to John White.
M	3969	MORFOLOGIK_RULE_PL_PL		0	3	Other	Wykryto prawdopodobny błąd pisowni	CM|ACH|AC|ACZ|AM|CCM|ATM|ACT|ACC|ADM|AIM|ARM|CAM|JCM|DCM|OĆM|ZAĆM|A CM|AC M|AMC
M	3969	DYWIZ	1	18	25	Other	Spacje wokół dywizu (w przeciwieństwie do myślnika) są zbędne: <suggestion>CEO-w</suggestion>; jeśli to miał być myślnik, to należy napisać <suggestion>CEO — w</suggestion>.	CEO-w|CEO — w
L	3970	Wywołało to inwazję potężnego cara Symeona I w roku 894.
L	3971	Jednostki podlegały komendzie Okręgu Korpusu nr VIII w Toruniu.
L	3972	W okresie Bolesława III w użyciu były dwustronne polskie denary.
L	3973	Ukrywała szorstki i dziki wiek XI w grubości swoich murów.
L	3974	Sobór laterański IV w 1215 podsumował dotychczasowe ustawodawstwo.
L	3975	W cukrzycy typu II w wyspach trzustkowych odkłada się peptyd amylina.
L	3976	Oddział Celny II w Poznaniu, ul. Warszawska 183/ 185, 61-055 Poznań
L	3977	Danfoss sp. z oo, polski oddział duńskiego koncernu Danfoss
M	3977	MORFOLOGIK_RULE_PL_PL		0	7	Other	Wykryto prawdopodobny błąd pisowni	Dan foss
M	3977	SKROTY_Z_KROPKA	5	14	16	Other	Brak kropek w skrócie: <suggestion>o.o.</suggestion>	o.o.
M	3977	MORFOLOGIK_RULE_PL_PL		52	59	Other	Wykryto prawdopodobny błąd pisowni	Dan foss
L	3978	W imporcie udziały te wynosiły analogicznie — 14,4 proc, 49,9 proc. i 54,5 proc.
M	3978	SKROTY_Z_KROPKA	6	51	55	Other	Brak kropki w skrócie: <suggestion>proc.</suggestion>	proc.
L	3979	To było ok 200 psów.
M	3979	OK_BEZ_KROPKI	1	8	10	Other	Czy chodziło o skrót <suggestion>ok.</suggestion>?	ok.
L	3980	To było ok. 200 psów.
L	3981	Miesięczna rata spłacana przez kredytobiorców jest obecnie ok 10% niższa niż przy kredycie tej samej wysokości zaciągniętym w grudniu 2008 roku.
M	3981	OK_BEZ_KROPKI	1	59	61	Other	Czy chodziło o skrót <suggestion>ok.</suggestion>?	ok.
M	3981	ADJ_SUBST_ADJ_UNIFY	1	95	123	Other	Przypuszczalnie brak zgodności form przypadków przymiotników i rzeczownika: samej wysokości zaciągniętym.	
L	3982	Miesięczna rata spłacana przez kredytobiorców jest obecnie ok. 10% niższa niż przy kredycie tej samej wysokości zaciągniętym w grudniu 2008 roku.
M	3982	ADJ_SUBST_ADJ_UNIFY	1	96	124	Other	Przypuszczalnie brak zgodności form przypadków przymiotników i rzeczownika: samej wysokości zaciągniętym.	
L	3983	To było ok dwustu psów.
M	3983	OK_BEZ_KROPKI	2	8	10	Other	Czy chodziło o skrót <suggestion>ok.</suggestion> (=około)?	ok.
L	3984	To było ok. dwustu psów.
L	3985	To zagadnienie analizowaliśmy pod kątem użyteczności.
L	3986	To zagadnienie analizowaliśmy pod kontem użyteczności.
M	3986	POD_KONTEM	1	30	40	Other	Prawdopodobnie chodziło o wyrażenie <suggestion>pod kątem</suggestion>, czyli o narzędnik rzeczownika „kąt”, a nie o „konto”.	pod kątem
L	3987	Co zrobiliśmy do tych czas?
M	3987	DO_TYCH_CZAS	1	14	26	Other	Wyraz <suggestion>dotychczas</suggestion> piszemy łącznie.	dotychczas
L	3988	Co zrobiliśmy dotychczas?
L	3989	Może za miast dużego tła wystarczy wstawić zwykły kolor?
M	3989	ZA_MIAST	1	5	13	Other	Przyimek <suggestion>zamiast</suggestion> piszemy łącznie.	zamiast
L	3990	Może zamiast dużego tła wystarczy wstawić zwykły kolor?
M	3990	BRAK_PRZECINKA_ZAMIAST	1	0	12	Other	Prawdopodobnie brak przecinka. Powinno być: <suggestion>Może, zamiast</suggestion>.	Może, zamiast
L	3991	Kupiłem dwa piwa naraz.
L	3992	Kupiłem wszystkie piwa na raz.
M	3992	NA_RAZ	1	23	29	Other	Prawdopodobnie chodziło o wyraz <suggestion>naraz</suggestion> (=jednocześnie). Zwrot „na raz” oznacza tyle, co „na jeden raz”.	naraz
L	3993	Sam program PHARE spotkał się z poważną krytyką i negatywną oceną za równo ze strony europejskiego Trybunału Obrachunkowego jak i dwukrotnie polskiej NIK.
M	3993	ZA_ROWNO	1	66	74	Other	Wyraz <suggestion>zarówno</suggestion> piszemy łącznie.	zarówno
M	3993	JAK_I	1	109	129	Other	Tu prawdopodobnie brakuje przecinka. Powinno być: <suggestion>Obrachunkowego, jak i</suggestion>.	Obrachunkowego, jak i
L	3994	Sam program PHARE spotkał się z poważną krytyką i negatywną oceną zarówno ze strony europejskiego Trybunału Obrachunkowego, jak i dwukrotnie polskiej NIK.
L	3995	Sam program PHARE spotkał się z poważną krytyką i negatywną oceną za równo ze strony europejskiego Trybunału Obrachunkowego jaki dwukrotnie polskiej NIK.
M	3995	ZA_ROWNO	1	66	74	Other	Wyraz <suggestion>zarówno</suggestion> piszemy łącznie.	zarówno
M	3995	BRAK_PRZECINKA_KTORY	3	109	128	Other	Brak przecinka w tym fragmencie zdania. Przecinek prawdopodobnie należy postawić tak: <suggestion>Obrachunkowego, jaki</suggestion>.	Obrachunkowego, jaki
L	3996	Sam program PHARE spotkał się z poważną krytyką i negatywną oceną zarówno ze strony europejskiego Trybunału Obrachunkowego, jak i dwukrotnie polskiej NIK.
L	3997	Sam program PHARE zarówno ze strony europejskiego Trybunału Obrachunkowego, jak i sądu ludowego, jaki powołał premier.
L	3998	Zawiejska, mętnej barwy blondynka z wodnistą cerą i ładnymi jak niebieskie szkiełka oczyma, była jedną z tych istot, co do których trudno zrozumieć zarówno w jaki sposób, mimo zupełnej tępoty umysłu, przedzierają się z klasy do klasy, jak i po co zmuszane są do tego syzyfowego dla nich trudu.
M	3998	MORFOLOGIK_RULE_PL_PL		0	9	Other	Wykryto prawdopodobny błąd pisowni	Zamiejska|Zamiejską|Zawieyska|Zawieyską|Za wiejska|Zawiej ska
L	3999	Malarz oddziałuje na nas po przez swoje malarstwo.
M	3999	PO_PRZEZ	1	25	33	Other	Wyraz <suggestion>poprzez</suggestion> piszemy łącznie.	poprzez
L	4000	Malarz oddziałuje na nas poprzez swoje malarstwo.
L	4001	Byłem w po nad trzydziestu krajach.
M	4001	PO_NAD	1	8	14	Other	Wyraz <suggestion>ponad</suggestion> piszemy zwykle łącznie.	ponad
L	4002	Po jutrze jadę do Krakowa.
M	4002	PO_NAD	1	0	9	Other	Wyraz <suggestion>Pojutrze</suggestion> piszemy zwykle łącznie.	Pojutrze
L	4003	Byłem w ponad trzydziestu krajach.
L	4004	Nie zdziwiłem się w cale.
M	4004	W_CALE	1	18	24	Other	Wyraz <suggestion>wcale</suggestion> piszemy łącznie.	wcale
L	4005	Po mimo początkowych problemów, wylądował bowiem w wodach Kanału La Manche.
M	4005	POZA_TYM	1	0	41	Other	Prawdopodobnie zbędny przecinek. Poprawnie: <suggestion>Po mimo początkowych problemów wylądował</suggestion>.	Po mimo początkowych problemów wylądował
L	4006	Pomimo początkowych problemów, wylądował bowiem w wodach Kanału La Manche
L	4007	Po śród innych utworów Coetzeego, książka ta zajmuje miejsce wyjątkowe.
M	4007	POZA_TYM	1	0	41	Other	Prawdopodobnie zbędny przecinek. Poprawnie: <suggestion>Po śród innych utworów Coetzeego książka</suggestion>.	Po śród innych utworów Coetzeego książka
L	4008	Przed wczoraj premier oświadczył, że nie jest wcieleniem Teletubisia.
M	4008	PRZED_WCZORAJ	1	0	13	Other	Wyraz <suggestion>Przedwczoraj</suggestion> piszemy łącznie.	Przedwczoraj
L	4009	Przedwczoraj Teletubisie zapowiedziały strajk ostrzegawczy.
L	4010	Znaleźliśmy się po między młotem a kowadłem.
M	4010	PO_MIEDZY	1	16	25	Other	Wyraz <suggestion>pomiędzy</suggestion> piszemy łącznie.	pomiędzy
L	4011	Znaleźliśmy się pomiędzy młotem a kowadłem.
L	4012	W tym tekście są liczne hyperodnośniki.
M	4012	HYPER	1	24	38	Other	Przedrostek „hiper” piszemy przez „i”. Poprawnie: <suggestion>hiperodnośniki</suggestion>.	hiperodnośniki
L	4013	Księżycem Saturna jest Hyperion.
L	4014	On jest hypochondrykiem.
M	4014	HYPO	1	8	23	Other	Przedrostek „hipo” piszemy przez „i”. Wyjątkiem są wyrazy zupełnie niespolszczone.	hipochondrykiem
L	4015	Jakie przemyślne hypokaustum!
L	4016	To świetny krem hypoalergiczny.
M	4016	HYPO	2	16	30	Other	Przedrostek „hipo” piszemy przez „i”. <suggestion>hipoalergiczny</suggestion>.	hipoalergiczny
L	4017	To świetny krem hipoalergiczny.
L	4018	Tym prądem intelektualnym jest postmodernizm.
L	4019	Spotkał się Polak z anty-Polakiem
M	4019	MORFOLOGIK_RULE_PL_PL		20	33	Other	Wykryto prawdopodobny błąd pisowni	
L	4020	Wiktor to mój eks-mąż.
M	4020	PRZEDROSTKI	1	14	21	Other	Ten wyraz piszemy bez łącznika: <suggestion>eksmąż</suggestion>.	eksmąż
L	4021	Jadzia kupiła sobie mini-spódniczkę.
M	4021	PRZEDROSTKI	1	20	35	Other	Ten wyraz piszemy bez łącznika: <suggestion>minispódniczkę</suggestion>.	minispódniczkę
L	4022	Tym prądem intelektualnym jest postmodernizm.
L	4023	Spotkał się Polak z anty-Polakiem
M	4023	MORFOLOGIK_RULE_PL_PL		20	33	Other	Wykryto prawdopodobny błąd pisowni	
L	4024	Arcy–książę Ferdynand lubił polować w tutejszych lasach.
M	4024	PRZEDROSTKI	2	0	11	Other	Ten wyraz piszemy bez łącznika: <suggestion>Arcyksiążę</suggestion>.	Arcyksiążę
L	4025	Ale masz śliczne nibynóżki!
M	4025	BOWIEM_ZAS	1	0	3	Hint	Ten wyraz nie powinien występować na początku zdania.	
L	4026	Ten plagiator nie uprawia nauki, on uprawia quasi-naukę.
M	4026	PRZEDROSTEK_NIBY	1	44	55	Other	Tylko terminy zawierające nazwę własną z „niby” piszemy z łącznikiem. Poprawnie: <suggestion>quasinaukę</suggestion>.	quasinaukę
L	4027	Ale masz śliczne nibynóżki!
M	4027	BOWIEM_ZAS	1	0	3	Hint	Ten wyraz nie powinien występować na początku zdania.	
L	4028	Spotkałem się z quasi-Europejczykiem.
L	4029	To nie jest patriota, to jest nibyPolak!
M	4029	PRZEDROSTEK_NIBY	2	30	39	Other	Terminy zawierające nazwę własną z „niby” piszemy z łącznikiem. Poprawnie: <suggestion>niby-Polak</suggestion>.	niby-Polak
L	4030	Stoi jakiś pałac, wielki aż strach, a przed nim co niemiara bryk i wozów.
L	4031	Stoi jakiś pałac, wielki aż strach, a przed nim co nie miara bryk i wozów.
M	4031	CO_NIE_MIARA	1	48	60	Other	Wyrażenie to piszemy: <suggestion>co niemiara</suggestion>.	co niemiara
L	4032	Przemysław przedstawił swój biznesplan.
L	4033	Przemysław przedstawił swój biznes plan.
M	4033	BIZNESPLAN	1	28	39	Other	Ten wyraz piszemy łącznie: <suggestion>biznesplan</suggestion>.	biznesplan
L	4034	Mass media poinformowały o sukcesach Polski w zmniejszaniu płac najniżej zarabiających.
L	4035	Mass-media poinformowały o sukcesach Polski w zmniejszaniu płac najniżej zarabiających.
M	4035	MASSMEDIA	1	0	10	Other	To wyrażenie piszemy rozłącznie: <suggestion>mass media</suggestion>.	Mass media
L	4036	Marszałek sejmu myślał dzisiaj o mass-mediach.
M	4036	MASSMEDIA	1	33	45	Other	To wyrażenie piszemy rozłącznie: <suggestion>mass mediach</suggestion>.	mass mediach
L	4037	Będę jadł lody, dopóki będę miał ochotę.
L	4038	Będę jadł lody, do puki będę miał ochotę.
M	4038	DO_POKI	1	16	23	Other	Wyraz <suggestion>dopóki</suggestion> piszemy łącznie. I przez „ó”.	dopóki
L	4039	Będę jadł lody, do póki będę miał ochotę.
M	4039	DO_POKI	1	16	23	Other	Wyraz <suggestion>dopóki</suggestion> piszemy łącznie. I przez „ó”.	dopóki
L	4040	Wtedy Przemysław poczuł, że premier jest najmądrzejszy na świecie.
L	4041	W tedy Przemysław poczuł, że premier jest najmądrzejszy na świecie.
M	4041	W_TEDY	1	0	6	Other	Wyraz <suggestion>Wtedy</suggestion> piszemy łącznie.	Wtedy
L	4042	Jego życzenia obróciły się w niwecz.
M	4042	W_TEDY	1	27	35	Other	Wyraz <suggestion>wniwecz</suggestion> piszemy łącznie.	wniwecz
L	4043	Popłyniemy w pław.
M	4043	W_TEDY	1	11	17	Other	Wyraz <suggestion>wpław</suggestion> piszemy łącznie.	wpław
L	4044	Tygodnik „W prost” jest szmatławcem.
M	4044	W_TEDY	1	10	17	Other	Wyraz <suggestion>Wprost</suggestion> piszemy łącznie.	Wprost
L	4045	Dwakroć prosiłem Przemysława, by nie budował stacji we Włoszczowie.
L	4046	Dwa kroć prosiłem Przemysława, by nie budował stacji we Włoszczowie.
M	4046	DWA_KROC	1	0	8	Other	Wyraz <suggestion>Dwakroć</suggestion> piszemy łącznie.	Dwakroć
L	4047	Natomiast Jarosław ma kota.
L	4048	Na to miast Jarosław ma kota.
M	4048	NATYCH_MIAST	1	0	11	Other	Wyraz <suggestion>Natomiast</suggestion> piszemy łącznie.	Natomiast
L	4049	Dopóty będę jadł lody, dopóki będę miał ochotę.
L	4050	Do póty będę jadł lody, dopóki będę miał ochotę.
M	4050	DO_POTY	1	0	7	Other	Wyraz <suggestion>dopóty</suggestion> piszemy łącznie.	Dopóty
L	4051	Zabiła się na pewno dlatego, że zabrakło jej forsy na zbytki.
L	4052	Zabiła się na pewno dla tego że zabrakło jej forsy na zbytki.
M	4052	DLA_TEGO_ZE	1	20	31	Other	Wyrażenie to ma następującą pisownię: <suggestion>dlatego że</suggestion>.	dlatego że
L	4053	Zabiła się na pewno dlatego, że zabrakło jej forsy na zbytki.
L	4054	Zabiła się na pewno dla tego, że zabrakło jej forsy na zbytki.
M	4054	DLA_TEGO_ZE	2	20	32	Other	Wyrażenie to ma następującą pisownię: <suggestion>dlatego, że</suggestion>.	dlatego, że
L	4055	Gdyby zaszła taka potrzeba, to rzuciłabym wszystko dla tego by spełnić swoje, nawet najmniejsze marzenie.
M	4055	DLA_TEGO_ZEBY	1	51	62	Other	Prawdopodobny błąd ortograficzny. Powinno być: <suggestion>dlatego, by</suggestion>.	dlatego, by
L	4056	Gdyby zaszła taka potrzeba, to rzuciłabym wszystko dla tego, by spełnić swoje, nawet najmniejsze marzenie.
M	4056	DLA_TEGO_ZEBY	2	51	63	Other	Prawdopodobny błąd ortograficzny. Powinno być: <suggestion>dlatego, by</suggestion>.	dlatego, by
L	4057	Dla czego płaczesz?
M	4057	DLA_CZEGO	1	0	9	Other	Zaimek przysłowny <suggestion>dlaczego</suggestion> piszemy łącznie.	Dlaczego
L	4058	Dlaczego płaczesz?
L	4059	Nigdy prawie ta praktyczność nie powstaje dla czego innego.
L	4060	Nigdy prawie ta praktyczność nie powstaje dlaczego innego.
M	4060	DLA_CZEGO	2	42	57	Other	Czy chodziło o <suggestion>dla czego innego</suggestion> (jeśli mowa o „czymś innym”)?	dla czego innego
L	4061	Pełnomocnik rządu d/s miłości narodu do premiera.
M	4061	DS	1	18	21	Other	Ten skrót piszemy: <suggestion>ds.</suggestion>.	ds.
L	4062	Pełnomocnik rządu d.s miłości narodu do premiera.
M	4062	DS	1	18	21	Other	Ten skrót piszemy: <suggestion>ds.</suggestion>.	ds.
L	4063	Pełnomocnik rządu ds. miłości narodu do premiera.
L	4064	Mieszkamy w Korzkwi k. Krakowa.
L	4065	Mieszkamy w Korzkwi k/ Krakowa.
M	4065	K	1	20	22	Other	Ten skrót zapisujemy: <suggestion>k.</suggestion> (np. „k. Krakowa”).	k.
L	4066	Sklepy wyświetlono wg lokalizacji.
L	4067	Sklepy wyświetlono w/g lokalizacji.
M	4067	WG	1	19	22	Other	Ten skrót poprawnie zapisujemy jako <suggestion>wg</suggestion>, bez ukośników.	wg
L	4068	Lubię ww. cukierki.
L	4069	Lubię w/w cukierki.
M	4069	WW	1	6	9	Other	Ten skrót poprawnie zapisujemy jako <suggestion>ww.</suggestion>, bez ukośników.	ww.
L	4070	Lubię ww. cukierki.
L	4071	Lubię w/w. cukierki.
M	4071	WW	2	6	9	Other	Ten skrót poprawnie zapisujemy jako <suggestion>ww</suggestion>, bez ukośników.	ww
L	4072	Kazimierz n/ Wisłą.
M	4072	N	1	10	12	Other	Ten skrót zapisujemy z kropką: <suggestion>n.</suggestion>, np. „Kazimierz n. Wisłą”.	n.
L	4073	Kazimierz n. Wisłą.
L	4074	n/a
M	4074	SKROTY_Z_KROPKA	1	0	1	Other	Ten skrót piszemy z kropką: <suggestion>n.</suggestion>	n.
L	4075	Ten fizjolog roślin niema pojęcia o ewolucji.
M	4075	NIEMA_NIE_MA	1	20	25	Other	Prawdopodobny błąd ortograficzny. Czy chodziło o zaprzeczoną formę czasownika „mieć”, czyli <suggestion>nie ma</suggestion>?	nie ma
L	4076	Tu ich niema.
M	4076	NIEMA_NIE_MA	2	7	12	Other	Prawdopodobny błąd ortograficzny. Czy chodziło o zaprzeczoną formę czasownika „mieć”, czyli <suggestion>nie ma</suggestion>?	nie ma
L	4077	Tam stoi niema dziewczyna.
L	4078	Tak bardzo uderzyła go niema i posępna boleść tych trzech osób.
L	4079	Niemożna ufać profesorom, którzy wierzą w Smoka Wawelskiego.
M	4079	NIE_MOZNA	1	0	8	Other	Prawdopodobny błąd ortograficzny. Czy chodziło o zaprzeczoną formę czasownika „można”, czyli <suggestion>nie można</suggestion>? Obecna forma jest zaprzeczoną formą przymiotnika „możny” w rodzaju żeńskim.	Nie można
L	4080	Niewolno ufać profesorom, którzy wierzą w Smoka Wawelskiego.
M	4080	NIE_WOLNO	1	0	8	Other	Prawdopodobny błąd ortograficzny. Czy chodziło o zaprzeczoną formę czasownika „wolno”, czyli <suggestion>nie wolno</suggestion>? Obecna forma jest zaprzeczoną formą przysłówka „wolno” (=powoli).	Nie wolno
L	4081	Premier tak naprawdę nienawidzi swoich wrogów.
L	4082	Premier tak na prawdę nienawidzi swoich wrogów.
M	4082	NA_PRAWDE	1	12	21	Other	Prawdopodobny błąd ortograficzny. Powinno być: <suggestion>naprawdę</suggestion> (=faktycznie, rzeczywiście).	naprawdę
L	4083	Premier wie naprawdę dużo.
L	4084	Premier wie na prawdę dużo.
M	4084	NA_PRAWDE	1	12	21	Other	Prawdopodobny błąd ortograficzny. Powinno być: <suggestion>naprawdę</suggestion> (=faktycznie, rzeczywiście).	naprawdę
L	4085	Miał dowód na prawdę powyższego twierdzenia.
L	4086	Ale my na prawdę nie wyjechaliśmy do Włoszczowy.
M	4086	BOWIEM_ZAS	1	0	3	Hint	Ten wyraz nie powinien występować na początku zdania.	
M	4086	NA_PRAWDE	2	7	16	Other	Prawdopodobny błąd ortograficzny. Powinno być: <suggestion>naprawdę</suggestion> (=faktycznie, rzeczywiście).	naprawdę
L	4087	Ale my naprawdę nie jechaliśmy do Włoszczowy.
M	4087	BOWIEM_ZAS	1	0	3	Hint	Ten wyraz nie powinien występować na początku zdania.	
L	4088	Tym czynił za dość tradycji.
M	4088	ZA_DOSC	1	11	18	Other	Prawdopodobny błąd ortograficzny. Czy chodziło o <suggestion>zadość</suggestion>?	zadość
L	4089	Czynił zadość tradycji.
L	4090	Za dość czynił tradycji.
M	4090	ZA_DOSC	2	0	7	Other	Prawdopodobny błąd ortograficzny. Czy chodziło o <suggestion>zadość</suggestion>?	Zadość
L	4091	Zadość czynił tradycji.
L	4092	Stało się wreszcie za dość tradycji.
M	4092	ZA_DOSC	3	19	26	Other	Prawdopodobny błąd ortograficzny. Czy chodziło o <suggestion>zadość</suggestion>?	zadość
L	4093	Stało się zadość tradycji.
L	4094	Za dość się stało tradycji.
M	4094	ZA_DOSC	4	0	7	Other	Prawdopodobny błąd ortograficzny. Czy chodziło o <suggestion>zadość</suggestion>?	Zadość
L	4095	Zadość się stało tradycji.
L	4096	Za dość stało się tradycji.
M	4096	ZA_DOSC	5	0	7	Other	Prawdopodobny błąd ortograficzny. Czy chodziło o <suggestion>zadość</suggestion>?	Zadość
L	4097	Zadość stało się tradycji.
L	4098	Prawda pewnie leży jak zwykle po środku.
M	4098	PO_SRODKU	1	30	39	Other	Prawdopodobny błąd ortograficzny. Powinno być: <suggestion>pośrodku</suggestion> (=w środku).	pośrodku
L	4099	Prawda leży pośrodku.
L	4100	Mam bóle po środku przeczyszczającym.
L	4101	Sfrustrowani i coraz bardziej zdenerwowani zatrzymaliśmy się na placyku po środku sennego miasteczka.
M	4101	PO_SRODKU	2	72	81	Other	Prawdopodobny błąd ortograficzny. Powinno być: <suggestion>pośrodku</suggestion> (=w środku).	pośrodku
L	4102	Mam bóle po środku przeczyszczającym.
L	4103	Prawda po środku
M	4103	PO_SRODKU	3	7	16	Other	Prawdopodobny błąd ortograficzny. Powinno być: <suggestion>pośrodku</suggestion> (=w środku).	pośrodku
L	4104	Śpieszcie się po woli
M	4104	PO_WOLI	1	14	21	Other	Prawdopodobny błąd ortograficzny. Czy chodziło o <suggestion>powoli</suggestion> (=wolno)?	powoli
L	4105	Śpiesz się powoli
L	4106	Spacerkiem po Woli
L	4107	Śpieszcie się po woli!
M	4107	PO_WOLI	2	14	21	Other	Prawdopodobny błąd ortograficzny. Czy chodziło o <suggestion>powoli</suggestion> (=wolno)?	powoli
L	4108	Wielkość narodu poznaje się po woli dotarcia do prawdy o sobie samym.
L	4109	Obóz po woli pustoszeje.
M	4109	PO_WOLI	2	5	12	Other	Prawdopodobny błąd ortograficzny. Czy chodziło o <suggestion>powoli</suggestion> (=wolno)?	powoli
L	4110	Przemysław ma przepiękny przedpokój w swoim mieszkanku.
L	4111	Przemysław ma przepiękny przed pokój w swoim mieszkanku.
M	4111	PRZED_POKOJ	1	25	36	Other	Prawdopodobnie błąd ortograficzny. Ten wyraz piszemy łącznie: <suggestion>przedpokój</suggestion>.	przedpokój
L	4112	To był pierwszy taki wypadek, który zresztą nikogo nie obchodził.
L	4113	To był pierwszy taki wypadek, który z resztą nikogo nie obchodził.
M	4113	Z_RESZTA	1	36	44	Other	Prawdopodobny błąd ortograficzny. Powinno być <suggestion>zresztą</suggestion> (=nawiasem mówiąc, notabene).	zresztą
L	4114	Zresztą nikogo to nie obchodziło.
L	4115	Z resztą nikogo to nie obchodziło.
M	4115	Z_RESZTA	2	0	8	Other	Prawdopodobny błąd ortograficzny. Powinno być <suggestion>zresztą</suggestion> (=nawiasem mówiąc, notabene).	Zresztą
L	4116	Poszedłem tam razem z resztą chłopaków.
L	4117	Poszedłem tam razem zresztą chłopaków.
M	4117	ZRESZTA_Z_RESZTA	1	20	27	Other	Prawdopodobny błąd ortograficzny. Powinno być <suggestion>z resztą</suggestion> (=nawiasem mówiąc, notabene).	z resztą
L	4118	Pokręcone,śmieszne i smutne za razem.
M	4118	COMMA_PARENTHESIS_WHITESPACE		9	18	Other	Po przecinku wstawiamy spację	, śmieszne
M	4118	ZA_RAZEM	1	28	36	Other	Prawdopodobny błąd ortograficzny. Czy chodziło o <suggestion>zarazem</suggestion> (=jednocześnie)?	zarazem
L	4119	Raz za razem razowcem się razem posilajmy.
L	4120	To Ikarus prowadził grę i raz zarazem zapędzał się pod pole karne Strzelca.
M	4120	ZA_RAZEM	2	26	37	Other	Prawdopodobny błąd ortograficzny. Czy chodziło o wyrażenie <suggestion>raz za razem</suggestion> (=raz po raz)?	raz za razem
L	4121	To śmieszne i żałosne zarazem.
L	4122	Rodziny, które straciły osobę bliską wskutek wypadku.
L	4123	Rodziny, które straciły osobę bliską w skutek wypadku.
M	4123	W_SKUTEK	1	37	45	Other	Prawdopodobny błąd ortograficzny. Czy chodziło o <suggestion>wskutek</suggestion> (=z powodu)?	wskutek
L	4124	Zapraszamy do autokomisu!
L	4125	Zapraszamy do auto komisu!
M	4125	AUTO_COS_TAM	1	14	25	Other	Błąd ortograficzny. Wyrazy z cząstką „auto” piszemy razem: <suggestion>autokomisu</suggestion>.	autokomisu
L	4126	Było błoto, była woda, był kórz...
M	4126	ZWROTNE_BEZ_SIE	1	27	31	Other	W tym zdaniu występuje czasownik zwrotny, a brakuje wyrazu „się”; powinno być: <suggestion>kórz się</suggestion> lub <suggestion>się kórz</suggestion>.	kórz się|się kórz
L	4127	Było błoto, była woda, był kurz...
L	4128	To piękna brożka z brylantami.
M	4128	BROZKA_BROSZKA	1	10	16	Other	Prawdopodobny błąd ortograficzny. Czy chodziło o wyraz <suggestion>broszka</suggestion> (=wyrób jubilerski)?	broszka
L	4129	Spytajmy pana Brożka, czy to jego broszka.
L	4130	W Egipcie wszyscy dygnitarze uważają łapówki za zwyczaj tak powszechny...
L	4131	Maluję za zwyczaj kredkami.
M	4131	ZA_ZWYCZAJ	1	7	17	Other	Prawdopodobny błąd ortograficzny. Wyraz <suggestion>zazwyczaj</suggestion> (=najczęściej, zwykle) piszemy łącznie.	zazwyczaj
L	4132	Zazwyczaj maluję kredkami.
L	4133	Za zwyczaj maluję kredkami.
M	4133	ZA_ZWYCZAJ	2	0	10	Other	Prawdopodobny błąd ortograficzny. Wyraz <suggestion>Zazwyczaj</suggestion> (=najczęściej, zwykle) piszemy łącznie.	Zazwyczaj
L	4134	Kot Alik ma piękny sweterek w romby.
M	4134	MORFOLOGIK_RULE_PL_PL		4	8	Other	Wykryto prawdopodobny błąd pisowni	Plik|Ali|Halik|Malik|Alek|Klik|Asik|Alk|Palik|Alim|Alki|BLIK|Talik|Calik|Alia|Alit|Alić|Balik|Galik|Lalik|Blik|Glik|Lik|Alii|Anik|Flik|Ulik|Żalik|Alid|Alin|Alij|Almik|Alnik|Aplik|Mlik|A lik|Ali k
L	4135	Kot Alik ma piękny sweterek w rąby.
M	4135	MORFOLOGIK_RULE_PL_PL		4	8	Other	Wykryto prawdopodobny błąd pisowni	Plik|Ali|Halik|Malik|Alek|Klik|Asik|Alk|Palik|Alim|Alki|BLIK|Talik|Calik|Alia|Alit|Alić|Balik|Galik|Lalik|Blik|Glik|Lik|Alii|Anik|Flik|Ulik|Żalik|Alid|Alin|Alij|Almik|Alnik|Aplik|Mlik|A lik|Ali k
M	4135	RABY_ROMBY	1	30	34	Other	Prawdopodobny błąd ortograficzny. Czy chodziło o <suggestion>romby</suggestion> (=figurę geometryczną)?	romby
L	4136	No i tu zaczyna się problem - wszech obecny dym papierosowy.
M	4136	DYWIZ	1	20	36	Other	Spacje wokół dywizu (w przeciwieństwie do myślnika) są zbędne: <suggestion>problem-wszech</suggestion>; jeśli to miał być myślnik, to należy napisać <suggestion>problem — wszech</suggestion>.	problem-wszech|problem — wszech
L	4137	Całe terytorium Hongkongu stało się jednym obszarem miejskim.
L	4138	Całe terytorium Hong Kongu stało się jednym obszarem miejskim.
M	4138	HONG_KONG	1	16	26	Other	Ten wyraz piszemy łącznie. Powinno być: <suggestion>Hongkongu</suggestion>.	Hongkongu
L	4139	Polacy za granicą
L	4140	Nie ma różnicy między krajem a zagranicą.
L	4141	To człowiek od kontaktów z zagranicą
L	4142	My jesteśmy bliską zagranicą dla Rosji i Rosja dla nas jest bliską zagranicą.
L	4143	Co pięćdziesiąty badany wiąże działalność mafijną tylko z obcokrajowcami i zagranicą.
L	4144	Polacy zagranicą
M	4144	ZAGRANICA-ZA_GRANICA	1	7	16	Other	W tym wypadku prawdopodobnie należy napisać rozłącznie: <suggestion>za granicą</suggestion> (gdzie? za granicą! czym? zagranicą!).	za granicą
L	4145	To dobrze, że wydajemy pieniądze na różnego typu imprezy polskie czy z polskim akcentem, które odbywają się zagranicą, ale to nie może być główna działalność tego typu agencji — mówił wicepremier.
M	4145	ZAGRANICA-ZA_GRANICA	1	108	117	Other	W tym wypadku prawdopodobnie należy napisać rozłącznie: <suggestion>za granicą</suggestion> (gdzie? za granicą! czym? zagranicą!).	za granicą
L	4146	Miał 24 wystawy indywidualne w kraju i za granicą.
L	4147	Miał 24 wystawy indywidualne w kraju z za granicą.
M	4147	ZA_GRANICA-ZAGRANICA	1	37	49	Other	Błąd ortograficzny lub literówka. Powinno być: <suggestion>i za granicą</suggestion> (gdzie?) lub <suggestion>z zagranicą</suggestion> (z czym?).	i za granicą|z zagranicą
L	4148	Ile w końcu warzy ten monitor?
M	4148	WAZY_WARZY	1	12	17	Other	Prawdopodobny błąd ortograficzny. Czy chodziło o <suggestion>waży</suggestion> (=jaką ma wagę)?	waży
L	4149	Ile waży kot premiera?
L	4150	Ten kot warzy 2 kilo.
M	4150	WAZY_WARZY	2	8	13	Other	Prawdopodobny błąd ortograficzny. Czy chodziło o <suggestion>waży</suggestion> (=jaką ma wagę)?	waży
L	4151	Ten chomik waży 100 g.
L	4152	To jeden z nie których przykładów jego głupoty.
M	4152	NIE_KTORY	1	11	22	Other	Prawdopodobny błąd ortograficzny. Czy chodziło o wyraz <suggestion>niektórych</suggestion>?	niektórych
L	4153	To jeden z niektórych przykładów jego głupoty.
L	4154	Należy natomiast szukać odpowiedzi na pytanie, nie który, ale jaki system jest najlepszy.
M	4154	ZDANIE_PODRZEDNE_Z_KTORY_LUB_JAKI	1	51	56	Other	W zdaniu nadrzędnym nie ma rzeczownika ani zaimka pasującego rodzajem i liczbą do tego wyrazu: który.	
L	4155	Rysio tudzież Wiesio lubią grzybki w marynacie.
L	4156	Rysio tu dzież Wiesio lubią grzybki w marynacie.
M	4156	TUDZIEZ	1	6	14	Other	Prawdopodobny błąd ortograficzny. Ten wyraz piszemy łącznie: <suggestion>tudzież</suggestion>.	tudzież
L	4157	Instruktarz BHP przy maszynie
M	4157	INSTRUKTARZ	1	0	11	Other	Wyraz „instruktarz” jest przestarzały i oznacza zbiór przepisów lub instrukcji. W znaczeniu „szkolenie” piszemy <suggestion>Instruktaż</suggestion>.	Instruktaż
L	4158	Instruktaż BHP przy maszynie
L	4159	Gro Harlem Brundtland zjadł tutaj kanapkę.
M	4159	WOLACZ_BEZ_PRZECINKA	1	21	27	Other	Prawdopodobnie brak przecinka po rzeczowniku w wołaczu. Powinno być: <suggestion>, zjadł</suggestion>.	, zjadł
L	4160	Mam obawy że gro osób nie będzie umiało tego zrobić.
M	4160	BRAK_PRZECINKA_ZE	1	4	12	Other	Przed spójnikiem „że” stawiamy przecinek: <suggestion>obawy, że</suggestion>.	obawy, że
M	4160	GRO_CZEGO	1	13	16	Other	Prawdopodobny błąd ortograficzny. Poprawnie: <suggestion>gros</suggestion>.	gros
L	4161	Józia cieszyła się na myśl o swoim za mąż pójściu.
M	4161	ZA_MAZ_POJSCIE	1	35	49	Other	Ten wyraz pisze się zwykle łącznie: <suggestion>zamążpójściu</suggestion>.	zamążpójściu
L	4162	Józia cieszyła się na myśl o swoim zamążpójściu.
L	4163	Premier na myśl o swoich apanażach był w niebo wzięty.
M	4163	WNIEBO_WZIETY	1	39	53	Other	Ten wyraz pisze się zwykle łącznie: <suggestion>wniebowzięty</suggestion>.	wniebowzięty
L	4164	Była wniebowzięta, widząc premiera na białym koniu.
L	4165	Organizujemy imprezę benefitową.
M	4165	BENEFITOWY	1	21	31	Other	Ten wyraz jest niepoprawną kalką z angielskiego. Poprawnie: <suggestion>benefisową</suggestion>.	benefisową
L	4166	Benefisowy bal odbył się u hrabiny Ciapciakowej.
M	4166	MORFOLOGIK_RULE_PL_PL		35	47	Other	Wykryto prawdopodobny błąd pisowni	Ciapciak owej
L	4167	Lubię rzuć gumę.
M	4167	RZUC_GUME	1	6	15	Other	Prawdopodobny błąd ortograficzny. Czy chodziło o <suggestion>żuć gumę</suggestion> (a nie rzucać)?	żuć gumę
L	4168	Lubię żuć gumę.
L	4169	Rzucie gumy jest niegrzeczne.
M	4169	RZUC_GUME	2	0	11	Other	Błąd ortograficzny. Poprawnie: <suggestion>żucie gumy</suggestion>.	Żucie gumy
L	4170	Żucie gumy jest niegrzeczne.
L	4171	A ja pytam, qui bono?
M	4171	QUI_BONO	1	12	20	Other	Błąd ortograficzny. Poprawnie: <suggestion>cui bono</suggestion> (łac.: w czyim interesie?).	cui bono
L	4172	A ja pytam, cui bono?
L	4173	Spotkajmy się jutro popołudniu.
M	4173	PO_POLUDNIU	1	20	30	Other	Prawdopodobny błąd ortograficzny. To wyrażenie pisze się rozdzielnie: <suggestion>po południu</suggestion>.	po południu
L	4174	Spotkajmy się jutro po południu.
L	4175	Nikt nas nielubi.
M	4175	NIELUBI	1	9	16	Other	Prawdopodobny błąd ortograficzny. Czy chodziło o <suggestion>nie lubi</suggestion> (formę czasownika „lubić”)?	nie lubi
L	4176	Nikt nas nie lubi.
L	4177	Naleśniki a'la Gundel
M	4177	A_LA_CARTE	1	10	14	Other	Czy chodziło o francuskie wyrażenie <suggestion>à la</suggestion> (=w rodzaju, na sposób)?	à la
M	4177	MORFOLOGIK_RULE_PL_PL		15	21	Other	Wykryto prawdopodobny błąd pisowni	Kundel|Günter|Gunter
L	4178	Naleśniki à la Gundel
M	4178	MORFOLOGIK_RULE_PL_PL		15	21	Other	Wykryto prawdopodobny błąd pisowni	Kundel|Günter|Gunter
L	4179	Naleśniki ’a la Gundel
M	4179	A_LA_CARTE	2	10	15	Other	Czy chodziło o francuskie wyrażenie <suggestion>à la</suggestion> (=w rodzaju, na sposób)?	à la
M	4179	MORFOLOGIK_RULE_PL_PL		16	22	Other	Wykryto prawdopodobny błąd pisowni	Kundel|Günter|Gunter
L	4180	Naleśniki à la Gundel
M	4180	MORFOLOGIK_RULE_PL_PL		15	21	Other	Wykryto prawdopodobny błąd pisowni	Kundel|Günter|Gunter
L	4181	Naleśniki a la Gundel
M	4181	A_LA_CARTE	3	10	14	Other	Czy chodziło o francuskie wyrażenie <suggestion>à la</suggestion> (=w rodzaju, na sposób)?	à la
M	4181	MORFOLOGIK_RULE_PL_PL		15	21	Other	Wykryto prawdopodobny błąd pisowni	Kundel|Günter|Gunter
L	4182	Naleśniki à la Gundel
M	4182	MORFOLOGIK_RULE_PL_PL		15	21	Other	Wykryto prawdopodobny błąd pisowni	Kundel|Günter|Gunter
L	4183	Przetargi przyciągają polskich polityków jak magnez.
M	4183	PRZYCIAGAC_JAK_MAGNEZ	1	45	51	Other	Prawdopodobny błąd ortograficzny. Czy chodziło o <suggestion>magnes</suggestion>?	magnes
L	4184	Przetargi przyciągają polskich polityków jak magnes.
L	4185	Heniek darł się w niebo głosy.
M	4185	W_NIEBO_GLOSY	1	16	29	Other	Prawdopodobny błąd ortograficzny. Ten wyraz pisze się łącznie: <suggestion>wniebogłosy</suggestion>.	wniebogłosy
L	4186	Zapraszamy na przegląd piosenki religijnej „W niebo głosy”.
L	4187	Józek chodził po spacerniaku w te i na zad.
M	4187	W_TE_I_NA_ZAD	1	29	42	Other	Prawdopodobny błąd ortograficzny. Czy chodziło o <suggestion>w tę i nazad</suggestion>?	w tę i nazad
L	4188	Józek upadł na zad.
L	4189	Nie chcę mi się spać.
M	4189	CHCE_MI_SIE	1	4	8	Other	Czy chodziło o <suggestion>chce</suggestion>?	chce
L	4190	Chce mi się pić.
L	4191	Skłam najserdeczniejsze życzenia drogiej cioci!
M	4191	SKAM_YCZENIA_SKADAM_YCZENIA	1	0	5	Other	Czy chodziło o <suggestion>składam</suggestion>?	Składam
L	4192	Składam najserdeczniejsze życzenia drogiej cioci!
L	4193	Jadę do Białegostoku i z potworem.
M	4193	DO_I_Z_POTWOREM_POWROTEM	1	25	33	Other	Czy chodziło o <suggestion>powrotem</suggestion>?	powrotem
L	4194	Jadę do Białegostoku i z powrotem.
L	4195	Jadę tam i z potworem.
M	4195	DO_I_Z_POTWOREM_POWROTEM	2	13	21	Other	Czy chodziło o <suggestion>powrotem</suggestion>?	powrotem
L	4196	Zobaczyłem się tam i z potworem z Loch Ness.
L	4197	Kochanka turystyczna jest jak konserwa turystyczna.
M	4197	KOCHANKA_GAZOWA	1	0	8	Other	Prawdopodobna literówka. Czy chodziło o <suggestion>Kuchenka</suggestion>?	Kuchenka
L	4198	Zmianie podleją zadania związane ze sprawdzaniem stanu technicznego pojazdu, ruszaniem z miejsca i jazdą pasem ruchu do przodu i tyłu.
M	4198	ZMIANIE_PODLEJA_ZMIANIE_PODLEGAJA	1	8	15	Other	Prawdopodobnie literówka. Powinno być: <suggestion>podlegają</suggestion>.	podlegają
L	4199	Zmianie podlegają zadania związane ze sprawdzaniem stanu technicznego pojazdu, ruszaniem z miejsca i jazdą pasem ruchu do przodu i tyłu.
L	4200	Temu podleją też obecnie istniejące regulacje.
M	4200	ZMIANIE_PODLEJA_ZMIANIE_PODLEGAJA	1	5	12	Other	Prawdopodobnie literówka. Powinno być: <suggestion>podlegają</suggestion>.	podlegają
L	4201	Zadania podleją zmianie.
M	4201	ZMIANIE_PODLEJA_ZMIANIE_PODLEGAJA	2	8	15	Other	Prawdopodobnie literówka. Powinno być: <suggestion>podlegają</suggestion>.	podlegają
L	4202	Zadania podlegają zmianie.
L	4203	To wszystko to jest szczęście.
L	4204	Domowe to domowe.
L	4205	Musisz postawić na właściwe miejsce właściwe rzeczy.
L	4206	Podoba mi się ta poprawka ta.
M	4206	TA_POPRAWKA_TA	1	14	28	Other	Powtórzony przymiotnik „ta”. Czy chodziło o <suggestion>ta poprawka</suggestion>?	ta poprawka
L	4207	Straż Miejska ms.st. Warszawy.
M	4207	MSST_WARSZAWA_MST_WARSZAWA	1	14	16	Other	Literówka. Czy chodziło o: <suggestion>m.</suggestion>?	m.
L	4208	Straż Miejska m.st. Warszawy.
L	4209	Ale dam rade.
M	4209	BOWIEM_ZAS	1	0	3	Hint	Ten wyraz nie powinien występować na początku zdania.	
M	4209	DAM_RADE	1	8	12	Other	Czy chodziło o <suggestion>radę</suggestion>?	radę
L	4210	Podróżowanie po nich może okazać się dość twardym lądowaniem, zwłaszcza w porównaniu Azją Płd - Wsch.
M	4210	W_POROWNANIU_INST	1	74	89	Other	Prawdopodobna literówka. Czy chodziło o <suggestion>porównaniu z Azją</suggestion>?	porównaniu z Azją
M	4210	DYWIZ	1	90	100	Other	Spacje wokół dywizu (w przeciwieństwie do myślnika) są zbędne: <suggestion>Płd-Wsch</suggestion>; jeśli to miał być myślnik, to należy napisać <suggestion>Płd — Wsch</suggestion>.	Płd-Wsch|Płd — Wsch
L	4211	Był mało przystojny w porównaniu mną.
M	4211	W_POROWNANIU_INST	2	22	36	Other	Prawdopodobna literówka. Czy chodziło o <suggestion>porównaniu ze mną</suggestion>?	porównaniu ze mną
L	4212	Gliwice leża w województwie śląskim a więc w południowej części Polski.
M	4212	LEZA	1	8	12	Other	Prawdopodobna literówka. Czy chodziło o <suggestion>leżą</suggestion>?	leżą
M	4212	MULTISPOJNIKI	1	28	42	Other	W tym miejscu stawia się przecinek: <suggestion>śląskim, a więc</suggestion>	śląskim, a więc
L	4213	Zarząd Drogowy dla Powiatu Puckiego i Wejherowskiego z siedzią w Wejherowie informuje, iż w związku z zaistniałą sytuacją (COVID-19) ulega zmianie procedura.
M	4213	SIEDZIA	1	55	62	Other	Prawdopodobna literówka. Czy chodziło o <suggestion>siedzibą</suggestion>?	siedzibą
L	4214	Ten dom był siedzią jaczejki Ordo Iuris.
M	4214	SIEDZIA	2	12	19	Other	To rzadki wyraz. Prawdopodobnie literówka. Czy chodziło <suggestion>siedzą</suggestion> czy <suggestion>siedzibą</suggestion>?	siedzą|siedzibą
L	4215	On nie chce mieć ze mną noc wspólnego.
M	4215	NOC_WSPOLNEGO	1	24	27	Other	Prawdopodobna literówka. Czy chodziło <suggestion>nic</suggestion>?	nic
L	4216	Wsród naszych atrakcji – jazda kona.
M	4216	MORFOLOGIK_RULE_PL_PL		0	5	Other	Wykryto prawdopodobny błąd pisowni	Wśród|Śród|Wrót|Śrut|Środ|Ws ród
M	4216	JAZDA_KONA	1	31	35	Other	Prawdopodobna literówka. Czy chodziło o <suggestion>konna</suggestion>?	konna
L	4217	Nienawidzę pół ryżowych.
M	4217	POL_GOLFOWYCH	1	11	14	Other	Prawdopodobna literówka. Czy chodziło o <suggestion>pól</suggestion>?	pól
L	4218	Dwie łyżki suszu z malin należy zalać połową szklani wrzątku, odczekać ok. 10-15 minut i wypić napar
M	4218	SZKLANI_SZKLANKI	1	45	52	Other	Prawdopodobna literówka. Czy chodziło o <suggestion>szklanki</suggestion>?	szklanki
L	4219	Delikatnie wmieszać wiórki koksowe i orzechy.
M	4219	WIORKI_KOKSOWE	1	27	34	Other	Prawdopodobna literówka. Czy chodziło o <suggestion>kokosowe</suggestion>?	kokosowe
L	4220	Zabrakło wczoraj kwaśniej śmietany.
M	4220	KWASNIEJ_KWASNEJ	1	17	25	Other	Prawdopodobna literówka. Czy chodziło o <suggestion>kwaśnej</suggestion>?	kwaśnej
L	4221	Jerzy T. i Artur J. znali się od dawana.
M	4221	od_dawana	1	30	39	Other	Prawdopodobna literówka. Czy chodziło o <suggestion>od dawna</suggestion>?	od dawna
L	4222	To niebyt dobrze wygląda.
M	4222	niebyt_niezbyt	1	3	9	Other	Prawdopodobna literówka. Czy chodziło o <suggestion>niezbyt</suggestion>?	niezbyt
L	4223	W naszym powiecie brakowało szkody średniej.
M	4223	SZKODA_SZKOLA	1	28	43	Other	Prawdopodobna literówka. Czy chodziło o <suggestion>szkoły średniej</suggestion>?	szkoły średniej
L	4224	Na szczęście ku ucieszy graczy dokładnie wczoraj pojawiła się nowa wersja Skyramy.
M	4224	KU_UCIESZE	1	13	23	Other	Literówka. Czy chodziło o <suggestion>ku uciesze</suggestion>?	ku uciesze
M	4224	MORFOLOGIK_RULE_PL_PL		74	81	Other	Wykryto prawdopodobny błąd pisowni	Skyrami|Smyramy|Styramy
L	4225	W razie pytać zapraszam do kontaktu.
M	4225	KILKA_PYTAC	1	8	13	Other	Prawdopodobna literówka. Czy chodziło o <suggestion>pytań</suggestion>?	pytań
L	4226	Podczas dzwonienia świeci się lama błyskowa.
M	4226	LAMA_LAMPA	1	30	34	Other	Prawdopodobna literówka. Czy chodziło o <suggestion>lampa</suggestion>?	lampa
L	4227	Ranking stworzony był podstawie informacji otrzymanych od władz miast.
M	4227	PODSTAWIE	1	22	31	Other	Prawdopodobna literówka. Czy chodziło o <suggestion>na podstawie</suggestion>?	na podstawie
L	4228	Na jakiej jednak podstawie tak twierdzisz?
L	4229	Przyjęta została poprawka Sejmu, na której podstawie jednostki samorządu terytorialnego może zwolnić inną jednostkę takiego samorządu z obowiązku zwrotu mienia likwidowanej instytucji kultury.
L	4230	Skreśla się przepis, na którego podstawie od 1 września 2003 r. obowiązkowy wymiar zajęć wf dla uczniów szkół podstawowych i gimnazjów wynosić miał pięć godzin lekcyjnych.
L	4231	Komitet Ekonomiczny RM omawiał projekt rozporządzenia o wysokości i podstawie wymiaru składek na ubezpieczenie społeczne.
L	4232	Ranking stworzony był na bazie ina podstawie informacji otrzymanych od władz miast.
M	4232	PODSTAWIE	2	31	44	Other	Prawdopodobna literówka. Czy chodziło o <suggestion>i na podstawie</suggestion>?	i na podstawie
L	4233	A jaką władzę miał król przededniu konstytucji 3 maja?
M	4233	PRZEDEDNIU	1	24	34	Other	Prawdopodobna literówka. Czy chodziło o <suggestion>w przededniu</suggestion>?	w przededniu
L	4234	Szukanie całości w dziurze, czyli skonkretyzowane przygotowania do prezentacji w jej przededniu.
L	4235	W XVII w od nowa zdefiniowano pojęcie „sprawiedliwość”.
M	4235	SKROTY_Z_KROPKA	4	7	8	Other	Prawdopodobnie brak kropki: <suggestion>w.</suggestion>	w.
L	4236	We wtorek 16 maja w od godziny 16 będzie można odebrać koszulkę naszego DS, w kreślarni na 12 piętrze.
M	4236	W_OD	1	18	22	Other	Prawdopodobnie literówka. Nietypowy zbieg przyimków. Czy chodziło o <suggestion>od</suggestion>?	od
L	4237	Po drodze znajduje dowody w od dawna nierozwiązanej sprawie śmierci gwiazdy filmowej .
M	4237	COMMA_PARENTHESIS_WHITESPACE		84	86	Other	Nie wstawiamy spacji przed kropką	.
L	4238	Myśli przelatywały mu w od tak wielu tygodni udręczonym umyśle.
M	4238	PREP_CASUS	15	24	26	Other	Ten przyimek jest używany z biernikiem lub miejscownikiem.	
L	4239	Zlecę naprawę.
L	4240	Mamy tak naprawę do czynienia z początkiem końca pandemii.
M	4240	TAK_NAPRAWE	1	9	16	Other	Prawdopodobna literówka. Czy chodziło o <suggestion>naprawdę</suggestion>?	naprawdę
L	4241	Zlecę naprawę.
L	4242	Mamy naprawę wiele do czynienia z kretynami.
M	4242	TAK_NAPRAWE	2	5	12	Other	Prawdopodobna literówka. Czy chodziło o <suggestion>naprawdę</suggestion>?	naprawdę
L	4243	Może pan na liczyć na mnie.
M	4243	PREP_INF	1	9	18	Other	Przypuszczalna literówka. Przyimek nie może stać przed czasownikiem.	
L	4244	Czy można było trzy lata temu rozpocząć przygotowania do kongresu?
L	4245	Łatwo zmniejszyć jego złożoność do zauważając, że suma…
M	4245	PRZYSLOWKI_PREDYKATYWNE_BEZ_PRZECINKOW	9	6	45	Other	Prawdopodobnie brak przecinka w zdaniu złożonym.	
L	4246	Lekka prowokacja - redaktor przytoczył program PO mówiąc, że to program PiS, na co posłanka zareagowała błyskawicznie, punktując niedociągnięcia programu.
M	4246	DYWIZ	1	6	27	Other	Spacje wokół dywizu (w przeciwieństwie do myślnika) są zbędne: <suggestion>prowokacja-redaktor</suggestion>; jeśli to miał być myślnik, to należy napisać <suggestion>prowokacja — redaktor</suggestion>.	prowokacja-redaktor|prowokacja — redaktor
M	4246	ZDANIA_ZLOZONE	1	28	57	Other	W tym zdaniu złożonym brakuje przecinka lub spójnika między jednym czasownikiem („przytoczył”) a drugim („mówiąc”).	
L	4247	ST-2 również miał być przeznaczony do badać magnetosfery.
M	4247	SKROTY_Z_KROPKA	1	0	2	Other	Ten skrót piszemy z kropką: <suggestion>ST.</suggestion>	ST.
M	4247	DO_BADAC	1	38	43	Other	Prawdopodobnie literówka. Czy chodziło o <suggestion>badań</suggestion>?	badań
L	4248	Wzory można zestawiać bez zahamować.
M	4248	BEZ_ZAHAMOWAC	1	26	35	Other	Prawdopodobna literówka. Czy chodziło o <suggestion>zahamowań</suggestion>?	zahamowań
L	4249	Rozwiązanie problemu ciemnego pokoju opera się na tym fakcie.
M	4249	OPERA_SIE_OPIERA	1	37	42	Other	Prawdopodobnie literówka. Czy chodziło o <suggestion>opiera</suggestion>?	opiera
L	4250	Lina podtrzymująca samochód na planie trzeciego filmu Michaela Baya zerwała się, rozcinając czaszkę statystki.
M	4250	MORFOLOGIK_RULE_PL_PL		63	67	Other	Wykryto prawdopodobny błąd pisowni	Baba|Bada|Baza|Bała|Bazą|Bąka|Boya|Babą|Bana|Bata|Raya|Bay|Baca|Baga|Baka|Bara|Baja|Bala|Bąba|Basa|Gaya|Baką|Bacą|Bają|Barą|Bałą|Bama|Balą|Basą|Bąbą|Bamą|eBaya|Bay a
L	4251	Policyjne statystki są szokujące.
M	4251	STATYSTKI_STATYSTYKI	1	10	19	Other	Prawdopodobna literówka. Czy chodziło o <suggestion>statystyki</suggestion>?	statystyki
L	4252	Oddam używany wykrywacz do ciastek w kształcie dinozaura.
M	4252	WYKRYWACZ_WYKRAWACZ	1	14	23	Other	Prawdopodobna literówka. Czy chodziło <suggestion>wykrawacz</suggestion>	wykrawacz
L	4253	Pracował tam wykrywacz wołowiny.
M	4253	WYKRYWACZ_WYKRAWACZ	2	13	22	Other	Prawdopodobna literówka. Czy chodziło <suggestion>wykrawacz</suggestion>	wykrawacz
L	4254	Nie mam wykrawacza metali.
M	4254	WYKRYWACZ_WYKRAWACZ	3	8	18	Other	Prawdopodobna literówka. Czy chodziło <suggestion>wykrywacza</suggestion>	wykrywacza
L	4255	Ostatecznie sporu nie rozstrzygnięto, ale mimo różnić obie frakcje widziały konieczności utrzymania jednolitej organizacji studenckiej.
M	4255	MIMO_ROZNIC	1	47	53	Other	Prawdopodobna literówka. Czy chodziło o <suggestion>różnic</suggestion>?	różnic
L	4256	Pozwalają zaoszczędzić czas podczas przygotować.
M	4256	PODCZAS_PRZYGOTOWAC	1	36	47	Other	Prawdopodobnie literówka. Czy chodziło o <suggestion>przygotowań</suggestion>?	przygotowań
L	4257	Pozwalają zaoszczędzić czas podczas świątecznych przygotować.
M	4257	PODCZAS_PRZYGOTOWAC	1	49	60	Other	Prawdopodobnie literówka. Czy chodziło o <suggestion>przygotowań</suggestion>?	przygotowań
L	4258	Pozwalają zaoszczędzić czas podczas naszych świątecznych przygotować.
M	4258	PODCZAS_PRZYGOTOWAC	1	57	68	Other	Prawdopodobnie literówka. Czy chodziło o <suggestion>przygotowań</suggestion>?	przygotowań
L	4259	Ważnym elementem, na który funkcjonariusze zwracają uwagę podczas spotkać, jest problematyka związana z poruszaniem się w drodze do szkoły.
M	4259	PODCZAS_PRZYGOTOWAC	1	66	73	Other	Prawdopodobnie literówka. Czy chodziło o <suggestion>spotkań</suggestion>?	spotkań
L	4260	Proponuję Panom Inspektorom się do uczyć trochę.
M	4260	DO_UCZYC	1	32	40	Other	Prawdopodobnie literówka. Czy chodziło o <suggestion>douczyć</suggestion> lub <suggestion>do uczuć</suggestion>?	douczyć|do uczuć
L	4261	Proponuję Panom Inspektorom do kupić bluzę z kapturem.
M	4261	DO_KUPIC	1	28	36	Other	Prawdopodobnie literówka. Ten czasownik piszemy łącznie. Czy chodziło o <suggestion>dokupić</suggestion>?	dokupić
L	4262	Zapisz sobie, co masz do kupienia.
L	4263	Rolnicy mogą się do przygotować do spisu powszechnego.
M	4263	DO_PRZYGOTOWAC	1	17	31	Other	Prawdopodobnie literówka. Czy chodziło o <suggestion>przygotować</suggestion>?	przygotować
L	4264	Kierownictwo pracą aplikanta należy do kierownika właściwego wydziału, który może delegować aplikanta do zająć przy innych urzędnikach wydziału.
M	4264	DO_ZAJAC	1	105	110	Other	Prawdopodobna literówka. Czy chodziło o <suggestion>zajęć</suggestion>?	zajęć
L	4265	Stawką jest nie tylko przyszłość kraju, ale i Unii Europejskiej, a także stosunek Unii do Rosji i wojny w Ukaranie.
M	4265	UKARANIE_UKRAINIE	1	106	114	Other	Prawdopodobna literówka. Czy chodziło o <suggestion>Ukrainie</suggestion>?	Ukrainie
L	4266	Dyrektor SZP ZOZ Wołomin Mieczysław Romejko i Gówna Księgowa Pani Maria Góral zreferowali członkom Zarządu stan realizacji programu restrukturyzacji SZP ZOZ.
M	4266	MORFOLOGIK_RULE_PL_PL		9	12	Other	Wykryto prawdopodobny błąd pisowni	SP|SZT|ŚP|ZSP|SAP|SĘP|SPP|SZOP|SZU|SSP|UZP|SEP|SZA|SDP|SOP|ZZP|SZK|SZW|SUP|SZI|STP|SYP|SJP|SZSP|SZYP|SBP|SIP|SZAP|ŚRP
M	4266	GOWNA_KSIEGOWA	1	46	51	Other	Literówka. Czy chodziło o <suggestion>Główna</suggestion>?	Główna
M	4266	MORFOLOGIK_RULE_PL_PL		149	152	Other	Wykryto prawdopodobny błąd pisowni	SP|SZT|ŚP|ZSP|SAP|SĘP|SPP|SZOP|SZU|SSP|UZP|SEP|SZA|SDP|SOP|ZZP|SZK|SZW|SUP|SZI|STP|SYP|SJP|SZSP|SZYP|SBP|SIP|SZAP|ŚRP
L	4267	Przyznano następujące wyróżnienia: Nagroda Gówna i Nagroda Pocieszenia – „rok bez golenia”.
M	4267	GOWNA_KSIEGOWA	2	43	48	Other	Literówka. Czy chodziło o <suggestion>Główna</suggestion>?	Główna
L	4268	Obowiązuje zasada równego tratowania w zatrudnieniu.
M	4268	ROWNE_TRATOWANIE	1	26	36	Other	Prawdopodobna literówka. Czy chodziło o <suggestion>traktowania</suggestion>?	traktowania
L	4269	Przedstawiciele kibiców próbowali negocjować z delegatem, jednak przedstawiciel PZPN nie był specjalnie skłony do dyskusji.
M	4269	SKLONY_SKLONNY	1	104	110	Other	Prawdopodobna literówka. Czy chodziło o <suggestion>skłonny</suggestion>?	skłonny
L	4270	Przedstawiciele kibiców próbowali negocjować z delegatem, a przedstawiciel PZPN skłony był wypić wódeczkę.
M	4270	SKLONY_SKLONNY	2	80	86	Other	Prawdopodobna literówka. Czy chodziło o <suggestion>skłonny</suggestion>?	skłonny
L	4271	Ogóle informacje na temat prawa internetowego
M	4271	OGOLE_OGOLNE	1	0	5	Other	Prawdopodobna literówka. Czy chodziło o <suggestion>ogólne</suggestion>?	Ogólne
L	4272	Tymczasem w swoim ogóle wina wypadły słabo.
L	4273	Nie sposób mówiąc o ogóle sprawy pominąć pozostałych, mniej ważnych kwestii - bo w końcu diabeł tkwi w szczegółach.
M	4273	ZDANIA_ZLOZONE	1	4	53	Other	W tym zdaniu złożonym brakuje przecinka lub spójnika między jednym czasownikiem („sposób”) a drugim („mówiąc”).	
M	4273	DYWIZ	1	68	80	Other	Spacje wokół dywizu (w przeciwieństwie do myślnika) są zbędne: <suggestion>kwestii-bo</suggestion>; jeśli to miał być myślnik, to należy napisać <suggestion>kwestii — bo</suggestion>.	kwestii-bo|kwestii — bo
L	4274	Dolar kosztował po południu 1,77 marki i 131,95 jena w porównaniu z 1,78 marki i 133,2 jena dzień wcześniej.
L	4275	W relacji do jena marka była najdroższa od tygodnia i kosztowała 70,81 JPY.
M	4275	MORFOLOGIK_RULE_PL_PL		71	74	Other	Wykryto prawdopodobny błąd pisowni	SPY|JPG|JAPY|JP2|UPY|JPL|JOPY|KPY|OPY|BPY
L	4276	Dla Spinozy tylko jena rzecz jest konkretna: wszechświat jako całość.
M	4276	JENA_JEDNA	1	18	22	Other	Prawdopodobna literówka. Czy chodziło o <suggestion>jedna</suggestion>?	jedna
L	4277	Aforyzmy codzienne wybrał i do praktyki rekomendował Hazrat Inayat Khan.
M	4277	MORFOLOGIK_RULE_PL_PL		53	59	Other	Wykryto prawdopodobny błąd pisowni	
M	4277	MORFOLOGIK_RULE_PL_PL		60	66	Other	Wykryto prawdopodobny błąd pisowni	
L	4278	Codzienne stanie przed szafą i układanie kolejnego zestawu choć trochę innego od poprzednich z wiecznie tych samych rzeczy już mnie nudzi.
L	4279	Od kilku lat STS codzienne wydaje mieszkańcom jedzenie.
M	4279	CODZIENNE_CODZIENNIE	1	17	26	Other	Prawdopodobna literówka. Czy chodziło o <suggestion>codziennie</suggestion>?	codziennie
L	4280	Interesujemy się językiem i piszemy coraz lepie.
M	4280	CORAZ_LEPIE	1	42	47	Other	Prawdopodobna literówka. Czy chodziło o <suggestion>lepiej</suggestion>?	lepiej
L	4281	Mucha wisiała na tym lepie.
L	4282	Dzień dobry, Panie Potrze.
M	4282	POTRZE_PIOTRZE_POTRZEB_PORZE	1	13	25	Other	Prawdopodobna literówka. Czy chodziło o <suggestion>Panie Piotrze</suggestion>?	Panie Piotrze
L	4283	Za tydzień o tej samej potrze.
M	4283	POTRZE_PIOTRZE_POTRZEB_PORZE	2	23	29	Other	Prawdopodobna literówka. Czy chodziło o <suggestion>porze</suggestion>?	porze
L	4284	Posiadamy szeroka ofertę handlowa dostosowaną do potrze każdego, nawet najbardziej wymagającego klienta.
M	4284	NIEZGODNO_PRZYPADKW_PRZYMIOTNIKA_I_RZECZOWNIKA_RODZAJU_ESKIEGO	4	10	17	Other	Prawdopodobna literówka: <suggestion>szeroką</suggestion>.	szeroką
M	4284	NIEZGODNO_PRZYPADKW_PRZYMIOTNIKA_I_RZECZOWNIKA_RODZAJU_ESKIEGO	5	25	33	Other	Prawdopodobna literówka: <suggestion>handlową</suggestion>.	handlową
M	4284	POTRZE_PIOTRZE_POTRZEB_PORZE	3	49	55	Other	Prawdopodobna literówka. Czy chodziło o <suggestion>potrzeb</suggestion>?	potrzeb
L	4285	Była tam czyta woda.
M	4285	CZYTA_CZYSTA	1	9	14	Other	Prawdopodobna literówka. Czy chodziło o <suggestion>czysta</suggestion>?	czysta
L	4286	A woda czyta.
M	4286	CZYTA_CZYSTA	2	7	12	Other	Prawdopodobna literówka. Czy chodziło o <suggestion>czysta</suggestion>?	czysta
L	4287	Popełniłem błąd litrowy, tzw. literówkę.
M	4287	LITROWKA	1	11	23	Other	Prawdopodobna literówka. Czy chodziło o <suggestion>błąd literowy</suggestion>?	błąd literowy
L	4288	Popełniłem litrówkę.
M	4288	LITROWKA	2	11	19	Other	Prawdopodobna literówka. Czy chodziło o <suggestion>literówkę</suggestion>?	literówkę
L	4289	Dostałem mnie więcej 1000 zł.
M	4289	MNIE_MNIEJ	1	9	13	Other	Prawdopodobna literówka. Czy chodziło o <suggestion>mniej</suggestion>?	mniej
L	4290	Dostał ode mnie więcej niż 5 zł.
L	4291	Dostałem ni mnie, ni więcej jak stary sedes.
M	4291	MNIE_MNIEJ	2	12	16	Other	Prawdopodobna literówka. Czy chodziło o <suggestion>mniej</suggestion>?	mniej
M	4291	WIECEJ_JAK	1	28	31	Other	Mówimy „więcej <suggestion>od</suggestion>” lub „więcej <suggestion>niż</suggestion>” (w zależności od kontekstu).	od|niż
L	4292	Dostałem mnie więcej tysiąc zł.
M	4292	MNIE_MNIEJ	3	9	13	Other	Prawdopodobna literówka. Czy chodziło o <suggestion>mniej</suggestion>?	mniej
L	4293	Dostał ode mnie więcej niż 5 zł.
L	4294	Dla niezmotoryzowanych odjeżdża mnie więcej co pół godziny autobus.
M	4294	MNIE_MNIEJ	3	32	36	Other	Prawdopodobna literówka. Czy chodziło o <suggestion>mniej</suggestion>?	mniej
L	4295	Nie mnie niż 100 g.
M	4295	NIE_MNIE_NI_NIE_MNIEJ_NI	1	4	8	Other	Prawdopodobna literówka. Czy chodziło o <suggestion>mniej</suggestion>?	mniej
L	4296	Płacą nawet 40% mnie niż w sklepie.
M	4296	MNIE_MNIEJ	4	16	20	Other	Prawdopodobna literówka. Czy chodziło o <suggestion>mniej</suggestion>?	mniej
L	4297	I coraz mnie mniej.
L	4298	W toku coraz mnie eleganckiej dyskusji rozmyło się bestialstwo zabójców, najważniejsza stała się obrona honoru podejrzanych.
M	4298	MNIE_MNIEJ	5	13	17	Other	Prawdopodobna literówka. Czy chodziło o <suggestion>mniej</suggestion>?	mniej
L	4299	I coraz mnie mniej.
L	4300	W toku mnie lub bardziej eleganckiej dyskusji rozmyło się bestialstwo zabójców, najważniejsza stała się obrona honoru podejrzanych.
M	4300	MNIE_MNIEJ	6	7	11	Other	Prawdopodobna literówka. Czy chodziło o <suggestion>mniej</suggestion>?	mniej
L	4301	U mniej w szkole była wszawica.
M	4301	MNIEJ_MNIE	1	2	7	Other	Prawdopodobna literówka. Czy chodziło o <suggestion>mnie</suggestion>?	mnie
L	4302	Ja się tego właśnie boje.
M	4302	BOJE_BOJĘ	1	20	24	Other	Prawdopodobna literówka. Czy chodziło o <suggestion>boję</suggestion>?	boję
L	4303	Dzisiaj boje się o Ciebie.
M	4303	BOJE_BOJĘ	2	8	12	Other	Prawdopodobna literówka. Czy chodziło o <suggestion>boję</suggestion>?	boję
L	4304	Ja się, proszę pana, nie boje.
M	4304	BOJE_BOJĘ	1	25	29	Other	Prawdopodobna literówka. Czy chodziło o <suggestion>boję</suggestion>?	boję
L	4305	Oni się tego właśnie boja.
M	4305	BOJE_BOJĘ	4	21	25	Other	Prawdopodobna literówka. Czy chodziło o <suggestion>boją</suggestion>?	boją
L	4306	Dzisiaj boja się o Ciebie.
M	4306	BOJE_BOJĘ	5	8	12	Other	Prawdopodobna literówka. Czy chodziło o <suggestion>boją</suggestion>?	boją
L	4307	Oni się, proszę pana, nie boja.
M	4307	BOJE_BOJĘ	4	26	30	Other	Prawdopodobna literówka. Czy chodziło o <suggestion>boją</suggestion>?	boją
L	4308	Ogólnie młodzi ludzie nie lubą formalności.
M	4308	LUBIA_LUBA	1	26	30	Other	Typowa literówka. Czy chodziło o <suggestion>lubią</suggestion>?	lubią
L	4309	Młodzi ludzie lubą jeździć rowerami.
M	4309	LUBIA_LUBA	2	14	18	Other	Typowa literówka. Czy chodziło o <suggestion>lubią</suggestion>?	lubią
L	4310	Lubię z moją lubą jeździć na wrotkach.
L	4311	Lubię z lubą jeść lody o smaku dorsza.
L	4312	Twoje zadanie to rozlicznie handlowca z wyników pracy.
M	4312	ROZLICZNIE	1	17	27	Other	Prawdopodobna literówka. Czy chodziło o <suggestion>rozliczenie</suggestion>?	rozliczenie
L	4313	Wspólne rozlicznie z małżonkiem
M	4313	ROZLICZNIE	1	8	18	Other	Prawdopodobna literówka. Czy chodziło o <suggestion>rozliczenie</suggestion>?	rozliczenie
L	4314	Wygląda na to, ze źle robię.
M	4314	TO_ZE_TO_E	1	15	17	Other	Prawdopodobna literówka. Czy chodziło o <suggestion>że</suggestion>?	że
L	4315	Wygląda na to, że źle robię.
L	4316	Poza tym, ze względu na swoją konstrukcję UEP nie może być stosowany w dłuższym horyzoncie czasowym.
M	4316	MORFOLOGIK_RULE_PL_PL		42	45	Other	Wykryto prawdopodobny błąd pisowni	UE|UP|LEP|UOP|SĘP|EP|KĘP|KEP|UDP|UZP|SEP|UTP|CEP|DEP|REP|NEP|WEP|MEP|HEP|TĘP|ULEP|UED|UEA|UEF|UJP|USP|U EP|UE P
L	4317	Po zabiegu zanika menstruacja, co dla wieku z nich jest wielką ulgą.
M	4317	WIEKU_Z_NICH	1	38	43	Other	Czy chodziło o <suggestion>wielu</suggestion>?	wielu
L	4318	Dlatego osoby w rożnym wieku z nich korzystają.
M	4318	ROZNY	1	16	22	Other	Prawdopodobna literówka. Czy chodziło o <suggestion>różnym</suggestion>?	różnym
L	4319	Przez ponad pół wieku z jego mieszkania nie została wyrzucona żadna zadrukowana kartka.
L	4320	I wieku z nich to kretyni.
M	4320	WIEKU_Z_NICH	1	2	7	Other	Czy chodziło o <suggestion>wielu</suggestion>?	wielu
L	4321	Od wieku lat jadam rosoły.
M	4321	WIEKU_Z_NICH	2	3	8	Other	Czy chodziło o <suggestion>wielu</suggestion>?	wielu
L	4322	Od wieku lat 5 wszystkie dzieci są zobowiązane do odbycia rocznego bezpłatnego przygotowania przedszkolnego do nauki w szkole.
L	4323	Od wieku lat pięciu wszystkie dzieci są zobowiązane do odbycia rocznego bezpłatnego przygotowania przedszkolnego do nauki w szkole.
L	4324	Od bardzo wieku osób słyszałem już te bzdury.
M	4324	WIEKU_Z_NICH	3	10	15	Other	Czy chodziło o <suggestion>wielu</suggestion>?	wielu
L	4325	Od wieku lat 5 wszystkie dzieci są zobowiązane do odbycia rocznego bezpłatnego przygotowania przedszkolnego do nauki w szkole.
L	4326	Od wieku lat pięciu wszystkie dzieci są zobowiązane do odbycia rocznego bezpłatnego przygotowania przedszkolnego do nauki w szkole.
L	4327	Warto zwrócić uwagę na trzy chaty mazurskie z XIX wieku z ciemnych drewnianych bali.
L	4328	Ale i tak wieku "produkcyjnego" dożywa kilka procent narybku.
M	4328	BOWIEM_ZAS	1	0	3	Hint	Ten wyraz nie powinien występować na początku zdania.	
L	4329	Bronią miasta coraz skutecznej.
M	4329	CORAZ_ADJ_POS	1	20	30	Other	Prawdopodobna literówka. Czy chodziło o <suggestion>skuteczniej</suggestion> lub jakiś inny wyraz?	skuteczniej
L	4330	A będzie z pewnością coraz odpowiedniej.
L	4331	Szczyty gór płoną wieczyście w różowym obrzasku, który pada na nie z coraz innej strony.
L	4332	Nasz syn chodzi do żłóbka przyzakładowego.
M	4332	ZLOBEK	1	19	25	Other	Prawdopodobna literówka. Czy chodziło o <suggestion>żłobka</suggestion>?	żłobka
L	4333	Nasz syn zajrzał do żłobka betlejemskiego.
M	4333	ZLOBEK	2	20	26	Other	Prawdopodobna literówka. Czy chodziło o <suggestion>żłóbka</suggestion>?	żłóbka
L	4334	Natomiast u stup zapory są umiejscowione turbiny elektrowni.
M	4334	STUP_STOP	1	12	16	Other	Możliwy błąd ortograficzny. Czy chodziło o <suggestion>stóp</suggestion>?	stóp
L	4335	Zgodnie ze zwyczajami wokół buddyjskich stup należy chodzić zgodnie z ruchem wskazówek zegara.
L	4336	Pozostałości dwóch wież u stup wzgórza.
M	4336	STUP_STOP	1	26	30	Other	Możliwy błąd ortograficzny. Czy chodziło o <suggestion>stóp</suggestion>?	stóp
L	4337	Pozostałości dwóch wież u stóp wzgórza.
L	4338	Są już za staży.
M	4338	ZA_STAZY	1	10	15	Other	Prawdopodobnie błąd ortograficzny. Czy chodziło o <suggestion>starzy</suggestion> (=niemłodzi)?	starzy
L	4339	Naprawdę nie wiem, kogo w tym kraju stać na wadę wzorku.
M	4339	WADA_WZORKU	1	49	55	Other	Literówka. Czy chodziło o <suggestion>wzroku</suggestion>?	wzroku
L	4340	Sól ważona pozyskiwana jest z odparowanego roztworu solnego, tzw. solanki.
M	4340	SOL_WAZONA	1	4	10	Other	Błąd ortograficzny. Powinno być: <suggestion>warzona</suggestion>.	warzona
L	4341	Polacy odzyskali Pomoże Gdańskie.
M	4341	POMOZE_GDANSKIE	1	17	23	Other	Błąd ortograficzny. Czy chodziło o <suggestion>Pomorze</suggestion>?	Pomorze
L	4342	To projekt tylko na papieże.
M	4342	NA_PAPIEZE	1	20	27	Other	Błąd ortograficzny. Czy chodziło o <suggestion>papierze</suggestion>?	papierze
L	4343	To jest moja była zona.
M	4343	ZONA_ZONA	1	18	22	Other	Czy chodziło o <suggestion>żona</suggestion>?	żona
L	4344	Kysz, zły duchu!
M	4344	KYSZ_A_KYSZ	1	0	4	Other	Czy chodziło o <suggestion>a kysz</suggestion>?	A kysz
L	4345	A kysz, zły duchu!
L	4346	Jestem przeciwna zmianą emerytalnym.
M	4346	ADJ_SUBST_ADJ_UNIFY	1	7	35	Other	Przypuszczalnie brak zgodności form przypadków przymiotników i rzeczownika: przeciwna zmianą emerytalnym.	
L	4347	Była atrakcyjną dla płci przeciwnej kobietą.
L	4348	Zderzyła się czołowo z jadącą w kierunku przeciwnym ciężarówką.
L	4349	Posługują się w krajach im przeciwnych metodą marketingu…
L	4350	Teorie są tylko nieodpowiedzialną i Bogu przeciwną herezją.
L	4351	Lekcja muzealna trwa o k. 45 - 90 min.
M	4351	o_k	1	21	25	Other	Literówka. Czy chodziło o <suggestion>ok.</suggestion>?	ok.
L	4352	Niechętnie dzielił się w ładzą.
M	4352	w_ladza	1	23	30	Other	Czy chodziło o <suggestion>władzą</suggestion>?	władzą
L	4353	Wiadomość z 21 Sty 2012:
M	4353	ZAPIS_DATY_ZE_SKROTEM_BLEDNYM	1	12	23	Other	Błąd ortograficzny w skrócie nazwy miesiąca (typowy w bezmyślnym tłumaczeniu). Powinno być: <suggestion>21 I 2012</suggestion>.	21 I 2012
L	4354	Wiadomość z 21 lut 2012:
M	4354	ZAPIS_DATY_ZE_SKROTEM_BLEDNYM	2	12	23	Other	Błąd ortograficzny w skrócie nazwy miesiąca (typowy w bezmyślnym tłumaczeniu). Powinno być: <suggestion>21 II 2012</suggestion>.	21 II 2012
L	4355	Wiadomość z 21 Mar 2012:
M	4355	ZAPIS_DATY_ZE_SKROTEM_BLEDNYM	3	12	23	Other	Błąd ortograficzny w skrócie nazwy miesiąca (typowy w bezmyślnym tłumaczeniu). Powinno być: <suggestion>21 III 2012</suggestion>.	21 III 2012
L	4356	Wiadomość z 21 Kwi 2012:
M	4356	ZAPIS_DATY_ZE_SKROTEM_BLEDNYM	4	12	23	Other	Błąd ortograficzny w skrócie nazwy miesiąca (typowy w bezmyślnym tłumaczeniu). Powinno być: <suggestion>21 IV 2012</suggestion>.	21 IV 2012
L	4357	Wiadomość z 1 Maj 2012:
M	4357	ZAPIS_DATY_ZE_SKROTEM_BLEDNYM	5	12	22	Other	Błąd ortograficzny w skrócie lub błędna odmiana nazwy miesiąca. Powinno być: <suggestion>1 V 2012</suggestion> lub <suggestion>1 maja 2012</suggestion>.	1 V 2012|1 maja 2012
L	4358	Wiadomość z 21 cze 2012:
M	4358	ZAPIS_DATY_ZE_SKROTEM_BLEDNYM	6	12	23	Other	Błąd ortograficzny w skrócie nazwy miesiąca (typowy w bezmyślnym tłumaczeniu). Powinno być: <suggestion>21 VI 2012</suggestion>.	21 VI 2012
L	4359	Wiadomość z 10 Lip 2012:
M	4359	ZAPIS_DATY_ZE_SKROTEM_BLEDNYM	7	12	23	Other	Błąd ortograficzny w skrócie nazwy miesiąca (typowy w bezmyślnym tłumaczeniu). Powinno być: <suggestion>10 VII 2012</suggestion>.	10 VII 2012
L	4360	Wiadomość z 30 Sie 2012:
M	4360	ZAPIS_DATY_ZE_SKROTEM_BLEDNYM	8	12	23	Other	Błąd ortograficzny w skrócie nazwy miesiąca (typowy w bezmyślnym tłumaczeniu). Powinno być: <suggestion>30 VIII 2012</suggestion>.	30 VIII 2012
L	4361	Wiadomość z 21 Wrz 2012:
M	4361	ZAPIS_DATY_ZE_SKROTEM_BLEDNYM	9	12	23	Other	Błąd ortograficzny w skrócie nazwy miesiąca (typowy w bezmyślnym tłumaczeniu). Powinno być: <suggestion>21 IX 2012</suggestion>.	21 IX 2012
L	4362	Wiadomość z 2 Paź 2012:
M	4362	ZAPIS_DATY_ZE_SKROTEM_BLEDNYM	10	12	22	Other	Błąd ortograficzny w skrócie nazwy miesiąca (typowy w bezmyślnym tłumaczeniu). Powinno być: <suggestion>2 X 2012</suggestion>.	2 X 2012
L	4363	Wiadomość z 11 lis 2012:
M	4363	ZAPIS_DATY_ZE_SKROTEM_BLEDNYM	11	12	23	Other	Błąd ortograficzny w skrócie nazwy miesiąca (typowy w bezmyślnym tłumaczeniu). Powinno być: <suggestion>11 XI 2012</suggestion>.	11 XI 2012
L	4364	Wiadomość z 24 gru 2020:
M	4364	ZAPIS_DATY_ZE_SKROTEM_BLEDNYM	12	12	23	Other	Błąd ortograficzny w skrócie nazwy miesiąca (typowy w bezmyślnym tłumaczeniu). Powinno być: <suggestion>24 XII 2020</suggestion>.	24 XII 2020
L	4365	Część i chwała bohaterom!
M	4365	czesc_czesc	1	0	5	Other	Prawdopodobna literówka. Czy chodziło o <suggestion>cześć</suggestion>?	Cześć
L	4366	Wydałem bankiet na jej część.
M	4366	czesc_czesc	2	23	28	Other	Prawdopodobna literówka. Czy chodziło o <suggestion>cześć</suggestion>?	cześć
L	4367	Część pracy!
M	4367	czesc_czesc	3	0	5	Other	Prawdopodobna literówka. Czy chodziło o <suggestion>cześć</suggestion>?	Cześć
L	4368	To była pierwsza cześć tryptyku.
M	4368	CZESC_CZESC	1	17	22	Other	Prawdopodobna literówka. Czy chodziło o <suggestion>część</suggestion>?	część
L	4369	To była cześć pierwsza tryptyku.
M	4369	czesc_czesc	5	8	13	Other	Czy chodziło o <suggestion>część</suggestion>?	część
L	4370	Cześć IV
M	4370	czesc_czesc	5	0	5	Other	Czy chodziło o <suggestion>część</suggestion>?	Część
L	4371	Ta cześć była pierwsza.
M	4371	CZESC_CZESC	1	3	8	Other	Prawdopodobna literówka. Czy chodziło o <suggestion>część</suggestion>?	część
L	4372	Ta cześć była bardzo droga.
M	4372	CZESC_CZESC	1	3	8	Other	Prawdopodobna literówka. Czy chodziło o <suggestion>część</suggestion>?	część
L	4373	Widziałem tam zgrabną łaskę.
M	4373	laska_laska	1	22	27	Other	Czy chodziło o <suggestion>laskę</suggestion>	laskę
L	4374	Projekt wpłynął do łaski marszałkowskiej.
M	4374	laska_laska	2	19	24	Other	Czy chodziło o <suggestion>laski</suggestion>	laski
L	4375	Spłynęła na niego Boża laska.
M	4375	laska_laska	3	23	28	Other	Czy chodziło o <suggestion>łaska</suggestion>	łaska
L	4376	Odczuł laskę chrystusową.
M	4376	laska_laska	4	7	12	Other	Czy chodziło o <suggestion>łaskę</suggestion>	łaskę
L	4377	Dostąpił laski.
M	4377	laska_laska	5	9	14	Other	Czy chodziło o <suggestion>łaski</suggestion>	łaski
L	4378	Poderwał wczoraj łaskę z Mielna.
M	4378	laska_laska	6	17	22	Other	Czy chodziło o <suggestion>laskę</suggestion>	laskę
L	4379	Po lewej stronie znajduję się pasek.
M	4379	ZNAJDUJE	1	17	25	Other	Czy chodziło o <suggestion>znajduje</suggestion>?	znajduje
L	4380	Znajduję się w tym miejscu.
L	4381	Po lewej stronie znajduję się dwóch aktorów.
M	4381	ZNAJDUJE	2	17	25	Other	Czy chodziło o <suggestion>znajduje</suggestion>?	znajduje
L	4382	Fotografia ze spektaklu „Portret trumienny”, na której znajduję się dwóch aktorów.
M	4382	ZNAJDUJE	2	55	63	Other	Czy chodziło o <suggestion>znajduje</suggestion>?	znajduje
L	4383	Znajduję się w tym miejscu.
L	4384	Po stronie, na której się znajduję dwóch aktorów.
M	4384	ZNAJDUJE	3	26	34	Other	Czy chodziło o <suggestion>znajduje</suggestion>?	znajduje
L	4385	Znajduję się w tym miejscu.
L	4386	Gdzie się znajduję filtr paliwa?
M	4386	ZNAJDUJE	4	10	18	Other	Czy chodziło o <suggestion>znajduje</suggestion>?	znajduje
L	4387	Ja się znajduję w tym miejscu.
L	4388	Chodźcie no tuta j.
M	4388	TUTA_J	1	12	18	Other	Prawdopodobnie literówka. Czy chodziło o <suggestion>tutaj</suggestion>?	tutaj
L	4389	Tuta rosną banany.
M	4389	TUTA_J	2	0	4	Other	Prawdopodobnie literówka. Czy chodziło o <suggestion>Tutaj</suggestion>?	Tutaj
L	4390	Chodźcie no tuta.
M	4390	TUTA_J	2	12	16	Other	Prawdopodobnie literówka. Czy chodziło o <suggestion>tutaj</suggestion>?	tutaj
L	4391	Tuta j rosną banany.
M	4391	TUTA_J	1	0	6	Other	Prawdopodobnie literówka. Czy chodziło o <suggestion>Tutaj</suggestion>?	Tutaj
L	4392	Boska opaczność ich ochroniła.
M	4392	OPACZNOSC_OPATRZNOSC	1	6	15	Other	Powinno być <suggestion>opatrzność</suggestion> (=opieka Boga)	opatrzność
L	4393	Boska opatrzność ich ochroniła.
L	4394	"Opaczność Opatrzności" - bo taki tytuł nosi najnowszy tomik wierszy księdza Miłosza Bieli, jest już czwartym w jego pisarskim dorobku.
L	4395	To było w Europie.
L	4396	Nie martw się europą.
M	4396	EUROPA	1	14	20	Other	Czy chodziło o <suggestion>Europą</suggestion>?	Europą
L	4397	Byłem w rzymie.
M	4397	EUROPA	1	8	14	Other	Czy chodziło o <suggestion>Rzymie</suggestion>?	Rzymie
L	4398	To było w Opolu.
L	4399	Nie martw się opolem.
M	4399	OPOLE	1	14	20	Other	Czy chodziło o <suggestion>Opolem</suggestion>?	Opolem
L	4400	To mieszkańcy Afryki Środkowej.
L	4401	To są kraje afryki zachodniej.
M	4401	AFRYKA	1	12	29	Other	Błędna pisownia. Powinno być: <suggestion>Afryki Zachodniej</suggestion>.	Afryki Zachodniej
L	4402	To było w Afryce.
L	4403	Nie martw się afryką.
M	4403	AFRYKA	2	14	20	Other	Czy chodziło o <suggestion>Afryką</suggestion>?	Afryką
L	4404	Marzę o masażu tajskim.
L	4405	Marzę o masarzu tajskim.
M	4405	MASARZ	1	8	15	Other	Ten wyraz oznacza osobę wyrabiającą wędliny i jest często mylony z wyrazem „masaż”. Czy chodziło o <suggestion>masażu</suggestion>?	masażu
L	4406	To nasza wspólna sprawa.
L	4407	To nasza spólna sprawa.
M	4407	SPOLNY	1	9	15	Other	Wyraz „spólna” jest przestarzały i może być literówką. Czy chodziło o <suggestion>wspólna</suggestion>?	wspólna
L	4408	Muszę spróbować.
L	4409	Muszę sprobować.
M	4409	SPROBOWAC	1	6	15	Other	Wyraz „sprobować” jest przestarzały i może być literówką. Czy chodziło o <suggestion>spróbować</suggestion>?	spróbować
L	4410	On jest tłumaczem.
L	4411	On jest tłomaczem.
M	4411	TLOMACZ	1	8	17	Other	Wyraz „tłomaczem” jest przestarzały i może być literówką. Czy chodziło o <suggestion>tłumaczem</suggestion>?	tłumaczem
L	4412	Składa członkowska powinna być wpłacona do 31 stycznia każdego roku.
M	4412	SKLADA_SKLADKA	1	0	6	Other	Czy chodziło o <suggestion>składka</suggestion>?	Składka
L	4413	Ostrz łańcuch dopóty, dopóty wszystkie uszkodzenia krawędzi tnących zęba nie zostaną usunięte.
M	4413	DOPOTY_DOPOTY	1	22	28	Other	Prawdopodobne przejęzyczenie. Czy chodziło o <suggestion>dopóki</suggestion>?	dopóki
L	4414	Różnica dla użytkownika może wynosić nawet 1000 euro netto miesięcznie w porównania do np. diesla.
M	4414	W_POROWNANIA_DO	1	73	83	Other	Prawdopodobna literówka. Czy chodziło o <suggestion>porównaniu</suggestion>?	porównaniu
L	4415	Więcej informacji na naszej stronie internatowej.
M	4415	strona_internatowa	1	36	48	Other	Prawdopodobna literówka. Czy chodziło o <suggestion>internetowej</suggestion>?	internetowej
L	4416	Szerzenie nienawiści do Rosjan w postaci zawładnięcia mas mediami
M	4416	MAS_MEDIA_MASS_MEDIA	1	54	65	Other	Prawdopodobna literówka. Czy chodziło o <suggestion>mass mediami</suggestion>?	mass mediami
L	4417	Patrzę na ogromy dom.
M	4417	OGROMY_OGROMNY	1	10	16	Other	Prawdopodobna literówka. Czy chodziło o <suggestion>ogromny</suggestion>?	ogromny
L	4418	Patrzę na ogromny dom.
L	4419	W przepadku Polski wystarczy podać tylko przykład paliw.
M	4419	W_PRZEPADKU_W_PRZYPADKU	1	2	11	Other	Czy chodziło o <suggestion>przypadku</suggestion>?	przypadku
L	4420	A co by się stały, jakbyś polubiła swoje wady?
M	4420	CO_SIE_STALY	1	12	17	Other	Czy chodziło o <suggestion>stało</suggestion>?	stało
L	4421	Co się stały?
M	4421	CO_SIE_STALY	1	7	12	Other	Czy chodziło o <suggestion>stało</suggestion>?	stało
L	4422	Jeśli pani mówi, że kończyła prawo, ja w to nie wierze osobiście!
M	4422	WIERZE_WIERZE	1	48	54	Other	Prawdopodobna literówka. Czy chodziło o <suggestion>wierzę</suggestion>?	wierzę
L	4423	Czy być może to „rekiny” z Rybnika sprawią niespodziankę na skalę krajową i wyjdą z dwumeczu obroną ręką?
M	4423	OBRONA_REKA	1	93	99	Other	Czy chodziło o <suggestion>obronną</suggestion>?	obronną
L	4424	Warzywa na patelnie
M	4424	WARZYWA_NA_PATELNIE	1	11	19	Other	Literówka: <suggestion>patelnię</suggestion>.	patelnię
L	4425	O baj przedkładają skuteczność ponad sztukę.
M	4425	O_BAJ_OBAJ	1	0	5	Other	Ten wyraz pisze się łącznie: <suggestion>Obaj</suggestion>.	Obaj
L	4426	Ogólnie rzecz biorą, jest to prawda.
M	4426	OGOLNIE_RZECZ_BIORAC	1	14	19	Other	Czy chodziło o <suggestion>biorąc</suggestion>?	biorąc
L	4427	Jako widać, jedno działa, a drugie nie.
M	4427	JAKO_WIDAC	1	0	10	Other	Czy chodziło o <suggestion>jak widać</suggestion>?	Jak widać
L	4428	Fundusz powinien brać to po uwagę – twierdzi Roman Szełemej.
M	4428	PO_UWAG_POD_UWAG	1	25	33	Other	Prawdopodobna literówka: czy chodziło o <suggestion>pod uwagę</suggestion>?	pod uwagę
M	4428	MORFOLOGIK_RULE_PL_PL		51	59	Other	Wykryto prawdopodobny błąd pisowni	
L	4429	Było to w miesiącu litym 2015.
M	4429	LITY_LUTY	1	19	24	Other	Prawdopodobna literówka. Czy chodziło o <suggestion>lutym</suggestion>?	lutym
L	4430	W tym miesiącu litym drewnem się nie bawiłem.
L	4431	20 litego 2014
M	4431	LITY_LUTY	2	3	9	Other	Czy chodziło o <suggestion>lutego</suggestion>?	lutego
L	4432	Odkładamy sprawę do litego 2014.
M	4432	LITY_LUTY	3	20	26	Other	Czy chodziło o <suggestion>lutego</suggestion>?	lutego
L	4433	Decyzja jest taka anie inna.
M	4433	ADJ_SUBST_ADJ_UNIFY	1	13	27	Other	Przypuszczalnie brak zgodności form przypadków przymiotników i rzeczownika: taka anie inna.	
L	4434	Decyzja jest taka a nie inna.
M	4434	BRAK_PRZECINKA_A	1	13	23	Other	Prawdopodobnie brak przecinka, jeśli spójnik „a” nie występuje w sensie łącznym, tylko przeciwstawnym, wynikowym lub przed dopowiedzeniem. Powinno być: <suggestion>taka, a nie</suggestion>.	taka, a nie
L	4435	Ta odpowiedzialność istnieje z mocy prawa, tzn. sprzedawca nie może się od niej uchylić, nie może nas zbywać, odsyłając do hurtownika, importera lun do rzeczoznawcy.
M	4435	LUN_LUB	1	145	148	Other	Prawdopodobna literówka. Czy chodziło o <suggestion>lub</suggestion>?	lub
L	4436	Ta odpowiedzialność istnieje z mocy prawa, tzn. sprzedawca nie może się od niej uchylić, nie może nas zbywać, odsyłając do hurtownika, importera lub do rzeczoznawcy.
L	4437	Czy zdelegalizować Fa Lun Gong, największą z chińskich sekt?
L	4438	„Skręcenie na trzy koła” (pian san lun): dwaj więźniowie odwróceni plecami i „do góry nogami” względem siebie, zostają skuci w taki sposób, że ręce każdego z nich przykute są do nóg drugiego.
L	4439	Hot-dog to typowe danie typu fast-food serwowane przez wiele barów szybkiej obsługi, jak także przez zwykłe przydrożne budki czy nawet staje benzynowe.
M	4439	MORFOLOGIK_RULE_PL_PL		29	38	Other	Wykryto prawdopodobny błąd pisowni	
M	4439	STAJE_PALIW	1	135	140	Other	Prawdopodobna literówka. Czy chodziło o <suggestion>stacje</suggestion>?	stacje
L	4440	Niemniej w tym roku wzrost gospodarzy w Chinach wyniesie, według prognozy ADB, 11,5 proc.
M	4440	WZROST_GOSPODARZY_WZROST_GOSPODARCZY	1	20	37	Other	Prawdopodobna literówka. Czy chodziło o <suggestion>wzrost gospodarczy</suggestion>?	wzrost gospodarczy
M	4440	MORFOLOGIK_RULE_PL_PL		74	77	Other	Wykryto prawdopodobny błąd pisowni	AD|DB|ADA|AB|ADY|ADM|dB|ADĄ|ADĘ|ADI|ABB|ADP|DAB|AMB|BDB|AIB|ALB|SDB|ADN|ADO|ADV|ASB|ARB|ADH|ADS|AD B
L	4441	Niemniej w tym roku wzrost gospodarczy w Chinach wyniesie, według prognozy ADB, 11,5 proc.
M	4441	MORFOLOGIK_RULE_PL_PL		75	78	Other	Wykryto prawdopodobny błąd pisowni	AD|DB|ADA|AB|ADY|ADM|dB|ADĄ|ADĘ|ADI|ABB|ADP|DAB|AMB|BDB|AIB|ALB|SDB|ADN|ADO|ADV|ASB|ARB|ADH|ADS|AD B
L	4442	Przepisy zmian z 22 grudnia 2015 roku, które wpływają na efektywność Trybunału Konstytucyjnego musza zostać usunięte.
M	4442	MUSZA_MUSZ	1	95	100	Other	Prawdopodobna literówka. Czy chodziło o <suggestion>muszą</suggestion>?	muszą
L	4443	Bawię się muszą nóżką.
L	4444	Coraz częściej pojawiają się jednak politycy o swojej karierze myślący winny sposób.
M	4444	WINNY_SPOSOB_W_INNY_SPOSOB	1	71	83	Other	Prawdopodobna literówka. Czy chodziło o <suggestion>w inny sposób</suggestion>?	w inny sposób
L	4445	Coraz częściej pojawiają się jednak politycy o swojej karierze myślący w inny sposób.
L	4446	Winny sposób na grypę
L	4447	To mój prezent dal niego.
M	4447	DAL_DLA	1	15	18	Other	Prawdopodobna literówka. Czy chodziło o <suggestion>dla</suggestion>?	dla
L	4448	To mój prezent dla niego.
L	4449	Między szeregami drzew szła w odległą dal parku wąska, wygracowana dróżka.
L	4450	Drugi zdążył się schować w pobliskiej klatce schodowej, a le też go złapano.
M	4450	A_LE_ALE	1	56	60	Other	Prawdopodobna literówka. Czy chodziło o <suggestion>ale</suggestion>?	ale
L	4451	Drugi zdążył się schować w pobliskiej klatce schodowej, ale też go złapano.
L	4452	Royal jeszcze bardziej zaakcentuje hasła socjalistyczne, Sarkozy - wzywać będzie do porządku, wysiłku i przedsiębiorczości, Bayrou - atakować jałową i bezsensowną wojnę domową dwóch głównych przeciwników, a Le Pen - pomstować na całą sprzedajną klasę polityczną ("oni wszyscy już mieli okazję rządzić!").
M	4452	DYWIZ	1	57	73	Other	Spacje wokół dywizu (w przeciwieństwie do myślnika) są zbędne: <suggestion>Sarkozy-wzywać</suggestion>; jeśli to miał być myślnik, to należy napisać <suggestion>Sarkozy — wzywać</suggestion>.	Sarkozy-wzywać|Sarkozy — wzywać
M	4452	DYWIZ	1	124	141	Other	Spacje wokół dywizu (w przeciwieństwie do myślnika) są zbędne: <suggestion>Bayrou-atakować</suggestion>; jeśli to miał być myślnik, to należy napisać <suggestion>Bayrou — atakować</suggestion>.	Bayrou-atakować|Bayrou — atakować
M	4452	DYWIZ	1	210	225	Other	Spacje wokół dywizu (w przeciwieństwie do myślnika) są zbędne: <suggestion>Pen-pomstować</suggestion>; jeśli to miał być myślnik, to należy napisać <suggestion>Pen — pomstować</suggestion>.	Pen-pomstować|Pen — pomstować
L	4453	O d maja go nie widziałem.
M	4453	O_D_OD	1	0	3	Other	Prawdopodobna literówka. Czy chodziło o <suggestion>od</suggestion>?	Od
M	4453	MAJA_MAJA	1	4	8	Other	Prawdopodobna literówka. Czy chodziło o <suggestion>mają</suggestion>?	mają
L	4454	Od maja go nie widziałem.
L	4455	Oferowane kolekcje mogą więc liczyć na uzupełnianie ich coraz to nowymi produktami, tworzonymi z godnie z pojawiającymi się na rynku nowymi trendami..
M	4455	Z_GODNIE	1	95	103	Other	Prawdopodobna literówka. Czy chodziło o <suggestion>zgodnie</suggestion>?	zgodnie
M	4455	DOUBLE_PUNCTUATION	2	148	150	Other	Dwie kropki. Czy chodziło o <suggestion>.</suggestion>?	.
L	4456	Pogodziłem się z godnie reprezentowanymi osobami płci przeciwnej.
L	4457	Tak jak się dowiedzieliśmy, nie mnie niż 10% środków przeznaczonych na naukę zostanie przekazane na Narodowe Centrum Badań i Rozwoju.
M	4457	NIE_MNIE_NI_NIE_MNIEJ_NI	1	32	36	Other	Prawdopodobna literówka. Czy chodziło o <suggestion>mniej</suggestion>?	mniej
L	4458	Tak jak się dowiedzieliśmy, nie mniej niż 10% środków przeznaczonych na naukę zostanie przekazane na Narodowe Centrum Badań i Rozwoju.
L	4459	Te dane nie są dla mniej żadna rewelacją — oświadczył we wtorek bp Głódź.
M	4459	DLA_MNIEJ_DLA_MNIE	1	19	24	Other	Prawdopodobna literówka. Czy chodziło o <suggestion>mnie</suggestion>?	mnie
M	4459	NIEZGODNO_PRZYPADKW_PRZYMIOTNIKA_I_RZECZOWNIKA_RODZAJU_ESKIEGO	2	25	30	Other	Prawdopodobna literówka: <suggestion>żadną</suggestion>.	żadną
L	4460	Te dane nie są dla mnie żadną rewelacją — oświadczył we wtorek bp Głódź.
L	4461	Scharping obiecuje obniżenie podatków dla mniej zarabiających.
M	4461	MORFOLOGIK_RULE_PL_PL		0	9	Other	Wykryto prawdopodobny błąd pisowni	Sharing
L	4462	Przygotowaliśmy ofertę zarówno dla mniej, jak i bardziej wymagających użytkowników.
L	4463	Dla ponad połowy jest wypoczynek, dla mniej niż jednej piątej odwiedziny u krewnych.
L	4464	Oboje są łakomym kąskiem dla mniej i bardziej poważnych gazet.
L	4465	— Jemu nigdy nie zabranie żywności.
M	4465	NIE_RZECZOWNIK	2	13	25	Other	„Nie” z rzeczownikami, przysłówkami i przymiotnikami piszemy łącznie, czyli poprawnie będzie <suggestion>niezabranie</suggestion>.	niezabranie
L	4466	— Jemu nigdy nie zabraknie żywności
L	4467	Dobra sytuacja ekonomiczna społeczeństw, z co za tym idzie wysoki poziom życia, komfort, względna stabilizacja finansowa jakoś sprzyjają miłosierdziu.
M	4467	Z_CO_ZA_TYM_IDZIE_A_CO_ZA_TYM_IDZIE	1	41	42	Other	Prawdopodobna literówka. Czy chodziło o <suggestion>a</suggestion>?	a
L	4468	Dobra sytuacja ekonomiczna społeczeństw, a co za tym idzie wysoki poziom życia, komfort, względna stabilizacja finansowa jakoś sprzyjają miłosierdziu
L	4469	Dobra sytuacja ekonomiczna społeczeństw, a z co za tym idzie wysoki poziom życia, komfort, względna stabilizacja finansowa jakoś sprzyjają miłosierdziu.
M	4469	Z_CO_ZA_TYM_IDZIE_A_CO_ZA_TYM_IDZIE	2	43	47	Other	Prawdopodobna literówka. Czy chodziło o <suggestion>co</suggestion>?	co
L	4470	Dobra sytuacja ekonomiczna społeczeństw, a co za tym idzie wysoki poziom życia, komfort, względna stabilizacja finansowa jakoś sprzyjają miłosierdziu
L	4471	Ten obiekt ma wszystkie z charakterystyki istotne dla Wacława.
M	4471	WSZYSTKIE_Z_TEORIE_WSZYSTKIE_TEORIE	1	14	41	Other	Prawdopodobna literówka. Czy chodziło o <suggestion>wszystkie charakterystyki</suggestion>?	wszystkie charakterystyki
L	4472	Ten obiekt ma wszystkie charakterystyki istotne dla Wacława.
L	4473	Duże znaczenia mają badania nad percepcją.
M	4473	DUE_ZNACZENIA_MA_DUE_ZNACZENIE_MA	1	5	14	Other	Prawdopodobna literówka. Czy chodziło o <suggestion>znaczenie</suggestion> (liczba pojedyncza)?	znaczenie
L	4474	Duże znaczenie mają badania nad percepcją.
L	4475	Rozwiązanie problemy jest możliwe.
M	4475	ROZWIZANIE_PROBLEMY_PROBLEMU	1	12	20	Other	Prawdopodobna literówka. Czy chodziło o <suggestion>problemu</suggestion>?	problemu
L	4476	Rozwiązanie problemu jest możliwe.
L	4477	Przetwarzanie odpadów na większą skalę rozpoczęło się dopiero w lata 70. XX wieku.
M	4477	DOPIERO_W_LATA_W_LATACH	1	62	68	Other	Prawdopodobna literówka. Powinno być: <suggestion>w latach</suggestion>	w latach
L	4478	Przetwarzanie odpadów na większą skalę rozpoczęło się dopiero w latach 70. XX wieku.
L	4479	Taktuje się go jako intruza.
M	4479	TAKTOWAC_JAKO	1	0	7	Other	Prawdopodobna literówka. Czy chodziło o <suggestion>traktuje</suggestion>?	Traktuje
L	4480	Traktuje się go jako intruza.
L	4481	Jest profesorem nauk prawych.
M	4481	NAUKI_PRAWE	1	16	28	Other	Literówka. Powinno być: <suggestion>nauk prawnych</suggestion>.	nauk prawnych
L	4482	Jest profesorem nauk prawnych.
L	4483	Ingerencja ponadnaturalnych mocy nie była koniczna.
M	4483	KONICZNY	1	42	50	Other	Prawdopodobna literówka. Czy chodziło o <suggestion>konieczna</suggestion>?	konieczna
L	4484	Ingerencja ponadnaturalnych mocy nie była konieczna.
L	4485	Co tan naprawdę daje nam ZUS?
M	4485	TAN_NAPRAWDE	1	3	6	Other	Prawdopodobna literówka. Czy chodziło o <suggestion>tak</suggestion>?	tak
L	4486	Kandydaci oceniani są w kilki kategoriach.
M	4486	KILKI_KILKU	1	24	29	Other	Prawdopodobna literówka. Czy chodziło o <suggestion>kilku</suggestion>?	kilku
L	4487	Jakubczak lokalizował właśnie: oficerskiego rozmiaru słój z ogórkami, ciosany w grube pajdy czarny chleb obłożony słoniną na szczerbatym talerzu, garść wędzonej kilki, rybki więcej paradnej.
L	4488	Było tam klika osób.
M	4488	KLIKA	1	9	14	Other	Prawdopodobna literówka. Czy chodziło o <suggestion>kilka</suggestion>?	kilka
L	4489	Było tam kilka osób.
L	4490	Obsiadła ją klika nuworyszów i nieuków.
L	4491	Rządząca klika sanacyjnych generałów rozsławiła Polskę.
L	4492	Było tam klika – kilkanaście osób.
M	4492	KLIKA_KILKANASCIE	1	9	14	Other	Prawdopodobna literówka. Czy chodziło o <suggestion>kilka</suggestion>?	kilka
L	4493	Było tam kilka – kilkanaście osób.
L	4494	Brakowało kliku dolców.
M	4494	KLIKU	1	10	15	Other	Prawdopodobna literówka. Czy chodziło o <suggestion>kilku</suggestion>?	kilku
L	4495	Brakowało kilku dolców.
L	4496	Było tam kliku – kilkunastu facetów.
M	4496	KLIKU_KILKUNASTU	1	9	14	Other	Prawdopodobna literówka. Czy chodziło o <suggestion>kilku</suggestion>?	kilku
L	4497	Było tam kilku – kilkunastu facetów.
L	4498	W nocy padł deszcz.
M	4498	PADL_DESZCZ	1	7	11	Other	Prawdopodobna literówka. Czy chodziło o <suggestion>padał</suggestion>?	padał
L	4499	Deszcz padł w nocy.
M	4499	PADL_DESZCZ	2	7	11	Other	Prawdopodobna literówka. Czy chodziło o <suggestion>padał</suggestion>?	padał
L	4500	Koszty sadowe są za wysokie.
M	4500	SADOWA	1	7	13	Other	Prawdopodobna literówka. Czy chodziło o <suggestion>sądowe</suggestion>	sądowe
L	4501	Koszty sądowe są za wysokie.
L	4502	To budynek przy ul. Sadowej.
L	4503	Tym zajmuje się Kunegunda Sadowa.
L	4504	Czy można zajść w ciążę w klika dni?
M	4504	KLIKA_KILKA	1	26	31	Other	Prawdopodobna literówka. Czy chodziło o <suggestion>kilka</suggestion>?	kilka
L	4505	Czy można zajść w ciążę w kilka dni?
L	4506	Potrafię sobie wyobrazić jago kolor.
M	4506	JAGO	1	25	29	Other	Prawdopodobna literówka. Czy chodziło o <suggestion>jego</suggestion>?	jego
L	4507	Nie wolo tu parkować!
M	4507	NIE_WOLO	1	4	8	Other	Prawdopodobna literówka. Czy chodziło o <suggestion>wolno</suggestion>?	wolno
L	4508	Nie wolno tu parkować!
L	4509	Zdjęcie jak zza dawnych lat
M	4509	ZZA_DAWNYCH	1	12	15	Other	Prawdopodobna literówka. Czy chodziło o <suggestion>za</suggestion>?	za
L	4510	Zdjęcie jak za dawnych lat
L	4511	Nawet wiem, że stoi w ty samym miejscu przy mapie.
M	4511	TY_SAMYM	1	22	30	Other	Prawdopodobna literówka. Czy chodziło o <suggestion>tym samym</suggestion>?	tym samym
L	4512	Nawet wiem, że stoi w tym samym miejscu przy mapie.
L	4513	Działo się to wczoraj.
L	4514	Działało się to wczoraj.
M	4514	DZIALALO_SIE_TO	1	0	8	Other	Prawdopodobna literówka. Czy chodziło o <suggestion>działo</suggestion>?	Działo
L	4515	Naszym zadaniem jest oddzielnie sygnału od szumu.
M	4515	ODDZIELNIE	1	21	42	Other	Prawdopodobna literówka. Czy chodziło o <suggestion>oddzielenie sygnału od</suggestion>?	oddzielenie sygnału od
L	4516	Naszym zadaniem jest oddzielenie sygnału od szumu.
L	4517	Popadł w zależność od Rosji.
L	4518	W zależność od potrzeb dostosuj ustawienia.
M	4518	W_ZALEZNOSC_OD	1	0	14	Other	Prawdopodobna literówka. Czy chodziło <suggestion>W zależności od</suggestion>?	W zależności od
L	4519	Sposoby wykonywania są ścisłe określone.
M	4519	SCISLE_OKRESLONE	1	23	39	Other	Prawdopodobna literówka. Czy chodziło o <suggestion>ściśle określone</suggestion>?	ściśle określone
L	4520	Sposoby wykonywania są ściśle określone.
L	4521	Wykonaj kopertę zgodnie opisem na pudełku.
M	4521	ZGODNIE_INST	1	16	30	Other	Prawdopodobna literówka. Czy chodziło o <suggestion>zgodnie z opisem</suggestion>?	zgodnie z opisem
L	4522	Wykonaj kopertę zgodnie z opisem na pudełku.
L	4523	Reorganizacja struktury Komendy Powiatowej Policji w Staszowie.
L	4524	Reorganizacja stryktury Komendy Powiatowej Policji w Staszowie.
M	4524	STRYKTURA	1	14	23	Other	To rzadki wyraz (oznaczający zwężenie kanału lub przetoki w organizmie z powodu bliznowacenia lub nowotworu). Czy chodziło o <suggestion>struktury</suggestion>?	struktury
L	4525	O żeż ty!
L	4526	Powiedział mi, żeż to nieprawda.
M	4526	ZEZ	1	15	18	Other	Czy chodziło o <suggestion>że</suggestion>?	że
L	4527	Proszę o przyjęcie na studia.
L	4528	Proszę o przyjcie na studia.
M	4528	O_PRZYJSCIE	1	9	17	Other	Czy chodziło o <suggestion>przyjście</suggestion> lub <suggestion>przyjęcie</suggestion>?	przyjście|przyjęcie
L	4529	Robił to w pozycji lezącej.
M	4529	LEZACY	1	19	26	Other	Możliwa literówka. Czy chodziło o <suggestion>leżącej</suggestion>?	leżącej
L	4530	Rekord życiowy w wyciskaniu sztangi leząc to 225 kg.
M	4530	PCON_VERB	1	0	52	Other	W tym zdaniu jest imiesłów przysłówkowy leząc, ale nie ma czasownika w funkcji orzeczenia. Możliwe, że to tytuł, ale w takim razie zbędna jest kropka.	
L	4531	Robił to w pozycji leżącej.
L	4532	Zdeptałbym lezącą przez chodnik włochatą gąsienicę.
L	4533	To najbardziej obcujący pomysł.
M	4533	BARDZO_OBCUJACY	1	3	23	Other	Możliwa literówka. Czy chodziło o <suggestion>najbardziej obiecujący</suggestion>?	najbardziej obiecujący
L	4534	To najbardziej obiecujący pomysł.
L	4535	Dość wyraźnie przerzuca ci na domyślą angielską.
M	4535	DOMYSLA_DOMYSLNA	1	30	37	Other	Czy chodziło o <suggestion>domyślną</suggestion>?	domyślną
L	4536	Dość wyraźnie przerzuca ci na domyślną angielską.
L	4537	Wybory odbędą się 12 V 2015 r.
L	4538	Wybory odbędą się 12 V 20015 r.
M	4538	ROK_20001	1	21	28	Other	Czy na pewno chodziło o tak odległy rok? A może o <suggestion>V 2015</suggestion>?	V 2015
L	4539	Wybory odbędą się w maju 2015 r.
L	4540	Wybory odbędą się w maju 20015 r.
M	4540	ROK_20001	2	20	30	Other	Czy na pewno chodziło o tak odległy rok? A może o <suggestion>maju 2015</suggestion>?	maju 2015
L	4541	Nie zdefiniowałeś pojęci prawdy.
M	4541	POJECI	1	18	24	Other	Ta forma jest bardzo rzadka. Czy chodziło o <suggestion>pojęcia</suggestion> lub <suggestion>pojęcie</suggestion>?	pojęcia|pojęcie
L	4542	Nie zdefiniowałeś pojęcia prawdy.
L	4543	Jeśli jednaki przegra z Adrią, jej rywalem w ćwierćfinale będzie Tricycles.
M	4543	JESLI_JEDNAKI	1	6	13	Other	Czy chodziło o <suggestion>jednak</suggestion>?	jednak
M	4543	MORFOLOGIK_RULE_PL_PL		65	74	Other	Wykryto prawdopodobny błąd pisowni	
L	4544	Jeśli jednak przegra z Adrią, jej rywalem w ćwierćfinale będzie Tricycles.
M	4544	MORFOLOGIK_RULE_PL_PL		64	73	Other	Wykryto prawdopodobny błąd pisowni	
L	4545	Nie jest ono wykorzystywane do pracy.
L	4546	Nie jest ono wykorzystywana do pracy.
M	4546	PPRON3_PPAS_NON_UNIFIED	1	9	27	Other	Niezgodność rodzaju zaimka osobowego i imiesłowu.	
L	4547	Opony do jazdy górskiej mają za zdanie poradzić sobie z każdym rodzajem wymagającego terenu.
M	4547	ZA_ZDANIE	1	32	38	Other	Czy chodziło o <suggestion>zadanie</suggestion>?	zadanie
L	4548	Opony do jazdy górskiej mają za zadanie poradzić sobie z każdym rodzajem wymagającego terenu.
L	4549	To koszmarny brak szacunki!
M	4549	BRAK_GEN	1	18	26	Other	Czy chodziło o <suggestion>szacunku</suggestion>, <suggestion>szacunków</suggestion>?	szacunku|szacunków
L	4550	To koszmarny brak szacunku!
L	4551	Naszej płci nie brak ani rozumu, ani energii, więc pozwól mi działać…
L	4552	Są niewdzięczni względem Boga, jeśli brak możności zastępują dobrą chęcią.
L	4553	To było at hoc.
M	4553	AT_HOC	1	8	14	Other	Czy chodziło o <suggestion>ad hoc</suggestion> (z łaciny)?	ad hoc
L	4554	To było ad hoc.
L	4555	Jest ot możliwe.
M	4555	JEST_OT	1	5	7	Other	Prawdopodobna literówka. Czy chodziło o <suggestion>to</suggestion>?	to
L	4556	Jest to możliwe.
L	4557	Ot co!
L	4558	To nie jest ot taki sobie normalny obywatel.
L	4559	Te słowa nie nogą być inaczej rozumiane.
M	4559	NOGA_BYC	1	13	17	Other	Prawdopodobna literówka. Czy chodziło o <suggestion>mogą</suggestion>?	mogą
L	4560	Te słowa nie mogą być inaczej rozumiane.
L	4561	Niestety muszą Państwo być przygotowani na to, iż noga być może nigdy się nie zrośnie.
L	4562	Taką nogą być – on chyba żartuje!
L	4563	Wtedy też będzie możliwe ustalenie, czy mamy do czynienia z asteroidą typu C, powstałą w tym samym czacie co cały Układ Słoneczny.
M	4563	W_TYM_SAMYM_CZACIE	1	87	105	Other	Prawdopodobna literówka. Czy chodziło o <suggestion>w tym samym czasie</suggestion>?	w tym samym czasie
L	4564	Wtedy też będzie możliwe ustalenie, czy mamy do czynienia z asteroidą typu C, powstałą w tym samym czasie co cały Układ Słoneczny.
L	4565	Etyka zaczynia się psuć.
M	4565	ZACZYNIA_SIE	1	6	18	Other	Czy chodziło o <suggestion>zaczyna się</suggestion>?	zaczyna się
L	4566	Etyka zaczyna się psuć.
L	4567	Dziś lukier wciąż nanosi się ręcznie, ciasto zaczynia się naturalnym zakwasem chlebowym.
L	4568	Ziarna muszą być zmielone, potem zaczynia się ciasto i wreszcie wypieka się chleb.
L	4569	Wtedy zrozumieli, iż kazał im strzec się nie tego kwasu, którym zaczynia się chleb, lecz że przestrzegał ich przed nauką faryzeuszów i saduceuszów.
L	4570	Nie dostrzegalnego na ziemi nie odpowiada temu.
M	4570	NIE_DZIWNEGO	1	0	3	Other	Prawdopodobna literówka. Czy chodziło o <suggestion>nic</suggestion>?	Nic
L	4571	Nic dostrzegalnego na ziemi nie odpowiada temu.
L	4572	To nie tego szukam.
L	4573	Nie każdego stać na spłacanie kredytu.
L	4574	To nie prima aprilis?
L	4575	Pewno zjadła coś nie takiego.
L	4576	Kupiłem to młodu.
M	4576	MLODU	1	11	16	Other	Ten wyraz nie występuje samodzielnie. Czy chodziło o <suggestion>za młodu</suggestion>?	za młodu
L	4577	Kupiłem to za młodu.
L	4578	Kupiłem to bezcen.
M	4578	BURK_007_BEZCEN	8	11	17	Other	Prawdopodobna literówka; powinno być: <suggestion>za bezcen</suggestion>.	za bezcen
L	4579	Kupiłem to za bezcen.
L	4580	To był sanator.
M	4580	SANATOR_SENATOR	1	7	14	Other	sanator to bardzo rzadki wyraz, oznaczający zwolennika sanacji. Czy chodziło o <suggestion>senator</suggestion>?	senator
L	4581	To był senator.
L	4582	W tym miejscu zajmiemy się analizą tego, gdzie w polskiej sieci i pozna nią można zrobić naprawdę tanie zakupy.
M	4582	POZNA_NIA	1	66	75	Other	Czy chodziło o <suggestion>poza nią</suggestion>?	poza nią
L	4583	W tym miejscu zajmiemy się analizą tego, gdzie w polskiej sieci i poza nią można zrobić naprawdę tanie zakupy.
L	4584	On ni tylko może, ale i powinien.
M	4584	NI_NIE	1	3	11	Other	Czy chodziło o <suggestion>nie</suggestion>?	nie
L	4585	On nie tylko może, ale i powinien
L	4586	Mimo tych różnić można wskazać pewne stałe elementy.
M	4586	TYCH_ROZNIC	1	5	16	Other	Prawdopodobna literówka. Czy chodziło o <suggestion>tych różnic</suggestion>?	tych różnic
L	4587	Mimo tych różnic można wskazać pewne stałe elementy.
L	4588	Aplikacja ta jest dostępna dla rożnych platform.
M	4588	ROZNY	1	31	38	Other	Prawdopodobna literówka. Czy chodziło o <suggestion>różnych</suggestion>?	różnych
L	4589	Aplikacja ta jest dostępna dla różnych platform
L	4590	W jaki sposób doskonalić wykonywanie rzutów rożnych?
L	4591	Urządzenie do obracania rożna
L	4592	Stałą się rozkapryszoną gwiazdką.
M	4592	STALA_SIE	1	0	9	Other	Czy chodziło o <suggestion>stała się</suggestion>?	Stała się
L	4593	Stała się rozkapryszoną gwiazdką.
L	4594	Ona się stałą rozkapryszoną gwiazdką.
M	4594	STALA_SIE	2	4	13	Other	Czy chodziło o <suggestion>się stała</suggestion>?	się stała
L	4595	Ona się stała rozkapryszoną gwiazdką.
L	4596	Wyróżnia się stałą litosferę.
L	4597	Wskazuje się stałą c, która jest ujemna.
L	4598	A to à propos czego?
L	4599	A to propos czego?
M	4599	PROPOS	1	5	11	Other	To wyrażenie nie jest samodzielne. Poprawnie: <suggestion>à propos</suggestion>.	à propos
L	4600	A to à propos czego?
L	4601	A to a propos czego?
M	4601	PROPOS	2	5	13	Other	W tym wyrażeniu „a” musi być z akcentem w lewą stronę. Poprawnie: <suggestion>à propos</suggestion>.	à propos
L	4602	A to á propos czego?
M	4602	PROPOS	2	5	13	Other	W tym wyrażeniu „a” musi być z akcentem w lewą stronę. Poprawnie: <suggestion>à propos</suggestion>.	à propos
L	4603	A to à propos czego?
L	4604	A to a` propos czego?
M	4604	PROPOS	3	5	14	Other	W tym wyrażeniu „a” musi być z akcentem w lewą stronę. Poprawnie: <suggestion>à propos</suggestion>.	à propos
L	4605	A to a' propos czego?
M	4605	PROPOS	3	5	14	Other	W tym wyrażeniu „a” musi być z akcentem w lewą stronę. Poprawnie: <suggestion>à propos</suggestion>.	à propos
L	4606	To nie jest słownik sensu stricto.
L	4607	To nie jest słownik sensu stricte.
M	4607	SENSU_STRICTE	1	20	33	Other	To wyrażenie łacińskie zapisujemy: <suggestion>sensu stricto</suggestion>.	sensu stricto
L	4608	Dlaczego czy dla kogo myślę o moim ewentualnym powołaniu do kapłaństwa?
M	4608	DLACZEGO_I_DLA_KOGO	1	0	8	Other	Powinno być <suggestion>dla czego</suggestion>	Dla czego
L	4609	Dla czego czy dla kogo myślę o moim ewentualnym powołaniu do kapłaństwa?
M	4609	DLA_CZEGO	1	0	9	Other	Zaimek przysłowny <suggestion>dlaczego</suggestion> piszemy łącznie.	Dlaczego
L	4610	Dlaczego czy nabiał powoduje puchnięcie?
M	4610	DLACZEGO_I_DLA_KOGO	2	0	12	Other	Zbitka Dlaczego czy jest zwykle błędem gramatycznym; może należy zostawić <suggestion>Dlaczego</suggestion> lub <suggestion>czy</suggestion>?	Dlaczego|Czy
L	4611	Czy nabiał powoduje puchnięcie?
L	4612	Pociąg było widać już z dala.
L	4613	Ona dala mi długopis.
M	4613	DALA	1	4	8	Other	Prawdopodobna literówka. Czy chodziło o <suggestion>dała</suggestion> lub <suggestion>z dala</suggestion>?	dała|z dala
L	4614	Słowo o wym. łan.
L	4615	Rozmawiali o tym i o wym.
M	4615	O_WYM	1	19	24	Other	Czy chodziło o <suggestion>o owym</suggestion>?	o owym
L	4616	O tym i o wym
M	4616	O_WYM	1	8	13	Other	Czy chodziło o <suggestion>o owym</suggestion>?	o owym
L	4617	Sport i turystka to ważne dziedziny.
M	4617	SPORT_I_TURYSTKA_SPORT_I_TURYSTYKA	1	0	16	Other	Czy chodziło o <suggestion>Sport i turystyka</suggestion>?	Sport i turystyka
L	4618	Sport i turystyka to ważne dziedziny.
L	4619	Na jednaj z ławek siedział potworek.
M	4619	JEDNAJ	1	3	9	Other	Ten wyraz jest bardzo rzadki. Czy chodziło o <suggestion>jednej</suggestion>?	jednej
L	4620	Widok jednaj z ławek wywołał u niego torsje.
M	4620	JEDNAJ	2	6	12	Other	Ten wyraz jest bardzo rzadki. Czy chodziło o <suggestion>jednej</suggestion> lub <suggestion>jednak</suggestion>?	jednej|jednak
L	4621	Widok jednej z ławek wywołał u niego torsje.
L	4622	Widok jednaj ławki wywołał u niego torsje.
M	4622	JEDNAJ	3	6	12	Other	Ten wyraz jest bardzo rzadki. Czy chodziło o <suggestion>jednej</suggestion>?	jednej
L	4623	Jednaj jeszcze przed całe dziesięciolecia wyspiarze zachowali swe niezależne postawy.
M	4623	JEDNAJ	4	0	6	Other	Ten wyraz jest bardzo rzadki. Czy chodziło o <suggestion>jednak</suggestion> lub <suggestion>jednej</suggestion>?	Jednak|Jednej
L	4624	Jednak jeszcze przed całe dziesięciolecia wyspiarze zachowali swe niezależne postawy.
L	4625	Znacznie osłabiony obóz pro-konfederacyjny nie dal jednak za wygraną.
M	4625	PRZEDROSTKI	1	24	42	Other	Ten wyraz piszemy bez łącznika: <suggestion>prokonfederacyjny</suggestion>.	prokonfederacyjny
M	4625	DAL_DA	1	47	50	Other	Prawdopodobna literówka. Czy chodziło o <suggestion>dał</suggestion>?	dał
L	4626	Znacznie osłabiony obóz pro-konfederacyjny nie dał jednak za wygraną.
M	4626	PRZEDROSTKI	1	24	42	Other	Ten wyraz piszemy bez łącznika: <suggestion>prokonfederacyjny</suggestion>.	prokonfederacyjny
L	4627	Lubię skoki w dal.
L	4628	On dal się osłabić.
M	4628	DAL_DA	2	3	6	Other	Czy chodziło o <suggestion>dał</suggestion>?	dał
L	4629	On dał się osłabić.
L	4630	Lubię skoki w dal.
L	4631	To zdanie w obym języku.
M	4631	W_OBYM_W_OBCYM	1	10	16	Other	Czy chodziło o <suggestion>w obcym</suggestion>?	w obcym
L	4632	To zdanie w obcym języku.
L	4633	Widzę wiele stad zwierząt.
L	4634	Jest to prawda, stad też nie jest to fałsz.
M	4634	STAD_TEZ	1	16	20	Other	Prawdopodobna literówka. Czy chodziło o <suggestion>stąd</suggestion>?	stąd
L	4635	Widzę wiele stad zwierząt.
L	4636	Powiedział to ni stad, ni zowąd.
M	4636	STAD_TEZ	2	17	21	Other	Prawdopodobna literówka. Czy chodziło o <suggestion>stąd</suggestion>?	stąd
L	4637	Odezwał się ni stąd, ni zowąd.
L	4638	Odezwał się ni stąd, nie zowąd.
M	4638	NIE_ZOWAD	1	21	24	Other	Prawdopodobna literówka. Czy chodziło o <suggestion>ni</suggestion> w wyrażeniu „ni stąd, ni zowąd”?	ni
L	4639	Odezwał się ni stąd, ni zowąd.
L	4640	Odezwał się ni stąd, n zowąd.
M	4640	NIE_ZOWAD	2	21	22	Other	Prawdopodobna literówka. Czy chodziło o <suggestion>ni</suggestion> w wyrażeniu „ni stąd, ni zowąd”?	ni
L	4641	Odezwał się ni stąd, ni zowąd.
L	4642	Odezwał się stąd, ni zowąd.
M	4642	NIE_ZOWAD	3	12	26	Other	Prawdopodobna literówka. Czy chodziło o <suggestion>ni stąd, ni zowąd</suggestion>?	ni stąd, ni zowąd
L	4643	Przedstawiono mu zarzut nieumyślnego spowodowania śmierci.
L	4644	Winnym przestawiono już zarzuty.
M	4644	PRZESTAWIONO_ZARZUTY	1	7	19	Other	Prawdopodobna literówka. Czy chodziło o<suggestion>przedstawiono</suggestion>?	przedstawiono
L	4645	Przedstawiono mu zarzut nieumyślnego spowodowania śmierci.
L	4646	Zarzuty przestawiono już kilku osobom.
M	4646	PRZESTAWIONO_ZARZUTY	2	8	20	Other	Prawdopodobna literówka. Czy chodziło o<suggestion>przedstawiono</suggestion>?	przedstawiono
L	4647	Alicja jest uczennicą V klasy II stopnia P.O.S.M. im. Karola Szymanowskiego w Katowicach.
L	4648	Jest współautorem m.im. podręczników akademickich.
M	4648	M_IM	1	20	22	Other	Prawdopodobna literówka. Czy chodziło o <suggestion>in</suggestion>?	in
L	4649	Jego wina nie ulega wątpliwość.
M	4649	NIE_ULEGA_WATPLIWOSC	1	20	30	Other	Prawdopodobna literówka. Czy chodziło o <suggestion>wątpliwości</suggestion>?	wątpliwości
L	4650	Jego wina nie ulega wątpliwości
L	4651	Płace nie ogrywają takiej dużej roli.
M	4651	OGRYWAC_ROLE	1	10	18	Other	Prawdopodobna literówka. Czy chodziło o <suggestion>odgrywają</suggestion>?	odgrywają
L	4652	Ogrywam go w szachy, odgrywając rolę mistrza.
L	4653	Przeżyłem daje vu.
M	4653	DAJE_VU	1	10	17	Other	Prawdopodobna literówka. Czy chodziło o <suggestion>déjà vu</suggestion>?	déjà vu
L	4654	Przeżyłem déjà vu.
L	4655	Stal się bardzo nieprzyjemny.
M	4655	STAL_SIĘ	1	0	8	Other	Prawdopodobna literówka. Czy chodziło o <suggestion>stał się</suggestion>?	Stał się
L	4656	Mieszko stał się księciem.
L	4657	Postęp prze do przodu.
L	4658	Ruszył prze siebie.
M	4658	PRZE	1	7	11	Other	Prawdopodobna literówka. Czy chodziło o <suggestion>przez</suggestion> lub <suggestion>przed</suggestion>?	przez|przed
L	4659	To był błąd popełniony przeze mnie.
L	4660	To był błąd popełniony prze zemnie.
M	4660	PRZE	2	23	34	Other	Czy chodziło o <suggestion>przeze mnie</suggestion>?	przeze mnie
L	4661	Postęp prze do przodu.
L	4662	Świat jest prze piękny, nawet tutaj.
M	4662	PRZE	3	11	22	Other	Prawdopodobna literówka. Czy chodziło o <suggestion>przepiękny</suggestion>?	przepiękny
L	4663	Decyzje podjęte zostały w zgodnie z długofalowym planem.
M	4663	W_ZGODNIE_Z	1	24	35	Other	Prawdopodobna literówka. Czy chodziło o <suggestion>w zgodzie z</suggestion> lub <suggestion>zgodnie z</suggestion>?	w zgodzie z|zgodnie z
L	4664	Decyzje podjęte zostały zgodnie z długofalowym planem.
L	4665	Moim zadaniem, to kompletna bzdura.
M	4665	MOIM_ZADANIEM	1	5	13	Other	Prawdopodobna literówka. Czy chodziło o <suggestion>zdaniem</suggestion>?	zdaniem
L	4666	Moim zadaniem jest pilnowanie dziewcząt na boisku.
L	4667	Jest to, moim zadaniem, kompletna bzdura.
M	4667	MOIM_ZADANIEM	2	14	22	Other	Prawdopodobna literówka. Czy chodziło o <suggestion>zdaniem</suggestion>?	zdaniem
L	4668	Moim zadaniem jest pilnowanie dziewcząt na boisku.
L	4669	Zdaję się, że tak było.
M	4669	ZDAJE_SIE	1	0	9	Other	Prawdopodobna literówka. Czy chodziło o <suggestion>zdaje się</suggestion>?	Zdaje się
L	4670	Ja zdaję się kimś innym niż dawniej.
L	4671	Zdaję się na ciebie.
L	4672	Dojazdy do pacy
M	4672	DO_PACY	1	8	15	Other	Prawdopodobna literówka. Czy chodziło o <suggestion>do pracy</suggestion>?	do pracy
L	4673	Sprzedam dwa nowe uchwyty do pacy.
L	4674	Cale życie marzyłem o korektorze gramatycznym.
M	4674	CALE_ZYCIE	1	0	4	Other	Prawdopodobna literówka. Czy chodziło o <suggestion>całe</suggestion>?	Całe
L	4675	Całe życie marzyłem o korektorze gramatycznym.
L	4676	Na ogól jadam sery.
M	4676	NA_OGOL	1	0	7	Other	Prawdopodobna literówka. Czy chodziło o <suggestion>na ogół</suggestion>?	Na ogół
L	4677	Na ogół jadam sery.
L	4678	W ogól jadam sery.
M	4678	NA_OGOL	2	0	6	Other	Prawdopodobna literówka. Czy chodziło o <suggestion>w ogóle</suggestion>?	W ogóle
L	4679	Co sądził o tym ogól społeczeństwa?
M	4679	NA_OGOL	3	16	20	Other	Prawdopodobna literówka. Czy chodziło o <suggestion>ogół</suggestion>?	ogół
L	4680	Ogól mnie.
L	4681	Ja się okazuje, ten komputer też był chiński.
M	4681	JA_SIE_OKAZUJE	1	0	14	Other	Prawdopodobna literówka. Czy chodziło o <suggestion>jak się okazuje</suggestion>?	Jak się okazuje
L	4682	Jak się okazuje, ten komputer też był chiński.
L	4683	Tanie meble na zmówienie!!!
M	4683	ZMOWIENIE	1	15	24	Other	Prawdopodobna literówka. Czy chodziło o <suggestion>zamówienie</suggestion>?	zamówienie
L	4684	Tanie meble na zamówienie!!!
L	4685	Nie miał czasu na zmówienie pacierza przed snem.
L	4686	Co wydarzyło się w roku 44 p.n.e?
M	4686	LITEROWKI_SKROTY	1	27	32	Other	Brak kropki po całym skrócie. Powinno być: <suggestion>p.n.e.</suggestion>	p.n.e.
L	4687	Co wydarzyło się w roku 44 p.n.e.?
L	4688	Nie lubię naleśników, a co z tym idzie, nie jadam ich.
M	4688	A_CO_Z_TYM_IDZIE	1	27	28	Other	Prawdopodobna literówka. Czy chodziło o <suggestion>za</suggestion>?	za
L	4689	Co z tym idzie zrobić?
L	4690	Nastąpiła zwyżka kursu fraka szwajcarskiego.
M	4690	FRAK_SZWAJCARSKI	1	23	28	Other	Prawdopodobna literówka. Czy chodziło o <suggestion>franka</suggestion>?	franka
L	4691	Podarowaliśmy fraki szwajcarskiej policji.
L	4692	Oznacz ludowi granice dokoła góry.
L	4693	Nie oznacz to jednak, że nie masz racji.
M	4693	OZNACZ_TO_ZE	1	4	10	Other	Prawdopodobna literówka. Czy chodziło o <suggestion>oznacza</suggestion>?	oznacza
L	4694	Wciągu ostatnich kilku lat w rolnictwie polskim zaszły ogromne zmiany.
M	4694	WCIAGU	1	0	6	Other	Prawdopodobna literówka. Czy chodziło o <suggestion>w ciągu</suggestion> (=w czasie)?	W ciągu
L	4695	Ryba praktycznie przestała pływać i przykleiła się do wciągu filterka.
M	4695	MORFOLOGIK_RULE_PL_PL		61	69	Other	Wykryto prawdopodobny błąd pisowni	filierka|filierką
L	4696	W ciągu ostatnich kilku lat w rolnictwie polskim zaszły ogromne zmiany.
L	4697	Chodzi mi nie tylko o zdobycze kapitalizmu, które są niezaprzeczalne, alei demokracji ludowej.
M	4697	NIE_TYLKO_ALEI	1	70	74	Other	Prawdopodobna literówka. Czy chodziło o wyrazy <suggestion>ale i</suggestion>?	ale i
L	4698	Nie tylko to jest ważne, że ten dom stoi przy pięknej alei.
L	4699	Zdobywamy trofea na całym świcie.
M	4699	SWICIE	1	26	32	Other	Czy chodziło o <suggestion>świecie</suggestion>?	świecie
L	4700	Zdobywamy trofea na całym świecie.
L	4701	Jechałem szybo do domu.
M	4701	SZYBO	1	9	14	Other	Prawdopodobna literówka, jeśli ktoś nie mówi do szyb :) Czy chodziło o <suggestion>szybko</suggestion>?	szybko
L	4702	Jechałem szybko do domu.
L	4703	Mam do sprzedania kłaki w dużej iloci.
M	4703	ILOCI	1	32	37	Other	Prawdopodobna literówka. Czy chodziło o <suggestion>ilości</suggestion>?	ilości
L	4704	Mam do sprzedania kłaki w dużej ilości.
L	4705	Przywróciłam fabryczne ustawienia, ale nadaj nie da się uruchomić aplikacji.
M	4705	NADAJ_NADAL	1	39	44	Other	Prawdopodobna literówka. Czy chodziło o <suggestion>nadal</suggestion> (=w dalszym ciągu)?	nadal
L	4706	Przywróciłam fabryczne ustawienia, ale nadal nie da się uruchomić aplikacji.
L	4707	Jeśli przyczyna nadaj występuje, zadzwoń do biura obsługi klienta.
M	4707	NADAJ_NADAL	2	16	21	Other	Prawdopodobna literówka. Czy chodziło o <suggestion>nadal</suggestion> (=w dalszym ciągu)?	nadal
L	4708	Jeśli przyczyna nadal występuje, zadzwoń do biura obsługi klienta.
L	4709	Wchodziłem z trudem po chodach.
M	4709	PO_CHODACH	1	23	30	Other	Prawdopodobna literówka. Czy chodziło o <suggestion>schodach</suggestion>?	schodach
L	4710	W chodach pośrednich wykrok kończyn jest dłuższy.
L	4711	Wchodziłem z trudem po schodach.
L	4712	Przy ulicy Lipowej znajduje się palcówka znanego holenderskiego banku.
M	4712	PALCOWKA_BANKU	1	32	40	Other	Prawdopodobna literówka. Czy chodziło o <suggestion>placówka</suggestion>?	placówka
L	4713	Rzecz można, że poznaję strukturę tworzenia przygodówki od drugiej strony, od podszewki.
M	4713	RZECZ_RZEC	1	0	5	Other	Prawdopodobna literówka. Czy chodziło o <suggestion>rzec</suggestion>?	Rzec
L	4714	Rzec można, że poznaję strukturę tworzenia przygodówki od drugiej strony, od podszewki.
L	4715	Był to, rzecz można, nestor nauki polskiej.
M	4715	RZECZ_RZEC	2	8	13	Other	Prawdopodobna literówka. Czy chodziło o <suggestion>rzec</suggestion>?	rzec
L	4716	Rzec można, że poznaję strukturę tworzenia przygodówki od drugiej strony, od podszewki.
L	4717	Można by rzecz, że cała gra jest dostosowana dla nawet najbardziej zakręconego gracza.
M	4717	RZECZ_RZEC	3	9	14	Other	Prawdopodobna literówka. Czy chodziło o <suggestion>rzec</suggestion>?	rzec
L	4718	Można rzecz, że cała gra jest dostosowana dla nawet najbardziej zakręconego gracza.
M	4718	RZECZ_RZEC	3	6	11	Other	Prawdopodobna literówka. Czy chodziło o <suggestion>rzec</suggestion>?	rzec
L	4719	Można rzec, że cała gra jest dostosowana dla nawet najbardziej zakręconego gracza.
L	4720	W tej powieści znowu pojawił się - by tak rzecz - korzenny upiór, często nawiedzający naszą prozę.
M	4720	DYWIZ	1	29	37	Other	Spacje wokół dywizu (w przeciwieństwie do myślnika) są zbędne: <suggestion>się-by</suggestion>; jeśli to miał być myślnik, to należy napisać <suggestion>się — by</suggestion>.	się-by|się — by
M	4720	DYWIZ	1	42	58	Other	Spacje wokół dywizu (w przeciwieństwie do myślnika) są zbędne: <suggestion>rzecz-korzenny</suggestion>; jeśli to miał być myślnik, to należy napisać <suggestion>rzecz — korzenny</suggestion>.	rzecz-korzenny|rzecz — korzenny
L	4721	Walka o Polskę (by tak rzecz nazwać) najwyraźniej weszła w kolejny etap.
L	4722	Ofiarowałem datek na rzec fundacji Putina.
M	4722	RZEC_RZECZ	1	21	25	Other	Prawdopodobna literówka. Czy chodziło o <suggestion>rzecz</suggestion>?	rzecz
L	4723	Ofiarowałem datek na rzecz fundacji Putina.
L	4724	Był on, rzec jasna, pomiotłem fundacji Putina.
M	4724	RZEC_RZECZ	2	8	12	Other	Prawdopodobna literówka. Czy chodziło o <suggestion>rzecz</suggestion>?	rzecz
L	4725	Jednak rzec w tym, że był on pomiotłem fundacji Putina.
M	4725	RZEC_RZECZ	3	7	11	Other	Prawdopodobna literówka. Czy chodziło o <suggestion>rzecz</suggestion>?	rzecz
L	4726	Ofiarowałem datek na korzyć fundacji Putina.
M	4726	ZWROTNE_BEZ_SIE	1	21	27	Other	W tym zdaniu występuje czasownik zwrotny, a brakuje wyrazu „się”; powinno być: <suggestion>korzyć się</suggestion> lub <suggestion>się korzyć</suggestion>.	korzyć się|się korzyć
L	4727	W tum wypadku nie ma mowy o łapówce.
M	4727	TUM	1	2	5	Other	Prawdopodobna literówka. Czy chodziło o <suggestion>tym</suggestion>?	tym
L	4728	W tym wypadku nie ma mowy o łapówce.
L	4729	Tum razem nie ma mowy o łapówce.
M	4729	TUM	2	0	3	Other	Prawdopodobna literówka. Czy chodziło o <suggestion>tym</suggestion>?	Tym
L	4730	Tym razem nie ma mowy o łapówce
L	4731	Ona ma wiele płyt w sowim dorobku.
M	4731	SOWICH	1	20	25	Other	Prawdopodobna literówka (rzadka forma przymiotnika „sowi”). Czy chodziło o <suggestion>swoim</suggestion>?	swoim
L	4732	Ona ma wiele płyt w swoim dorobku.
L	4733	W sowich książkach opisał grozę doświadczenia wojennego.
M	4733	SOWICH	2	2	8	Other	Prawdopodobna literówka (rzadka forma przymiotnika „sowi”). Czy chodziło o <suggestion>swoich</suggestion>?	swoich
L	4734	W swoich książkach opisywał grozę doświadczenia wojennego.
L	4735	W południowo-zachodnim obramowaniu Gór Sowich na obszarze kamieniołomu w Słupcu...
L	4736	Jolanta wyszła za maż za Aleksandra.
M	4736	ZA_MAZ	1	15	21	Other	Prawdopodobna literówka. Czy chodziło o <suggestion>za mąż</suggestion>?	za mąż
L	4737	Jolanta wyszła za mąż za Aleksandra.
L	4738	Posłowie poprali inicjatywę ustawodawczą prezydenta.
M	4738	POPRALI	1	9	16	Other	Prawdopodobna literówka (ten czasownik jest rzadki w tej formie). Czy chodziło o <suggestion>poparli</suggestion> lub <suggestion>pobrali</suggestion>?	poparli|pobrali
L	4739	Posłowie pobrali zaliczkę.
L	4740	Rzekoma artystka okazałą się oszustką.
M	4740	ADJ_SUBST_ADJ_UNIFY	1	0	24	Other	Przypuszczalnie brak zgodności form przypadków przymiotników i rzeczownika: Rzekoma artystka okazałą.	
L	4741	Rzekoma artystka okazała się oszustką.
L	4742	Do niedawana chodziłem w trampkach na przyjęcia.
M	4742	NIEDAWANA	1	0	12	Other	Prawdopodobna literówka. Czy chodziło o <suggestion>Do niedawna</suggestion>?	Do niedawna
L	4743	Do niedawna jadłem fasolkę.
L	4744	Podniósł się gwałtowanie z łóżka.
M	4744	GWALTOWANIE	1	13	24	Other	Prawdopodobna literówka. Czy chodziło o <suggestion>gwałtownie</suggestion> (=raptem, nagle)?	gwałtownie
L	4745	Podniósł się gwałtownie z łóżka.
L	4746	Specjaliści twierdza, że codziennie powinno się jeść błonnik.
M	4746	TWIERDZA_ZE	1	12	20	Other	Prawdopodobna literówka. Czy chodziło o <suggestion>twierdzą</suggestion> (=głoszą twierdzenie)?	twierdzą
L	4747	Specjaliści twierdzą, że codziennie powinno się jeść błonnik.
L	4748	Człowiek miarą wszech rzeczy.
M	4748	WSZECH_RZECZY	1	15	28	Other	Ten wyraz zwykle pisze się łącznie: <suggestion>wszechrzeczy</suggestion>.	wszechrzeczy
L	4749	Człowiek miarą wszechrzeczy.
L	4750	To była ważna sprawą.
M	4750	NIEZGODNOSC_KONCOWEK	1	8	20	Other	Prawdopodobna literówka. Czy chodziło o <suggestion>ważna sprawa</suggestion>?	ważna sprawa
L	4751	Była wstrząśnięta sprawą łapówki w ministerstwie.
M	4751	NIEZGODNO_PRZYPADKW_PRZYMIOTNIKA_I_RZECZOWNIKA_RODZAJU_ESKIEGO	2	5	17	Other	Prawdopodobna literówka: <suggestion>wstrząśniętą</suggestion>.	wstrząśniętą
L	4752	To była ważną sprawa.
M	4752	NIEZGODNOSC_KONCOWEK	2	8	20	Other	Prawdopodobna literówka. Czy chodziło o <suggestion>ważna sprawa</suggestion>?	ważna sprawa
L	4753	To była ważna sprawa.
L	4754	Koszykówka jest męska grą.
M	4754	NIEZGODNOSC_KONCOWEK	3	16	25	Other	Prawdopodobna literówka. Czy chodziło o <suggestion>męską grą</suggestion>?	męską grą
L	4755	Ta placówka jest najnowszą szkołą w rejonie.
L	4756	Koszykówka jest męską gra.
M	4756	NIEZGODNOSC_KONCOWEK	4	16	25	Other	Prawdopodobna literówka. Czy chodziło o <suggestion>męską grą</suggestion>?	męską grą
L	4757	Ta placówka jest najnowszą szkołą w rejonie.
L	4758	Nie ma to żadnego związku z tym, o czym mówiliśmy.
L	4759	Nie mam pieniędzy, a związku z tym nie zapłacę ani grosza.
M	4759	ZWIAZKU_Z_TYM	1	21	28	Other	Prawdopodobna literówka. Czy chodziło o <suggestion>w związku</suggestion>?	w związku
L	4760	Oni pozostają negatywnie nastawieni do związku z ludźmi podejrzanej profesji.
L	4761	Mieszkanie to nie miało związku z żadnym innym we Włoszech.
L	4762	Szanowni Pastwo!
M	4762	PASTWO	1	9	15	Other	Prawdopodobna literówka. Czy chodziło o <suggestion>Państwo</suggestion>?	Państwo
L	4763	W państwie duńskim źle się dzieje.
L	4764	W Polsce zbliża się wyz demograficzny.
M	4764	WYZ_DEMOGRAFICZNY	1	20	23	Other	Prawdopodobna literówka. Czy chodziło o <suggestion>wyż</suggestion>?	wyż
L	4765	Wyz to pyszna ryba.
M	4765	MORFOLOGIK_RULE_PL_PL		0	3	Other	Wykryto prawdopodobny błąd pisowni	Wyż|Wy|Weź|Wyd|Wóz|Wąż|Ryż|Wiz|Wys|Waż|Wydz|Wyk|Wyć|Wył|Wyżu|Waz|WZZ|Wyj|Wym|Wyże|Wyr|Ryz|Wyb|Pyz|Hyz|Woź|Wyg|Wyrze|Wóź|Łyż|WSZ|Zyz|Dyź|W-Z|Dyz|Hyź|Nyż|Węz|Wy z
L	4766	Czekam tu już pól godziny.
M	4766	POL_GODZINY	1	14	25	Other	Prawdopodobna literówka. Czy chodziło o <suggestion>pół godziny</suggestion>?	pół godziny
L	4767	Nie ma nic piękniejszego od pól kapusty po horyzont.
L	4768	Mam jeszcze tylko kila problemów z podsłuchami.
M	4768	KILA_GEN	1	18	32	Other	Prawdopodobna literówka. Czy chodziło o <suggestion>kilka problemów</suggestion>?	kilka problemów
L	4769	Ugięcie kila musi mieścić się w wymiarach...
L	4770	A to tylko kila z wielu .
M	4770	KILA_GEN	1	11	17	Other	Prawdopodobna literówka. Czy chodziło o <suggestion>kilka z</suggestion>?	kilka z
M	4770	COMMA_PARENTHESIS_WHITESPACE		23	25	Other	Nie wstawiamy spacji przed kropką	.
L	4771	Kup pół kila pomarańczy.
M	4771	POL_KILA	1	8	12	Other	Prawdopodobny błąd odmiany. Powinno być <suggestion>kilo</suggestion> (=kilogram).	kilo
L	4772	Było tak od kilu lat.
M	4772	W_KILU_LOC	1	12	20	Other	Prawdopodobna literówka. Czy chodziło o <suggestion>kilku lat</suggestion>?	kilku lat
L	4773	W kilu miejscach miałem wątpliwości.
M	4773	W_KILU_LOC	1	2	16	Other	Prawdopodobna literówka. Czy chodziło o <suggestion>kilku miejscach</suggestion>?	kilku miejscach
L	4774	Mógłby usiąść na kilu i powiosłować.
L	4775	Droga poprzek stoku to już historia.
M	4775	BURK_043_POPRZEK	24	6	13	Other	Prawdopodobna literówka; powinno być: <suggestion>w poprzek</suggestion>.	w poprzek
L	4776	Droga w poprzek stoku to już historia.
L	4777	Dyskutant odegrał role chłopca do bicia.
M	4777	ODGRYWAC_ROLE	1	10	22	Other	Prawdopodobna literówka, czy „role” miały być na pewno w liczbie mnogiej? A może chodziło o <suggestion>odegrał rolę</suggestion>?	odegrał rolę
L	4778	To narzędzie odegrało rolę kluczową w całej sprawie.
L	4779	Uwielbiam tego gruzińskiego twórce ludowego.
M	4779	WLADCE	1	28	34	Other	Prawdopodobna literówka. Czy chodziło o <suggestion>twórcę</suggestion>?	twórcę
L	4780	Mam okulary w ładnej oprawce.
L	4781	Uwielbiam tego gruzińskiego twórcę ludowego
L	4782	Surowce zawierające te alkaloidy
L	4783	Tylko rodzice potrafią ich odróżnić.
L	4784	Woźnice odebrali małym konikom worki z obrokiem.
L	4785	Zasię te diabły, łupieżce a morderce, wszyscy wyszli z tego cało.
L	4786	Mam o tym zaledwie blade pojecie.
M	4786	ODJECIE_UJECIE	1	25	32	Other	Prawdopodobna literówka. Czy chodziło o <suggestion>pojęcie</suggestion>?	pojęcie
L	4787	Nie mam pojęcia.
L	4788	Pojechał wraz mną na targ.
M	4788	WRAZ_TYM	1	9	17	Other	Prawdopodobna literówka. Czy chodziło o <suggestion>wraz ze mną</suggestion>?	wraz ze mną
L	4789	Pojechał wraz ze mną na targ.
L	4790	Niebo od południa rozjaśniało się raz wraz krwawymi błyskawicami.
M	4790	RAZ_WRAZ	1	34	42	Other	Błąd ortograficzny. Powinno być: <suggestion>raz w raz</suggestion>.	raz w raz
L	4791	Pojechał wraz nim na targ.
M	4791	WRAZ_TYM	2	9	17	Other	Prawdopodobna literówka. Czy chodziło o <suggestion>wraz z nim</suggestion>?	wraz z nim
L	4792	Pojechał wraz ze mną na targ.
L	4793	Ona uparcie odradzała się wraz za nią.
L	4794	Zróbmy to wespół w zespół.
L	4795	Zróbmy to wespół kimś.
M	4795	WESPOL_BURK	1	10	16	Other	Prawdopodobna literówka. Czy chodziło o <suggestion>wespół z</suggestion>?	wespół z
L	4796	Łzami oblewam łoże moje, w którym obyś ty wespół ze mną spoczywała.
L	4797	Zróbmy to wespół w zespół.
L	4798	Zróbmy to wespół zespół.
M	4798	WESPOL_BURK	1	10	16	Other	Prawdopodobna literówka. Czy chodziło o <suggestion>wespół z</suggestion>?	wespół z
L	4799	Zróbmy to wespół w zespół.
L	4800	Zróbmy to wespół w radnymi.
M	4800	WESPOL_BURK	3	10	16	Other	Prawdopodobna literówka. Czy chodziło o <suggestion>wespół z</suggestion>?	wespół z
M	4800	PREP_CASUS	15	19	26	Other	Ten przyimek jest używany z biernikiem lub miejscownikiem.	
L	4801	Zróbmy to trymiga.
M	4801	BURK_012_CZAMBUŁ	10	10	17	Other	Prawdopodobna literówka; powinno być: <suggestion>w trymiga</suggestion>.	w trymiga
L	4802	Zróbmy to w trymiga.
L	4803	Zgłupiałeś do szczętu!
L	4804	Zgłupiałeś szczętu!
M	4804	BURK_047_ROZPUKU	25	11	18	Other	Prawdopodobna literówka; powinno być: <suggestion>do szczętu</suggestion>.	do szczętu
L	4805	Zgłupiałeś ze szczętem!
L	4806	Zgłupiałeś szczętem!
M	4806	BURK_048_SZCZĘTEM	26	11	19	Other	Prawdopodobna literówka; powinno być: <suggestion>ze szczętem</suggestion>.	ze szczętem
L	4807	Zgłupiałeś ze szczętem!
L	4808	Zgłupiałeś szczęt!
M	4808	DO_SZCZETU_BURK	3	11	17	Other	Prawdopodobna literówka. Ten wyraz występuje tylko w wyrażeniach złożonych.	ze szczętem|do szczętu
L	4809	Należy prze to rozumieć organy działające w szkole.
M	4809	PRZE_TO	1	7	14	Other	Prawdopodobna literówka. Czy chodziło o <suggestion>przez to</suggestion>, czy o <suggestion>przeto</suggestion>?	przez to|przeto
L	4810	Należy przez to rozumieć organy działające w szkole.
L	4811	Mam wiele rzeczy do zrobienia.
L	4812	Mam wiele rzeczy do zrobieni.
M	4812	DO_ZROBIENI	1	20	28	Other	Prawdopodobna literówka. Czy chodziło o <suggestion>zrobienia</suggestion>?	zrobienia
L	4813	Marta i Varadol siedzieli obok zasępieni i milczący.
M	4813	MORFOLOGIK_RULE_PL_PL		8	15	Other	Wykryto prawdopodobny błąd pisowni	Vara dol
L	4814	Ministerstwo Zdrowia podwyższy płace pielęgniarkom za 50 lat.
L	4815	Ministerstwo Zdrowa podwyższy płace pielęgniarkom za 50 lat.
M	4815	SUBST_ADJ_UNIFY	1	0	19	Other	Przypuszczalnie brak zgodności form przypadków rzeczownika i przymiotnika: Ministerstwo Zdrowa.	
L	4816	Poradnia zdrowia psychicznego
L	4817	Poradnia zdrowa psychicznego
M	4817	ZDROWA_ZDROWIA	2	9	15	Other	Prawdopodobna literówka. Czy chodziło o <suggestion>zdrowia</suggestion>?	zdrowia
L	4818	Wmieszawszy się w tłum, tuz przed 19:00 znalazłem się w klubie.
M	4818	TUZ_PRED	1	24	27	Other	Prawdopodobna literówka. Czy chodziło o wyraz <suggestion>tuż</suggestion>?	tuż
L	4819	Wakacje tuz tuz.
M	4819	TUZ_PRED	2	8	15	Other	Prawdopodobna literówka. Czy chodziło o <suggestion>tuż, tuż</suggestion>?	tuż, tuż
L	4820	Wakacje tuż, tuż
L	4821	Wakacje tuz, tuz.
M	4821	TUZ_PRED	3	8	16	Other	Prawdopodobna literówka. Czy chodziło o <suggestion>tuż, tuż</suggestion>?	tuż, tuż
L	4822	Wakacje tuż, tuż
L	4823	Wakacje tuż tuz.
M	4823	TUZ_PRED	4	8	15	Other	Prawdopodobna literówka. Czy chodziło o <suggestion>tuż, tuż</suggestion>?	tuż, tuż
L	4824	Wakacje tuż, tuż
L	4825	Wakacje tuż, tuz.
M	4825	TUZ_PRED	5	8	16	Other	Prawdopodobna literówka. Czy chodziło o <suggestion>tuż, tuż</suggestion>?	tuż, tuż
L	4826	Wakacje tuż, tuż
L	4827	Wakacje tuz tuż.
M	4827	TUZ_PRED	6	8	15	Other	Prawdopodobna literówka. Czy chodziło o <suggestion>tuż, tuż</suggestion>?	tuż, tuż
L	4828	Wakacje tuż, tuż
L	4829	Wakacje tuz, tuż.
M	4829	TUZ_PRED	7	8	16	Other	Prawdopodobna literówka. Czy chodziło o <suggestion>tuż, tuż</suggestion>?	tuż, tuż
L	4830	Wakacje tuż, tuż
L	4831	Nie wiadomo, czy Jarosław chce zostać królem, czy też nie.
L	4832	Nie wiadomo, czy Jarosław chce zostać królem, czy tez nie.
M	4832	TEZ_TEZ	1	50	53	Other	Prawdopodobna literówka. Czy chodziło o <suggestion>też</suggestion>?	też
L	4833	Zobacz też: Kowalski i Nowak 2002.
L	4834	Zobacz tez: Kowalski i Nowak 2002.
M	4834	TEZ_TEZ	2	7	10	Other	Prawdopodobna literówka. Czy chodziło o <suggestion>też</suggestion>?	też
L	4835	Miał tez powiedzieć, że „Faktem jest, że my musimy to robić do skutku”.
M	4835	TEZ_TEZ	3	5	8	Other	Prawdopodobna literówka. Czy chodziło o <suggestion>też</suggestion>?	też
L	4836	W ten sposób nie można uzasadnić tez dotyczących psychologicznej natury przekonań.
L	4837	Moja noga nigdy tu więcej nie postanie.
L	4838	Postanie Warszawskie było wielką tragedią.
M	4838	POSTANIE	1	0	8	Other	Prawdopodobna literówka. Czy chodziło o <suggestion>powstanie</suggestion>?	Powstanie
L	4839	Jadzia mówi po niemiecku i angielsku.
L	4840	Jadzia mówi niemiecku i angielsku.
M	4840	PROSTU_1	1	12	21	Other	Prawdopodobna literówka. Czy miało być <suggestion>po niemiecku</suggestion>?	po niemiecku
L	4841	Prostu się mylisz.
M	4841	PROSTU_1	1	0	6	Other	Prawdopodobna literówka. Czy miało być <suggestion>po prostu</suggestion>?	Po prostu
L	4842	Od pięciu lat istnieje w Brunszwicku w Niemieckiej Republice Federalnej zespół pieśni i tańca.
L	4843	Czy on mówi po angielsku, francusku czy niemiecku?
L	4844	Woli pan mówić po niemiecku czy angielsku?
L	4845	Od jak dawna uczysz się angielskiego?
L	4846	Wstąpił na herbatę do znajomego mieszkającego po "sąsiedzku", tj. 50 km dalej.
L	4847	Nie mógł się z nimi porozumieć po... bułgarsku.
L	4848	W latach 1907-1908 w Sławiańsku na Ukrainie wspólnicy wybudowali dużą fabrykę.
M	4848	MORFOLOGIK_RULE_PL_PL		21	31	Other	Wykryto prawdopodobny błąd pisowni	Słowiańsku|Skawiańsku|Sławieńsku
L	4849	Uwielbiam skórkę wypieczoną na chrupko.
L	4850	To jest po chamsku.
L	4851	To jest chamsku.
M	4851	PROSTU_1	1	8	15	Other	Prawdopodobna literówka. Czy miało być <suggestion>po chamsku</suggestion>?	po chamsku
L	4852	To jest po cichutku.
L	4853	To jest cichutku.
M	4853	PROSTU_1	1	8	16	Other	Prawdopodobna literówka. Czy miało być <suggestion>po cichutku</suggestion>?	po cichutku
L	4854	Szedł po ciemku.
L	4855	Szedł ciemku.
M	4855	CIEMKU	2	6	12	Other	Prawdopodobna literówka; powinno być: <suggestion>po ciemku</suggestion>.	po ciemku
L	4856	Szedł po omacku.
L	4857	Szedł omacku.
M	4857	CIEMKU	2	6	12	Other	Prawdopodobna literówka; powinno być: <suggestion>po omacku</suggestion>.	po omacku
L	4858	Traktują polską literaturę macoszemu.
M	4858	ADJ_SUBST_ADJ_UNIFY	1	9	36	Other	Przypuszczalnie brak zgodności form przypadków przymiotników i rzeczownika: polską literaturę macoszemu.	
L	4859	Ponadto czarownicy w odróżnieniu do czartów są zdecydowanie liczniejsi.
M	4859	W_ODROZNIENIU_DO	1	19	35	Other	Prawdopodobna literówka; powinno być <suggestion>w odróżnieniu od</suggestion>.	w odróżnieniu od
L	4860	Ponadto czarownicy, w odróżnieniu, do czartów są zdecydowanie liczniejsi.
M	4860	W_ODROZNIENIU_DO	1	20	37	Other	Prawdopodobna literówka; powinno być <suggestion>w odróżnieniu od</suggestion>.	w odróżnieniu od
L	4861	Ponadto czarownicy w przeciwieństwie od czartów są zdecydowanie liczniejsi.
M	4861	W_PRZECIWIENSTWIE_OD	1	19	39	Other	Prawdopodobna literówka; powinno być <suggestion>w przeciwieństwie do</suggestion>.	w przeciwieństwie do
L	4862	Przestał się do nich odzywać.
L	4863	Przestał się do niech odzywać.
M	4863	DO_NIECH	1	16	21	Other	Prawdopodobnie literówka, czy chodziło o wyraz: <suggestion>nich</suggestion>?	nich
L	4864	To mój pokój
L	4865	To mój pokuj.
M	4865	POKOJ	1	7	12	Other	Prawdopodobnie literówka, czy chodziło o wyraz <suggestion>pokój</suggestion> (rzeczownik)? Wyraz „pokuj” jest formą trybu rozkazującego czasownika „pokuć”.	pokój
L	4866	Jarek pozwala sobie na zbyt wiele wobec Lecha.
L	4867	Jarek pozawala sobie na zbyt wiele wobec Lecha.
M	4867	POZAWALA	1	6	14	Other	Czy chodziło o <suggestion>pozwala</suggestion>?	pozwala
L	4868	Jarek pozwalał sobie na zbyt wiele wobec Lecha.
L	4869	Jarek pozawalał sobie na zbyt wiele wobec Lecha.
M	4869	POZAWALA	2	6	15	Other	Czy chodziło o <suggestion>pozwalał</suggestion>?	pozwalał
L	4870	Pozwalało to na zawarcie korzystnej transakcji.
L	4871	Pozawalało to na zawarcie korzystnej transakcji.
M	4871	POZAWALA	3	0	10	Other	Czy chodziło o <suggestion>pozwalało</suggestion>?	Pozwalało
L	4872	Wbrew pozorom był jeszcze całkiem młody.
L	4873	W brew pozorom był jeszcze całkiem młody.
M	4873	W_BREW	1	0	6	Other	Prawdopodobna literówka, czy chodziło o przyimek <suggestion>wbrew</suggestion>, czy o brwi?	Wbrew
L	4874	To drzem z Biedronki.
M	4874	DRZEM	1	3	8	Other	Prawdopodobna literówka: czy chodziło o <suggestion>dżem</suggestion> (do jedzenia), czy o nakaz drzemania?	dżem
L	4875	To drzemy z Biedronki.
M	4875	DRZEM	2	3	9	Other	Prawdopodobna literówka: czy chodziło o <suggestion>dżemy</suggestion> (do jedzenia), czy o stwierdzenie, że my coś drzemy (rozdzieramy)?	dżemy
L	4876	To struj łucznika.
M	4876	STRUJ	1	3	8	Other	Prawdopodobnie chodziło o wyraz <suggestion>strój</suggestion> (ubranie), a nie o tryb rozkazujący od czasownika „struć”.	strój
L	4877	To strój łucznika.
L	4878	To fantastyczny struj.
M	4878	STRUJ	2	16	21	Other	Prawdopodobnie chodziło o wyraz <suggestion>strój</suggestion> (ubranie), a nie o tryb rozkazujący od czasownika „struć”.	strój
L	4879	To fantastyczny strój.
L	4880	To struj na wf.
M	4880	STRUJ	3	3	8	Other	Prawdopodobnie chodziło o wyraz <suggestion>strój</suggestion> (ubranie), a nie o tryb rozkazujący od czasownika „struć”.	strój
L	4881	To strój na wf.
L	4882	Eryk podrapał się po głowie.
L	4883	Eryk podrapał si po głowie.
M	4883	CZASOWNIK_SI	1	14	16	Other	Literówka: powinno być <suggestion>się</suggestion>.	się
L	4884	Jadziu, nie kłuć się z ojcem!
M	4884	KLOC_SIE	1	12	16	Other	Czy chodziło o formę czasownika „kłócić się” (awanturować się)? Jeśli tak, to poprawna pisownia brzmi <suggestion>kłóć</suggestion>.	kłóć
L	4885	Jadziu, nie kłóć się z ojcem!
L	4886	Ilość mądrych słów w wywiadzie kłuci się z jego postawą.
M	4886	KLOC_SIE	1	31	36	Other	Czy chodziło o formę czasownika „kłócić się” (awanturować się)? Jeśli tak, to poprawna pisownia brzmi <suggestion>kłóci</suggestion>.	kłóci
L	4887	To nowa funkcja tego systemu.
L	4888	To nowa funkcja tego sytemu.
M	4888	SYTEMU	1	21	27	Other	Prawdopodobnie chodziło o wyraz <suggestion>systemu</suggestion> (od rzeczownika „system”), a nie o przymiotnik „syty”.	systemu
L	4889	Przemysław kupił flakon perfum, a więc mógł się wyperfumować.
L	4890	Przemysław kupił flakon perfum, a wiec mógł się wyperfumować.
M	4890	A_WIEC	1	34	38	Other	Prawdopodobnie chodziło o wyraz <suggestion>więc</suggestion>.	więc
L	4891	Przemysław kupił flakon perfum, więc jeśli Ludwik go poprosi, będzie mógł się wyperfumować.
L	4892	Przemysław kupił flakon perfum, wiec jeśli Ludwik go poprosi, będzie mógł się wyperfumować.
M	4892	BRAK_PRZECINKA_JESLI	1	32	42	Other	Przed tym spójnikiem stawiamy przecinek:<suggestion>wiec, jeśli</suggestion>.	wiec, jeśli
L	4893	Nic wiec dziwnego, że napastnik Fernandinho był sfrustrowany.
M	4893	A_WIEC	3	4	8	Other	Prawdopodobnie chodziło o wyraz <suggestion>więc</suggestion>.	więc
M	4893	MORFOLOGIK_RULE_PL_PL		32	43	Other	Wykryto prawdopodobny błąd pisowni	
L	4894	O, właśnie o to chodziło.
L	4895	O, właśnie oto chodziło.
M	4895	OTO_CHODZI	1	11	14	Other	Prawdopodobna literówka, powinno być: <suggestion>o to</suggestion>.	o to
L	4896	Kieruję tym oto szmatławym pisemkiem dla kretynów.
L	4897	O, chodziło właśnie o to.
L	4898	Nie oto pytam.
M	4898	OTO_CHODZI	2	4	7	Other	Prawdopodobna literówka, powinno być: <suggestion>o to</suggestion>.	o to
L	4899	O, chodziło właśnie oto .
M	4899	OTO_CHODZI	2	20	23	Other	Prawdopodobna literówka, powinno być: <suggestion>o to</suggestion>.	o to
M	4899	COMMA_PARENTHESIS_WHITESPACE		23	25	Other	Nie wstawiamy spacji przed kropką	.
L	4900	Ludwik nadal nie lubi Romana.
L	4901	Ludwik na dal nie lubi Romana.
M	4901	NADAL	1	7	13	Other	Prawdopodobna literówka, powinno być: <suggestion>nadal</suggestion> (=wciąż).	nadal
L	4902	Choć to może zbyt prosty przykład...
L	4903	Chodź to może zbyt prosty przykład...
M	4903	CHODZ_TE	1	0	5	Other	Prawdopodobny błąd ortograficzny, powinno być: <suggestion>choć</suggestion>.	Choć
L	4904	Nie chodź w cudzy groch.
L	4905	Chodź ze mną!
L	4906	Choć był może zbyt prosty przykład...
L	4907	Chodź był może zbyt prosty przykład...
M	4907	CHODZ_TE	1	0	5	Other	Prawdopodobny błąd ortograficzny, powinno być: <suggestion>choć</suggestion>.	Choć
L	4908	Muszę zjeść tę żabę.
L	4909	Musze zjeść tę żabę.
M	4909	MUSZE_MUSZE	1	0	5	Other	Prawdopodobna literówka. Czy chodziło o <suggestion>muszę</suggestion>?	Muszę
L	4910	Poseł podał prawdziwe miejsce zamieszkania w formularzu.
L	4911	Poseł podał prawdziwe miejsce zamieszania w formularzu.
M	4911	MIEJSCE_ZAMIESZANIA	1	30	41	Other	Prawdopodobna literówka. Czy chodziło o <suggestion>zamieszkania</suggestion>?	zamieszkania
L	4912	Maja Komorowska to świetna aktorka.
L	4913	Zbieramy się osiemnastego maja.
L	4914	Trwało to od kwietnia do maja.
L	4915	Współuczestniczył w zatwierdzeniu Konstytucji 3 Maja.
L	4916	Wydarzenia maja 1968 w Paryżu
L	4917	Bronił ideałów maja '68.
L	4918	Było to w połowie maja.
L	4919	W dniach 28-29 maja w Turcji odbyła się konferencja.
L	4920	Członkowie partii rządzącej maja brudne interesy.
M	4920	MAJA_MAJA	1	28	32	Other	Prawdopodobna literówka. Czy chodziło o <suggestion>mają</suggestion>?	mają
L	4921	Na przełomie maja i czerwca kupił on od rosyjskich handlarzy bombę atomową.
L	4922	27 kwietnia-1 maja, Bilbao, Hiszpania
L	4923	Pierwsza rakieta na przełomie kwietnia-maja wyniesie na orbitę satelitę Telstar-5.
L	4924	W Głownie turysta znajdzie wiele atrakcji.
L	4925	Przemysław interesuje się głownie romansami Ludwika.
M	4925	GLOWNIE_GLOWNIE	1	26	33	Other	Prawdopodobna literówka. Czy chodziło o <suggestion>głównie</suggestion>?	głównie
L	4926	W Głownie nie ma ani jednej opery na poziomie.
L	4927	W Głownie nie ma ani jednej opery na poziome.
M	4927	NA_POZIOME	1	37	44	Other	Prawdopodobna literówka. Czy chodziło o <suggestion>poziomie</suggestion>?	poziomie
L	4928	Między Jarosławem a Andrzejem jest jakaś chemia.
L	4929	Miedzy Jarosławem a Andrzejem jest jakaś chemia.
M	4929	MIEDZY_MIEDZY	1	0	6	Other	Prawdopodobna literówka. Czy chodziło o <suggestion>między</suggestion>?	Między
L	4930	Andrzej i Renia siedzą na miedzy i się biedzą.
L	4931	Przemysław nie boi się stratować w wyborach.
M	4931	STRATOWAC_STARTOWAC	1	23	32	Other	Prawdopodobna literówka. Czy chodziło o czasownik <suggestion>startować</suggestion>?	startować
L	4932	Przestępcy nigdy nie stratowali w igrzyskach olimpijskich.
M	4932	STRATOWAC_STARTOWAC	1	21	31	Other	Prawdopodobna literówka. Czy chodziło o czasownik <suggestion>startowali</suggestion>?	startowali
L	4933	Przemysław boi się startować w wyborach.
L	4934	Ludwik nie lubi stać przy Przemysławie.
L	4935	Ludwik nie lubi stać pryz Przemysławie.
M	4935	PRYZ_PRZY	1	21	25	Other	Prawdopodobna literówka. Czy chodziło o przyimek <suggestion>przy</suggestion>?	przy
L	4936	Dzieci, przynieście na jutro zeszyty w linie.
L	4937	Dzieci, przynieście na jutro zeszyty w linię.
M	4937	W_LINIE	1	37	44	Other	Prawdopodobna literówka. Czy chodziło o <suggestion>w linie</suggestion> (np. zeszyt w linie)?	w linie
L	4938	Andrzej oszukał Jarka w taki sposób, że Romanowi odjęło mowę.
L	4939	Andrzej oszukał Jarka w tak sposób, że Romanowi odjęło mowę.
M	4939	W_TAK_SPOSOB	1	22	34	Other	Prawdopodobna literówka. Czy chodziło o <suggestion>w taki sposób</suggestion>?	w taki sposób
L	4940	Ot jest uczciwy minister.
M	4940	OT_JEST	1	0	7	Other	Prawdopodobna literówka. Czy chodziło o <suggestion>to jest</suggestion>?	To jest
L	4941	Oni są lepsi ot tych.
M	4941	OT_TYCH_OD_TYCH	1	13	20	Other	Prawdopodobna literówka. Czy chodziło <suggestion>od tych</suggestion> lub <suggestion>o tych</suggestion>?	od tych|o tych
L	4942	Oni są lepsi od tych.
L	4943	Nasza służba zdrowia jest po prost chora.
M	4943	PO_POROSTU	1	26	34	Other	Prawdopodobna literówka. Czy chodziło o <suggestion>po prostu</suggestion>?	po prostu
L	4944	To jest po porostu uczciwy minister.
M	4944	PO_POROSTU	1	8	18	Other	Prawdopodobna literówka. Czy chodziło o <suggestion>po prostu</suggestion>?	po prostu
L	4945	To jest po protu uczciwy minister.
M	4945	PO_POROSTU	1	8	16	Other	Prawdopodobna literówka. Czy chodziło o <suggestion>po prostu</suggestion>?	po prostu
L	4946	To jest porostu uczciwy minister.
M	4946	PO_POROSTU	2	8	15	Other	Prawdopodobna literówka. Czy chodziło o <suggestion>po prostu</suggestion>?	po prostu
L	4947	To jest przykład pięknego porostu trawy.
L	4948	To jest przykład porostu syberyjskiego.
L	4949	Sprawę zbadano pod kątem zgodności z prawem.
L	4950	Sprawę zbadano po kątem zgodności z prawem.
M	4950	PO_KATEM	1	15	17	Other	Literówka. Powinno być <suggestion>pod</suggestion>.	pod
M	4950	PO	17	18	23	Other	Ten przyimek jest używany z biernikiem lub miejscownikiem (lub formy -u, np. „po litewsku”).	
L	4951	Spora część tego tortu została zeżarta przez Jarka.
L	4952	Spora cześć tego tortu została zeżarta przez Jarka.
M	4952	CZESC_CZESC	1	6	11	Other	Prawdopodobna literówka. Czy chodziło o <suggestion>część</suggestion>?	część
L	4953	Sprawę zbadamy także pod kątem zgodności z prawem.
L	4954	Sprawę zbadamy także pod katem zgodności z prawem.
M	4954	POD_KATEM	1	21	30	Other	Prawdopodobna literówka. Czy chodziło o <suggestion>pod kątem</suggestion>?	pod kątem
L	4955	Ku zaskoczeniu wszystkich działało to nadzwyczaj dobrze.
L	4956	Ku zaskoczeniu wszystkich działało to nad zwyczaj dobrze.
M	4956	NAD_ZWYCZAJ	1	38	49	Other	Prawdopodobna literówka. Powinno być <suggestion>nadzwyczaj</suggestion> (=niezwykle).	nadzwyczaj
L	4957	Był przeze mnie lubiany nadzwyczaj.
L	4958	Był przeze mnie lubiany nad zwyczaj.
M	4958	NAD_ZWYCZAJ	2	24	35	Other	Prawdopodobna literówka. Powinno być <suggestion>nadzwyczaj</suggestion> (=niezwykle).	nadzwyczaj
L	4959	Jestem skromnym pedagogiem, a nadto kobietą.
L	4960	Jestem skromnym pedagogiem, a nad to kobietą.
M	4960	A_NADTO	1	28	36	Other	Prawdopodobna literówka. Czy chodziło o <suggestion>a nadto</suggestion> (=a poza tym)?	a nadto
L	4961	Małysz szybko odrabiał straty.
L	4962	Małysz szybko odrabiał starty.
M	4962	STARTY_STRATY	1	23	29	Other	Prawdopodobna literówka. Czy chodziło o <suggestion>straty</suggestion>?	straty
L	4963	Małysz poniósł wielkie straty.
L	4964	Małysz poniósł wielkie starty.
M	4964	STARTY_STRATY	2	23	29	Other	Prawdopodobna literówka. Czy chodziło o <suggestion>straty</suggestion>?	straty
L	4965	Tesco wchodząc do na nowy rynek zmieniło nazwę na Home Plus.
M	4965	DO_NA	1	15	20	Other	Prawdopodobna literówka. Czy chodziło o <suggestion>do</suggestion> czy o <suggestion>na</suggestion>?	do|na
L	4966	Prowadzi to do na tyle wysokiego miejscowego wzrostu temperatury że dochodzi do samozapłonu węgla.
M	4966	BRAK_PRZECINKA_ZE	1	53	67	Other	Przed spójnikiem „że” stawiamy przecinek: <suggestion>temperatury, że</suggestion>.	temperatury, że
L	4967	Stąd bardzo łatwo dostać się do na wpół wygasłego wulkanu Solfatara.
L	4968	Mieszkam w Warszawie.
L	4969	Mieszkam w z Warszawie.
M	4969	W_Z	1	9	12	Other	Prawdopodobna literówka. Czy chodziło o <suggestion>w</suggestion> czy o <suggestion>z</suggestion>?	w|z
M	4969	PREP_CASUS	6	13	22	Other	Przyimek „z” jest używany z biernikiem, dopełniaczem lub narzędnikiem.	
L	4970	Premier poinformował ministrów, że chce iść na spacer.
L	4971	Wraca do życia ze świeżą otwartością i werwą.
L	4972	Tak często dzieje się ze zbitymi jajkami.
L	4973	Premier poinformował ministrów, ze chce iść na spacer.
M	4973	ZE_ZE	1	32	34	Other	Prawdopodobna literówka. Czy chodziło o <suggestion>że</suggestion>?	że
L	4974	Premier poinformował, że chce iść na spacer.
L	4975	Premier poinformował, ze trzeba siać, siać, siać.
M	4975	ZE_ZE	2	22	24	Other	Prawdopodobna literówka. Czy chodziło o <suggestion>że</suggestion>?	że
L	4976	Potwierdzono, ze grupa kontaktowa uległa przekształceniu.
M	4976	ZE_Z_SPOL	1	14	22	Other	Prawdopodobnie ten przyimek należy zapisać tak: <suggestion>z grupa</suggestion>.	z grupa
L	4977	Premier poinformował, że chce iść na spacer.
L	4978	Premier poinformował wczoraj, ze wtedy jadł pierogi.
M	4978	ZE_ZE	3	30	32	Other	Prawdopodobna literówka. Czy chodziło o <suggestion>że</suggestion>?	że
L	4979	Premier był zdania, że to dobra ustawa.
L	4980	Premier był zdania, ze to dobra ustawa.
M	4980	ZE_Z_SPOL	1	20	25	Other	Prawdopodobnie ten przyimek należy zapisać tak: <suggestion>z to</suggestion>.	z to
L	4981	Premier był zdania ze to dobra ustawa.
M	4981	ZE_Z_SPOL	1	19	24	Other	Prawdopodobnie ten przyimek należy zapisać tak: <suggestion>z to</suggestion>.	z to
L	4982	Wydaje mi sie ze z tą klasą średnią i biedotą to wcale do końca tak nie jest.
M	4982	PL_SIMPLE_REPLACE		10	13	Other	Wyraz „sie” to najczęściej literówka; poprawnie pisze się: się.	się
M	4982	ZE_ZE	5	14	16	Other	Prawdopodobna literówka. Czy chodziło o <suggestion>że</suggestion>?	że
L	4983	Jaruzelski to człowiek - maska, tyle ze za maską nie ma twarzy, tylko druga maska.
M	4983	DYWIZ	1	14	30	Other	Spacje wokół dywizu (w przeciwieństwie do myślnika) są zbędne: <suggestion>człowiek-maska</suggestion>; jeśli to miał być myślnik, to należy napisać <suggestion>człowiek — maska</suggestion>.	człowiek-maska|człowiek — maska
M	4983	ZE_ZE	6	32	39	Other	Prawdopodobna literówka. Czy chodziło o <suggestion>tyle że</suggestion>?	tyle że
L	4984	Mimo, ze z dawnym Gamblerem nie możemy się mierzyć, mamy nadzieję, że tu każdy znajdzie coś dla siebie.
M	4984	ZE_ZE	6	0	8	Other	Prawdopodobna literówka. Czy chodziło o <suggestion>Mimo że</suggestion>?	Mimo że
M	4984	MORFOLOGIK_RULE_PL_PL		18	27	Other	Wykryto prawdopodobny błąd pisowni	Gablerem
L	4985	Samochód jechał naprzeciwka.
M	4985	NAPRZECIWKA	1	16	27	Other	Prawdopodobna literówka: <suggestion>z naprzeciwka</suggestion>.	z naprzeciwka
L	4986	Samochód jechał z naprzeciwka.
L	4987	Przeciwka nadjeżdżał samochód.
M	4987	NAPRZECIWKA	1	0	9	Other	Prawdopodobna literówka: <suggestion>z przeciwka</suggestion>.	Z przeciwka
L	4988	Prasa donosi z Agany, że już nie ma niebezpieczeństwa.
L	4989	Nie ma go z powodu grypy.
L	4990	Nie mam tyle czasy.
M	4990	Z_POWODY	1	13	18	Other	Prawdopodobna literówka. Czy chodziło o <suggestion>czasu</suggestion>?	czasu
L	4991	Już tyle gramy, a jeszcze trójki nie było.
L	4992	Nie ma go z powody grypy.
M	4992	Z_POWODY	1	12	18	Other	Prawdopodobna literówka. Czy chodziło o <suggestion>powodu</suggestion>?	powodu
L	4993	Był nie tyle obrażony, ile zaszokowany.
L	4994	Rozlegały się w niej nie tyle grzmoty, ile jakieś syki i gwizdania.
L	4995	Każdy wszechświat, na tyle prosty, by dało się go zrozumieć…
L	4996	To nie tyle uczony, co raczej poeta.
M	4996	NIE_TYLE_CO	1	20	22	Other	Mówimy nie tyle..., <suggestion>ile</suggestion>...	ile
L	4997	Nie ma go z tego powodu, że ma grypę.
L	4998	Nie ma go z tego powody, że ma grypę.
M	4998	Z_POWODY	2	17	23	Other	Prawdopodobna literówka. Czy chodziło o <suggestion>powodu</suggestion>?	powodu
L	4999	To jest zrobione na chybcika.
L	5000	To jest zrobione chybcika.
M	5000	NA_PRZEKOR	1	17	25	Other	Prawdopodobna literówka; powinno być: <suggestion>na chybcika</suggestion>.	na chybcika
L	5001	Na samym odjezdnym karczmarz dał plebanowi jakieś papiery.
L	5002	On stanął na jego czele.
L	5003	On stanął czele.
M	5003	NA_PRZEKOR	2	10	15	Other	Prawdopodobna literówka; powinno być: <suggestion>na czele</suggestion>.	na czele
L	5004	Na partii czele stał wielki mąż stanu.
L	5005	Duby smalone są pyszne.
L	5006	Wbił nóż w dubach.
M	5006	DUBY_SMALONE	1	11	17	Other	Prawdopodobna literówka; powinno być: <suggestion>duby smalone</suggestion>.	duby smalone
L	5007	To jest Burkina Faso.
L	5008	To jest Burkina.
M	5008	BURK_001_BURKINA	2	8	15	Other	Prawdopodobna literówka; powinno być: <suggestion>Burkina Faso</suggestion>.	Burkina Faso
L	5009	To jest Burkina Faso.
L	5010	To jest Faso.
M	5010	BURK_002_FASO	3	8	12	Other	Prawdopodobna literówka; powinno być: <suggestion>Burkina Faso</suggestion>.	Burkina Faso
L	5011	To jest Rio de Janeiro.
L	5012	To jest Janeiro.
M	5012	BURK_003_JANEIRO	4	8	15	Other	Prawdopodobna literówka; powinno być: <suggestion>Rio de Janeiro</suggestion>.	Rio de Janeiro
L	5013	To jest Sankt Petersburg.
L	5014	To jest Sankt.
M	5014	BURK_004_SANKT	5	8	13	Other	Prawdopodobna literówka; powinno być: <suggestion>Sankt Petersburg</suggestion>.	Sankt Petersburg
L	5015	To jest pod auspicjami.
L	5016	To jest auspicjami.
M	5016	BURK_005_AUSPICJAMI	6	8	18	Other	Prawdopodobna literówka; powinno być: <suggestion>pod auspicjami</suggestion>.	pod auspicjami
L	5017	To jest na bałyku.
L	5018	To jest bałyku.
M	5018	BURK_006_BAŁYKU	7	8	14	Other	Prawdopodobna literówka; powinno być: <suggestion>na bałyku</suggestion>.	na bałyku
L	5019	Teraz Rosjanie będą dysponowali takimi możliwościami także na Bałyku.
M	5019	PL_SIMPLE_REPLACE		62	68	Other	Wyraz „Bałyku” to najczęściej literówka; poprawnie pisze się: Bałtyku.	Bałtyku
L	5020	To jest za bezcen.
L	5021	To jest bezcen.
M	5021	BURK_007_BEZCEN	8	8	14	Other	Prawdopodobna literówka; powinno być: <suggestion>za bezcen</suggestion>.	za bezcen
L	5022	To jest za bezdurno.
L	5023	To jest bezdurno.
M	5023	BURK_007_BEZCEN	8	8	16	Other	Prawdopodobna literówka; powinno być: <suggestion>za bezdurno</suggestion>.	za bezdurno
L	5024	To jest fiu bździu.
M	5024	PL_COMPOUNDS		8	18	Other	Ten wyraz pisze się z łącznikiem.	fiu-bździu
L	5025	To jest bździu.
M	5025	BURK_009_BŹDZIU	9	8	14	Other	Prawdopodobna literówka; powinno być: <suggestion>fiu bździu</suggestion>.	fiu bździu
L	5026	Potępiam mówienie bzdur w czambuł.
L	5027	To jest durne czambuł.
M	5027	BURK_012_CZAMBUŁ	10	14	21	Other	Prawdopodobna literówka; powinno być: <suggestion>w czambuł</suggestion>.	w czambuł
L	5028	To jest poprawne w czwórnasób.
L	5029	To jest idiotyczne czwórnasób.
M	5029	BURK_012_CZAMBUŁ	10	19	29	Other	Prawdopodobna literówka; powinno być: <suggestion>w czwórnasób</suggestion>.	w czwórnasób
L	5030	Podejście sprawdziło się w dwójnasób.
L	5031	Głupi prezydent dwójnasób.
M	5031	BURK_012_CZAMBUŁ	10	16	25	Other	Prawdopodobna literówka; powinno być: <suggestion>w dwójnasób</suggestion>.	w dwójnasób
L	5032	Leć dyrdy do sklepu.
M	5032	BURK_012_CZAMBUŁ	10	4	9	Other	Prawdopodobna literówka; powinno być: <suggestion>w dyrdy</suggestion>.	w dyrdy
L	5033	Leć w dyrdy do sklepu.
L	5034	Armaty zdrożały w dziesięćnasób.
L	5035	Armaty zdrożały dziesięćnasób.
M	5035	BURK_012_CZAMBUŁ	10	16	29	Other	Prawdopodobna literówka; powinno być: <suggestion>w dziesięćnasób</suggestion>.	w dziesięćnasób
L	5036	Straty zwiększyły się w kilkanasób.
L	5037	Straty zwiększyły się kilkanasób.
M	5037	BURK_012_CZAMBUŁ	10	22	32	Other	Prawdopodobna literówka; powinno być: <suggestion>w kilkanasób</suggestion>.	w kilkanasób
L	5038	To jest fiksum dyrdum.
M	5038	PL_COMPOUNDS		8	21	Other	Ten wyraz pisze się z łącznikiem.	fiksum-dyrdum
L	5039	To jest dyrdum.
M	5039	BURK_016_DYRDUM	11	8	14	Other	Prawdopodobna literówka; powinno być: <suggestion>fiksum dyrdum</suggestion>.	fiksum dyrdum
L	5040	Prawda to, panie dzieju, że liście spadają z drzew.
L	5041	To jest prawda, dzieju.
M	5041	BURK_018_DZIEJU	12	16	22	Other	Prawdopodobna literówka; powinno być: <suggestion>panie dzieju</suggestion>.	panie dzieju
L	5042	To jest Kyrie eleison.
L	5043	To jest eleison.
M	5043	BURK_020_ELEISON	13	8	15	Other	Prawdopodobna literówka; powinno być: <suggestion>Kyrie eleison</suggestion>.	Kyrie eleison
L	5044	To jest fiksum dyrdum.
M	5044	PL_COMPOUNDS		8	21	Other	Ten wyraz pisze się z łącznikiem.	fiksum-dyrdum
L	5045	To jest fiksum.
M	5045	BURK_021_FIKSUM	14	8	14	Other	Prawdopodobna literówka; powinno być: <suggestion>fiksum dyrdum</suggestion>.	fiksum dyrdum
L	5046	Uwielbiam Nowe Hebrydy.
L	5047	Jadę na hebrydy.
M	5047	BURK_022_HEBRYDY	15	8	15	Other	Prawdopodobna literówka; powinno być: <suggestion>Nowe Hebrydy</suggestion>.	Nowe Hebrydy
L	5048	Waldek nienawidzi trip hopu.
L	5049	To jest fan hopu.
M	5049	BURK_023_HOPU	16	12	16	Other	Prawdopodobna literówka; powinno być: <suggestion>trip hopu</suggestion> lub <suggestion>hip hopu</suggestion>.	trip hopu|hip hopu
L	5050	Poległ z kretesem.
L	5051	Poległem kretesem.
M	5051	KRETES	1	9	17	Hint	Ten wyraz jest niesamodzielny i może wystąpić wyłącznie w wyrażeniu <suggestion>z kretesem</suggestion>.	z kretesem
L	5052	Po francusku mówiłem z ledwością.
L	5053	Po rosyjsku Karol mówi ledwością.
M	5053	BURK_026_KRETESEM	17	23	32	Other	Prawdopodobna literówka; powinno być: <suggestion>z ledwością</suggestion>.	z ledwością
L	5054	To jest Lelum i Polelum.
L	5055	To jest lelum.
M	5055	BURK_030_LELUM	18	8	13	Other	Prawdopodobna literówka; powinno być: <suggestion>Lelum i Polelum</suggestion>.	Lelum i Polelum
L	5056	To jest bez liku.
L	5057	To jest liku.
M	5057	BURK_031_LIKU	19	8	12	Other	Prawdopodobna literówka; powinno być: <suggestion>bez liku</suggestion>.	bez liku
L	5058	Powtarzał mi to ustanku.
M	5058	BURK_031_LIKU	19	16	23	Other	Prawdopodobna literówka; powinno być: <suggestion>bez ustanku</suggestion>.	bez ustanku
L	5059	To jest bon motów.
L	5060	To jest motów.
M	5060	BURK_035_MOTÓW	20	8	13	Other	Prawdopodobna literówka; powinno być: <suggestion>bon motów</suggestion>.	bon motów
L	5061	To jest co niemiara.
L	5062	To jest niemiara.
M	5062	BURK_037_NIEMIARA	21	8	16	Other	Prawdopodobna literówka; powinno być: <suggestion>co niemiara</suggestion>.	co niemiara
L	5063	Mówię o larach i penatach.
L	5064	Cyceron nigdy nie pisał o penatach.
M	5064	BURK_039_PENATY	22	26	34	Other	Prawdopodobna literówka; powinno być: <suggestion>larach i penatach</suggestion>.	larach i penatach
L	5065	Oddawaj cześć penatom.
M	5065	BURK_039_PENATY	22	14	21	Other	Prawdopodobna literówka; powinno być: <suggestion>larom i penatom</suggestion>.	larom i penatom
L	5066	W każdym rzymskim domu są penaty.
M	5066	BURK_039_PENATY	22	26	32	Other	Prawdopodobna literówka; powinno być: <suggestion>lary i penaty</suggestion>.	lary i penaty
L	5067	To jest Lelum i Polelum.
L	5068	To jest polelum.
M	5068	BURK_042_POLELUM	23	8	15	Other	Prawdopodobna literówka; powinno być: <suggestion>Lelum i Polelum</suggestion>.	Lelum i Polelum
L	5069	To jest na poprzek.
L	5070	To jest poprzek.
M	5070	BURK_043_POPRZEK	24	8	15	Other	Prawdopodobna literówka; powinno być: <suggestion>w poprzek</suggestion>.	w poprzek
L	5071	Karol śmiał się z Jarka do rozpuku.
L	5072	Jarek śmiał się rozpuku.
M	5072	BURK_047_ROZPUKU	25	16	23	Other	Prawdopodobna literówka; powinno być: <suggestion>do rozpuku</suggestion>.	do rozpuku
L	5073	Spłonął mi kibel szczętu.
M	5073	BURK_047_ROZPUKU	25	17	24	Other	Prawdopodobna literówka; powinno być: <suggestion>do szczętu</suggestion>.	do szczętu
L	5074	To jest ze szczętem.
L	5075	To jest szczętem.
M	5075	BURK_048_SZCZĘTEM	26	8	16	Other	Prawdopodobna literówka; powinno być: <suggestion>ze szczętem</suggestion>.	ze szczętem
L	5076	To jest aj waj.
M	5076	PL_COMPOUNDS		8	14	Other	Ten wyraz pisze się z łącznikiem.	aj-waj
L	5077	To jest waj.
M	5077	BURK_055_WAJ	27	8	11	Other	Prawdopodobna literówka; powinno być: <suggestion>aj waj</suggestion>.	aj waj
L	5078	To jest na wściąż.
L	5079	To jest wściąż.
M	5079	BURK_058_WYPRZÓDKI	28	8	14	Other	Prawdopodobna literówka; powinno być: <suggestion>na wściąż</suggestion>.	na wściąż
L	5080	To jest wyprzodki.
M	5080	BURK_058_WYPRZÓDKI	28	8	17	Other	Prawdopodobna literówka; powinno być: <suggestion>na wyprzodki</suggestion>.	na wyprzodki
L	5081	To jest zrobione łapucapu.
M	5081	BURK_058_WYPRZÓDKI	28	17	25	Other	Prawdopodobna literówka; powinno być: <suggestion>na łapu-capu</suggestion>.	na łapu-capu
L	5082	To jest zrobione łapu-capu.
M	5082	BURK_058_WYPRZÓDKI	28	17	26	Other	Prawdopodobna literówka; powinno być: <suggestion>na łapu-capu</suggestion>.	na łapu-capu
L	5083	Ćwiczę formę powakacje.
M	5083	BURK_058_WYPRZÓDKI	28	13	22	Other	Prawdopodobna literówka; powinno być: <suggestion>na powakacje</suggestion>.	na powakacje
L	5084	Przyjdzie czczo i nie narzeka!
M	5084	BURK_058_WYPRZÓDKI	28	10	15	Other	Prawdopodobna literówka; powinno być: <suggestion>na czczo</suggestion>.	na czczo
L	5085	To jest na łapu capu.
M	5085	PL_COMPOUNDS		11	20	Other	Ten wyraz pisze się z łącznikiem.	łapu-capu
L	5086	To jest łapu.
M	5086	BURK_060_ŁAPU	29	8	12	Other	Prawdopodobna literówka; powinno być: <suggestion>na łapu capu</suggestion>.	na łapu capu
L	5087	Im bardzie Prosiaczek tam zaglądał, tym bardziej Puchatka tam nie było.
M	5087	TYM_BARDZIE	1	3	10	Other	Prawdopodobna literówka. Czy chodziło o <suggestion>bardziej</suggestion>?	bardziej
L	5088	Czytałem artykuł o czeskim bardzie, wybitnym poecie.
L	5089	Obie drużyny postanowiły zagrać bardzie ofensywnie.
M	5089	TYM_BARDZIE	2	32	39	Other	Prawdopodobna literówka. Czy chodziło o <suggestion>bardziej</suggestion>?	bardziej
L	5090	Mowa o Osjanie, bardzie celtyckim.
L	5091	Partia ma mniej koncentrować się na walce z korupcją, a bardzie - właśnie na edukacji.
M	5091	DYWIZ	1	56	73	Other	Spacje wokół dywizu (w przeciwieństwie do myślnika) są zbędne: <suggestion>bardzie-właśnie</suggestion>; jeśli to miał być myślnik, to należy napisać <suggestion>bardzie — właśnie</suggestion>.	bardzie-właśnie|bardzie — właśnie
L	5092	Mowa o Osjanie, celtyckim bardzie.
L	5093	Mowa o Osjanie, bardzie celtyckim.
L	5094	Bardo się martwię.
M	5094	BARDO	1	0	5	Other	Prawdopodobna literówka. Czy chodziło o <suggestion>bardzo</suggestion>?	Bardzo
L	5095	Bardzo się martwię.
L	5096	Ceny rosną coraz wyże.
M	5096	WYZE	1	17	21	Other	Prawdopodobna literówka. Powinno być: <suggestion>wyżej</suggestion>.	wyżej
L	5097	Atlantyckie wyże nam nie są straszne.
L	5098	Ludwik niczego się nie bał.
L	5099	Aktom brutalnym towarzyszą akty wielkoduszności.
L	5100	Rozchmurz się
L	5101	Bonaparte przerwał niespodziewanie świetną kampanię.
L	5102	Ludwik niczego nie bał.
M	5102	ZWROTNE_BEZ_SIE	1	19	22	Other	W tym zdaniu występuje czasownik zwrotny, a brakuje wyrazu „się”; powinno być: <suggestion>bał się</suggestion> lub <suggestion>się bał</suggestion>.	bał się|się bał
L	5103	Ludwik niczego się nie bał.
L	5104	To rozumie się samo przez się.
L	5105	Wasyl uchwycił się nadarzającej się sposobności jak zbawienia.
L	5106	Ludwik się bał się od dawna.
M	5106	ZWROTNE_I_DWA_RAZY_SIE	1	11	18	Other	W tym zdaniu występuje dwa razy słówko „się”; wystarczy prawdopodobnie raz: <suggestion>bał</suggestion>.	bał
L	5107	On stał ważnym człowiekiem.
M	5107	STAWAC_KIM	1	3	7	Other	W tym zdaniu prawdopodobnie brakuje wyrazu „się”: <suggestion>się stał</suggestion>.	się stał
L	5108	On stał bardzo ważnym człowiekiem.
M	5108	STAWAC_KIM	1	3	7	Other	W tym zdaniu prawdopodobnie brakuje wyrazu „się”: <suggestion>się stał</suggestion>.	się stał
L	5109	On się stał bardzo ważnym człowiekiem.
L	5110	On stał się bardzo ważnym człowiekiem.
L	5111	Staliśmy z twoją matką przy oknie.
L	5112	Zaś pięć stoją garnizonami po całym kraju.
M	5112	BOWIEM_ZAS	1	0	3	Hint	Ten wyraz nie powinien występować na początku zdania.	
L	5113	Pamiętaj zawsze o przeszłym stanie swoim.
L	5114	Stańcie no!
L	5115	Na ich czele stał Josip Broz Tito.
L	5116	Stał przodem do okna.
L	5117	Moja kariera staje ci kością w gardle i nie możesz jej przełknąć.
L	5118	W drzwiach stał wezwany dzwonkiem dyżurny...
L	5119	Chodzi mu o ty, żeby zbudować tu piękny wieżowiec.
M	5119	O_TY	1	12	14	Other	Prawdopodobna literówka. Czy chodziło o <suggestion>to</suggestion>?	to
L	5120	Chodzi o to, żebyś zrozumiał wreszcie, ile to waży.
L	5121	Mówił o ty, że pora na zmiany.
M	5121	O_TY	2	8	10	Other	Prawdopodobna literówka. Czy chodziło o <suggestion>tym</suggestion>?	tym
L	5122	Mówił o tym, że pora na zmiany
L	5123	Ta strona zwiera wszystkie informacje.
M	5123	ZWIERA_ZAWIERA	1	10	16	Other	Prawdopodobna literówka. Czy chodziło o <suggestion>zawiera</suggestion>?	zawiera
L	5124	Partia zwiera szeregi przed kolejnymi wyborami.
L	5125	Było to półwieku temu.
M	5125	POLWIEKU	1	8	16	Other	Prawdopodobna literówka. Czy chodziło o <suggestion>pół wieku</suggestion>?	pół wieku
L	5126	Po półwieku Teatr Telewizji wraca do przedstawień na żywo.
L	5127	Żywy łańcuch szlakiem pochodu robotniczego sprzed półwieku został utworzony przez dzieci i młodzież z Poznania.
L	5128	Okres popularności przypadł półwieku po jego śmierci.
M	5128	POLWIEKU	2	28	36	Other	Prawdopodobny błąd ortograficzny. Czy chodziło o <suggestion>pół wieku</suggestion>, czy o półwiek (rzeczownik, oznaczający ilość czasu)?	pół wieku
L	5129	Grzegorz miął w dłoni papierową chusteczkę.
L	5130	Profesor miął zamiar wyjechać z żoną.
M	5130	MIAL_MIAL	1	9	13	Other	Prawdopodobna literówka. Czy chodziło o <suggestion>miał</suggestion>?	miał
L	5131	Nie chcę za was nadstawiać karku.
L	5132	Nie będę za was nastawiał karku.
M	5132	NASTAWIAC_KARKU	1	16	25	Other	Prawdopodobna literówka. Czy chodziło o <suggestion>nadstawiał</suggestion>?	nadstawiał
L	5133	Nie jetem z tego zadowolony.
M	5133	JETEM	1	4	9	Other	Prawdopodobna literówka. Czy chodziło o <suggestion>jestem</suggestion>?	jestem
L	5134	Leciałem jumbo jetem.
L	5135	Podaj mi tę informacje.
M	5135	NIEZGODNO_PRZYPADKW_PRZYMIOTNIKA_I_RZECZOWNIKA_RODZAJU_ESKIEGO	1	9	22	Other	Prawdopodobna literówka. Czy chodziło o <suggestion>tę informację</suggestion>, czy o <suggestion>te informacje</suggestion>?	tę informację|te informacje
L	5136	Podaj mi te informacje.
L	5137	Wynegocjowane warunki przyćmiły swa hojnością wszystkie poprzednie.
M	5137	NIEZGODNO_PRZYPADKW_PRZYMIOTNIKA_I_RZECZOWNIKA_RODZAJU_ESKIEGO	2	32	35	Other	Prawdopodobna literówka: <suggestion>swą</suggestion>.	swą
L	5138	Wynegocjowane warunki przyćmiły swą hojnością wszystkie poprzednie.
L	5139	Została powołana ustawą z 24 lipca 1919 r.
L	5140	Muzyka teatralna siłą rzeczy chętnie posługuje się cytatem.
L	5141	Po dyskusji Rada Regionalna większością jednego głosu uchwaliła apel.
L	5142	Życie moje rozłamało się na dwie wielkie części, z których jedna była pragnieniem rzeczy nieznanych, a druga tęsknotą za straconymi…
L	5143	Miarę brały szwaczki, gdy na ziemi leżałem: jedna stanęła mi na szyi, druga na kolanach i trzymały wyprężony sznurek, gdy tymczasem trzecia linijką na cal długą mierzyła długość sznurka.
L	5144	W budżecie zapisane były na ten rok trzy, pierwsza w lutym, druga w połowie roku, a trzecia jesienią.
L	5145	Odpowiedzialna za to była rada okręgowa zarządzająca grupą wysp.
L	5146	Na biurku leżała pokaźna koperta wyściełana folią bąbelkową.
L	5147	W tej pracy nie będę się zajmował dokładną definicja czasu.
M	5147	NIEZGODNO_PRZYPADKW_PRZYMIOTNIKA_I_RZECZOWNIKA_RODZAJU_ESKIEGO	3	43	52	Other	Prawdopodobna literówka: <suggestion>definicją</suggestion>.	definicją
L	5148	W tej pracy nie będę się zajmował dokładną definicją czasu.
L	5149	W 1991 roku zaczęła się ukazywać wydawana techniką wielobarwną edycja rumuńskiego wydania „Strażnicy”.
L	5150	Dynamika zysku przed opodatkowaniem i netto była ostatnio wyższa w Dębicy niż Stomilu.
L	5151	Robert Makłowicz "CK Kuchnia" (Wydawnictwo Znak).
L	5152	Jego zdaniem deklarowana dotąd przez stronę niemiecką data 1 września była ważna.
L	5153	Musisz utworzyć odpowiednia infrastrukturę.
M	5153	NIEZGODNO_PRZYPADKW_PRZYMIOTNIKA_I_RZECZOWNIKA_RODZAJU_ESKIEGO	4	16	27	Other	Prawdopodobna literówka: <suggestion>odpowiednią</suggestion>.	odpowiednią
L	5154	Musisz utworzyć odpowiednią infrastrukturę.
L	5155	Chemia to nauka badająca naturę i własności substancji.
L	5156	Tłumaczyłem się w ten sposób, że zrozumiała mowę moją.
L	5157	Był to czynnik kształtujący scenę polityczna infrastrukturę.
M	5157	NIEZGODNO_PRZYPADKW_PRZYMIOTNIKA_I_RZECZOWNIKA_RODZAJU_ESKIEGO	4	34	44	Other	Prawdopodobna literówka: <suggestion>polityczną</suggestion>.	polityczną
L	5158	Musisz utworzyć odpowiednią infrastrukturę.
L	5159	Ta woda jest odrobinę słonawa.
L	5160	W następnym roku za tę rolę Włoska Akademia Filmowa przyznała jej nagrodę.
L	5161	Tym więcej cierpiałby, gdybym mu pogardę okazała.
L	5162	A za godzinę cała wioska pewno puści się w pogoń za nami.
L	5163	Z Celimeną molierowską wchodzi na scenę wykwintna paryska dama, dzierżąca w dłoni berło.
M	5163	MORFOLOGIK_RULE_PL_PL		2	10	Other	Wykryto prawdopodobny błąd pisowni	Telimena|Telimeną
L	5164	Suma dochodów w drugiej książce była o połowę mniejsza niż w pierwszej.
L	5165	A jeszcze i przez całą niedzielę była także i dobra, i wesoła.
L	5166	Ponieważ system byłby rozciągnięty na inne kraje, które wpłacają dziś dużą daninę netto do budżetu UE.
L	5167	Trudno na razie przewidzieć, czy wzrost zapotrzebowania na zboża to tendencja w miarę trwała, czy tylko chwilowa.
L	5168	Podaj mi prawdziwą informacje.
M	5168	NIEZGODNO_PRZYPADKW_PRZYMIOTNIKA_I_RZECZOWNIKA_RODZAJU_ESKIEGO	6	9	29	Other	Prawdopodobna literówka. Czy chodziło o <suggestion>prawdziwą informację</suggestion>?	prawdziwą informację
L	5169	Podaj mi te informacje.
L	5170	Europa w miarę bezpieczna
L	5171	Udało się przezwyciężyć recesje gospodarczą.
M	5171	NIEZGODNO_PRZYPADKW_PRZYMIOTNIKA_I_RZECZOWNIKA_RODZAJU_ESKIEGO	7	24	43	Other	Prawdopodobna literówka. Czy chodziło o <suggestion>recesję gospodarczą</suggestion>?	recesję gospodarczą
L	5172	Podaj mi te informacje.
L	5173	On będzie w stanie przywołać na pomoc w potrzebie całą dżunglę.
L	5174	Wykładam psychologię na trzech uczelniach jednocześnie i jakoś ogarniam te rzeczywistość.
M	5174	NIEZGODNO_PRZYPADKW_PRZYMIOTNIKA_I_RZECZOWNIKA_RODZAJU_ESKIEGO	8	72	88	Other	Niezgodna liczba przymiotnika i rzeczownika.	
L	5175	Wykładam psychologię na trzech uczelniach jednocześnie i jakoś ogarniam tę rzeczywistość.
L	5176	Rozpowszechniały się kulty i religie obiecujące nieśmiertelność i zbawienie.
L	5177	Czernomyrdin dał do zrozumienia, że ma mu za złe odmowę udzielenia wyraźnego poparcia Jelcynowi w drugiej turze wyborów.
L	5178	To przecież morderstwo karane karą śmierci.
L	5179	Bilans tego okresy jest imponujący.
M	5179	TEGO_OKRESY_TEGO_OKRESU	1	12	18	Other	Prawdopodobna literówka. Czy chodziło o <suggestion>okresu</suggestion>?	okresu
L	5180	Bilans tego okresu jest imponujący.
L	5181	W całości przetrwało zaledwie 7 sztuk, a oprócz tego tytuły utworów i różnej wielkości fragmenty.
L	5182	Józef Tkaczuk jest absolwentem Uniwersytetu w Harwardzie.
M	5182	UNIWERSYTET_W_HARVARDZIE	1	44	56	Other	Prawdopodobna literówka. Powinno być: <suggestion>Harvarda</suggestion> (to nazwisko, a nie miejscowość).	Harvarda
L	5183	Uniwersytet Harvarda jest znakomitą uczelnią.
L	5184	Nie lubię tego dania.
L	5185	Politycy żyją z dania na dzień.
M	5185	Z_DANIA_NA_DZIEN	1	16	21	Other	Prawdopodobna literówka. Powinno być: <suggestion>dnia</suggestion>.	dnia
L	5186	Kupiłem sobie pięknego range rovera.
M	5186	MORFOLOGIK_RULE_PL_PL		23	28	Other	Wykryto prawdopodobny błąd pisowni	rangę|Range|rangi|ranga|rangą|ranne|ranę|Orange|Lange|ranie|rang|rankę|mangę|ranger|ranię|fangę|rance|pangę|rango|hangę|raggę|ragę|rańce|rańże|rengę|tangę|wangę
M	5186	MORFOLOGIK_RULE_PL_PL		29	35	Other	Wykryto prawdopodobny błąd pisowni	Rovera|rower|rowery|roweru|Rogera|Rover|Rivera|Romera|Rovery|rowerka|powera|towera|povera|Riverą|covera|kowera|owera|rolera|römera
L	5187	Ta sprawa ma naprawdę wysoką range.
M	5187	RANGE	1	29	34	Other	Prawdopodobna literówka. Czy chodziło o <suggestion>rangę</suggestion>?	rangę
L	5188	Futbol ma dziś większą rangę
L	5189	Futbol ma większą range
M	5189	RANGE	2	18	23	Other	Prawdopodobna literówka. Czy chodziło o <suggestion>rangę</suggestion>?	rangę
L	5190	Range Rover to świetna marka.
L	5191	Od lat prenumeruję „Range Polskiego Oręża”.
M	5191	RANGE	3	20	25	Other	Prawdopodobna literówka. Czy chodziło o <suggestion>Rangę</suggestion>?	Rangę
L	5192	Znaczą część wojska Amerykanie stracili w Iraku.
M	5192	ZNACZA_SUME	1	0	12	Other	Prawdopodobna literówka. Czy chodziło o <suggestion>znaczną część</suggestion>?	Znaczną część
L	5193	Znaczną część wojska Amerykanie stracili w Iraku.
L	5194	Te ceny wydaja się za wysokie.
M	5194	WYDAJA_SIE	1	8	18	Other	Prawdopodobna literówka. Czy chodziło o <suggestion>wydają się</suggestion>?	wydają się
L	5195	Te ceny wydają się za wysokie.
L	5196	Sadzę, że to prawda.
M	5196	SADZIC_ZE	1	0	5	Other	Prawdopodobna literówka. Czy chodziło o <suggestion>sądzę</suggestion>?	Sądzę
L	5197	Sądzę, że się mylisz.
L	5198	W tym roku Fundusz, że względu na zmienioną ustawę, która weszła w życie pierwszego października, robi dwa bilanse.
M	5198	ZE_WZGLEDU	1	20	30	Other	Prawdopodobna literówka. Czy chodziło o <suggestion>ze względu</suggestion>?	ze względu
L	5199	W tym roku Fundusz ze względu na zmienioną ustawę, która weszła w życie pierwszego października, robi dwa bilanse.
L	5200	Chodzę w tunikach na co dzień.
L	5201	Chodzę w tunikach na cod zień.
M	5201	COD_ZIEN	1	21	29	Other	Prawdopodobna literówka. Czy chodziło o <suggestion>co dzień</suggestion>?	co dzień
L	5202	Do wodzenia!
M	5202	DO_WODZENIA	1	0	11	Other	Prawdopodobna literówka. Czy chodziło o <suggestion>do widzenia</suggestion>?	Do widzenia
L	5203	Ten przyrząd służy do wodzenia kursora po ekranie.
L	5204	Obnoszę się bowiem z zamiarem zakupu za około 2-3 miesiące swojego już czwartego auta.
M	5204	OBNOSI_SIE_Z_ZAMIAREM_NOSI_SIE_Z_ZAMIAREM	1	0	7	Hint	Błąd frazeologiczny. Powinno być: <suggestion>noszę</suggestion>.	Noszę
L	5205	Noszę się bowiem z zamiarem zakupu za około 2-3 miesiące swojego już czwartego auta.
L	5206	A tak w woli ścisłości to po remoncie już chyba nie gra.
M	5206	w_woli_scislosci	1	6	22	Hint	Błąd frazeologiczny. Poprawnie: <suggestion>gwoli ścisłości</suggestion>.	gwoli ścisłości
L	5207	Gwoli ścisłości, to jest głupi błąd.
L	5208	Nie ulega wątpliwości, że to fajna reguła.
L	5209	Nie ulega kwestii, że znany aktor skutecznie odebrał premierowi i jego świcie powagę.
M	5209	NIE_ULEGA_KWESTII	1	10	17	Hint	Błąd frazeologiczny. Powinno być: <suggestion>wątpliwości</suggestion> lub <suggestion>wątpliwościom</suggestion>.	wątpliwości|wątpliwościom
L	5210	Okazało się to kroplą dziegciu w beczce miodu.
M	5210	KROPLA_DZIEGCIU	1	15	30	Hint	Błąd frazeologiczny. Mówi się raczej: <suggestion>łyżką dziegciu</suggestion> (w beczce miodu).	łyżką dziegciu
L	5211	Okazało się to łyżką dziegciu w beczce miodu.
L	5212	Połknąłem bakcyl numizmatyki.
M	5212	POLKNAC_BAKCYL	1	0	16	Hint	Niepoprawne wyrażenie. Poprawnie: <suggestion>Połknąłem bakcyla</suggestion>.	Połknąłem bakcyla
L	5213	Jędrek połknął bakcyla poezji.
L	5214	Partia księgowych stała się języczkiem uwagi.
M	5214	JEZYCZEK_UWAGI	1	28	44	Hint	Nieprawidłowa postać związku frazeologicznego. Powinno być: <suggestion>języczkiem u wagi</suggestion>.	języczkiem u wagi
L	5215	Partia księgowych to istny języczek u wagi.
L	5216	To jest proste jak konstrukcja cepu.
M	5216	KONSTRUKCJA_CEPU	1	31	35	Hint	W tym wyrażeniu wyraz „cep” odmienia się inaczej: <suggestion>cepa</suggestion>.	cepa
L	5217	To proste jak konstrukcja cepa.
L	5218	Nie potrafię utrzymać nerwów na postronku jak inni.
M	5218	NERWY_NA_POSTRONKU	1	22	41	Hint	Nieprawidłowy związek frazeologiczny. Poprawnie: <suggestion>nerwów na wodzy</suggestion>.	nerwów na wodzy
L	5219	Nie potrafię utrzymać nerwów na wodzy jak inni.
L	5220	Przyparłem go pytaniami do ściany.
M	5220	PRZYPRZEC_DO_SCIANY	1	27	33	Hint	Prawdopodobnie niepoprawny związek frazeologiczny. Powinno być: <suggestion>muru</suggestion>.	muru
L	5221	Przyparłem go pytaniami do muru.
L	5222	Serce mi waliło jak młot.
M	5222	SERCE_WALI_JAK_MLOT	1	9	24	Hint	Niepoprawna postać związku frazeologicznego. Poprawnie: <suggestion>waliło jak młotem</suggestion>.	waliło jak młotem
L	5223	Józkowi serce waliło młotem, gdy patrzył na Józkę.
L	5224	Powiedzmy sobie szczerze: mądrej głowie dość po słowie.
M	5224	MADREJ_GLOWIE_DOSC_PO_SLOWIE	1	26	54	Hint	Błędna postać związku frazeologicznego. Poprawnie: <suggestion>mądrej głowie dość dwie słowie</suggestion>.	mądrej głowie dość dwie słowie
L	5225	Mądrej głowie dość dwie słowie.
L	5226	Głupota premiera mówi sama przez się.
M	5226	MOWI_SAMO_PRZEZ_SIE	1	17	36	Hint	Niepoprawna postać związku frazeologicznego. Poprawnie: <suggestion>mówi sama za siebie</suggestion>.	mówi sama za siebie
L	5227	Głupota premiera mówi sama za siebie.
L	5228	Minister otworzył istną puszkę z Pandorą.
M	5228	PUSZKA_Z_PANDORA	1	24	40	Hint	Błędna postać tego wyrażenia. Pandora miała puszkę, a nie była w puszce; poprawnie: <suggestion>puszkę Pandory</suggestion>.	puszkę Pandory
L	5229	Ta sprawa to puszka Pandory.
L	5230	Inna strona medalu jest taka, że nie chce być wyśmiana przez innych.
M	5230	INNA_STRONA_MEDALU	1	0	18	Hint	To wyrażenie jest niepoprawne. Poprawnie: <suggestion>odwrotna strona medalu</suggestion> lub <suggestion>druga strona medalu</suggestion>.	Odwrotna strona medalu|Druga strona medalu
L	5231	Odwrotna strona medalu jest taka, że nie chce być wyśmiana przez innych.
L	5232	Nie zapominajmy o innej stronie medalu.
M	5232	INNA_STRONA_MEDALU	1	18	38	Hint	To wyrażenie jest niepoprawne. Poprawnie: <suggestion>odwrotnej stronie medalu</suggestion> lub <suggestion>drugiej stronie medalu</suggestion>.	odwrotnej stronie medalu|drugiej stronie medalu
L	5233	Nie chodzi tu o temat, ale o sam fakt krępacji wynikający z uczestniczenia w dialogu z dziewczyną.
M	5233	KREPACJA_BEZ_BEZ	1	38	46	Hint	To wyraz niesamodzielny i może wystąpić tylko w zwrocie <suggestion>bez krępacji</suggestion>. W innych kontekstach używa się rzeczownika <suggestion>skrępowanie</suggestion>.	bez krępacji|skrępowanie
L	5234	Nie chodzi tu o temat, ale o sam fakt skrępowania wynikający z uczestniczenia w dialogu z dziewczyną.
L	5235	On jest zidiociały imentu.
M	5235	IMENT	1	19	25	Hint	Ten wyraz jest niesamodzielny i może wystąpić wyłącznie w wyrażeniu <suggestion>do imentu</suggestion>.	do imentu
L	5236	Skretyniał do imentu.
L	5237	On jest zidiociały kretesem.
M	5237	KRETES	1	19	27	Hint	Ten wyraz jest niesamodzielny i może wystąpić wyłącznie w wyrażeniu <suggestion>z kretesem</suggestion>.	z kretesem
L	5238	Skretyniał z kretesem.
L	5239	Kochała go zabój.
M	5239	ZABOJ	1	11	16	Hint	Ten wyraz jest niesamodzielny i może wystąpić wyłącznie w wyrażeniu <suggestion>na zabój</suggestion>.	na zabój
L	5240	Zakochała się na zabój.
L	5241	Włosy stają dęba, gdy czyta się wypociny Antoniego.
L	5242	Włosy stają dębem, gdy czyta się wypociny Antoniego.
M	5242	STANAC_DEBEM	1	12	17	Hint	To wyrażenie jest prawdopodobnie niepoprawne, powinno być: <suggestion>dęba</suggestion>.	dęba
L	5243	Między Bogiem a prawdą jedynymi osobami, które mogą mieć niekłamaną satysfakcję ze zdobycia Everestu, są Hilary i Tenzing.
M	5243	BOGIEM_A_PRAWDA	1	0	22	Hint	To wyrażenie jest niepoprawne. Poprawnie: <suggestion>Bogiem a prawdą</suggestion>.	Bogiem a prawdą
L	5244	Bogiem a prawdą jedynymi osobami, które mogą mieć niekłamaną satysfakcję ze zdobycia Everestu, są Hilary i Tenzing.
L	5245	Mijamy z prawej strony budynek Oddziału Regionalnego PTTK w Gorzowie.
L	5246	Mijamy po prawo budynek Oddziału Regionalnego PTTK w Gorzowie.
M	5246	PO_PRAWO	1	7	15	Hint	Mówimy <suggestion>na prawo</suggestion>, <suggestion>po prawej stronie</suggestion>, <suggestion>z prawej strony</suggestion>.	na prawo|po prawej stronie|z prawej strony
L	5247	Mijamy z lewej strony budynek Oddziału Regionalnego PTTK w Gorzowie.
L	5248	Mijamy po lewo budynek Oddziału Regionalnego PTTK w Gorzowie.
M	5248	PO_LEWO	1	7	14	Hint	Mówimy <suggestion>na lewo</suggestion>, <suggestion>po lewej stronie</suggestion>, <suggestion>z lewej strony</suggestion>.	na lewo|po lewej stronie|z lewej strony
L	5249	Były po równi zadowolone z ostatecznego rozstrzygnięcia.
M	5249	PO_ROWNI	1	5	13	Hint	Mówimy <suggestion>na równi</suggestion>.	na równi
L	5250	Ogłaszam wszem wobec, że rzucę premiera na pożarcie smokowi.
L	5251	Ogłaszam wszem i wobec, że rzucę premiera na pożarcie smokowi.
M	5251	WSZEM_I_WOBEC	1	9	22	Hint	Ten związek frazeologiczny ma prawidłową postać <suggestion>wszem wobec</suggestion>.	wszem wobec
L	5252	Tak albo inaczej partia rządząca odda władzę.
M	5252	TAK_ALBO_INACZEJ	1	0	16	Hint	Prawdopodobnie niepoprawna forma związku frazeologicznego. Poprawnie: <suggestion>Tak czy inaczej</suggestion> (=w każdym razie).	Tak czy inaczej
L	5253	Tak czy inaczej musimy odebrać idiotom władzę.
M	5253	TAK_CZY_OWAK	1	0	22	Other	Wyrażenie „Tak czy inaczej” wydziela się przecinkami lub myślnikami od reszty zdania. Poprawnie: <suggestion>Tak czy inaczej, musimy</suggestion>.	Tak czy inaczej, musimy
L	5254	Tak albo owak partia rządząca odda władzę.
M	5254	TAK_ALBO_OWAK	1	0	13	Hint	Prawdopodobnie niepoprawna forma związku frazeologicznego. Poprawnie: <suggestion>Tak czy owak</suggestion> (=w każdym razie, na pewno).	Tak czy owak
L	5255	Tak czy inaczej musimy odebrać idiotom władzę.
M	5255	TAK_CZY_OWAK	1	0	22	Other	Wyrażenie „Tak czy inaczej” wydziela się przecinkami lub myślnikami od reszty zdania. Poprawnie: <suggestion>Tak czy inaczej, musimy</suggestion>.	Tak czy inaczej, musimy
L	5256	Budynki wybudowane od fundamentów na szczerym polu w I połowie XX wieku.
M	5256	NA_SZCZERYM_POLU	1	34	50	Hint	Prawdopodobnie niepoprawna forma związku frazeologicznego. Poprawnie: <suggestion>w szczerym polu</suggestion> (=na odludziu).	w szczerym polu
L	5257	Budynki wybudowane w szczerym polu w XX wieku
L	5258	Jestem młodym człowiekiem i na całe szczęście większość swojego życia spędziłem w demokratycznej III RP.
L	5259	Jestem młodym człowiekiem i na szczęście większość swojego życia spędziłem w demokratycznej III RP.
L	5260	Punkt 5: zrównać płacę minimalną.
L	5261	Pociąg odjeżdża o 15:34.
L	5262	O, pan Ostrzeński to kombinator, głowę ma nie od parady.
M	5262	MORFOLOGIK_RULE_PL_PL		7	17	Other	Wykryto prawdopodobny błąd pisowni	Ostrzeń ski
L	5263	Pan Miłkowski pisze te reguły.
L	5264	Kupił to nietaniej niż sąsiad.
L	5265	Niemniej jednak sprawa jest już przesądzona.
L	5266	Co zaś niemniej ważne, ta reguła jest poprawna.
L	5267	To jest krowa.
L	5268	Lubię go, ale kupię mu pistolet.
L	5269	To jest głowa dr. Jekylla.
L	5270	Pociąg odjeżdża o 15:45.
L	5271	To jest coś, co wiedziałem od dawna.
L	5272	Napisał „Gdzie pachną bzy”.
L	5273	On był „wyjątkowo” wredny.
L	5274	Napisał „Gdzie pachną bzy”.
L	5275	On był „wyjątkowo” wredny.
L	5276	— Gdybyście ją obaczyli — na to Don Kichot — to cóż by za zasługa wasza była, że przyznalibyście prawdę.
L	5277	No to co?
L	5278	Jeśli jest to głupi przypadek, jestem w kropce.
L	5279	1, 2, 3
L	5280	85,45
L	5281	85,45%
L	5282	On był (jeśli w ogóle można mówić o kimś takim „on”) wyjątkowo wredny.
L	5283	On był ( wyjątkowo) wredny.
M	5283	COMMA_PARENTHESIS_WHITESPACE		7	9	Other	Nie wstawiamy spacji po nawiasie otwierającym	(
L	5284	On był (jeśli w ogóle można mówić o kimś takim „on”) wyjątkowo wredny.
L	5285	On był (wyjątkowo) wredny.
L	5286	To były liczby (np. 1, 2), którymi się posługiwał.
L	5287	On był – jeśli w ogóle można mówić o kimś takim „on” – wyjątkowo wredny.
L	5288	On był – wyjątkowo – wredny.
L	5289	On był (jeśli w ogóle można mówić o kimś takim „on”) wyjątkowo wredny.
L	5290	On był – wyjątkowo – wredny.
L	5291	„Nie, nie, nie bój się — na to mu Don Kichot — ja mu nie każę, a on rozkazy moje szanować musi”.
L	5292	— Gdybyście ją obaczyli — na to Don Kichot — to cóż by za zasługa wasza była, że przyznalibyście prawdę.
L	5293	Szef rządu radzieckiego Nikita Chruszczow zaapelował dziewiątego sierpnia bieżącego roku do rządów odnośnych państw - w tym również do rządu tureckiego - by wykazały umiar i bezwzględne poszanowanie niezawisłości.
M	5293	DYWIZ	1	109	119	Other	Spacje wokół dywizu (w przeciwieństwie do myślnika) są zbędne: <suggestion>państw-w</suggestion>; jeśli to miał być myślnik, to należy napisać <suggestion>państw — w</suggestion>.	państw-w|państw — w
M	5293	DYWIZ	1	141	156	Other	Spacje wokół dywizu (w przeciwieństwie do myślnika) są zbędne: <suggestion>tureckiego-by</suggestion>; jeśli to miał być myślnik, to należy napisać <suggestion>tureckiego — by</suggestion>.	tureckiego-by|tureckiego — by
L	5294	Przeszło trzydziestu panów pije wódkę.
L	5295	Przeszło 30 panów pije wódkę.
L	5296	Turnie, wznosząc się przeszło na cztery tysiące metrów ponad dnem tej przepaści, spadały ku niej prawie pionowo.
L	5297	Ta sprawa datuje się przeszło sprzed roku.
L	5298	Utworzył coś w rodzaju ogromnej litery U, brzuścem dolnym zwrócone do lądu.
L	5299	Rusz tylko tę książkę!
L	5300	Co rusz pyta o godzinę.
L	5301	Rusz tylko tę książkę!
L	5302	Co i rusz pyta o godzinę.
M	5302	CO_I_RAZ	1	0	9	Hint	Wyrażenie „co i rusz” jest często uznawane za niepoprawne. Poprawnie mówi się: <suggestion>co chwila</suggestion>, <suggestion>co krok</suggestion> lub <suggestion>co rusz</suggestion>.	Co chwila|Co krok|Co rusz
L	5303	Dopiero co to zrobiłeś!
L	5304	Co ty robisz?
L	5305	Wysmażył świerszcze na chrupko.
L	5306	Mam sporo pieniędzy.
L	5307	To było obojętne.
L	5308	abadańsko
L	5309	Słownik niemiecko-francuski
L	5310	Mam sporo pieniędzy.
L	5311	Słownik polsko-francuski
L	5312	Słownik polsko-indonezyjsko-polinezyjski
L	5313	Słownik polsko-indonezyjsko-polinezyjski
L	5314	To było w pierwszej pracy krytycznej Navarrette'a.
M	5314	MORFOLOGIK_RULE_PL_PL		37	47	Other	Wykryto prawdopodobny błąd pisowni	
L	5315	Ani be, ani me, ani kukuryku.
L	5316	Ani chybi kupił pstrąga.
L	5317	Proszę kremówkę bez kremu.
L	5318	Jaki piękny jest bez czarny.
L	5319	Proszę kremówkę bez kremu.
L	5320	Jaki piękny jest dziki bez.
L	5321	Proszę kremówkę bez kremu.
L	5322	Jaki piękny jest dziki bez.
L	5323	— Oho, odmówiłbym księciu Alby, a majstra Piotra pomieścił — odrzecze gospodarz — jest tu dosyć ludzi, co za widzenie dobrze zapłacą.
L	5324	Czas umierać!
L	5325	Czas przygotowania: do 30 minut
L	5326	Nie pieprz!
L	5327	Dodaj sól i pieprz do smaku.
L	5328	Czy od dawna tak jest?
L	5329	Od jak dawna tak jest?
L	5330	Szedł z wolna.
L	5331	Szedł z bardzo wolna.
M	5331	PROSTU_1	1	15	20	Other	Prawdopodobna literówka. Czy miało być <suggestion>po wolna</suggestion>?	po wolna
L	5332	Co gorsza, jadł grzyby.
L	5333	Przemókł do cna.
L	5334	Wyporządź mi kancelarię do czysta.
L	5335	Rozebrała się do naga.
L	5336	Do niedawna żarłem jarmuż.
L	5337	Podał mu do pełna wypełnioną szklankę.
L	5338	Siedziała do późna.
L	5339	Wytarł twarz do sucha.
L	5340	Najadł się do syta zupą.
L	5341	Od rok 2000 jestem nieruchawy.
M	5341	PREP_CASUS	1	3	6	Other	Przyimek „Od” jest używany z dopełniaczem.	
L	5342	Od roku 2000 jestem nieruchawy.
L	5343	Dziwny był ten XX w.
L	5344	Polska w opiniach obcych X-XII w.
L	5345	Mam to w szufladzie.
L	5346	To było w w. XX.
L	5347	Dużo wody jest w szklance.
L	5348	To było w XIX w.
L	5349	Te głośniki mają moc 20 W.
L	5350	Mam to w szufladzie.
L	5351	Dziwny XIX w.
L	5352	Antonia - wieś w woj. warmińsko-mazurskim.
M	5352	DYWIZ	1	0	14	Other	Spacje wokół dywizu (w przeciwieństwie do myślnika) są zbędne: <suggestion>Antonia-wieś</suggestion>; jeśli to miał być myślnik, to należy napisać <suggestion>Antonia — wieś</suggestion>.	Antonia-wieś|Antonia — wieś
L	5353	Dzięki, mała!
L	5354	To wszystko dzięki pomocy europejskiej.
L	5355	Pozdrowił ich i przeszedł mimo, ale Don Kichot zawołał na niego.
L	5356	To było 'Przyjęcie u kota'.
L	5357	W wormhole'u grawitacja się zagina.
M	5357	MORFOLOGIK_RULE_PL_PL		2	10	Other	Wykryto prawdopodobny błąd pisowni	worm hole
L	5358	Był taki jak Cezar.
L	5359	Stoję za murem.
L	5360	Przesuń to za to.
L	5361	To za mało.
L	5362	Oni mieli robaki.
L	5363	Oni mają robaki.
L	5364	To nie powinno być trudne.
L	5365	Szatan, podobnie jak teściowa, uwielbia być przyzywany.
L	5366	Co słychać?
L	5367	Co prawda ukazuje on silny trend malejący.
M	5367	DWA_PODMIOTY_FIN	1	3	20	Other	W tym fragmencie zdania występują dwa potencjalne podmioty (prawda, on) jednego orzeczenia (ukazuje). Prawdopodobnie błąd gramatyczny, interpunkcyjny lub literówka.	
L	5368	— Co to znaczy?
L	5369	Miły bratku Sancho, bredzisz sam nie wiesz co, w takich awanturach wyspy się nie wygrywają.
M	5369	ZDANIA_ZLOZONE	1	20	46	Other	W tym zdaniu złożonym brakuje przecinka lub spójnika między jednym czasownikiem („bredzisz”) a drugim („wiesz”).	
L	5370	Czyż to piękny ptak.
L	5371	Czyż nie znajdziemy prawidła?
L	5372	Czyż to piękny ptak.
L	5373	Odrzuciliście jedno, a zachowali drugie: czyż kochacie z racji rozumu?
L	5374	Jaka ona szlachetna!
L	5375	Udomowiony jak występuje w centralnej Azji.
L	5376	Jestem wesoły jak staruszek.
L	5377	Wręcz mi plik banknotów!
L	5378	Trwała walka wręcz.
L	5379	On wybrania wszystkie.
L	5380	Konieczność ponownego wybrania numeru.
L	5381	Kosę, niby szablę, pod słońce obejrzał.
L	5382	Ale niby dokąd?
M	5382	BOWIEM_ZAS	1	0	3	Hint	Ten wyraz nie powinien występować na początku zdania.	
L	5383	No i oto dlaczego mnie nie lubią.
L	5384	Daj mi krowę.
L	5385	Do re mi!
L	5386	Pod tym względem Brazylia jest szczególna.
L	5387	Nie bądź względem niego taki ostry!
L	5388	Było to godzinę temu.
L	5389	Nie dziwię się temu.
L	5390	To było już godzinę temu.
L	5391	Dziwię się temu zachowaniu.
L	5392	O „Gwiazdorze” powiedział coś ciekawego.
L	5393	O, idzie kościelny!
L	5394	O „Gwiazdorze” powiedział coś ciekawego.
L	5395	O łajdak!
L	5396	Porozmawiajmy o literaturze.
L	5397	O. Pio nie jadał pierogów.
L	5398	Ale o bogowie i boginie!
M	5398	BOWIEM_ZAS	1	0	3	Hint	Ten wyraz nie powinien występować na początku zdania.	
L	5399	O bogowie i boginie!
L	5400	O sprawiedliwości społecznej niech świadczy fakt…
L	5401	Ależ o panie łaskawy!
L	5402	To jest o. Pio.
L	5403	Spotykamy się o dwunastej
L	5404	Na Filipinach są gwoździe.
L	5405	Na, masz pismo, czytaj.
L	5406	Na tu, piesku
L	5407	Spotykamy się na parterze.
L	5408	Ha, może to prawda?
L	5409	To litera ha.
L	5410	Ano tak.
L	5411	Ano, ni mniej, ni więcej.
L	5412	Ludwiku, kup ciastka!
L	5413	Ludwiku, lub lubelskie!
L	5414	Ludwiku lub lubelskie!
M	5414	WOLACZ_BEZ_PRZECINKA	1	7	11	Other	Prawdopodobnie brak przecinka po rzeczowniku w wołaczu. Powinno być: <suggestion>, lub</suggestion>.	, lub
L	5415	Jako, a idźże mi stąd!
L	5416	Szedł wskroś krzewów.
M	5416	BURK_058_WYPRZÓDKI	28	6	12	Other	Prawdopodobna literówka; powinno być: <suggestion>na wskroś</suggestion>.	na wskroś
L	5417	Przebijał mu na wskroś tarczę.
L	5418	Bez małej czarnej nie wstanę.
L	5419	Bez mała wszyscy to robią.
L	5420	Zdaje się z gruba ciosany.
L	5421	Ona jest gruba.
L	5422	Choć to jest trochę błędne koło, bo z drugiej strony trzeba być sobą.
L	5423	To jest koło zamachowe gospodarki!
L	5424	Mieszkam koło Grójca.
L	5425	Będzin (Bendzin), Grodno, Kalisz, Koło, Lipno.
M	5425	MORFOLOGIK_RULE_PL_PL		8	15	Other	Wykryto prawdopodobny błąd pisowni	Będzin|Będzie|Będzina|Będzino|Rędzin|Sędzin|Będzinu|Lędzin|Bend zin
L	5426	On się przyjaźni z dżdżownicą.
L	5427	Miesiąc przyjaźni polsko-radzieckiej
L	5428	Ach, piękne niebo Italii, wykwintne życie jej dworów, miast, czary poezji, miłości, sztuki!
L	5429	Ach, piękne niebo Italii, wykwintne życie jej dworów, miast i wsi!
L	5430	Ach, piękne niebo Italii, wykwintne życie jej dworów, wsi i miast włoskich!
L	5431	Po kilku minutach, nim krzyki ustały, zaszedł fakt…
L	5432	Obmyślał był nową zdradę.
L	5433	To może byś coś zrobił?
L	5434	To byś może coś zrobił?
L	5435	Wydawało się, sam Bóg chce, by nastanie nowego porządku poprzedziła zagłada starego.
L	5436	Świeć oczom moim, nim je bielmo gorąco pożądanej śmierci przysłoni!
L	5437	Krzysztof był postacią charyzmatyczną i praca z nim była wzniosłością.
L	5438	Byłoby nastanie nowego porządku zagładą starego?
L	5439	Albo nie.
L	5440	—„Albo nie”.
L	5441	Ale to nieprawda.
M	5441	BOWIEM_ZAS	1	0	3	Hint	Ten wyraz nie powinien występować na początku zdania.	
L	5442	Ale, ale, byłbym zapomniał!
L	5443	To prawda, ale co z tego?
L	5444	Ale są głupcami.
M	5444	BOWIEM_ZAS	1	0	3	Hint	Ten wyraz nie powinien występować na początku zdania.	
L	5445	To prawda, ale co z tego?
L	5446	– Ale są głupcami.
L	5447	Ale są głupcami.
M	5447	BOWIEM_ZAS	1	0	3	Hint	Ten wyraz nie powinien występować na początku zdania.	
L	5448	PAN: Ale co z tego?
L	5449	Ale są głupcami.
M	5449	BOWIEM_ZAS	1	0	3	Hint	Ten wyraz nie powinien występować na początku zdania.	
L	5450	Nie wiem, ale czemu pytasz?
L	5451	Objawy cofają się lub stają się bardzo łagodne.
L	5452	Lub robić coś!
L	5453	Człowieku lub coś!
M	5453	WOLACZ_BEZ_PRZECINKA	1	9	13	Other	Prawdopodobnie brak przecinka po rzeczowniku w wołaczu. Powinno być: <suggestion>, lub</suggestion>.	, lub
L	5454	Dojadę tam bądź rowerem, bądź hulajnogą.
L	5455	Dojadę tam bądź rowerem bądź hulajnogą.
M	5455	BRAK_PRZECINKA_ANI	2	23	28	Other	Prawdopodobnie brakuje przecinka. Powinno być: <suggestion>, bądź</suggestion>.	, bądź
L	5456	Dojadę tam bądź z Warszawy, bądź z Pcimia.
L	5457	Dojadę tam bądź z Pcimia bądź z Warszawy.
M	5457	BRAK_PRZECINKA_ANI	2	24	29	Other	Prawdopodobnie brakuje przecinka. Powinno być: <suggestion>, bądź</suggestion>.	, bądź
L	5458	Bądź pozdrowiony!
L	5459	Dawkę leku powtarzamy co dwa bądź trzy tygodnie.
L	5460	Dawkę leku powtarzamy co dwa lub trzy tygodnie.
L	5461	Takich spraw do „wyodrębniania” jest znacznie więcej i wiele z nich (na przykład związki gospodarki narodowej z gospodarką światową) sprawia znacznie większe trudności z punktu widzenia stworzenia odpowiednich przepisów regulujących postępowanie przedsiębiorstw.
L	5462	Piętnaście i szesnaście.
L	5463	Lecz że żaba była chora, nie chodziła do doktora.
M	5463	BOWIEM_ZAS	1	0	4	Hint	Ten wyraz nie powinien występować na początku zdania.	
L	5464	Ludwiku, bądż że rozsądny!
M	5464	BRAK_PRZECINKA_ZE	1	9	16	Other	Przed spójnikiem „że” stawiamy przecinek: <suggestion>bądż, że</suggestion>.	bądż, że
L	5465	Aby podkreślić ładne powiedzenie siostry, bądź że zazdrościła Swannowi, ...
L	5466	Bądź pozdrowiony!
L	5467	Nie wypadało mu mówić głupstw, bądź co bądź reprezentował parlament.
L	5468	Bądź pozdrowiony!
L	5469	„Bądź jak bądź – mówił do siebie Rzecki...
M	5469	PL_UNPAIRED_BRACKETS		0	1	Other	Brak niesparowanego symbolu: „””	
L	5470	Bądź co bądź to prawda.
L	5471	Bądź zdrów.
L	5472	Bądź co bądź to prawda.
L	5473	Bądź to czysta serweta, bądź to brudna ścierka.
L	5474	Bądź co bądź to prawda.
L	5475	Wstał z łóżka, ubrał się jak bądź i bez kołnierzyka zbiegł czym prędzej do hallu.
L	5476	Mówił bądź milczał.
L	5477	Bądź co bądź to prawda.
L	5478	Bądź zdrów!
L	5479	List ten piszę własną ręką, bądź więc ostrożny.
L	5480	Bądź zdrów!
L	5481	To wszystko bez względu na przynależność rasową bądź wyznaniową.
L	5482	Leżał, patrząc na otaczające go spustoszenie i rad był, że nie potrzebuje iść na pokład.
L	5483	Nie potrzebuję twoich rad!
L	5484	Była piękna jak nigdy.
L	5485	Były prezes klepał biedę.
L	5486	Przez sekundę była tylko cała tym jednym, nieprzytomnym pragnieniem.
L	5487	Przez krótką sekundę była tylko cała tym jednym, nieprzytomnym pragnieniem.
L	5488	W USA walka o abolicję niestety była trudna.
L	5489	W USA walka o abolicję niestety była ostatnio trudna.
L	5490	W USA walka o abolicję niestety była „zbyt trudna”.
L	5491	W USA walka o abolicję niestety była zaś trudna.
L	5492	To jest moja była.
L	5493	Postulowana była pierwotność intencjonalności.
L	5494	To jest moja była.
L	5495	Wczoraj była postulowana pierwotność intencjonalności.
L	5496	One były tutaj.
L	5497	Tam robione były przekręty.
L	5498	One pijane były.
L	5499	Tam były robione przekręty.
L	5500	Tam są robione przekręty.
L	5501	Jest to niewielki elektromagnes.
L	5502	Był to czasami wyjątkowo uciążliwy dureń.
L	5503	Był to niewielki elektromagnes.
L	5504	Był to czasami wyjątkowo uciążliwy dureń.
L	5505	Był to od dawna niewielki elektromagnes.
L	5506	Wraca ma ukochana.
L	5507	Jak miał zrobić zadanie 3?
L	5508	To to to!
M	5508	WORD_REPEAT_RULE		0	5	Other	Prawdopodobna literówka: powtórzony wyraz	To
L	5509	A ryby to ryby w pysku noszą.
L	5510	Ściśle rzecz biorąc, pomidor to owoc.
L	5511	Bylem tylko dostał do rączki to hrabstwo, to już wiem, że dam sobie radę...
L	5512	No to mamy problem.
L	5513	Przeciw byli Schmid i Leuwerik.
M	5513	MORFOLOGIK_RULE_PL_PL		22	30	Other	Wykryto prawdopodobny błąd pisowni	
L	5514	dyscyplina nauk społecznych badająca organizację kultury
M	5514	UPPERCASE_SENTENCE_START		0	10	Other	To zdanie nie zaczyna się wielką literą	Dyscyplina
L	5515	Ale przeważająca część tłumu złożona z robotników fabrycznych…
M	5515	BOWIEM_ZAS	1	0	3	Hint	Ten wyraz nie powinien występować na początku zdania.	
L	5516	Rząd jest zbyt duży.
L	5517	To zbyt interesujące.
L	5518	To już zbyt wiele.
L	5519	Nie masz też o co się martwić.
L	5520	Wszędzie dokoła co za blask!
L	5521	Tańczą dokoła drzewa.
L	5522	Rozdział się pospiesznie.
L	5523	Rozdział XXIV
L	5524	Rozdział się pospiesznie.
L	5525	Rozdział pierwszy
L	5526	Rozdział się pospiesznie.
L	5527	Drugi rozdział opisuje przyrodę Kaukazu.
L	5528	Zabawiał się muszą nóżką.
L	5529	Oni zarabiać muszą.
L	5530	Zabawiał się muszą nóżką.
L	5531	Oni muszą zarabiać.
L	5532	Zabawiał się muszą nóżką.
L	5533	Oni muszą się, chcąc nie chcąc, dostosować.
L	5534	Jaskółka mości sobie gniazdko.
L	5535	A mości brzytewko, miły skrobibrodo!
M	5535	MORFOLOGIK_RULE_PL_PL		24	35	Other	Wykryto prawdopodobny błąd pisowni	skrobi brodo
L	5536	Oni mną papiery.
L	5537	Masz się mną zająć.
L	5538	Oni mną papiery.
L	5539	Zajmij się mną.
L	5540	Czemu się mną zajmujesz?
L	5541	Oni mną papiery.
L	5542	Lech Wałęsa
L	5543	W tym samym roku władca Polski przywołał z węgierskiego wygnania swego bratanka Mieszka Bolesławowica.
M	5543	MORFOLOGIK_RULE_PL_PL		88	101	Other	Wykryto prawdopodobny błąd pisowni	Bolesławowi ca
L	5544	Kwota może znacznie przekraczać milion.
L	5545	Dalej wieś miała wygląd znacznie gorszy.
L	5546	On zwierzęta pęta.
L	5547	Do czego służą te pęta?
L	5548	Muszę skończyć powieść.
L	5549	Wszystko musi mi się powieść.
L	5550	Powieść ta jest interesująca.
L	5551	Powieść ma konstrukcję ramową, zaczyna się w tym samym miejscu, w którym się kończy.
L	5552	To historyczna postać.
L	5553	Dziękuję, wolę postać.
L	5554	To postać historyczna.
L	5555	Dziękuję, wolę postać.
L	5556	Tam leżała samotnia.
L	5557	Paginę zwykłą (bieżącą) leżącą samotnie w wierszu liczy się za pół wiersza.
L	5558	To była okazała zdobycz.
L	5559	Najpopularniejsza okazała się amerykańska witryna Napster
L	5560	Na jej głowie była trwała.
L	5561	Procedura trwała rok.
L	5562	Na jej głowie była trwała.
L	5563	Procedura cały rok trwała.
L	5564	Chwilę stała, trzymając się za serce
L	5565	Na jej głowie była trwała.
L	5566	Procedura rok cały trwała.
L	5567	Mówczyni na chwilę umilkła.
L	5568	Nad wieczorem przybyła kurierką od Czałbowa ostatnia partia.
M	5568	MORFOLOGIK_RULE_PL_PL		35	43	Other	Wykryto prawdopodobny błąd pisowni	
L	5569	Muzyka była bardzo wzniosła.
L	5570	Tu pani Emilia splecione ręce w górę wzniosła.
L	5571	Nie chcesz, to sobie tutaj babiej!
L	5572	Okolice Babiej Góry
L	5573	Ciała chłodną w kostnicy.
L	5574	Zrywał się wiatr nasycony chłodną wilgocią.
L	5575	Filozof myśli.
L	5576	Na koniec myśli weselsze…
L	5577	Oto pluszowy miś myśli sobie, jak miło byłoby zjeść trochę miodu na śniadanie.
L	5578	Łączyło je samo tylko czyste uczucie i porozumienie myśli.
L	5579	Krowa je trawę.
L	5580	On je zabierze do kina.
L	5581	Łączy też je postać tajemniczej Melindy.
L	5582	Łączy je postać tajemniczej Melindy.
L	5583	On je lubi.
L	5584	On je nawet lubi.
L	5585	On je czasami lubi.
L	5586	Mam wiele do zrobienia.
L	5587	Tu było dosyć ludzi.
L	5588	Trzeba jednak stwierdzić stały wzrost zainteresowania radzieckich naukowców omawianą problematyką.
L	5589	Tam stały czołgi.
L	5590	PAN: Ale potrzeba ci konia.
L	5591	W elektroenergetyce zachodzi potrzeba transformacji napięcia.
L	5592	Potrzeba komisji rządowej i to jak najszybciej.
L	5593	Każda chwila była na wagę złota.
L	5594	Chyba nie chcesz, żebyśmy się rozdziały przy ludziach?
L	5595	Stu czterdziestu ośmiu mężczyzn jadło lody.
L	5596	Chyba nie chcesz, żebyśmy się rozdziały przy ludziach?
L	5597	Czterdziestu ośmiu mężczyzn jadło lody.
L	5598	Chyba nie chcesz, żebyśmy się rozdziały przy ludziach?
L	5599	Dwa rozdziały książki.
L	5600	Mam wiele do zrobienia.
L	5601	Tu było mnóstwo ludzi.
L	5602	Trwało to półtorej godziny.
L	5603	Mam wiele do zrobienia.
L	5604	Tu było tysiąc ludzi myślących.
L	5605	Mam wiele do zrobienia.
L	5606	Tu było tysiąc bezdomnych ludzi.
L	5607	Mam wiele do zrobienia.
L	5608	Tu było tysiąc ludzi.
L	5609	Mam wiele do zrobienia.
L	5610	Tu było więcej ludzi.
L	5611	Tym przypadkiem nie będziemy się zajmować.
L	5612	Tym lepiej!
L	5613	Szkoła im. Jadwigi Nowak
L	5614	A im wyżej, tym lepiej.
L	5615	W skład zestawu oprócz butelki o pojemności 0,7 metra szcześciennego wchodzą cukier trzcinowy, tłuczek oraz dwie szklanki do serwowania drinków.
M	5615	MORFOLOGIK_RULE_PL_PL		54	68	Other	Wykryto prawdopodobny błąd pisowni	
L	5616	Do teorii ruchów Browna wiele wniósł w latach 1906–1917 Marian Smoluchowski.
M	5616	MORFOLOGIK_RULE_PL_PL		17	23	Other	Wykryto prawdopodobny błąd pisowni	Równa|Równą|Zrówna|Brona|Bródna|Broną|Borowna|Brodna|Browca|Borówna|Bronna|Bronną|Obrówna|Urówna
L	5617	Kupił 100 gram amfetaminy.
M	5617	STO_GRAM	1	10	14	Other	Nazwy jednostek miary się odmienia. W tym wypadku powinny być w dopełniaczu: <suggestion>gramów</suggestion>.	gramów
L	5618	Produkt był o 10% gorszy.
L	5619	Mimo to dopiero po pojawieniu się serwisu genialnego imiennika z 42% do 88% wzrosła liczba firm korzystających z social media do celów marketingowych.
L	5620	Nie rób głupich min.
L	5621	To trwało 29 min.
L	5622	Dwóch spadły: PPJ 7 (o 0,2 proc.).
M	5622	MORFOLOGIK_RULE_PL_PL		14	17	Other	Wykryto prawdopodobny błąd pisowni	PPS|PP|PPK|PPR|PIJ|PPP|PPŁ|PPL|PPI|PPM|PPV|PPZ|PSJ|PAJ|PÓJ|PTJ|PP J|PPT
L	5623	Napój swojego konia!
L	5624	Napój miłosny
L	5625	Gdy Mowgli był już na tyle silny, by móc znosić szorstką nieco musztrę...
M	5625	MORFOLOGIK_RULE_PL_PL		4	10	Other	Wykryto prawdopodobny błąd pisowni	Mogli|Mówili
L	5626	Tu mamy piękny przykład.
L	5627	Łaciny używamy na co dzień.
L	5628	Patrzę na jej samoloty.
L	5629	Patrzę na jego samoloty.
L	5630	W lipcu 1940, po niespodziewanie łatwym zwycięstwie nad Francją...
L	5631	ostateczna weryfikacja teorii poprzez konfrontację wniosków z niej wynikających z faktami.
M	5631	UPPERCASE_SENTENCE_START		0	10	Other	To zdanie nie zaczyna się wielką literą	Ostateczna
L	5632	Po niemal całonocnych negocjacjach o czwartej nad ranem zostało podpisane rosyjsko-czeczeńskie porozumienie, na którego mocy wczoraj zakończono działania zbrojne w zbuntowanej republice.
L	5633	Oto jedna z najpiękniejszych dziewic na świecie.
L	5634	Oto jedna ze sztuk, jakiej karzełka gdzieś w cyrku wyuczono.
L	5635	Tyran jedna się z narodem.
L	5636	W ciągu jednego z górą dziesięcioleci.
L	5637	Jeden z drugim nie pogada.
L	5638	W ciągu jednego z górą dziesięcioleci.
L	5639	Tu mamy piękny przykład sztuki barokowej.
L	5640	A ma o czym marzyć.
L	5641	Spotykaliśmy się u mamy.
L	5642	Oni mną papiery.
L	5643	Oczywiście, że ze mną!
L	5644	Żeglarze biegną w stronę wiatru i wbrew chęci nawracają wstecz.
L	5645	Oni mną papiery.
L	5646	Oczywiście, że ze mną!
L	5647	Podchodzą do tworzących się pokryć nocami.
L	5648	Karol, który stał się aktorem.
L	5649	Piwnice stały pustkami.
L	5650	Co wolno wojewodzie, to nie tobie, dziki smrodzie!
L	5651	Trzeba się tam posuwać bardzo wolno.
L	5652	Chwalił się bronią asyryjską.
L	5653	Mają one niemałe znaczenie.
L	5654	Chodź śmiało.
L	5655	Zaczęła wręcz nawoływać do utworzenia wspólnej listy.
L	5656	Doradziłem mu zostanie w domu.
M	5656	ZDANIA_ZLOZONE	1	0	30	Other	W tym zdaniu złożonym brakuje przecinka lub spójnika między jednym czasownikiem („Doradziłem”) a drugim („zostanie”).	
L	5657	Spośród planowanych kilkunastu stanowisk wiceprezydentów parę zostanie obsadzonych przez PC i KK.
L	5658	Rozmawiali o lada błahostce.
L	5659	Zajmują się lada czym.
L	5660	— Panie Boże, który byłeś zawżdy moim opiekunem i obrońcą, widzisz oto nieszczęście, które dybie na mnie.
L	5661	Bogu Najwyższemu niechaj będą dzięki, że nas tu w łasce swojej raczył obrócić!
L	5662	Bardzo lubię surówki z kapustą pekińską w roli głównej.
L	5663	W porcie stoi kapitana.
L	5664	Czy jest żoną kapitana?
L	5665	W porcie stoi kapitana.
L	5666	Czy zastałem kapitana okrętu?
L	5667	To pomnik przyrody.
L	5668	Pomimo tego był niewzruszony.
L	5669	Faktem mimo wszystko pozostaje, że ten produkt jest lepszy.
L	5670	Nie było tu tam skończonych.
L	5671	Nie było tu działających tam.
L	5672	To było coś innego.
L	5673	Spotykamy się w co drugi wtorek.
L	5674	Tedy byli radzi, że ją, choć naruszoną, ładnie za mąż wydadzą, ale ona o Michale nie chciała słyszeć.
M	5674	NIEZGODNOSC_RODZAJU_PODMIOTU_Z_ORZECZENIEM	1	5	9	Other	Niezgodność rodzaju orzeczenia (byli) z podmiotem (Tedy).	
L	5675	Tu mamy piękny przykład.
L	5676	Łaciny używamy na co dzień.
L	5677	Tu mamy piękny przykład.
L	5678	Łaciny używamy na co dzień.
L	5679	Przewidywania na II kwartał br. są jednak bardzo optymistyczne.
L	5680	Tu mamy piękny przykład.
L	5681	Łaciny używamy na co dzień.
L	5682	Niebawem oni jedni pozostali przy życiu ze *Świętego Ferdynanda*.
L	5683	Tu mamy piękny przykład.
L	5684	Łaciny używamy na co dzień.
L	5685	Tu mamy piękny przykład.
L	5686	Łaciny używamy na co dzień.
L	5687	Posunął się do daleko idącej impertynencji.
L	5688	Tu mamy piękny przykład.
L	5689	Łaciny używamy na co dzień.
L	5690	Posunął się do mniej lub dalej idącej impertynencji.
L	5691	Piszę do jego polsko-niemieckich towarzyszy broni.
L	5692	Piszę do polsko-niemieckich towarzyszy broni.
L	5693	Tu mamy piękny przykład.
L	5694	Łaciny używamy na co dzień.
L	5695	Posunął się do niemal każdej obrzydliwej impertynencji.
L	5696	Tu mamy piękny przykład.
L	5697	Łaciny używamy na co dzień.
L	5698	To za dużo powiedziane.
L	5699	Nic mnie nie interesuje poza tym.
L	5700	O panie nasz, o panie nasz, kiedy ty odchodzisz na Zachód, sami bogowie...
L	5701	Tu mamy piękny przykład.
L	5702	Łaciny używamy na co dzień.
L	5703	To za dużo powiedziane.
L	5704	Nic mnie nie interesuje poza tym.
L	5705	Mówię dziś jako rzecznik samorządu przedszkolnego.
L	5706	Można to określić jako ewolucję.
L	5707	Na mocy stymulacji cytokinowej następuje ich swoiste uczulenie.
L	5708	Przy użyciu stymulacji cytokinowej następuje ich swoiste uczulenie.
L	5709	W wyniku stymulacji cytokinowej następuje ich swoiste uczulenie.
L	5710	Ja piekłam w formie prostokątnej.
L	5711	We wnętrzu stacji było przytulnie.
L	5712	Z powodu stymulacji cytokinowej następuje ich swoiste uczulenie.
L	5713	Za pomocą stymulacji cytokinowej następuje ich swoiste uczulenie.
L	5714	Pod pretekstem stymulacji cytokinowej następuje ich swoiste uczulenie.
L	5715	Mam dostęp do wody bardzo dobrej pod względem mi­kro­bio­lo­gicz­nym.
L	5716	Mówisz to a propos stymulacji cytokinowej?
M	5716	PROPOS	2	10	18	Other	W tym wyrażeniu „a” musi być z akcentem w lewą stronę. Poprawnie: <suggestion>à propos</suggestion>.	à propos
L	5717	Jest to jeszcze gra pomiędzy nią a tym młodym i pięknym jak dziewczyna mędrcem.
L	5718	Tu mamy piękny przykład.
L	5719	Łaciny używamy na co dzień.
L	5720	Od tych mocniejszych mamy prawo oczekiwać zwycięstwa.
L	5721	z waszą szkolarską nomenklaturą medyczną
M	5721	UPPERCASE_SENTENCE_START		0	1	Other	To zdanie nie zaczyna się wielką literą	Z
L	5722	Tu mamy piękny przykład.
L	5723	Łaciny używamy na co dzień.
L	5724	Od tych mocniejszych mamy prawo oczekiwać zwycięstwa.
L	5725	przez wasze szkolarskie koncepcje medyczne
M	5725	UPPERCASE_SENTENCE_START		0	5	Other	To zdanie nie zaczyna się wielką literą	Przez
L	5726	Tu mamy piękny przykład.
L	5727	Łaciny używamy na co dzień.
L	5728	To stało się wbrew jego woli.
L	5729	Kali przedstawił im za pomocą bambusa całą niewłaściwość ich postępku.
L	5730	Redaguję tekst za pomocą edytora tekstów.
L	5731	On był już blisko.
L	5732	I jakby chcąc się znaleźć bliżej źródła, z którego kiedyś był wyszedł, i stamtąd zacząć wszystko na nowo, podążył do pani Barbary.
L	5733	Nie lubię teorii względności.
L	5734	To wszystko skutek względności.
L	5735	Ale zauważyli, że cierpią z tego powodu osoby, które nie są zadowolone z wykonywanej pracy albo z uzyskiwanych zarobków!
M	5735	BOWIEM_ZAS	1	0	3	Hint	Ten wyraz nie powinien występować na początku zdania.	
L	5736	Cały teren Polski narażony jest na powodzie.
L	5737	Spotkałem Edwarda Gierka.
L	5738	W roli głównej Ryszarda Hanin.
L	5739	To była żona Edwarda Gierka.
L	5740	Nie ma braterstwa.
L	5741	Nic nie jest skrytego, co by nie miało być objawione.
L	5742	Miejscami używano także krów.
L	5743	Pieczęci używano dosyć często.
L	5744	Podstawową formą pomocy chrześcijanom wschodnim jest poznanie ich.
L	5745	Na szczeblu wojewódzkim, powiatowym i gminnym również jest mnóstwo przykładów wykorzystywania przez polityków i urzędników swoich pozycji do celów całkowicie prywatnych.
L	5746	Przypominając Czechom, że ze swymi sąsiadami będą żyć przez stulecia, prezydent zaakcentował konieczność poszukiwania nowych, lepszych form współpracy z nimi.
L	5747	On wart jest stu takich drabów.
L	5748	Nie sposób być eleganckim.
L	5749	O ile podróż od wybrzeży Kaspijskiego Morza była długa i ciężka, to ta z Moskwy do Charkowa była już istną torturą.
L	5750	Nazwisko Poilâne znane jest wszystkim, którzy lubią dobry chleb.
M	5750	MORFOLOGIK_RULE_PL_PL		9	16	Other	Wykryto prawdopodobny błąd pisowni	Polanę|Polane|Podlane|Posłane|Pojmane|Pojanę|Posilane
L	5751	Jednym z nich może być kryterium dochodowe.
L	5752	On wart jest stu takich drabów.
L	5753	Pieniądze z OFE są ludzi.
M	5753	NIEWLASCIWA_FORMA_PODMIOTU	1	19	24	Other	Prawdopodobnie błędny przypadek podmiotu zdania (ludzi). Powinno być: <suggestion>ludzie</suggestion>.	ludzie
L	5754	Człowiekiem eleganckim był Ludwik.
L	5755	Osądziłem za rzecz potrzebną być mu posłuszny.
L	5756	Na torze wyścigowym jest jeden: wyśmienity Robert.
L	5757	On wart jest stu takich drabów.
L	5758	Człowiekiem eleganckim dawniej był Ludwik.
L	5759	Pojęcia nie miał, jaką rolę będzie musiał w tym wszystkim odegrać.
L	5760	Małżeństwo takie, zawierane przez przysięgę małżeńską, jest uświęcone przez Boga.
L	5761	Kryterium dochodowe będzie potwierdzane oświadczeniem rodzica.
L	5762	Na litość boską niech będzie to jednak nadal głębokie.
L	5763	Wiem, klopsiki w sosie pomidorowym już były.
L	5764	Chętnie was odprowadzę, tylko że nie mam parasola.
L	5765	Goście tylko co wyjechali.
L	5766	Chętnie was odprowadzę, tyle tylko, że nie mam parasola.
L	5767	Goście tylko co wyjechali.
L	5768	Nie miała słodkiego życia.
L	5769	To było za życia mamy.
L	5770	Wśród autorów mamy wielu ważnych polityków.
L	5771	Była ciepła, miła i uczynna.
L	5772	Wytwórnia Sprzętu Komunikacyjnego „PZL Gorzyce” w Gorzycach, właścicielka ciepłowni, zawarła z gminą umowę na dostawę ciepła m.in. do szkoły i przedszkola.
M	5772	MORFOLOGIK_RULE_PL_PL		35	38	Other	Wykryto prawdopodobny błąd pisowni	PRL|PL|PSL|PÓL|POL|PZU|PAL|PZW|PZ|PLL|PŻM|PPL|PZŁ|PIL|PKL|PZH|PZLA|PZN|PŻB|PML|PZHL|PZM|ZL|ZPL|PEL|PUL|PYL|PZG|PZŻ|PZE|PÁL|P ZL|PZ L
L	5773	W stajni leżała padła szkapa.
L	5774	Józefa padła ofiarą przemytu nocników.
L	5775	Duszą mięso godzinami.
L	5776	Jurek był duszą towarzystwa.
L	5777	On walnie pięścią.
L	5778	Przyczynił się do tego walnie Jan Dzban.
L	5779	Ząbek mu się wyżyna.
L	5780	Wyżyna Dekan opada ku wschodowi i zachodowi krawędziowymi górami.
L	5781	Idzie niż z północy.
L	5782	— Wszystko, co mówi wasza wielmożność, jest prawdą, lecz poszło całkiem inaczej, niż myślicie.
L	5783	Czyż to piękny ptak.
L	5784	W Polsce także jesteśmy dziś bardziej zadowoleni, notabene, ze swojego życia seksualnego niż w latach 80.
L	5785	Spółka "Przekaz" powstała jesienią 1990 r.
L	5786	Unia, podobnie jak jej poprzedniczka, pozostała partią wyborców o umiarkowanych poglądach.
L	5787	Dziś rozpoczyna kolejny sezon francuska liga piłkarska.
L	5788	Nie święci garnki lepią.
L	5789	Nie wiem, co tam się święci.
L	5790	Co ci święci ludzie mają tam do roboty?
L	5791	Gorszy rok miała niemiecka marka.
L	5792	Najbardziej ekspansywnym rynkiem w regionie jest giełda praska.
L	5793	Ona była święta.
L	5794	Wpisuję się do grupy widzów, którzy oglądając tę inscenizację czuli atmosferę święta.
L	5795	Miał na plecach skórę dzika.
L	5796	Dobrze gada!
L	5797	Dobrze gada!
L	5798	Obrona, opieka nad potomstwem
L	5799	Ta obelga się równa temu, czego doświadczyłem wczoraj.
L	5800	Ta obelga jest bodaj równa temu, czego doświadczyłem wczoraj.
L	5801	Mam szczyptę soli.
L	5802	Tu leży kupa śmieci.
L	5803	Mam poczucie więzi grupowej.
L	5804	On woli tradycyjny z żelatyną.
L	5805	Wręcz mu nagrodę.
L	5806	Działacze związkowi wręcz się tego domagają.
L	5807	To jest akcja zwykła znanej korporacji.
L	5808	Ona zwykła robić na drutach.
L	5809	To jest zwykła solidarność ludzka.
L	5810	Ona zwykła robić na drutach.
L	5811	Tylko bogaci mieszczanie kupują lody.
L	5812	Cały kraj się bogaci.
L	5813	To było serio.
L	5814	Sobie robisz tę jajecznicę?
L	5815	O sobie to mówisz?
L	5816	Powinna była to zrobić.
L	5817	Moja była kupiła jaguara.
L	5818	Sądzę, że współczesne pokolenia winny - w świecie chaosu i nihilizmu - podjąć próbę tworzenia porządku.
M	5818	DYWIZ	1	32	41	Other	Spacje wokół dywizu (w przeciwieństwie do myślnika) są zbędne: <suggestion>winny-w</suggestion>; jeśli to miał być myślnik, to należy napisać <suggestion>winny — w</suggestion>.	winny-w|winny — w
M	5818	DYWIZ	1	59	77	Other	Spacje wokół dywizu (w przeciwieństwie do myślnika) są zbędne: <suggestion>nihilizmu-podjąć</suggestion>; jeśli to miał być myślnik, to należy napisać <suggestion>nihilizmu — podjąć</suggestion>.	nihilizmu-podjąć|nihilizmu — podjąć
L	5819	Wiadomo, że winny temu jest kucharz.
L	5820	Sądzę, że współczesne pokolenia winny - w świecie chaosu i nihilizmu - podjąć próbę tworzenia porządku.
M	5820	DYWIZ	1	32	41	Other	Spacje wokół dywizu (w przeciwieństwie do myślnika) są zbędne: <suggestion>winny-w</suggestion>; jeśli to miał być myślnik, to należy napisać <suggestion>winny — w</suggestion>.	winny-w|winny — w
M	5820	DYWIZ	1	59	77	Other	Spacje wokół dywizu (w przeciwieństwie do myślnika) są zbędne: <suggestion>nihilizmu-podjąć</suggestion>; jeśli to miał być myślnik, to należy napisać <suggestion>nihilizmu — podjąć</suggestion>.	nihilizmu-podjąć|nihilizmu — podjąć
L	5821	Kucharz był winny.
L	5822	Skoro zaś winna była użyć czystego ręcznika jak najszybciej, prowadzono ją surowo.
L	5823	Będziemy jedli.
L	5824	Będziemy nawet jedli.
L	5825	Będziemy nawet dzisiaj jedli.
L	5826	Będziemy po uczcie jedli.
L	5827	Pora na Colgate!
L	5828	Pora umierać!
L	5829	Pora sucha mnie nie wzrusza!
L	5830	Pora iść do szkoły!
L	5831	Kawałek białej części pora oczyścić, przekroić wzdłuż i pokroić w makaroniki.
L	5832	Wiwat młoda para!
L	5833	Jasio pasa gąski.
L	5834	Jasio pasa gąski.
L	5835	Musimy zacisnąć pasa.
L	5836	Miała dekolt do samego pasa.
L	5837	Nie posiadają pasa drogowego.
L	5838	Tłum powstania, dyktatorze!
L	5839	Był tam tłum gości.
L	5840	Jurek nazwie ją „grzybkiem”.
L	5841	Okręty o wspaniałej nazwie są ładne.
L	5842	Moja stara się myje.
L	5843	Sytuację stara się wykorzystać konserwatywna opozycja.
L	5844	Przeszła operację.
L	5845	Przeszła zima zaskoczyła drogowców.
L	5846	Toż to zwykły oportunizm.
L	5847	Tak to zwykły czynić puchacze.
L	5848	Toż to moja duma ludzka.
L	5849	Wiesława duma nad swoim losem.
L	5850	Policjantki zwykły oznaczać swój teren.
L	5851	To zwykły bandyta.
L	5852	Oba te działy poezji zrodziły się z bólu.
L	5853	Powtórzyła to jedna, druga...
L	5854	Tylko jedna Natalka nic się nie zdziwiła.
L	5855	Jedź, tylko żebyś nikogo nie zabił!
L	5856	Funkcje takie jak silnie najczęstsze są w jego rachunkach.
L	5857	Generał miał twarz silnie ogorzałą.
L	5858	Gra indywidualna polskich zawodników przypominała zapasy w kisielu.
L	5859	Zasadne jest niewielkie podtopienie.
L	5860	Zasadne są niewielkie podtopienia.
L	5861	Zasadne zatem jest niewielkie podtopienie.
L	5862	Zasadne jest zatem niewielkie podtopienie.
L	5863	Widząc to jedna szpetna starucha...
M	5863	PCON_VERB	1	0	35	Other	W tym zdaniu jest imiesłów przysłówkowy Widząc, ale nie ma czasownika w funkcji orzeczenia. Możliwe, że to tytuł, ale w takim razie zbędna jest kropka.	
L	5864	Dyktator jedna się z narodem co czwartek.
L	5865	Oto przecież jedna osoba.
L	5866	Oto ta jedna jedyna.
L	5867	Kooperacja jedna tylko niweczy sprzeczność między egoizmem a miłością bliźniego.
L	5868	Ada jedna dziś jest spokojna.
L	5869	Dyktator jedna się z narodem co czwartek.
L	5870	Tylko jedna Natalka nic się nie zdziwiła.
L	5871	Otoczyła mię całą od stóp do głów wiosenka jedna, dawno, dawno, przed laty w Głogach spędzona.
M	5871	SUBST_ADJ_UNIFY	1	77	93	Other	Przypuszczalnie brak zgodności form przypadków rzeczownika i przymiotnika: Głogach spędzona.	
L	5872	Dyktator jedna się z narodem co czwartek.
L	5873	Chyba jedna musiała być spokojna.
L	5874	Nici o nieskończonej długości
L	5875	Te nici były nieskończonej długości.
L	5876	To jakby się duszę zaprzedawało dzikiej bestii.
L	5877	To jakby się zaprzedawało duszę dzikiej bestii.
L	5878	Nadzieję kurczaka granatami.
L	5879	Miałem nadzieję, że nadziejesz kurczaka granatami.
L	5880	Jurek nadzieje kurczaka granatami.
L	5881	W tobie lud egipski złożył swoje nadzieje.
L	5882	Dzieje Rosji
L	5883	Co się dzieje?
L	5884	Prosiaka nadzieją orzechami.
L	5885	Prostacze serce jego zakołatało po raz ostatni nadzieją, że może czeka go krzyż.
L	5886	Dla większego zysku netto zjadł teściową.
L	5887	Jarek gra w szachy z Alikiem.
M	5887	MORFOLOGIK_RULE_PL_PL		21	28	Other	Wykryto prawdopodobny błąd pisowni	Alicję|Plikiem|Halikiem|Malikiem|Alekiem|Alkiem|Blikiem|Palikiem|Asikiem|Flikiem|Balikiem|Calikiem|Galikiem|Lalikiem|Talikiem|Alizję|Almikiem|Alnikiem|Glikiem|Klikiem|Likiem|Mlikiem|Ulikiem|Żalikiem|A likiem
L	5888	Alpha Centauri - gra komputerowa
M	5888	MORFOLOGIK_RULE_PL_PL		0	5	Other	Wykryto prawdopodobny błąd pisowni	Ralpha|Aloha|Alpa|Alohą|Alp ha
M	5888	DYWIZ	1	6	20	Other	Spacje wokół dywizu (w przeciwieństwie do myślnika) są zbędne: <suggestion>Centauri-gra</suggestion>; jeśli to miał być myślnik, to należy napisać <suggestion>Centauri — gra</suggestion>.	Centauri-gra|Centauri — gra
L	5889	Jurek nadzieje kurczaka granatami.
L	5890	Nawet kraje ubogie potrzebują wsparcia.
L	5891	Tak wyglądają kraje NATO.
L	5892	Oto mój bliźni.
L	5893	On tu osiedla imigrantów.
L	5894	Stare osiedla europejskiej ludności tworzą dziś już tylko historyczne dzielnice dla turystów.
L	5895	Patrzył na nich ze smutną miną.
L	5896	Oczywiście, miałem rację.
L	5897	Nie bawię się miałem węglowym.
L	5898	... całej wieczności, która mnie poprzedziła, i tej która ma po mnie nastąpić.
M	5898	ZNAK_INTERPUNKCYJNY_NA_POCZATKU_ZDANIA	1	0	2	Other	Znaków interpunkcyjnych nie stawia się na początku zdania.	
M	5898	BRAK_PRZECINKA_KTORY	3	48	57	Other	Brak przecinka w tym fragmencie zdania. Przecinek prawdopodobnie należy postawić tak: <suggestion>tej, która</suggestion>.	tej, która
L	5899	Ciągle wchodzili nowi, wszyscy, jacy byli od samego początku naszego klasztoru.
L	5900	Widziałem go w lesie.
L	5901	Gram w go.
L	5902	Wróć to wesele myśli.
L	5903	Wróć, to wesele ci się spodoba.
L	5904	Interesuje nas to, w jaki sposób się to dzieje.
L	5905	Interesuje nas to w jaki sposób się to dzieje.
M	5905	BRAK_PRZECINKA_KTORY	2	15	24	Other	Brak przecinka w tym fragmencie zdania. Przecinek prawdopodobnie należy postawić tak: <suggestion>to, w jaki</suggestion>.	to, w jaki
L	5906	To, jak jakie pędraki to robią, jest nieinteresujące.
L	5907	Dla dzikiej świni wino znaczy tyle, co pomyje.
L	5908	Dla dzikiej świni wino znaczy tyle co pomyje.
M	5908	BRAK_PRZECINKA_TEN_CO	5	30	37	Other	Brak przecinka. Powinno być: <suggestion>tyle, co</suggestion>.	tyle, co
L	5909	On jest równie biegły jak inni.
M	5909	ROWNIE_JAK	1	21	25	Other	Prawdopodobny brak przecinka w ramach porównania. Powinno być: <suggestion>, jak</suggestion>.	, jak
L	5910	Widziałem już różne równie pochyłe.
L	5911	Dulcynea z Toboso jest równie dobrą księżniczką.
M	5911	MORFOLOGIK_RULE_PL_PL		11	17	Other	Wykryto prawdopodobny błąd pisowni	Toboło|Tobolo|To boso|Tob oso
L	5912	Zatrzymał się śmiało.
L	5913	Norwid to jest poeta myśli.
L	5914	Czy słyszałeś jak mój syn gra na skrzypcach?
M	5914	ZDANIA_ZLOZONE	1	4	44	Other	W tym zdaniu złożonym brakuje przecinka lub spójnika między jednym czasownikiem („słyszałeś”) a drugim („gra”).	
L	5915	Drukarz bąka uciął.
L	5916	A moja stara już się wyprawiła w drogę.
L	5917	A moja była żona już się wyprawiła w drogę.
L	5918	Trwały gody weselne.
L	5919	Porzeczka wyrosła w murze.
L	5920	Dużo uroku miała porzeczka wyrosła w murze.
L	5921	Porzeczka wyrosła w murze.
L	5922	Miała sporo uroku porzeczka wyrosła w murze.
L	5923	Porzeczka wyrosła w murze.
L	5924	Demoliberalizm jest identyczny jak bolszewicki.
M	5924	IDENTYCZNY_JAK	1	20	46	Hint	Ten przymiotnik jest używany z przyimkiem „z”: <suggestion>identyczny z bolszewickim</suggestion>.	identyczny z bolszewickim
L	5925	Dużo uroku przydawała porzeczka wyrosła w murze.
L	5926	Porzeczka wyrosła w murze.
L	5927	Demoliberalizm jest identyczny jak bolszewicki.
M	5927	IDENTYCZNY_JAK	1	20	46	Hint	Ten przymiotnik jest używany z przyimkiem „z”: <suggestion>identyczny z bolszewickim</suggestion>.	identyczny z bolszewickim
L	5928	Z młodością kibici jej i warkoczy tworzyła twarz tak ogorzała, że od włosów ciemniejsza...
L	5929	Porzeczka wyrosła w murze.
L	5930	Demoliberalizm jest identyczny jak bolszewicki.
M	5930	IDENTYCZNY_JAK	1	20	46	Hint	Ten przymiotnik jest używany z przyimkiem „z”: <suggestion>identyczny z bolszewickim</suggestion>.	identyczny z bolszewickim
L	5931	Przydawała woni porzeczka wyrosła w murze.
L	5932	Porzeczka wyrosła w murze.
L	5933	Demoliberalizm jest identyczny jak bolszewicki.
M	5933	IDENTYCZNY_JAK	1	20	46	Hint	Ten przymiotnik jest używany z przyimkiem „z”: <suggestion>identyczny z bolszewickim</suggestion>.	identyczny z bolszewickim
L	5934	Dużo uroku przydawali wszyscy zmarli bankruci.
L	5935	Porzeczka wyrosła w murze.
L	5936	Porzeczka wyrosła w murze przydawała wiele uroku.
L	5937	Dr Czernisz pochodził ze sfery ludzi biednych.
L	5938	Cała ta banda sprawiała wrażenie śmieci podwórza.
L	5939	Osiedli na laurach.
L	5940	Zachował się duży zespół osiedli mieszkaniowych.
L	5941	Osiedli na laurach.
L	5942	Widzę osiedla mieszkaniowe.
L	5943	Trzeba było zrobić tak zwaną straż broni.
L	5944	Na plus można zapisać autorowi, że nie unika trudnych pytań.
L	5945	Jeśli krewetki plus grzanka są dla Was niewystarczające — przygotowane w ten sam sposób dodajemy do już usmażonych tzw. warzyw na patelnię.
L	5946	Na plus można zapisać autorowi, że nie unika trudnych pytań.
L	5947	Jeśli krewetki plus przypieczona grzanka są dla Was niewystarczające — przygotowane w ten sam sposób dodajemy do już usmażonych tzw. warzyw na patelnię.
L	5948	Tam nie musiał brać przekornego chłopaka.
L	5949	On nie był w stanie wziąć przekornego chłopaka.
L	5950	Nie należy brać przekornego chłopaka.
L	5951	Tam nie było przekornego chłopaka.
L	5952	Nie ma praktycznie imprezy, z której Polacy wracaliby bez medalu.
L	5953	A przekornego chłopaka nie było.
L	5954	A na ogół nigdy w godzinach przedpołudniowych nie było ich w domu.
L	5955	Broni nie było.
L	5956	Musi zaprowadzić czystość, żeby mu snadź w izbie szklanej nie było gorąco.
L	5957	Nie wybrano przekornego chłopaka.
L	5958	Poszukiwano przekornego chłopaka.
L	5959	Słowo honoru daję, że nie znam kobiety, która by na mnie tak piekielne robiła wrażenie…
L	5960	Ostatnio niewiele gotuję dań, które warto tu prezentować.
L	5961	Oni wysłuchali kazania.
L	5962	Oni wysłuchali wzruszającego kazania.
L	5963	Panny, nieprzywykłe słyszeć mowy takiej i nic jej nie rozumiejąc…
L	5964	— A gdyby puścić wieść, że to Watyniusz kazał podpalić miasto?
M	5964	MORFOLOGIK_RULE_PL_PL		30	39	Other	Wykryto prawdopodobny błąd pisowni	
L	5965	Kiedy byłem mały, babcia straszyła mnie, że jak będę kłamać, to mi się buzia wykrzywi.
L	5966	Chociaż nie będę kłamać, to mi się buzia wykrzywi.
L	5967	Połechtała jego miłość własną.
L	5968	Anna z Janem wzięli ślub.
L	5969	Byt określa świadomość.
L	5970	Bierzcie go!
L	5971	To właśnie mówili posłowie.
L	5972	Anna z Janem ślub wzięli.
L	5973	Byt określa świadomość.
L	5974	Teraz go wybierzecie!
L	5975	Winiarze też to rozumieją.
L	5976	Anna z Janem ślub czystości wzięli.
L	5977	Byt określa świadomość.
L	5978	Oni coś innego mieli na myśli.
L	5979	Byt określa świadomość.
L	5980	Anna z Janem ślub do serca wzięli.
L	5981	Byt określa świadomość.
L	5982	Anna z Janem ślub pewnie wzięli.
L	5983	Byt określa świadomość.
L	5984	Teraz go śmiało wybierzecie!
L	5985	Winiarze też to dobrze rozumieją.
L	5986	Anna z Janem ślub woleli wziąć.
L	5987	Byt określa świadomość.
L	5988	Teraz go musicie wybrać!
L	5989	Winiarze też to muszą zrozumieć.
L	5990	Anna z Janem ślub cywilny woleli wziąć.
L	5991	Byt określa świadomość.
L	5992	Większość zawieranych transakcji muszą poprzedzać przetargi.
L	5993	Byt określa świadomość.
L	5994	Anna z Janem ślub woleli już wziąć.
L	5995	Byt określa świadomość.
L	5996	Teraz go musicie wreszcie wybrać!
L	5997	Winiarze też to muszą nareszcie zrozumieć.
L	5998	Anna z Janem ślub cywilny wzięli.
L	5999	Byt określa świadomość.
L	6000	Bo sposób ten znają wszyscy zaawansowani użytkownicy.
L	6001	Wczoraj ślub oni wzięli.
L	6002	Byt określa świadomość.
L	6003	Teraz go wy wybierzecie!
L	6004	Ciastka maślane wkładamy do woreczka foliowego.
L	6005	Anna składa śluby.
L	6006	Byt określa świadomość.
L	6007	Słowo honoru daję, że nie znam kobiety, która by na mnie tak piekielne robiła wrażenie…
L	6008	Na nich jeszcze jaśniał cały ogrom uniesienia miłosnego.
L	6009	Anna składała ślub.
L	6010	Wiatr łamał swe zwierciadło.
L	6011	Byt określa świadomość.
L	6012	Byt określałby świadomość.
L	6013	Mówiła Franciszka.
L	6014	Anna z Janem składali śluby.
L	6015	Byt określa świadomość.
L	6016	Spiął Rosynanta.
L	6017	Tam brano ślub.
L	6018	Tam brano śluby.
L	6019	Oni muszą składać śluby.
L	6020	Byt określa świadomość.
L	6021	Brano go na spytki.
L	6022	To nie ma być tekst edukacyjny o rodzajach pokryć dachowych…
L	6023	Tam ślub brano.
L	6024	Tam śluby brano.
L	6025	Oni muszą śluby składać.
L	6026	Byt określa świadomość.
L	6027	Tam go brano.
L	6028	Z bydlęciem nie można spraw ludzkich załatwiać.
L	6029	Tam bierzemy ślub.
L	6030	Tam bierzecie śluby.
L	6031	Byt określa świadomość.
L	6032	Bierz go na spytki.
L	6033	Słowo honoru daję, że nie znam kobiety, która by na mnie tak piekielne robiła wrażenie…
L	6034	Pozwala mu na to art. 268 k. p. k. mówiący o prawach procesowych osoby.
M	6034	PREP_DS	19	35	42	Other	Wyrażenie „k” jest używane z dopełniaczem.	
L	6035	Zazdrość jest jedną z wielu najbardziej niszczących emocji ludzkich.
L	6036	Przyglądam się tworowi nieszczęsnemu, noszącemu nazwę narodu polskiego.
L	6037	Dochodząc do oceanu atlantyckiego wyżyna tworzy wysokie, skaliste wybrzeże klifowe.
M	6037	OCEAN_ATLANTYCKI	2	13	33	Other	Błędna pisownia. Powinno być: <suggestion>Oceanu Atlantyckiego</suggestion>.	Oceanu Atlantyckiego
L	6038	I wziąwszy go szedł z nim ku krzyżującym się ulicom, kierując się głosem fontanny, która zdawała się płakać wśród nocnej ciszy nad ciałami pomęczonych.
M	6038	ZDANIA_ZLOZONE	1	2	52	Other	W tym zdaniu złożonym brakuje przecinka lub spójnika między jednym czasownikiem („wziąwszy”) a drugim („szedł”).	
L	6039	Pozwala mu na to art. 268 k. p. k. mówiący o prawach procesowych osoby.
M	6039	PREP_DS	19	35	42	Other	Wyrażenie „k” jest używane z dopełniaczem.	
L	6040	Przedsiębiorcy podejmujący w nim działalność mogą korzystać z ulg celnych.
L	6041	Patrzył na kozy, konie i robaki.
L	6042	Spojrzał na nową, ale się nie odezwał.
L	6043	Patrzył na kozy i konie.
L	6044	Spojrzał na nową, ale się nie odezwał.
L	6045	Pokazały się owoce nauki i wyniki poszybowały w górę.
L	6046	Patrzył na kozy i piękne konie.
L	6047	Spojrzał na nową, ale się nie odezwał.
L	6048	Pokazały się owoce nauki i wyniki poszybowały w górę.
L	6049	Podpisał trzyletni, definitywny kontrakt, którego wysokość, na życzenie strony polskiej, pozostaje na razie nieznana.
L	6050	Antoni lata Tupolowem.
M	6050	MORFOLOGIK_RULE_PL_PL		12	21	Other	Wykryto prawdopodobny błąd pisowni	Tupolewem
L	6051	Ech, lata dziewięćdziesiąte!
L	6052	Terminal prowadzi spółka.
L	6053	Terminale prowadzą oni.
L	6054	Jedyny trzeźwy jest Damian.
L	6055	Damian jest trzeźwy jedyny.
L	6056	Aleksander Kwaśniewski
L	6057	Ani Tomek, ani Maria nie lubią bigosu.
L	6058	Szczególnie prosta była wymiana.
L	6059	Lubię ekstremalne zimno Alaski.
L	6060	Piękna młoda kobieta
L	6061	Uklękła przy starym i dawnym kurowskim obyczajem zaśpiewała stłumionym nieco głosem.
L	6062	Wnioskują też ouruchomienie funduszu 40 milionów, które walne zgromadzenie odliczyło od zysku z 1994 roku — pieniądze te miały być rezerwą również na poczet zaległych podatków.
M	6062	MORFOLOGIK_RULE_PL_PL		14	27	Other	Wykryto prawdopodobny błąd pisowni	uruchomienie|o uruchomienie
L	6063	Młoda kobieta
L	6064	Zwycięzcy tych par awansują do I rundy.
L	6065	To ludzie, poddani wyższej niż folwarczna konieczności.
L	6066	Młoda jeszcze kobieta
L	6067	Młoda jej żona
L	6068	Zwycięzcy nowych wciąż par awansują do I rundy.
L	6069	Chrześcijanin powinien przyjąć nieszczęścia, które nawet dobro pociąga za sobą.
L	6070	Obnażała nasze błędy i wady.
L	6071	Szukałem innej drogi.
L	6072	Młoda już kobieta
L	6073	Ale człowiek wyższy powinien wznieść się ponad przesądy, a chrześcijanin powinien przyjąć nieszczęścia, które nawet dobro pociąga za sobą.
M	6073	BOWIEM_ZAS	1	0	3	Hint	Ten wyraz nie powinien występować na początku zdania.	
L	6074	Na tytule tym napisane było po arabsku.
L	6075	Polecam taki normalny sposób.
L	6076	Acanie, sposób się do wojny!
L	6077	Zrobiłem to w ten czy inny sposób.
L	6078	Acanie, sposób się do wojny!
L	6079	Zrobiłem to w normalny sposób.
L	6080	Acanie, sposób się do wojny!
L	6081	Zrobiłem to w „normalny” sposób.
L	6082	Acanie, sposób się do wojny!
L	6083	Zrobiłem to w taki właśnie sposób.
L	6084	Acanie, sposób się do wojny!
L	6085	On może być debilem.
L	6086	On być może jest debilem
L	6087	Byłoby się to może powiodło.
L	6088	Kto wie, może się powiodło.
L	6089	Byłoby może lepiej bez tego.
L	6090	Byłoby wczoraj może lepiej bez tego.
L	6091	To, że on się spotkał z kucharzem może świadczyć przeciwko niemu.
M	6091	ZDANIA_ZLOZONE	1	14	65	Other	W tym zdaniu złożonym brakuje przecinka lub spójnika między jednym czasownikiem („spotkał”) a drugim („może”).	
L	6092	Chyba cioci dałby się może namówić, co?
L	6093	Zaczynam się zastanawiać dokąd ta rozmowa może prowadzić.
M	6093	WIEDZIEC_CO	1	13	30	Other	Prawdopodobnie brak przecinka. Powinno być: <suggestion>zastanawiać, dokąd</suggestion>.	zastanawiać, dokąd
L	6094	Chyba może być patriotą.
L	6095	Chyba może w ostateczności być patriotą.
L	6096	Być może leczyć się trzeba.
L	6097	Wczoraj kobiety miały dużo pracy.
L	6098	Wczoraj kobiety nieczyste miały dużo pracy.
L	6099	Wczoraj koty jego miały używanie.
L	6100	Wczoraj kobiety nadal miały dużo pracy.
L	6101	To, co stanowi treść ich wyobraźni ma charakter intersubiektywny i postrzegalny także przez innych.
M	6101	ZDANIA_ZLOZONE	1	7	66	Other	W tym zdaniu złożonym brakuje przecinka lub spójnika między jednym czasownikiem („stanowi”) a drugim („ma”).	
L	6102	A to był kostur pastuszy.
L	6103	Trzeba było odbyć tak zwaną straż broni.
L	6104	Na wszystko jest odpowiedź.
L	6105	Ukazało się w r. 1670 to pierwsze wydanie Myśli, tzw.* wydanie Port-Royalu*.
M	6105	MORFOLOGIK_RULE_PL_PL		63	74	Other	Wykryto prawdopodobny błąd pisowni	Port-Royal
L	6106	Stanowi ona treść ich wyobraźni.
L	6107	A to był kostur pastuszy.
L	6108	Trzeba było odbyć tak zwaną straż broni.
L	6109	Ukazało się w r. 1670 to pierwsze wydanie Myśli, tzw.* wydanie Port-Royalu*.
M	6109	MORFOLOGIK_RULE_PL_PL		63	74	Other	Wykryto prawdopodobny błąd pisowni	Port-Royal
L	6110	Może ma rację, a może nie do końca.
L	6111	Cel, jaki stanowi treść ich wyobraźni, ma charakter intersubiektywny.
L	6112	A to był kostur pastuszy.
L	6113	Trzeba było odbyć tak zwaną straż broni.
L	6114	Ukazało się w r. 1670 to pierwsze wydanie Myśli, tzw.* wydanie Port-Royalu*.
M	6114	MORFOLOGIK_RULE_PL_PL		63	74	Other	Wykryto prawdopodobny błąd pisowni	Port-Royal
L	6115	Cele, jakie muszą, jak mi się zdaje, stanowić treść ich wyobraźni, mają charakter intersubiektywny.
L	6116	A to był kostur pastuszy.
L	6117	Trzeba było odbyć tak zwaną straż broni.
L	6118	Ukazało się w r. 1670 to pierwsze wydanie Myśli, tzw.* wydanie Port-Royalu*.
M	6118	MORFOLOGIK_RULE_PL_PL		63	74	Other	Wykryto prawdopodobny błąd pisowni	Port-Royal
L	6119	Nerwy moje wydają się chore.
L	6120	A to był kostur pastuszy.
L	6121	Trzeba było odbyć tak zwaną straż broni.
L	6122	Ukazało się w r. 1670 to pierwsze wydanie Myśli, tzw.* wydanie Port-Royalu*.
M	6122	MORFOLOGIK_RULE_PL_PL		63	74	Other	Wykryto prawdopodobny błąd pisowni	Port-Royal
L	6123	Nawet niebo i piekło prawa me uznaje.
L	6124	To, co wciąż stanowi treść ich wyobraźni ma charakter intersubiektywny i postrzegalny także przez innych.
M	6124	ZDANIA_ZLOZONE	1	13	72	Other	W tym zdaniu złożonym brakuje przecinka lub spójnika między jednym czasownikiem („stanowi”) a drugim („ma”).	
L	6125	A to był kostur pastuszy.
L	6126	Trzeba było odbyć tak zwaną straż broni.
L	6127	Ukazało się w r. 1670 to pierwsze wydanie Myśli, tzw.* wydanie Port-Royalu*.
M	6127	MORFOLOGIK_RULE_PL_PL		63	74	Other	Wykryto prawdopodobny błąd pisowni	Port-Royal
L	6128	Nie lubię sposobu, w jaki kot jego jada myszy.
L	6129	A to był kostur pastuszy.
L	6130	Trzeba było odbyć tak zwaną straż broni.
L	6131	Ukazało się w r. 1670 to pierwsze wydanie Myśli, tzw.* wydanie Port-Royalu*.
M	6131	MORFOLOGIK_RULE_PL_PL		63	74	Other	Wykryto prawdopodobny błąd pisowni	Port-Royal
L	6132	Mój robot będzie przygotowywać posiłki.
L	6133	A to był kostur pastuszy.
L	6134	Trzeba było odbyć tak zwaną straż broni.
L	6135	Ukazało się w r. 1670 to pierwsze wydanie Myśli, tzw.* wydanie Port-Royalu*.
M	6135	MORFOLOGIK_RULE_PL_PL		63	74	Other	Wykryto prawdopodobny błąd pisowni	Port-Royal
L	6136	Mój robot nadal będzie przygotowywać posiłki.
L	6137	A to był kostur pastuszy.
L	6138	Trzeba było odbyć tak zwaną straż broni.
L	6139	Ukazało się w r. 1670 to pierwsze wydanie Myśli, tzw.* wydanie Port-Royalu*.
M	6139	MORFOLOGIK_RULE_PL_PL		63	74	Other	Wykryto prawdopodobny błąd pisowni	Port-Royal
L	6140	Myślisz, że to ja miałem zrobić?
L	6141	Myślisz, że to ja naprawdę miałem zrobić?
L	6142	Gazeta winna zniknąć.
L	6143	Gazeta nadal winna zniknąć.
L	6144	Stanowi ta treść ważny przykład.
L	6145	Mówi piękne dziecko.
L	6146	A to był kostur pastuszy.
L	6147	Trzeba było odbyć tak zwaną straż broni.
L	6148	Ukazało się w r. 1670 to pierwsze wydanie Myśli, tzw.* wydanie Port-Royalu*.
M	6148	MORFOLOGIK_RULE_PL_PL		63	74	Other	Wykryto prawdopodobny błąd pisowni	Port-Royal
L	6149	Może ma rację, a może nie do końca.
L	6150	Osiem gra w obronie.
L	6151	To szczątki dwóch wierz.
M	6151	WIERZ_WIEZ	1	18	23	Other	Czy chodziło o <suggestion>wież</suggestion> (dopełniacz l.m. od „wieża”)?	wież
L	6152	Wczoraj wydawały się one skorumpowane.
L	6153	Dzisiaj stanowi ono treść ich wyobraźni.
L	6154	A to był kostur pastuszy.
L	6155	Trzeba było odbyć tak zwaną straż broni.
L	6156	Ukazało się w r. 1670 to pierwsze wydanie Myśli, tzw.* wydanie Port-Royalu*.
M	6156	MORFOLOGIK_RULE_PL_PL		63	74	Other	Wykryto prawdopodobny błąd pisowni	Port-Royal
L	6157	Dzisiaj wydaje się ono się ono zgniłe.
M	6157	PL_DWA_WYRAZY	1	15	30	Other	Te dwa wyrazy się powtarzają. Prawdopodobnie wystarczy zostawić tylko <suggestion>się ono</suggestion> albo rozdzielić oba wystąpienia przecinkiem: <suggestion>się ono, się ono</suggestion>.	się ono|się ono, się ono
L	6158	A to był kostur pastuszy.
L	6159	Trzeba było odbyć tak zwaną straż broni.
L	6160	Ukazało się w r. 1670 to pierwsze wydanie Myśli, tzw.* wydanie Port-Royalu*.
M	6160	MORFOLOGIK_RULE_PL_PL		63	74	Other	Wykryto prawdopodobny błąd pisowni	Port-Royal
L	6161	Wczoraj kobiety nie miały dużo pracy.
L	6162	Dziwuję się stanowi skupienia materii.
L	6163	Dziwuję się stanowi Kalifornia.
L	6164	Ci smarkacze byli nieznośni.
L	6165	Ci cholerni smarkacze byli nieznośni.
L	6166	Posłowie, którzy popierali Dziubka, nie uznali wyniku głosowania za swoją porażkę.
L	6167	Istnieją myśli, którym jesteśmy posłuszni, nie znając ich; są w nas bez naszej wiedzy.
L	6168	Bądź zdrów!
L	6169	Ludwiku, bądź zdrów!
L	6170	Lub lubelskie!
L	6171	Ludwiku, lub lubelskie!
L	6172	Jeśli chcesz być szczęśliwym, bądź szczęśliwy.
L	6173	Połysk: najczęściej szklisty, tłusty bądź perłowy
L	6174	Restrykcyjne przepisy aborcyjne mają też niektóre terytoria bądź regiony.
L	6175	Restrykcyjne przepisy aborcyjne mają też niektóre terytoria, bądź regiony.
L	6176	Pokazały się owoce nauki i wyniki poszybowały w górę.
L	6177	Zacisnął zęby i ramiona zwarłszy, zatrzymał w piersiach tchnienie.
L	6178	Restrykcyjne przepisy aborcyjne mają też niektóre autonomiczne bądź zależne terytoria.
L	6179	Restrykcyjne przepisy aborcyjne mają też niektóre autonomiczne, bądź zależne terytoria.
M	6179	PRZECINEK_ANI	7	62	68	Other	Prawdopodobnie zbędny przecinek, powinno być: <suggestion> bądź</suggestion>.	 bądź
L	6180	Restrykcyjne przepisy aborcyjne mają też niektóre terytoria autonomiczne bądź zależne.
L	6181	Restrykcyjne przepisy aborcyjne mają też niektóre terytoria autonomiczne, bądź zależne.
M	6181	PRZECINEK_ANI	7	72	78	Other	Prawdopodobnie zbędny przecinek, powinno być: <suggestion> bądź</suggestion>.	 bądź
L	6182	Restrykcyjne przepisy aborcyjne mają też niektóre terytoria znacznie większe bądź piękniejsze.
L	6183	Restrykcyjne przepisy aborcyjne mają też niektóre terytoria rządzone bądź podbijane.
L	6184	Restrykcyjne przepisy aborcyjne mają też niektóre terytoria rządzone, bądź podbijane.
M	6184	PRZECINEK_ANI	7	68	74	Other	Prawdopodobnie zbędny przecinek, powinno być: <suggestion> bądź</suggestion>.	 bądź
L	6185	Był zaniedbany.
L	6186	On był niewinną ofiarą.
L	6187	On był bardzo zaniedbany.
L	6188	On był niewinną ofiarą.
L	6189	Jest miły.
L	6190	On był niewinną ofiarą.
L	6191	Był zaniedbany przez rodziców.
L	6192	On był niewinną ofiarą.
L	6193	Młody jestem, to prawda…
L	6194	Fatma ucałowawszy ręce obu inżynierów i dzieci wyszła, błogosławiąc szczególniej Nel.
M	6194	MORFOLOGIK_RULE_PL_PL		0	5	Other	Wykryto prawdopodobny błąd pisowni	Matma|Fama|Farma|Fatima|Fata|Farmą|Matmą|FAMA|Fatwa|Famą|Fatwą|Atma|Atmą|Fatimą|Fatra|Fatrą|Fat ma
M	6194	ZDANIA_ZLOZONE	1	6	54	Other	W tym zdaniu złożonym brakuje przecinka lub spójnika między jednym czasownikiem („ucałowawszy”) a drugim („wyszła”).	
L	6195	Pokazały się owoce nauki i wyniki poszybowały w górę.
L	6196	Zacisnął zęby i ramiona zwarłszy, zatrzymał w piersiach tchnienie.
L	6197	Potężny zwierz ujrzawszy jeźdźców i konie podniósł się na przednie łapy i począł na nich patrzeć..
M	6197	BRAK_PRZECINKA_PRZED_IMIESLOWEM_PRZYSLOWKOWYM	1	8	24	Other	Prawdopodobnie brak przecinka: <suggestion>zwierz, ujrzawszy</suggestion>.	zwierz, ujrzawszy
M	6197	DOUBLE_PUNCTUATION	2	96	98	Other	Dwie kropki. Czy chodziło o <suggestion>.</suggestion>?	.
L	6198	Pokazały się owoce nauki i wyniki poszybowały w górę.
L	6199	Zacisnął zęby i ramiona zwarłszy, zatrzymał w piersiach tchnienie.
L	6200	Widzę, że potężny zwierz ujrzawszy jeźdźców i konie sądzę, że się nie mylę.
M	6200	BRAK_PRZECINKA_PRZED_IMIESLOWEM_PRZYSLOWKOWYM	1	18	34	Other	Prawdopodobnie brak przecinka: <suggestion>zwierz, ujrzawszy</suggestion>.	zwierz, ujrzawszy
L	6201	Pokazały się owoce nauki i wyniki poszybowały w górę.
L	6202	Zacisnął zęby i ramiona zwarłszy, zatrzymał w piersiach tchnienie.
L	6203	A ci, ujrzawszy królewnę, zjedli krzesło.
L	6204	Tu mamy piękny przykład.
L	6205	Łaciny używamy na co dzień.
L	6206	Tu mamy piękny przykład.
L	6207	Łaciny używamy na co dzień.
L	6208	To było w górnej części lodowca górskiego.
L	6209	Mama przestała szyć i podniosła książkę.
L	6210	Mama przestała szyć i głowę podniosła.
L	6211	Mówię do ładnego, młodego chłopca.
L	6212	Spojrzał na nową, ale się nie odezwał.
L	6213	Patrzę na kobietę-kota.
L	6214	To jest krowa.
L	6215	Krainę, w której kupiłem krowę, zapamiętam do końca życia.
L	6216	Widzę pięciu wyrostków.
L	6217	Nie było końca pięciu się wzwyż.
L	6218	Widzę pięciu wyrostków.
L	6219	Nie było końca pięciu się w górę.
L	6220	Widzę ich tu pięciu.
L	6221	O pięciu się w górę nie słyszałem.
L	6222	Wiedziałeś od wieków, czego mi potrzeba; niechaj się wola twoja spełni.
L	6223	Nie miałem problemu z wyrażaniem swoich uczuć.
L	6224	Ty się nastrój na inne fale!
L	6225	Odkąd przyszła depesza, zmienił ci się nastrój?!
L	6226	Od kiedy należycie do Partii, towarzyszu?
L	6227	Nie zdążyła się należycie rozpatrzyć w nowych warunkach życia rodziny.
L	6228	Jest mi jej żal.
L	6229	Ale i wujkowi Władkowi żal się nagle tej czapki zrobiło.
M	6229	BOWIEM_ZAS	1	0	3	Hint	Ten wyraz nie powinien występować na początku zdania.	
L	6230	Jajko stało na stole.
L	6231	To stało się nagle.
L	6232	Jajko stało na stole.
L	6233	To się stało nagle.
L	6234	Być eleganckim jest nie sposób.
L	6235	Nie sposób się do wojny.
L	6236	Nie sposób być eleganckim.
L	6237	Nie sposób się do wojny.
L	6238	Nie sposób jest być eleganckim.
L	6239	Telefon to coś, bez czego nie sposób się obejść.
L	6240	Nie sposób się w nim pogubić.
L	6241	Nie sposób się do wojny.
L	6242	Nie sposób jest chętnie korzystać z cudzego nieszczęścia.
L	6243	Nie sposób się do wojny.
L	6244	Nie sposób było wczoraj cieszyć się z cudzego nieszczęścia.
L	6245	Telefon to coś, bez czego nie sposób będzie tak czy inaczej się obejść.
M	6245	TAK_CZY_OWAK	2	37	63	Other	Wyrażenie „tak czy inaczej” wydziela się przecinkami lub myślnikami od reszty zdania. Poprawnie: <suggestion>będzie, tak czy inaczej, się</suggestion>.	będzie, tak czy inaczej, się
L	6246	Muszę się w tym dobrze zorientować.
L	6247	I cóż, stary Balu — dodała — jak żeś wyszedł z tej przygody?
L	6248	Ma przyjaciółka kupuje glizdy na targu.
M	6248	ZDANIA_ZLOZONE	1	0	39	Other	W tym zdaniu złożonym brakuje przecinka lub spójnika między jednym czasownikiem („Ma”) a drugim („kupuje”).	
L	6249	Szczęście, niestety, ma to do siebie, że się kończy.
L	6250	Ma przyjaciółka kupuje glizdy na targu.
M	6250	ZDANIA_ZLOZONE	1	0	39	Other	W tym zdaniu złożonym brakuje przecinka lub spójnika między jednym czasownikiem („Ma”) a drugim („kupuje”).	
L	6251	Szczęście, niestety, ma w sobie coś niepokojącego.
L	6252	Wraca ma ukochana.
L	6253	Jak ma być zrobione zadanie 3?
L	6254	Wraca ma ukochana.
L	6255	Tak ma też być zrobione zadanie 3.
L	6256	Wraca ma ukochana.
L	6257	To być ma zadanie 3?
L	6258	Wraca ma ukochana.
L	6259	Ułatwiać adopcję ma m.in. artykuł 118 kodeksu.
L	6260	Wraca ma ukochana.
L	6261	Sejm zajmować się ma tą sprawą.
L	6262	To jest ma przyjaciółka.
L	6263	Wcześniejszą genezę ma osada oraz kościoły.
L	6264	A taką siłę ma praktycznie tylko armia.
L	6265	To jest ma przyjaciółka.
L	6266	Jedną koszulę ma na grzbiecie.
L	6267	To jest ma przyjaciółka.
L	6268	Rolę ma też osada oraz kościoły.
L	6269	To jest ma przyjaciółka.
L	6270	Zaprawdę skórę ma bardzo delikatną.
L	6271	To jest ma przyjaciółka.
L	6272	Formę ma pomarańczy.
L	6273	O, pan Ostrzeński to kombinator, głowę ma nie od parady.
M	6273	MORFOLOGIK_RULE_PL_PL		7	17	Other	Wykryto prawdopodobny błąd pisowni	Ostrzeń ski
L	6274	Ma przyjaciółka robi na drutach.
M	6274	ZDANIA_ZLOZONE	1	0	32	Other	W tym zdaniu złożonym brakuje przecinka lub spójnika między jednym czasownikiem („Ma”) a drugim („robi”).	
L	6275	Ode mnie dowiedział się, ile mamy dni zdjęciowych na reportaż.
L	6276	Ma przyjaciółka robi na drutach.
M	6276	ZDANIA_ZLOZONE	1	0	32	Other	W tym zdaniu złożonym brakuje przecinka lub spójnika między jednym czasownikiem („Ma”) a drugim („robi”).	
L	6277	Ma powierzchnię 462 km².
L	6278	Ma przyjaciółka robi na drutach.
M	6278	ZDANIA_ZLOZONE	1	0	32	Other	W tym zdaniu złożonym brakuje przecinka lub spójnika między jednym czasownikiem („Ma”) a drugim („robi”).	
L	6279	Ma bardzo dużą powierzchnię 462 km².
L	6280	Natychmiast kombinował, jaki by tu numer wykręcić zapraszającemu.
L	6281	Użył narzędzia, jakiego, by użyć tu mocnego określenia, nie powinien był używać.
L	6282	Ciekawa to była figura i wiele by jeszcze o niej gadać.
L	6283	Dałbym wiele, by jeszcze móc ją zobaczyć.
L	6284	Oni powinni by to zrobić.
L	6285	Ale nie w poprzek, jak powinna, by zagrodzić drogę nadjeżdżającej dziewczynie.
M	6285	BOWIEM_ZAS	1	0	3	Hint	Ten wyraz nie powinien występować na początku zdania.	
L	6286	— Nie słyszałeś?
L	6287	Tu mam na myśli dzialałność usługową.
M	6287	MORFOLOGIK_RULE_PL_PL		16	27	Other	Wykryto prawdopodobny błąd pisowni	działalność
L	6288	To był dzień naszych mam.
L	6289	To był dzień mam pracujących.
L	6290	Peja zamieścił apel rzekomej mamy Szymka.
M	6290	MORFOLOGIK_RULE_PL_PL		0	4	Other	Wykryto prawdopodobny błąd pisowni	Piją|Pęka|Geja|Leja|Leją|Pęta|Reja|Pesa|Deja|Pena|Peta|Pija|Pera|PESA|Jeja|Pieją|Peda|Pela|Beja|Heja|Poją|Perą|Pesą|Keja|Paja|Keją|Pają|Pejs|Reją|Pedą|Pelą|Peba|Pebą|Pecja|Pecją|Peia|Pejsa|Pe ja|PETA
L	6291	Mam chwilową biegunkę.
L	6292	Na klatce stał doktor Stachowiak.
L	6293	Powinien był pójść do lekarza.
L	6294	Winni są już ukarani.
L	6295	Powinien był pójść do lekarza.
L	6296	Każdy winien przestrzegać prawa!
L	6297	Tak mówią winni!
L	6298	Ona była winna.
L	6299	Iż winna latorośl wybrana wyda jeno ocet.
L	6300	Otóż winni mi jesteście paszę
L	6301	Winna pójść do lekarza.
L	6302	krystalochemiczna klasyfikacja amfiboli IMA (International Mineralogical Association)
M	6302	UPPERCASE_SENTENCE_START		0	17	Other	To zdanie nie zaczyna się wielką literą	Krystalochemiczna
M	6302	MORFOLOGIK_RULE_PL_PL		59	72	Other	Wykryto prawdopodobny błąd pisowni	Mineralogi cal
M	6302	MORFOLOGIK_RULE_PL_PL		73	84	Other	Wykryto prawdopodobny błąd pisowni	
L	6303	Tematem wiodącym tej książki są grzyby.
M	6303	WIADACY	1	8	16	Hint	Ten rusycyzm jest błędnie używany po polsku w znaczeniu.	przodującym|głównym|przewodnim|zasadniczym|najlepszym
L	6304	Szedłem drogą wiodącą w stronę wioski.
L	6305	To jest problem.
L	6306	Będzie to znaczyło podciąć zło przy samym korzeniu.
L	6307	Jest to tylko problem.
L	6308	Moja była to mówiła.
L	6309	Będzie to wówczas znaczyło, że to prawda.
L	6310	To jest problem.
L	6311	Będzie to znaczyło podciąć zło przy samym korzeniu.
L	6312	Jest to problem.
L	6313	Moja była to mówiła.
L	6314	Będzie to wówczas znaczyło, że to prawda.
L	6315	Potrwa to za pewne kilka dni.
M	6315	ZA_PEWNE	1	10	18	Other	Prawdopodobny błąd ortograficzny. Ten przysłówek pisze się łącznie: <suggestion>zapewne</suggestion> (=chyba, prawdopodobnie).	zapewne
L	6316	Chciałbym przeprosić za pewne nieporozumienie.
L	6317	Za pewne tak uważam.
M	6317	ZA_PEWNE	1	0	8	Other	Prawdopodobny błąd ortograficzny. Ten przysłówek pisze się łącznie: <suggestion>Zapewne</suggestion> (=chyba, prawdopodobnie).	Zapewne
L	6318	Za pewne kwoty można kupić nawet krowę.
L	6319	To jest Józef R. Asdaafvafsf
M	6319	MORFOLOGIK_RULE_PL_PL		17	28	Other	Wykryto prawdopodobny błąd pisowni	
L	6320	To jest cząstka B. Dopiero w niej jest cząstka A.
L	6321	Poszedł, kiedy go wołali.
L	6322	Któż widział kiedy podobne przepychy?
L	6323	Kupił najroślejszą kobyłę, jaką kiedy w świecie widziano.
L	6324	Mojżesz, najłagodniejszy człowiek, jaki był kiedy na ziemi, srodze pokarał zuchwalce.
L	6325	Poszedł, kiedy go wołali.
L	6326	Mów pan: jeśli kto kiedy widział…
L	6327	Nie żal się, kretynie.
L	6328	Ty się nie żal, kretynie.
L	6329	Góralu, czy ci nie żal?
L	6330	Proszę, nie jedź sam!
L	6331	Martwię się o nie.
L	6332	Chodziło o nie.
L	6333	To nie przelewki.
L	6334	To nie tylko grubianin, ale i cham.
L	6335	Piszczę nie gorzej od piszczałki.
M	6335	NIE_ADV	3	8	18	Other	Po reformie pisowni „nie” z przysłówkami piszemy łącznie, czyli poprawnie będzie <suggestion>niegorzej</suggestion>.	niegorzej
L	6336	On daje mu w ryj.
L	6337	On przeżył daje vu.
M	6337	DAJE_VU	1	11	18	Other	Prawdopodobna literówka. Czy chodziło o <suggestion>déjà vu</suggestion>?	déjà vu
L	6338	Jest to m.in. kretyn.
L	6339	Alergie.mp.pl - serwis
M	6339	DYWIZ	1	11	22	Other	Spacje wokół dywizu (w przeciwieństwie do myślnika) są zbędne: <suggestion>pl-serwis</suggestion>; jeśli to miał być myślnik, to należy napisać <suggestion>pl — serwis</suggestion>.	pl-serwis|pl — serwis
L	6340	Adres: pl. Zbawiciela 122
L	6341	Alergie.mp.jp - serwis
M	6341	DYWIZ	1	11	22	Other	Spacje wokół dywizu (w przeciwieństwie do myślnika) są zbędne: <suggestion>jp-serwis</suggestion>; jeśli to miał być myślnik, to należy napisać <suggestion>jp — serwis</suggestion>.	jp-serwis|jp — serwis
L	6342	Skrót - jp.
M	6342	DYWIZ	1	0	10	Other	Spacje wokół dywizu (w przeciwieństwie do myślnika) są zbędne: <suggestion>Skrót-jp</suggestion>; jeśli to miał być myślnik, to należy napisać <suggestion>Skrót — jp</suggestion>.	Skrót-jp|Skrót — jp
L	6343	Art. 234 KC
L	6344	L'art du cuisinier
M	6344	MORFOLOGIK_RULE_PL_PL		6	8	Other	Wykryto prawdopodobny błąd pisowni	tu|ty|Dy|dy|tł|do|to|tym|by|gdy|mu|ta|te|u|tys|tę|zł|my|tą|da|de|dr|ku|tuż|d|dał|ds|t|tj|My|Tu|U|dz|stu|wy|y|D|Dz|dwu|dół|tv|typ|ł|dym|dyr|tył|Ku|dk|mł|nu|tyś|tła|tło|ud|Db|De|au|db|lu|ts|tur|wł|CDU|DM|DzU|bł|dg|dh|dm|dp|gł|ju|ny|su|tm|tyn|wu|yy|DC|DS|cy|duo|fu|gu|hu|tfu|Ady|Idy|TU|bu|dur|dw|dyw|dął|tau|tg|tuz|tyg|tyj|uu|vu|Atu|Au|Lu|Wu|atu|dB|dl|dub|dul|dum|duś|dyl|dób|edu|idy|ody|pu|sł|th|tui|tum|tut|tyk|DH|Dn|Ds|Gy|Ody|Ru|dry|duc|dup|dux|ił|toy|tub|tuk|tup|tyć|tzu|D3|Dyś|Edy|Sy|duk|teł|tua|tuś|tyr|tyt|AU|Aty|Cu|Cy|DT|Duś|Dyk|Eu|Eł|Pu|dnu|dny|dud|dyg|dyń|dól|idu|otu|tiu|tuf|tuj|tul|tłu|uty|Dul|Ety|Wdy|duł|dyn|dój|etu|ety|CU|Dyi|Utu|duj|duć|duń|tóg|udu|DDU|Duk|Dyź|Ił|dcy|dyb|dyz|dóz|dżu|udy|d u
M	6344	MORFOLOGIK_RULE_PL_PL		9	18	Other	Wykryto prawdopodobny błąd pisowni	
L	6345	KC KPZR
L	6346	KL Warschau
M	6346	MORFOLOGIK_RULE_PL_PL		3	11	Other	Wykryto prawdopodobny błąd pisowni	Warchał
L	6347	WYCIECZKA KL. III
L	6348	Jestem w kl. VIIb.
M	6348	SKROTOWCE_BEZ_DYWIZU	1	13	17	Other	Prawdopodobny błąd zapisu odmiany; skrótowce odmieniamy z dywizem:<suggestion>VII-b</suggestion>.	VII-b
L	6349	Ks. Lemański jada pomidory z biskupem.
L	6350	Takim klubem był KS Admira w Poznaniu.
M	6350	MORFOLOGIK_RULE_PL_PL		20	26	Other	Wykryto prawdopodobny błąd pisowni	Admirał|Admina|Nadmira|Ad mira|Adm ira
L	6351	Dokładnie mieszamy, po czym odstawiamy na min. 30 minut, by smaki się połączyły.
L	6352	Naraziło go to na ostre ataki ze strony Seweryna Goszczyńskiego i Leszka Dunina Borkowskiego, w wyniku których zaprzestał publikowania swoich utworów, pisując do szuflady przez ok. 18 lat.
L	6353	Jest to to jezioro zwane Balaton, położone na os. Bartodzieje.
M	6353	WORD_REPEAT_RULE		5	10	Other	Prawdopodobna literówka: powtórzony wyraz	to
L	6354	R. 2012
L	6355	Enancjomer R jest ważny.
L	6356	Zapłodnienie in vitro
L	6357	M.in. dwóch ministrów
L	6358	Był to em. płk James Bond
L	6359	Maximilienem de Robespierre'em (Wojciech Pszoniak)
M	6359	MORFOLOGIK_RULE_PL_PL		0	12	Other	Wykryto prawdopodobny błąd pisowni	Maximilianem
L	6360	Problem, czy P=NP, jest nadal otwarty.
M	6360	SPACJA_ZNAK_ROWNOSCI	1	14	17	Other	Brak spacji wokół znaku równości: <suggestion> = NP</suggestion>	 = NP
L	6361	Problem, czy P = NP, jest nadal otwarty.
L	6362	r = 0; s = 1
M	6362	UPPERCASE_SENTENCE_START		0	1	Other	To zdanie nie zaczyna się wielką literą	R
L	6363	Porządkowanie alfabetyczne ma postać: a, ą, ã, b, c, d, e, é, ë, f, g, h, i, j, k, l, ł, m, n, ń, o, ò, ó, ô, p, r, s, t, u, ù, w, y, z, ż.
M	6363	MORFOLOGIK_RULE_PL_PL		44	45	Other	Wykryto prawdopodobny błąd pisowni	a|A|ą
M	6363	MORFOLOGIK_RULE_PL_PL		59	60	Other	Wykryto prawdopodobny błąd pisowni	e|E|ę
M	6363	MORFOLOGIK_RULE_PL_PL		62	63	Other	Wykryto prawdopodobny błąd pisowni	e|E|ę
M	6363	MORFOLOGIK_RULE_PL_PL		71	72	Other	Wykryto prawdopodobny błąd pisowni	H
M	6363	MORFOLOGIK_RULE_PL_PL		95	96	Other	Wykryto prawdopodobny błąd pisowni	n|N
M	6363	MORFOLOGIK_RULE_PL_PL		101	102	Other	Wykryto prawdopodobny błąd pisowni	o|O
M	6363	MORFOLOGIK_RULE_PL_PL		104	105	Other	Wykryto prawdopodobny błąd pisowni	o|u|O
M	6363	MORFOLOGIK_RULE_PL_PL		107	108	Other	Wykryto prawdopodobny błąd pisowni	o|O
M	6363	MORFOLOGIK_RULE_PL_PL		125	126	Other	Wykryto prawdopodobny błąd pisowni	u|U
M	6363	MORFOLOGIK_RULE_PL_PL		137	138	Other	Wykryto prawdopodobny błąd pisowni	z|Z
L	6364	Litera „r”
L	6365	Frankfurt am Main
L	6366	Ten wyraz to „meliorise” (am. meliorize).
M	6366	MORFOLOGIK_RULE_PL_PL		14	23	Other	Wykryto prawdopodobny błąd pisowni	
M	6366	MORFOLOGIK_RULE_PL_PL		30	39	Other	Wykryto prawdopodobny błąd pisowni	meliorujże
L	6367	Samolot linii Pan Am leciał do Libii.
L	6368	Był przedstawicielem glam rocka.
L	6369	To są zimne luty, przelutuj je.
L	6370	25 luty to data.
M	6370	PIERWSZY_STYCZEN_1993	1	3	7	Other	Nazwy miesięcy w datach podajemy w dopełniaczu: <suggestion>lutego</suggestion>.	lutego
L	6371	Pawlak, podejdź no do płota!
L	6372	Aktor teatru no
L	6373	No, no!
L	6374	W teatrze no maska to omote.
M	6374	MORFOLOGIK_RULE_PL_PL		22	27	Other	Wykryto prawdopodobny błąd pisowni	omota|mote|emotę|omiotę|omotce|omotek|omotkę|omowe|omyte|ożotę|o mote
L	6375	Dodać 2 opak. śmietany.
M	6375	NA_PRZEKOR	1	8	12	Other	Prawdopodobna literówka; powinno być: <suggestion>na opak</suggestion>.	na opak
M	6375	UPPERCASE_SENTENCE_START		14	22	Other	To zdanie nie zaczyna się wielką literą	Śmietany
L	6376	Przepis wymaga kilka opak. cukru.
M	6376	NA_PRZEKOR	1	21	25	Other	Prawdopodobna literówka; powinno być: <suggestion>na opak</suggestion>.	na opak
M	6376	UPPERCASE_SENTENCE_START		27	32	Other	To zdanie nie zaczyna się wielką literą	Cukru
L	6377	To jest Sir Karl Popper.
L	6378	Przebiegł 20 m.
L	6379	Ta góra ma wysokość 20 m n. p. m.
L	6380	Jak wiadomo, nie tylko Marsjanie lubili pierogi.
L	6381	Jest to można kobieta.
L	6382	Można spotkać go w lasach.
L	6383	Jest to można kobieta.
L	6384	Spotkać można go w lasach.
L	6385	Spotkać go można w lasach.
L	6386	Jest to kobieta można.
L	6387	Jest to można kobieta.
L	6388	To jest można królowa.
L	6389	Można by, że tak powiem, to zrobić.
L	6390	Można było to zrobić.
L	6391	To jest można królowa.
L	6392	Wówczas było można.
L	6393	— Czy oni aby umieją chodzić około roli?
M	6393	ZEBY_IMPT	1	14	20	Other	Po spójniku „aby” ten czasownik nie może wystąpić w formie: „umieją”. Prawdopodobnie to błąd gramatyczny lub literówka.	
L	6394	Dziewczyna jest bystra, choć nieładna.
L	6395	Każdy człowiek chociaż raz w życiu chciałby zjeść krowę.
L	6396	Dziewczyna jest bystra, choć nieładna.
L	6397	Może chociaż teraz zjesz krowę!
L	6398	niech no ujrzę, że ktoś z was tknie go choć palcem!
M	6398	UPPERCASE_SENTENCE_START		0	5	Other	To zdanie nie zaczyna się wielką literą	Niech
L	6399	Trwało to około godziny.
L	6400	Ciągnęło się to przez około godzinę.
L	6401	Anno, umyj zęby!
L	6402	Anno Domini MMXX
L	6403	Kognitywistyka to nie żarty.
L	6404	U Montaigne'a czytamy następujący passus.
L	6405	Mark'a samochodu
M	6405	IMIONA_Z_APOSTROFAMI	1	0	6	Other	Ten wyraz odmienia się prawdopodobnie bez apostrofów: <suggestion>Marka</suggestion>.	Marka
L	6406	Książka uczyniła z Jarry'ego artystę.
L	6407	Jest tak niezależnie od Searle’owskiej koncepcji intencjonalności.
L	6408	Wg Montaigne'a życie jest piękne.
L	6409	Mark'a samochodu
M	6409	IMIONA_Z_APOSTROFAMI	1	0	6	Other	Ten wyraz odmienia się prawdopodobnie bez apostrofów: <suggestion>Marka</suggestion>.	Marka
L	6410	Komitet ds. Montaigne'a
L	6411	Mark'a samochodu
M	6411	IMIONA_Z_APOSTROFAMI	1	0	6	Other	Ten wyraz odmienia się prawdopodobnie bez apostrofów: <suggestion>Marka</suggestion>.	Marka
L	6412	To wszystko przez Montaigne'a.
L	6413	Mark'a samochodu
M	6413	IMIONA_Z_APOSTROFAMI	1	0	6	Other	Ten wyraz odmienia się prawdopodobnie bez apostrofów: <suggestion>Marka</suggestion>.	Marka
L	6414	Wszystko przez Jarry'ego!
L	6415	To wszystko dzięki Montaigne'owi.
L	6416	Jestem rybak'iem.
M	6416	IMIONA_Z_APOSTROFAMI	1	7	16	Other	Ten wyraz odmienia się prawdopodobnie bez apostrofów: <suggestion>rybakiem</suggestion>.	rybakiem
L	6417	Porównajmy go z Montaigne'em.
L	6418	Jestem rybak'iem.
M	6418	IMIONA_Z_APOSTROFAMI	1	7	16	Other	Ten wyraz odmienia się prawdopodobnie bez apostrofów: <suggestion>rybakiem</suggestion>.	rybakiem
L	6419	Rozmawiajmy o Montaigne'u.
L	6420	Bajka o rybak'u.
M	6420	IMIONA_Z_APOSTROFAMI	1	8	15	Other	Ten wyraz odmienia się prawdopodobnie bez apostrofów: <suggestion>rybaku</suggestion>.	rybaku
L	6421	To był XX w.
L	6422	To jest mghr. Lubiwicz.
M	6422	MORFOLOGIK_RULE_PL_PL		8	12	Other	Wykryto prawdopodobny błąd pisowni	mgr|mahr|Mgr|Mohr|mg hr
M	6422	MORFOLOGIK_RULE_PL_PL		14	22	Other	Wykryto prawdopodobny błąd pisowni	
L	6423	To było coś innego.
L	6424	Ale to już co innego.
M	6424	BOWIEM_ZAS	1	0	3	Hint	Ten wyraz nie powinien występować na początku zdania.	
L	6425	To było coś innego.
L	6426	Mowa o czym innym.
L	6427	To było coś innego.
L	6428	W czasie wojny zginął co drugi.
L	6429	Pracy miałem co niemiara.
L	6430	Postroili się też na to swoje święto w co najbogatsze żupany, szuby, kiereje.
L	6431	Przy co trudniejszych fragmentach robił sobie notatki.
L	6432	I, co najważniejsze, jemy kiełbasę.
L	6433	To co zrobiłeś jest chamstwem.
M	6433	BRAK_PRZECINKA_TEN_CO	1	0	5	Other	Prawdopodobny brak przecinka. Powinno być: <suggestion>To, co</suggestion>.	To, co
M	6433	ZDANIA_ZLOZONE	1	6	30	Other	W tym zdaniu złożonym brakuje przecinka lub spójnika między jednym czasownikiem („zrobiłeś”) a drugim („jest”).	
L	6434	To co mam zrobić?
L	6435	No to co mam zrobić?
L	6436	To co zrobiłeś jest chamstwem.
M	6436	BRAK_PRZECINKA_TEN_CO	1	0	5	Other	Prawdopodobny brak przecinka. Powinno być: <suggestion>To, co</suggestion>.	To, co
M	6436	ZDANIA_ZLOZONE	1	6	30	Other	W tym zdaniu złożonym brakuje przecinka lub spójnika między jednym czasownikiem („zrobiłeś”) a drugim („jest”).	
L	6437	To co mam zrobić?...
L	6438	No to co mam zrobić?...
