L	1	Это случилось 31 ноября 2014 г.
M	1	INVALID_DATE	1	14	23	Other	В ноябре только 30 дней.	
L	2	Это случилось 31 апреля 2014 г.
M	2	INVALID_DATE	1	14	23	Other	В апреле только 30 дней.	
L	3	Это случилось 30 ноября 2014 г.
L	4	Это случилось 30 февраля 2014 г.
M	4	INVALID_DATE	2	14	24	Other	В феврале бывает только 28 дней, или 29 дней в високосном году.	
L	5	Это случилось 28 февраля 2014 г.
L	6	Моя поездка на море запланирована на май 20014 г.
M	6	YEAR_20001	1	37	46	Other	Действительно 20014? или <suggestion>май 2014</suggestion>?	май 2014
L	7	Конференция состоится в понедельник, 7 октября 2014 г.
M	7	DATE_WEEKDAY1	1	24	51	Other	Днём недели 7 октября 2014 года является вторник.	
L	8	Конференция состоится в понедельник 7 октября 2014 г.
M	8	DATE_WEEKDAY1	1	24	50	Other	Днём недели 7 октября 2014 года является вторник.	
L	9	Конференция состоится в пятницу 7 октября 2014 г.
M	9	DATE_WEEKDAY1	1	24	46	Other	Днём недели 7 октября 2014 года является вторник.	
L	10	Конференция состоится в понедельник, 7 окт 2014 г.
M	10	DATE_WEEKDAY1	1	24	47	Other	Днём недели 7 окт 2014 года является вторник.	
L	11	Конференция состоится во вторник, 7 октября 2014 г.
L	12	Конференция состоится во вторник, 7 окт 2014 г.
M	12	MORFOLOGIK_RULE_RU_RU		36	39	UnknownWord	Возможно найдена орфографическая ошибка.	от|акт|кот|око|окр|ока|окб|оят|орт|кт|ок|отк|нкт|докт|икт|окат|оке|оки|окот|оку|опт|ост|ость|о кт|ок т
L	13	Конференция состоится в понедельник, 7.10.2014 г.
M	13	DATE_WEEKDAY1	2	24	46	Other	Днём недели 7.10.2014 является не понедельник, а вторник.	
L	14	Конференция состоится в понедельник 7.10.2014 г.
M	14	DATE_WEEKDAY1	2	24	45	Other	Днём недели 7.10.2014 является не понедельник, а вторник.	
L	15	Конференция состоится во вторник, 7.10.2014 г.
L	16	Мы посетили клиента 17 июня 2039 г.
M	16	INVALID_TENSE_DATE	1	20	32	Other	Данная дата находится в будущем, но глагол стоит в прошедшем времени.	
L	17	Мы посетили клиента 17 июня 1939 г.
L	18	Мы посетили клиента 17.06.2039.
M	18	INVALID_TENSE_DATE	2	20	30	Other	Данная дата находится в будущем, но глагол стоит в прошедшем времени.	
L	19	Мы посетили клиента 17.06.1939.
L	20	ИНН: 1234567890
M	20	WRONG_INN	1	0	15	Other	Некорректный ИНН: 1234567890	
L	21	ИНН 123456789025
M	21	WRONG_INN	1	0	16	Other	Некорректный ИНН: 123456789025	
L	22	ИНН: 2301050337
L	23	задать тест
M	23	zadat_test	1	0	11	Other	Опечатка: <suggestion>предложить тест</suggestion>	предложить тест
L	24	развевался флаг
M	24	UPPERCASE_SENTENCE_START		0	10	Other	Это предложение не начинается с заглавной буквы.	Развевался
L	25	развевалась болезнь
M	25	razvevatsja_razvivatsja	1	0	19	Other	Опечатка: <suggestion>развивалась болезнь</suggestion>	развивалась болезнь
L	26	переходный пешеход
M	26	perehodny_peshehod	1	0	18	Other	Опечатка: <suggestion>пешеходный переход</suggestion>	пешеходный переход
L	27	плахой день
M	27	plohoj_den	1	0	11	Other	Опечатка: <suggestion>плохой день</suggestion>	плохой день
L	28	За весь вечер она не проронила и слово.
M	28	ne_proronila_ni	1	18	38	Other	Опечатка: <suggestion>не проронила ни слова</suggestion>	не проронила ни слова
L	29	В этом году он закончил университет.
M	29	zakonchit_shkolu	1	15	35	Other	Опечатка: <suggestion>окончил университет</suggestion>	окончил университет
L	30	длительный разговор
M	30	dlitelnij_dlinnij	1	0	19	Other	Опечатка: <suggestion>длинный разговор</suggestion>	длинный разговор
L	31	длинный полёт
M	31	dlitelnij_dlinnij	2	0	13	Other	Опечатка: <suggestion>длительный полёт</suggestion>	длительный полёт
L	32	Важно, что этого удалось показать для случая изотропных материалов.
M	32	Vazhno_chto_etogo	1	7	16	Other	Опечатка: <suggestion>что это</suggestion>?	что это
L	33	Важно, что это удалось показать для случая изотропных материалов.
L	34	Важно, что это удалось добиться для случая изотропных материалов.
M	34	Vazhno_chto_etogo	2	7	14	Other	Опечатка: <suggestion>что этого</suggestion>?	что этого
L	35	Важно, что этого удалось добиться для случая изотропных материалов.
L	36	совестное предприятие
M	36	sovestnij_sovmestnij	1	0	21	Other	Опечатка: <suggestion>совместное предприятие</suggestion>	совместное предприятие
L	37	один за одним
M	37	odin_za_odnim	1	0	13	Other	Опечатка: <suggestion>один за другим</suggestion>	один за другим
L	38	купил интересую книгу
M	38	Slovosoch_interesnaja_kniga	1	0	21	Other	Опечатка: <suggestion>купил интересную книгу</suggestion>	купил интересную книгу
L	39	прочесть интересную книгу
M	39	UPPERCASE_SENTENCE_START		0	8	Other	Это предложение не начинается с заглавной буквы.	Прочесть
L	40	Товары в сортименте.
M	40	V_sortimente	1	7	20	Other	Опечатка: <suggestion>в ассортименте.</suggestion>	в ассортименте.
L	41	Товары в широком сортименте.
M	41	V_sortimente	1	7	28	Other	Опечатка: <suggestion>в широком ассортименте.</suggestion>	в широком ассортименте.
L	42	Товары в ассортименте.
L	43	Хотя в пошлом были предложены решения, мы только сегодня имеем результат.
M	43	Slovosoch_v_proshlom	1	5	13	Other	Опечатка: <suggestion>в прошлом</suggestion>	в прошлом
L	44	Хотя в прошлом были предложены решения, мы только сегодня имеем результат.
L	45	На пошлой неделе были предложены верные решения.
M	45	Slovosoch_v_proshlom	2	0	9	Other	Опечатка: <suggestion>На прошлой</suggestion>	На прошлой
L	46	На прошлой неделе были предложены верные решения.
L	47	На пошлые каникулы мы ездили в горы.
M	47	Slovosoch_v_proshlom	3	0	9	Other	Опечатка: <suggestion>На прошлые</suggestion>	На прошлые
L	48	боле высокие результаты
M	48	TYPO_BOLE	1	0	12	Other	Опечатка? Исправление: <suggestion>более высокие</suggestion>	более высокие
L	49	более высокие результаты
M	49	UPPERCASE_SENTENCE_START		0	5	Other	Это предложение не начинается с заглавной буквы.	Более
L	50	На проверку оказалось, что была допущена ошибка.
M	50	na_poverku	1	0	21	Other	Имелось в виду <suggestion>На поверку оказалось</suggestion>?	На поверку оказалось
L	51	На поверку оказалось, что была допущена ошибка.
L	52	Сдайте тетради на проверку!
L	53	И двери открыть в ручную.
M	53	v_ruchnuju	1	8	25	Other	Имелось в виду: <suggestion>открыть вручную.</suggestion>?	открыть вручную.
L	54	В ручную кладь можно сдать сумку.
L	55	И двери открыть вручную.
L	56	Вручную кладь можно сдать сумку.
M	56	v_ruchnuju	2	0	13	Other	Имелось в виду: <suggestion>в ручную кладь</suggestion>?	В ручную кладь
L	57	В ручную кладь можно сдать сумку.
L	58	Я бы вручную их обновил.
L	59	И двери открыть вручную.
L	60	По всем вопросам обращайтесь в информативный отдел.
M	60	INFORMATIVNIJ_INFORMACIONNIJ	1	31	50	Other	Имелось в виду <suggestion>информационный отдел</suggestion>?	информационный отдел
L	61	Спортсмены занимались водяным спортом.
M	61	VODJANOJ_VODNIJ	1	22	37	Other	Имелось в виду <suggestion>водным спортом</suggestion>?	водным спортом
L	62	Водная мельница была первой машиной, которая нашла широкое применение в производстве.
M	62	VODJANOJ_VODNIJ	2	0	15	Other	Имелось в виду «водяной»?	
L	63	Они нашли общие точки соприкосновения.
M	63	obschie_toscki_soprikosnovenija	1	10	37	Other	Избыточность: <suggestion>точки соприкосновения</suggestion>?	точки соприкосновения
L	64	Они нашли точки соприкосновения.
L	65	Уровень воды увеличился.
M	65	uroven_uvelichilsja	1	0	23	Other	Имелось в виду: <suggestion>Уровень воды повысился</suggestion>?	Уровень воды повысился
L	66	Уровень воды в реке увеличился.
M	66	uroven_uvelichilsja	1	0	30	Other	Имелось в виду: <suggestion>Уровень воды в реке повысился</suggestion>?	Уровень воды в реке повысился
L	67	Уровень воды в озере повысился.
L	68	Уровень воды уменьшился.
M	68	uroven_uvelichilsja	2	0	23	Other	Имелось в виду: <suggestion>Уровень воды понизился</suggestion>?	Уровень воды понизился
L	69	Уровень воды в озере понизился.
L	70	Геройский эпос народов мира.
M	70	gerojsky_geroichesky	1	0	14	Other	Имелось в виду: <suggestion>героический эпос</suggestion>?	Героический эпос
L	71	Героический эпос народов мира.
L	72	жилищный дом
M	72	giloj_gilichnij	1	0	12	Other	Имелось в виду: <suggestion>жилой дом</suggestion>?	жилой дом
L	73	жилое помещение
M	73	UPPERCASE_SENTENCE_START		0	5	Other	Это предложение не начинается с заглавной буквы.	Жилое
L	74	Изменения были внесены в жилое законодательство.
M	74	giloj_gilichnij	2	25	47	Other	Имелось в виду: <suggestion>жилищное законодательство</suggestion>?	жилищное законодательство
L	75	жилищный кодекс
M	75	UPPERCASE_SENTENCE_START		0	8	Other	Это предложение не начинается с заглавной буквы.	Жилищный
L	76	Кооперация и аренда — движители перестройки.
M	76	dvigatel_dvizhetel	1	22	43	Other	Имелось в виду: <suggestion>двигатели перестройки</suggestion>?	двигатели перестройки
L	77	Кооперация и аренда — двигатели перестройки.
L	78	Производственная кампания.
M	78	companija_campanija	1	0	25	Other	Имелось в виду: <suggestion>Производственная компания</suggestion>?	Производственная компания
L	79	Производственная компания была основана в 1990 году.
L	80	Началась компания по сбору урожая.
M	80	companija_campanija	2	0	20	Other	Имелось в виду: <suggestion>Началась кампания по</suggestion>?	Началась кампания по
L	81	Кампания по сбору урожая.
L	82	экономический автомобиль
M	82	economichesky_ekonomichniy	1	0	24	Other	Имелось в виду: <suggestion>экономичного автомобиль</suggestion>, <suggestion>экономичный автомобиль</suggestion>?	экономичного автомобиль|экономичный автомобиль
L	83	Этот экономичный автомобиль расходует только 5 литров топлива на 100 километров.
L	84	На экономичном саммите обсуждались злободневные темы.
M	84	economichesky_ekonomichniy	2	3	22	Other	Имелось в виду: <suggestion>экономическом саммите</suggestion>?	экономическом саммите
L	85	На экономическом саммите обсуждались злободневные темы.
L	86	уравнять дорогу
M	86	urovnjat_uravnjat	1	0	15	Other	Имелось в виду: <suggestion>уровнять дорогу</suggestion>?	уровнять дорогу
L	87	уровнять дорогу
M	87	UPPERCASE_SENTENCE_START		0	8	Other	Это предложение не начинается с заглавной буквы.	Уровнять
L	88	уровнять в правах
M	88	urovnjat_uravnjat	2	0	17	Other	Имелось в виду: <suggestion>уравнять в правах</suggestion>?	уравнять в правах
L	89	уравнять в правах
M	89	UPPERCASE_SENTENCE_START		0	8	Other	Это предложение не начинается с заглавной буквы.	Уравнять
L	90	Здесь располагается болотная территория.
M	90	bolotnij_bolotistiy	1	20	39	Other	Имелось в виду: <suggestion>болотистая территория</suggestion>?	болотистая территория
L	91	Из воды выходил болотистый газ.
M	91	bolotnij_bolotistiy	2	16	30	Other	Имелось в виду: <suggestion>болотный газ</suggestion>?	болотный газ
L	92	будний костюм
M	92	budniy_budnichnij	1	0	13	Other	Имелось в виду: «будничный»?	
L	93	будняя одежда
M	93	budniy_budnichnij	1	0	13	Other	Имелось в виду: «будничный»?	
L	94	будничный день
M	94	budniy_budnichnij	2	0	14	Other	Имелось в виду: «будний»?	
L	95	воинствующий план
M	95	voinstvujuschij_voinstvennij	1	0	17	Other	Имелось в виду: «воинственный»?	
L	96	воинствующее настроение
M	96	voinstvujuschij_voinstvennij	1	0	23	Other	Имелось в виду: «воинственный»?	
L	97	воинственный идеализм
M	97	voinstvujuschij_voinstvennij	2	0	21	Other	Имелось в виду: «воинствующий»?	
L	98	Это власть предержащие.
M	98	vlasti_priderjashie	1	4	22	Other	Имелось в виду <suggestion>власти предержащие</suggestion>?	власти предержащие
L	99	Эта цифра в отчёте занижена.
M	99	tcifra_zanijena	1	4	27	Other	Вместо выражения: «цифра занижена» необходимо употреблять: «количество (значение, ...) занижено».	
L	100	Эта ситуация имеет место быть.
M	100	imeet_mesto	1	13	29	Other	Имелось в виду <suggestion>имеет место</suggestion>?	имеет место
L	101	поставить укол
M	101	sdelat_ukol	1	0	14	Other	Имелось в виду <suggestion>сделать укол</suggestion>?	сделать укол
L	102	выпить таблетку
M	102	prinat_tabеletku	1	0	15	Other	Имелось в виду <suggestion>принять таблетку</suggestion>?	принять таблетку
L	103	сольный инструмент
M	103	solnij_instrument	1	0	18	Other	Имелось в виду <suggestion>солирующий инструмент</suggestion>?	солирующий инструмент
L	104	Они подвели результаты работы организации.
M	104	podvesti_rezultaty	1	4	22	Other	Имелось в виду <suggestion>подвели итоги</suggestion>?	подвели итоги
L	105	Они подвели резюме.
M	105	podvesti_rezume	1	4	18	Other	Имелось в виду <suggestion>вывели резюме</suggestion>?	вывели резюме
L	106	Нам встретилась кавалькада всадников.
M	106	kavalkada_mashin	1	16	36	Other	Слово «кавалькада» обозначает «группу всадников» и не требует после себя пояснительного слова: <suggestion>кавалькада</suggestion> или <suggestion>группа всадников</suggestion> ?	кавалькада|группа всадников
L	107	скрипя сердцем
M	107	skrepja_serdce	1	0	14	Other	Имелось в виду: <suggestion>скрепя сердце</suggestion>?	скрепя сердце
L	108	былого мужа
M	108	bivshij_biloj	1	0	11	Other	Должно быть: <suggestion>бывшего мужа</suggestion>?	бывшего мужа
L	109	былая жена
M	109	bivshij_biloj	2	0	10	Other	Должно быть: <suggestion>бывшая жена</suggestion>?	бывшая жена
L	110	бывшие заслуги
M	110	bivshij_biloj	3	0	14	Other	Должно быть: <suggestion>былые заслуги</suggestion>?	былые заслуги
L	111	оказать заботу
M	111	okazat_zabotu	1	0	14	Other	Должно быть: <suggestion>проявить заботу</suggestion>?	проявить заботу
L	112	оказал заботу
M	112	okazat_zabotu	1	0	13	Other	Должно быть: <suggestion>проявил заботу</suggestion>?	проявил заботу
L	113	оказала заботу
M	113	okazat_zabotu	1	0	14	Other	Должно быть: <suggestion>проявила заботу</suggestion>?	проявила заботу
L	114	окажем заботу
M	114	okazat_zabotu	1	0	13	Other	Должно быть: <suggestion>проявим заботу</suggestion>?	проявим заботу
L	115	окажу заботу
M	115	okazat_zabotu	1	0	12	Other	Должно быть: <suggestion>проявлю заботу</suggestion>?	проявлю заботу
L	116	повысить свой кругозор
M	116	povisit_svoi_krugozor	1	0	22	Other	Должно быть: <suggestion>расширить свой кругозор</suggestion>?	расширить свой кругозор
L	117	предпринять меры
M	117	predprinjat_meri	1	0	16	Other	Должно быть: <suggestion>принять меры</suggestion>?	принять меры
L	118	предпринял меры
M	118	predprinjat_meri	1	0	15	Other	Должно быть: <suggestion>принял меры</suggestion>?	принял меры
L	119	Мы приносим свои искренние извинения за представленные неудобства.
M	119	predstavlennie_neudobstva	1	40	65	Other	Должно быть: <suggestion>доставленные неудобства</suggestion>?	доставленные неудобства
L	120	Мы приносим свои искренние извинения за представленные вам неудобства.
M	120	predstavlennie_neudobstva	2	40	69	Other	Должно быть: <suggestion>доставленные вам неудобства</suggestion>?	доставленные вам неудобства
L	121	взыскал ущерб
M	121	vziskivat_uscherb	1	0	13	Other	Должно быть: <suggestion>взыскал деньги за причинённый ущерб</suggestion>?	взыскал деньги за причинённый ущерб
L	122	Артист сорвал овации.
M	122	sorvat_ovacii	1	7	20	Other	Должно быть: <suggestion>сорвал аплодисменты</suggestion>?	сорвал аплодисменты
L	123	большинство времени
M	123	bolshinstvo_vremeni	1	0	19	Other	Должно быть: <suggestion>большая часть времени</suggestion>?	большая часть времени
L	124	наладом дышит
M	124	na_ladan_dishit	1	0	13	Other	Имелось в виду <suggestion>на ладан дышит</suggestion>?	на ладан дышит
L	125	суть да дело
M	125	sud_da_delo	1	0	12	Other	Имелось в виду <suggestion>суд да дело</suggestion>?	суд да дело
L	126	Довести до белого колена
M	126	belogo_kalenija	1	11	24	Other	Имелось в виду <suggestion>белого каления</suggestion>?	белого каления
L	127	Это не играет никакого значения.
M	127	nе_igraet_nikakogo_znachenija	1	4	31	Other	Имелось в виду <suggestion>не играет никакой роли</suggestion>?	не играет никакой роли
L	128	Это не играет никакой роли.
L	129	Это не имеет никакой роли.
M	129	nе_igraet_nikakogo_znachenija	2	4	25	Other	Имелось в виду <suggestion>не имеет никакого значения</suggestion>?	не имеет никакого значения
L	130	Это не имеет никакого значения.
L	131	Эта линия расчитана на напряжение 220 кВт.
M	131	MORFOLOGIK_RULE_RU_RU		10	19	UnknownWord	Возможно найдена орфографическая ошибка.	досчитана|досчитано|насчитана|насчитано|посчитана|посчитано|рассчитана|расчесана|расчесано|расчетна|сосчитана|сосчитано|засчитана|засчитано|рас читана
M	131	KV	1	23	41	Other	Имелось в виду <suggestion>напряжение 220 кВ</suggestion>?	напряжение 220 кВ
L	132	Эта линия расчитана на мощность 1000 кВ.
M	132	MORFOLOGIK_RULE_RU_RU		10	19	UnknownWord	Возможно найдена орфографическая ошибка.	досчитана|досчитано|насчитана|насчитано|посчитана|посчитано|рассчитана|расчесана|расчесано|расчетна|сосчитана|сосчитано|засчитана|засчитано|рас читана
M	132	KWT	1	23	39	Other	Имелось в виду <suggestion>мощность 1000 кВт</suggestion>?	мощность 1000 кВт
L	133	Потребление электроэнергии составляет 100 кВт/ч.
M	133	KWT.H	1	42	47	Other	Имелось в виду <suggestion>кВт⋅ч</suggestion>?	кВт⋅ч
L	134	Потребление электроэнергии составило 100 кВт*ч.
L	135	Потребление электроэнергии составляет 100 кВт⋅ч.
L	136	Потребление электроэнергии составляет 100 kW/h.
M	136	KWT.H	2	42	46	Other	Имелось в виду <suggestion>kW·h</suggestion>?	kW·h
L	137	Потребление электроэнергии составило 100 kWh.
L	138	Потребление электроэнергии составило 100 kW·h.
L	139	Ёмкость аккумулятора составляет 60 А/ч.
M	139	А.H	1	35	38	Other	Имелось в виду <suggestion>А⋅ч</suggestion>?	А⋅ч
L	140	Ёмкость аккумулятора составляет 60 А*ч.
L	141	Ёмкость аккумулятора составляет 60 А⋅ч.
L	142	Ёмкость аккумулятора составляет 60 A/h.
M	142	А.H	2	35	38	Other	Имелось в виду <suggestion>A⋅h</suggestion>?	A⋅h
L	143	Ёмкость аккумулятора составляет 60 A*h.
L	144	Ёмкость аккумулятора составляет 60 A⋅h.
L	145	Ёмкость аккумулятора составляет 900 мА/ч.
M	145	А.H	3	36	40	Other	Имелось в виду <suggestion>мА⋅ч</suggestion>?	мА⋅ч
L	146	Ёмкость аккумулятора составляет 900 мА*ч.
L	147	Ёмкость аккумулятора составляет 900 мА⋅ч.
L	148	Ёмкость аккумулятора составляет 500 mA/h.
M	148	А.H	4	36	40	Other	Имелось в виду <suggestion>mA⋅h</suggestion>?	mA⋅h
L	149	Ёмкость аккумулятора составляет 500 mA*h.
L	150	Ёмкость аккумулятора составляет 500 mA⋅h.
L	151	Мощность ИБП составляет 500 В/А.
M	151	V.А	1	28	31	Other	Имелось в виду <suggestion>В⋅А</suggestion>?	В⋅А
L	152	Мощность ИБП составляет 500 В*А.
L	153	Мощность ИБП составляет 500 В⋅А.
L	154	Мощность ИБП составляет 500 V/A.
M	154	V.А	2	28	31	Other	Имелось в виду <suggestion>V⋅A</suggestion>?	V⋅A
L	155	Мощность ИБП составляет 500 V*A.
L	156	Мощность ИБП составляет 500 V⋅A.
L	157	Мощность ИБП составляет 500 ВА.
M	157	V.А	3	28	30	Other	Имелось в виду <suggestion>В⋅А</suggestion>?	В⋅А
L	158	Мощность ИБП составляет 500 В*А.
L	159	Мощность ИБП составляет 500 В⋅А.
L	160	большая половина
M	160	BOLSHAJA_POLOVINA	1	0	16	Other	Имелось в виду <suggestion>большая часть</suggestion>?	большая часть
L	161	меньшая часть
M	161	UPPERCASE_SENTENCE_START		0	7	Other	Это предложение не начинается с заглавной буквы.	Меньшая
L	162	исключить исключение
M	162	ISKLUCHIT_ISKLUCHENIE	1	0	20	Other	Языковая избыточность: <suggestion>убрать исключение</suggestion>?	убрать исключение
L	163	исключить то исключение
M	163	ISKLUCHIT_ISKLUCHENIE	1	0	23	Other	Языковая избыточность: <suggestion>убрать то исключение</suggestion>?	убрать то исключение
L	164	потребовать требование
M	164	POTREBOVAT_TREBOVANIE	1	0	22	Other	Языковая избыточность: <suggestion>заявить требование</suggestion>?	заявить требование
L	165	потребовать денежное требование
M	165	POTREBOVAT_TREBOVANIE	1	0	31	Other	Языковая избыточность: <suggestion>заявить денежное требование</suggestion>?	заявить денежное требование
L	166	пожелать желание
M	166	POJELAT_JELANIE	1	0	16	Other	Языковая избыточность: <suggestion>загадать желание</suggestion>?	загадать желание
L	167	пожелать заветное желание
M	167	POJELAT_JELANIE	1	0	25	Other	Языковая избыточность: <suggestion>загадать заветное желание</suggestion>?	загадать заветное желание
L	168	заказать заказ
M	168	ZAKAZAT_ZAKAZ	1	0	14	Other	Языковая избыточность: <suggestion>сделать заказ</suggestion>?	сделать заказ
L	169	заказать важный заказ
M	169	ZAKAZAT_ZAKAZ	1	0	21	Other	Языковая избыточность: <suggestion>сделать важный заказ</suggestion>?	сделать важный заказ
L	170	Он подарил подарок.
M	170	PODARIT_PODAROK	1	3	18	Other	Языковая избыточность (плеоназм): <suggestion>вручил подарок</suggestion>?	вручил подарок
L	171	Он подарил долгожданный подарок.
M	171	PODARIT_PODAROK	1	3	31	Other	Языковая избыточность (плеоназм): <suggestion>вручил долгожданный подарок</suggestion>?	вручил долгожданный подарок
L	172	Он спускался вниз по лестнице.
M	172	SPUSKATSJA_VNIZ	1	3	17	Other	Языковая избыточность: <suggestion>спускался</suggestion>?	спускался
L	173	Он спускался по лестнице.
L	174	Метеоагенство составило прогноз на будущее.
M	174	MORFOLOGIK_RULE_RU_RU		0	13	UnknownWord	Возможно найдена орфографическая ошибка.	Метео агенство
M	174	PROGNOZ_NA_BUDUSHEE	1	24	42	Other	Языковая избыточность: <suggestion>прогноз</suggestion>?	прогноз
L	175	Метеоагенство составило прогноз.
M	175	MORFOLOGIK_RULE_RU_RU		0	13	UnknownWord	Возможно найдена орфографическая ошибка.	Метео агенство
L	176	Главная суть рассказа
M	176	GLAVNAJA_SUT	1	0	12	Other	Языковая избыточность (плеоназм): <suggestion>суть</suggestion>?	Суть
L	177	На сайте размещена свободная вакансия.
M	177	SVOBODNAJA_VAKANSIJA	1	19	37	Other	Языковая избыточность (плеоназм): <suggestion>вакансия</suggestion>?	вакансия
L	178	Они думу думали.
M	178	DUMU_DUMAT	1	4	15	Other	Языковая избыточность (плеоназм): <suggestion>думали</suggestion>?	думали
L	179	Они работу работали.
M	179	DUMU_DUMAT	2	4	19	Other	Языковая избыточность (плеоназм): <suggestion>работали</suggestion>?	работали
L	180	Они шутки шутили.
M	180	DUMU_DUMAT	3	4	16	Other	Языковая избыточность (плеоназм): <suggestion>шутили</suggestion>?	шутили
L	181	круг круглый
M	181	KRUG_KRUGLIJ	1	0	12	Other	Языковая избыточность (плеоназм): <suggestion>круг</suggestion>?	круг
L	182	масло масляное
M	182	KRUG_KRUGLIJ	2	0	14	Other	Языковая избыточность (плеоназм): <suggestion>масло</suggestion>?	масло
L	183	толпа людей
M	183	TOLPA_LUDEJ	1	0	11	Other	Языковая избыточность (плеоназм): <suggestion>толпа</suggestion>?	толпа
L	184	лично я
M	184	LICHNO_JA	1	0	7	Other	Языковая избыточность (плеоназм): <suggestion>я</suggestion>?	я
L	185	рыбная уха
M	185	RIBNAJA_UHA	1	0	10	Other	Языковая избыточность (плеоназм): <suggestion>уха</suggestion>?	уха
L	186	впервые знакомиться
M	186	VPERVIJE_ZNAKOMITSJA	1	0	19	Other	Языковая избыточность (плеоназм): <suggestion>знакомиться</suggestion>?	знакомиться
L	187	немного приоткрыть
M	187	NEMNOGO_PRIOTKRIT	1	0	18	Other	Языковая избыточность (плеоназм): <suggestion>приоткрыть</suggestion>?	приоткрыть
L	188	возвращаться обратно
M	188	VOZVRASHATSJA_OBRATNO	1	0	20	Other	Языковая избыточность (плеоназм): <suggestion>возвращаться</suggestion>?	возвращаться
L	189	чрезвычайно громадный
M	189	CHREZVICHAJNO_GROMADNIJ	1	0	21	Other	Языковая избыточность (плеоназм): <suggestion>громадный</suggestion>?	громадный
L	190	очень крохотный
M	190	OCHEN_KROHOTNIJ	1	0	15	Other	Языковая избыточность (плеоназм): <suggestion>крохотный</suggestion>?	крохотный
L	191	Водитель включил близкий свет фар.
M	191	BLIZKIJ_BLIZHNIJ	1	17	29	Other	Имелось в виду: <suggestion>ближний свет</suggestion>?	ближний свет
L	192	Водитель включил ближний свет фар.
L	193	Он - ближний друг.
M	193	BLIZKIJ_BLIZHNIJ	2	5	17	Other	Имелось в виду: <suggestion>близкий друг</suggestion>?	близкий друг
L	194	Он - близкий друг.
L	195	Этим инструментом можно из опытов естествознания извлекать дальние выводы и оценивать их достоверность.
M	195	BLIZKIJ_BLIZHNIJ	3	59	73	Other	Имелось в виду: <suggestion>далёкие выводы</suggestion>?	далёкие выводы
L	196	Этим инструментом можно из опытов естествознания извлекать далекие выводы и оценивать их достоверность.
L	197	Дальнее будущее.
M	197	BLIZKIJ_BLIZHNIJ	4	0	15	Other	Имелось в виду: <suggestion>далёкое будущее</suggestion>?	Далёкое будущее
L	198	Дальний час.
M	198	BLIZKIJ_BLIZHNIJ	5	0	11	Other	Имелось в виду: <suggestion>далёкий час</suggestion>?	Далёкий час
L	199	Дальняя дата.
M	199	BLIZKIJ_BLIZHNIJ	6	0	12	Other	Имелось в виду: <suggestion>далёкая дата</suggestion>?	Далёкая дата
L	200	Далёкая родственница.
M	200	BLIZKIJ_BLIZHNIJ	7	0	20	Other	Имелось в виду: <suggestion>дальняя родственница</suggestion>?	Дальняя родственница
L	201	Далёкий родственник.
M	201	BLIZKIJ_BLIZHNIJ	8	0	19	Other	Имелось в виду: <suggestion>дальний родственник</suggestion>?	Дальний родственник
L	202	Далёкие родственники.
M	202	BLIZKIJ_BLIZHNIJ	9	0	20	Other	Имелось в виду: <suggestion>дальние родственники</suggestion>?	Дальние родственники
L	203	Столько много товара!
M	203	Stolko_mnogo	1	0	13	Other	Имелось в виду: <suggestion>так много</suggestion>?	Так много
L	204	Так много товара!
L	205	Сколько много товара?
M	205	Stolko_mnogo	2	0	13	Other	Имелось в виду: <suggestion>как много</suggestion>?	Как много
L	206	Как много товара?
L	207	Он решит эту затянувшуюся проблему.
M	207	Logical_reshit_zatanuvshujusa_problemu	1	3	34	Other	Логическая ошибка: <suggestion>ускорит затянувшееся решение проблемы</suggestion>?	ускорит затянувшееся решение проблемы
L	208	Он ускорит затянувшееся решение проблемы.
L	209	Она решит затянувшуюся проблему.
M	209	Logical_reshit_zatanuvshujusa_problemu	2	4	31	Other	Логическая ошибка: <suggestion>ускорит затянувшееся решение проблемы</suggestion>?	ускорит затянувшееся решение проблемы
L	210	Она ускорит затянувшееся решение проблемы.
L	211	На рынке подорожали цены
M	211	Logical_podorojali_ceny	1	9	24	Other	Логическая ошибка: <suggestion>цены выросли</suggestion>?	цены выросли
L	212	На рынке цены выросли
L	213	На рынке сегодня были дорогие цены.
M	213	Logical_podorojali_ceny	2	22	34	Other	Логическая ошибка: <suggestion>высокие цены</suggestion>?	высокие цены
L	214	На рынке сегодня были дешёвые цены.
M	214	Logical_podorojali_ceny	3	22	34	Other	Логическая ошибка: <suggestion>низкие цены</suggestion>?	низкие цены
L	215	дешёвая стоимость
M	215	Logical_podorojali_ceny	4	0	17	Other	Логическая ошибка: <suggestion>низкая стоимость</suggestion>?	низкая стоимость
L	216	низкая стоимость
M	216	UPPERCASE_SENTENCE_START		0	6	Other	Это предложение не начинается с заглавной буквы.	Низкая
L	217	дорогая стоимость
M	217	Logical_podorojali_ceny	5	0	17	Other	Логическая ошибка: <suggestion>высокая стоимость</suggestion>?	высокая стоимость
L	218	высокая стоимость
M	218	UPPERCASE_SENTENCE_START		0	7	Other	Это предложение не начинается с заглавной буквы.	Высокая
L	219	Автор написал свою автобиографию.
M	219	Logical_svoja_avtobiographija	1	14	32	Other	Логическая ошибка: <suggestion>автобиографию</suggestion>?	автобиографию
L	220	Автор написал автобиографию.
L	221	Этот лётчик - выдающийся ас.
M	221	Logical_vidajuschijsja_as	1	14	27	Other	Логическая ошибка: <suggestion>ас</suggestion>?	ас
L	222	Этот лётчик - ас.
L	223	Мы здесь собираемся вместе.
M	223	Logical_sobiratsya_vmeste	1	9	26	Other	Логическая ошибка: <suggestion>собираемся</suggestion>?	собираемся
L	224	Мы собираемся здесь.
L	225	Эти три букета хорошо сочетаются вместе.
M	225	Logical_sochetatsja_vmeste	1	22	39	Other	Логическая ошибка: <suggestion>сочетаются</suggestion>?	сочетаются
L	226	Эти три букета хорошо сочетаются.
L	227	Ситуация на сегодняшний день.
L	228	Ситуация на сегодня.
L	229	Они соседствовали друг с другом на фотографии.
M	229	Logical_sosedstvovat_drug_s_drugom	1	4	31	Other	Логическая ошибка: <suggestion>соседствовали</suggestion>?	соседствовали
L	230	Они соседствовали на фотографии.
L	231	Нас окружили местные аборигены.
M	231	Tavtology_mestnij_aborigen	1	13	30	Other	Языковая избыточность: <suggestion>аборигены</suggestion>.	аборигены
L	232	Нас окружили аборигены.
L	233	небольшая горстка
M	233	Tavtology_nebolshaja_gorstka	1	0	17	Other	<suggestion>горстка</suggestion>?	горстка
L	234	горстка
L	235	маршрут следования
M	235	Tavtology_marshrut_sledovanija	1	0	18	Other	Языковая избыточность: <suggestion>маршрут</suggestion>?	маршрут
L	236	маршрут
L	237	адрес местожительства
M	237	Tavtology_adres_mestojitelstva	1	0	21	Other	Языковая избыточность: <suggestion>местожительства</suggestion>?	местожительства
L	238	местожительство
L	239	заранее предупредить
M	239	Tavtology_zaranee_predupredit	1	0	20	Other	Языковая избыточность: <suggestion>предупредить</suggestion>?	предупредить
L	240	предупредить
L	241	предупредить заранее
M	241	Tavtology_zaranee_predupredit	2	0	20	Other	Языковая избыточность: <suggestion>предупредить</suggestion>?	предупредить
L	242	заранее предчувствовать
M	242	Tavtology_zaranee_predchuvstvovat	1	0	23	Other	Языковая избыточность: <suggestion>предчувствовать</suggestion>?	предчувствовать
L	243	предчувствовать заранее
M	243	Tavtology_zaranee_predchuvstvovat	2	0	23	Other	Языковая избыточность: <suggestion>предчувствовать</suggestion>?	предчувствовать
L	244	прейскурант цен
M	244	Tavtology_prejskurant_cen	1	0	15	Other	Языковая избыточность: <suggestion>прейскурант</suggestion>?	прейскурант
L	245	прейскурант
L	246	упал вниз
M	246	Tavtology_upal_vniz	1	0	9	Other	Языковая избыточность: <suggestion>упал</suggestion>?	упал
L	247	упасть вниз
M	247	Tavtology_upal_vniz	1	0	11	Other	Языковая избыточность: <suggestion>упасть</suggestion>?	упасть
L	248	тёмный мрак
M	248	Tavtology_tyomnij_mrak	1	0	11	Other	Языковая избыточность: <suggestion>мрак</suggestion>?	мрак
L	249	бесполезно пропадают
M	249	Tavtology_bespolezno_propadajut	1	0	20	Other	Языковая избыточность: <suggestion>пропадают</suggestion>?	пропадают
L	250	вернуться обратно
M	250	Tavtology_vernutsja_obratno	1	0	17	Other	Языковая избыточность: <suggestion>вернуться</suggestion>?	вернуться
L	251	несколько побыстрее
M	251	Tavtology_neskolko_pobistree	1	0	19	Other	Языковая избыточность: <suggestion>побыстрее</suggestion>?	побыстрее
L	252	в феврале месяце
M	252	Tavtology_v_xx_mesjatse	1	0	16	Other	Языковая избыточность: <suggestion>в феврале</suggestion>?	в феврале
L	253	коллега по профессии
M	253	Tavtology_kollega_po_professii	1	0	20	Other	Языковая избыточность: <suggestion>коллега</suggestion>?	коллега
L	254	планы на будущее
M	254	Tavtology_plani_na_budushee	1	0	16	Other	Языковая избыточность: <suggestion>планы</suggestion>?	планы
L	255	демобилизоваться из армии
M	255	Tavtology_demobilizovatsja_iz_armii	1	0	25	Other	Языковая избыточность: <suggestion>демобилизоваться</suggestion>?	демобилизоваться
L	256	простаивать без дела
M	256	Tavtology_prostaivat_bez_dela	1	0	20	Other	Языковая избыточность: <suggestion>простаивать</suggestion>?	простаивать
L	257	временно приостановлены
M	257	Tavtology_vremenno_priostanovlen	1	0	23	Other	Языковая избыточность: <suggestion>приостановлены</suggestion>?	приостановлены
L	258	приостановлены
L	259	огромная махина
M	259	Tavtology_mahina	1	0	15	Other	Языковая избыточность: <suggestion>махина</suggestion>?	махина
L	260	махина
L	261	кивнул головой
M	261	Tavtology_kivnul_golovoj	1	0	14	Other	Языковая избыточность: <suggestion>кивнул</suggestion>?	кивнул
L	262	кивнул
L	263	полностью завершил
M	263	Tavtology_polnostju_zavershil	1	0	18	Other	Языковая избыточность: <suggestion>завершил</suggestion>?	завершил
L	264	завершил
L	265	главный лейтмотив
M	265	Tavtology_glavnij_lejtmotiv	1	0	17	Other	Языковая избыточность: <suggestion>лейтмотив</suggestion>?	лейтмотив
L	266	этот лейтмотив
M	266	UPPERCASE_SENTENCE_START		0	4	Other	Это предложение не начинается с заглавной буквы.	Этот
L	267	ландшафт местности
M	267	Tavtology_landshaft_mestnosti	1	0	18	Other	Языковая избыточность: <suggestion>ландшафт</suggestion>?	ландшафт
L	268	ландшафт
L	269	самый единственный
M	269	Tavtology_samij_edinstvennij	1	0	18	Other	Языковая избыточность: <suggestion>единственный</suggestion>?	единственный
L	270	единственный
L	271	Биографии жизни различных людей.
M	271	Logical_biographia_gizni	1	0	15	Other	Логическая ошибка: <suggestion>Биографии</suggestion>?	Биографии
L	272	Биографии различных людей.
L	273	Он прыгнул с парашюта.
M	273	Logical_prignul_s_parashuta	1	3	21	Other	Логическая ошибка: <suggestion>прыгнул с парашютом</suggestion>?	прыгнул с парашютом
L	274	Она прыгнула с парашютом.
L	275	Карьерный дипломат – это человек, получивший специальное дипломатическое образование.
M	275	translate_carreer_diplomat	1	0	18	Other	Ошибка перевода: <suggestion>профессиональный дипломат</suggestion>?	Профессиональный дипломат
L	276	Профессиональный дипломат – это человек, получивший специальное дипломатическое образование.
L	277	командированное удостоверение
M	277	Logical_komandirovochnij	1	0	29	Other	Логическая ошибка: <suggestion>командировочное удостоверение</suggestion>?	командировочное удостоверение
L	278	командированного удостоверения
M	278	Logical_komandirovochnij	1	0	30	Other	Логическая ошибка: <suggestion>командировочного удостоверения</suggestion>?	командировочного удостоверения
L	279	командировочное удостоверение
M	279	UPPERCASE_SENTENCE_START		0	15	Other	Это предложение не начинается с заглавной буквы.	Командировочное
L	280	командировочный сотрудник
M	280	Logical_komandirovochnij	2	0	25	Other	Логическая ошибка: <suggestion>командированный сотрудник</suggestion>?	командированный сотрудник
L	281	командированный сотрудник
M	281	UPPERCASE_SENTENCE_START		0	15	Other	Это предложение не начинается с заглавной буквы.	Командированный
L	282	командировачный сотрудник
M	282	Logical_komandirovochnij	3	0	25	Other	Логическая ошибка: <suggestion>командированный сотрудник</suggestion>?	командированный сотрудник
L	283	командированный сотрудник
M	283	UPPERCASE_SENTENCE_START		0	15	Other	Это предложение не начинается с заглавной буквы.	Командированный
L	284	курица высиживает яйца
M	284	Logical_kurica_nasijivaet_jajca	1	0	22	Other	Логическая ошибка: <suggestion>курица насиживает яйца</suggestion>.	курица насиживает яйца
L	285	курица высиживала яйца
M	285	Logical_kurica_nasijivaet_jajca	1	0	22	Other	Логическая ошибка: <suggestion>курица насиживала яйца</suggestion>.	курица насиживала яйца
L	286	курица насиживает яйца
M	286	UPPERCASE_SENTENCE_START		0	6	Other	Это предложение не начинается с заглавной буквы.	Курица
L	287	самый гигантский
M	287	Logical_samij_gigantskij	1	0	16	Other	Логическая ошибка: <suggestion>самый большой</suggestion>.	самый большой
L	288	самый большой
M	288	UPPERCASE_SENTENCE_START		0	5	Other	Это предложение не начинается с заглавной буквы.	Самый
L	289	Говорите вопрос!
M	289	Logical_govorite_vopros	1	0	15	Other	Логическая ошибка. Вопрос можно только задать, поставить или поднять.	
L	290	Задавайте вопрос.
L	291	Задайте вопрос.
L	292	Поставьте вопрос.
L	293	Поднимите вопрос.
L	294	Он поднял тост за встречу.
M	294	Logical_podnjal_tost	1	3	14	Other	Логическая ошибка: <suggestion>произнёс тост</suggestion>?	произнёс тост
L	295	Он произнёс тост за встречу.
L	296	Сессия приняла решение, направленное на улучшение отмеченных недостатков.
M	296	Logical_uluchshenie_otmechennih_nedostatkov	1	40	72	Other	Логическая ошибка: <suggestion>устранение отмеченных недостатков</suggestion>?	устранение отмеченных недостатков
L	297	Сессия приняла решение, направленное на устранение отмеченных недостатков.
L	298	В сквере заложено 30 деревьев.
M	298	Logical_zalozheno_xx_derevjev	1	9	29	Other	Логическая ошибка: <suggestion>посажено 30 деревьев</suggestion>?	посажено 30 деревьев
L	299	В сквере посажено 30 деревьев.
L	300	в этой связи
M	300	V_etoj_svyazy	1	0	12	Other	Логическая ошибка: <suggestion>в связи с этим</suggestion>?	в связи с этим
L	301	в связи с этим
M	301	UPPERCASE_SENTENCE_START		0	1	Other	Это предложение не начинается с заглавной буквы.	В
L	302	В комнате выполнена скрытная проводка.
M	302	Logical_skritij_skritnij	1	20	37	Other	Логическая ошибка: <suggestion>скрытая проводка</suggestion>?	скрытая проводка
L	303	Заедание суда перенесено на завтра.
M	303	ZASEDANIJE_ZAJEDANIJE	2	0	13	Other	Имелось в виду: <suggestion>Заседание суда</suggestion>?	Заседание суда
L	304	У этого человека очень скрытый характер.
M	304	Logical_skritij_skritnij	3	23	39	Other	Логическая ошибка: <suggestion>скрытный характер</suggestion>?	скрытный характер
L	305	Повреждения носят скрытый характер.
L	306	Он одел рубашку.
M	306	Logical_odel_nadel	1	3	15	Other	Логическая ошибка: <suggestion>надел рубашку</suggestion>?	надел рубашку
L	307	На девушке было одето красивое пальто.
M	307	Logical_odel_nadel	1	16	37	Other	Логическая ошибка: <suggestion>надето красивое пальто</suggestion>?	надето красивое пальто
L	308	Кутюрье одел модель в красивое платье.
L	309	Он надел рубашку.
L	310	Она переодела платье.
M	310	Logical_odel_nadel	2	4	20	Other	Логическая ошибка: <suggestion>поменяла платье</suggestion>?	поменяла платье
L	311	Она поменяла платье.
L	312	Он раздел рубашку.
M	312	Logical_odel_nadel	3	3	17	Other	Логическая ошибка: <suggestion>снял рубашку</suggestion>?	снял рубашку
L	313	Он снял рубашку.
L	314	Он обул сапоги.
M	314	Logical_odel_nadel	4	3	14	Other	Логическая ошибка: <suggestion>надел сапоги</suggestion>?	надел сапоги
L	315	Он надел сапоги.
L	316	Он разул сапоги.
M	316	Logical_odel_nadel	5	3	15	Other	Логическая ошибка: <suggestion>снял сапоги</suggestion>?	снял сапоги
L	317	Он снял сапоги.
L	318	Он надел Ивана.
M	318	Logical_odel_nadel	6	3	14	Other	Логическая ошибка: <suggestion>одел Ивана</suggestion>?	одел Ивана
L	319	Он надел майку.
L	320	Он одел Ивана.
L	321	Человек ведет праздничную жизнь.
M	321	Logical_prazdnoe_prazdnichnoe	1	14	31	Other	Логическая ошибка: <suggestion>праздную жизнь</suggestion>?	праздную жизнь
L	322	Человек ведет праздную жизнь.
L	323	У меня сегодня праздное настроение.
M	323	Logical_prazdnoe_prazdnichnoe	2	15	34	Other	Логическая ошибка: <suggestion>праздничное настроение</suggestion>?	праздничное настроение
L	324	У меня сегодня праздничное настроение.
L	325	Это храбрая идея.
M	325	Linguistics_hrabry	1	4	16	Other	Лингвистическая ошибка: <suggestion>смелая идея</suggestion>?	смелая идея
L	326	Это смелая идея.
L	327	Она вышла замуж.
L	328	Он вышел замуж.
M	328	Genitsya	1	0	14	Other	«Выйти замуж» употребляется только со словами женского рода: <suggestion>Он женился</suggestion>	Он женился
L	329	Дочка вышла замуж.
L	330	Сын вышел замуж.
M	330	Genitsya	2	0	15	Other	«Выйти замуж» употребляется только со словами женского рода: <suggestion>Сын женился</suggestion>	Сын женился
L	331	Он женился.
L	332	Она женилась.
M	332	Genitsya	3	0	12	Other	«Жениться» употребляется только со словами мужского рода: <suggestion>Она вышла замуж</suggestion>	Она вышла замуж
L	333	Сын женился.
L	334	Дочка женилась.
M	334	Genitsya	4	0	14	Other	«Жениться» употребляется только со словами мужского рода: <suggestion>Дочка вышла замуж</suggestion>	Дочка вышла замуж
L	335	Дом большого роста.
L	336	Дом большой высоты.
L	337	В СССР имеются неограниченные возможности роста народного богатства и повышения материального и культурного уровня жизни трудящихся.
L	338	В последнее время импорт в России находится в стагнации, при этом наблюдается рост экономики.
L	339	Эти расходы были практически целиком профинансированы за счёт роста госдолга с 6,6 до 8,7 млрд руб.
L	340	Сопутствующий рост доступных учебных материалов по языку.
L	341	Сопутствующий рост количества доступных учебных материалов по языку.
L	342	По останкам установлено, что рост Ивана Грозного был около 179—180 сантиметров.
L	343	Города Ростов и Таганрог, слобода Батайск.
L	344	Вы видите невысокого роста женщину средних лет.
L	345	По отзывам современников, он был сухощав, имел высокий рост и хорошее телосложение.
L	346	Цвет характеризует величину вектора Пойнтинга (он растёт от синего к красному).
L	347	Цвет характеризует величину вектора Пойнтинга (он меняется от синего к красному)
L	348	Количество дорожно-транспортных происшествий растёт год от года.
L	349	В результате трудоёмкость (а значит, и стоимость) разработки растёт от объёма реализованной функциональности по вогнутому закону (в языках с полиморфной семантикой системы типов этот рост характеризуется выпуклой кривой за счёт существенно более высокого показателя повторного использования кода).
L	350	Встреча глав государств ЕврАзЭС состоится в декабре 2022 г.
L	351	Встреча глав государств ЕАЭС состоится в декабре 2022 г.
L	352	Это пример..
M	352	DOUBLE_PUNCTUATION	1	10	12	Other	Две точки подряд: <suggestion>.</suggestion> или <suggestion>…</suggestion>	.|…
L	353	Вот лишь некоторые из них: Implement interface, Iterate with 'for..of'.
L	354	Как вы… как вы смеете!..
L	355	Это пример.
L	356	Вероятно,, мы пойдём в поход летом.
M	356	DOUBLE_PUNCTUATION	2	8	10	Other	Две запятые подряд: <suggestion>,</suggestion>	,
L	357	Вероятно, мы пойдём в поход летом.
L	358	Сокрытие сложности во многом основано на более общем принципе согласно ему выполнение сложной задачи (которая не может быть выполнена сразу и целиком) разбивается на несколько подзадач.
L	359	Сокрытие сложности во многом основано на более общем принципе: согласно ему выполнение сложной задачи (которая не может быть выполнена сразу и целиком) разбивается на несколько подзадач.
L	360	Он улыбаясь шёл вперёд.
M	360	PUNCT_DPT	1	0	15	Other	Деепричастие и деепричастный оборот выделяются запятыми: <suggestion>Он, улыбаясь, шёл</suggestion>.	Он, улыбаясь, шёл
L	361	Он, улыбаясь, шёл вперёд.
L	362	Он молча уставился на НЛО.
L	363	Куртка, которая там висит, моя.
L	364	Он шёл, улыбаясь.
M	364	PUNCT_DPT	2	3	17	Other	Запятая не нужна, одиночное деепричастие в конце предложения выступает в роли наречия: <suggestion>шёл улыбаясь.</suggestion>.	шёл улыбаясь.
L	365	Уменьшая значение параметров построения (пороговый угол и минимальная длина отрезка) несложно проверить его стабильность.
L	366	Учитывая высокую стоимость и трудоёмкость эксперимента в области оптики наночастиц вариант с предварительным теоретическим анализом проблемы оказывается более рациональным.
L	367	Боясь упасть с дерева, Том ухватился за ветку.
L	368	Мэри не колеблясь прыгнула в ледяную воду.
L	369	Уменьшая значение параметров построения (пороговый угол и минимальная длина отрезка), несложно проверить его стабильность.
L	370	Учитывая высокую стоимость и трудоёмкость эксперимента в области оптики наночастиц, вариант с предварительным теоретическим анализом проблемы оказывается более рациональным.
L	371	Картинка висящая на белой стене упала.
M	371	Punct_PT_oborot	1	0	31	Other	Пропущены запятые при причастном обороте: <suggestion>Картинка, висящая на белой стене,</suggestion>	Картинка, висящая на белой стене,
L	372	Дети гуляющие во дворе не спешили идти домой.
M	372	Punct_PT_oborot	1	0	22	Other	Пропущены запятые при причастном обороте: <suggestion>Дети, гуляющие во дворе,</suggestion>	Дети, гуляющие во дворе,
L	373	Картинка, висящая на белой стене, упала.
L	374	Он увидел собаку хромавшую на задние лапы.
M	374	Punct_PT_oborot	2	10	26	Other	Пропущена запятая перед причастием или причастным оборотом: <suggestion>собаку, хромавшую</suggestion>	собаку, хромавшую
L	375	Он отправил в Москву заверенную телеграмму.
L	376	Он изображается в виде мужчины, держащего за шею выпрямленную змею.
L	377	Он увидел собаку, хромавшую на задние лапы.
L	378	Картинка, висящая на белой стене упала.
L	379	Дети, гуляющие во дворе не спешили идти домой.
L	380	Картинка, висящая на белой стене, упала.
L	381	Картинка висящая на белой стене, упала.
L	382	Дети гуляющие во дворе, не спешили идти домой.
L	383	Картинка, висящая на белой стене, упала.
L	384	Я ни курю ни пью.
M	384	Verb_comma_Verb	2	5	16	Other	Глаголы – однородные члены предложения: <suggestion>курю ни, пью</suggestion> или <suggestion>курю ни и пью</suggestion>.	курю ни, пью|курю ни и пью
L	385	Дал другу в долг -- потерял друга.
L	386	Он приводит черт знает к чему.
L	387	На подарок разумеется не претендую.
L	388	Никогда не переставайте расти и развиваться.
L	389	Когда Кинули увидела, что Пери увели, она стала рычать, старалась выскочить из клетки.
L	390	Думай не думай - ничего не изменишь.
L	391	Свиньи все подохли остался один баран.
M	391	Verb_and_Verb	1	11	26	Other	Два глагола в личной форме подряд. Второй глагол должен быть в неопределённой форме: <suggestion>подохли остаться</suggestion>	подохли остаться
L	392	Свиньи все подохли, остался один баран.
L	393	Я вышел на крыльцо чтобы освежиться.
M	393	PUNCT_VB_INF_OBOROT	1	11	35	Other	Оборот с неопределенной формой глагола со всеми относящимися к ней словами, присоединёнными союзами «чтобы/чтоб»: <suggestion>крыльцо, чтобы освежиться</suggestion>.	крыльцо, чтобы освежиться
L	394	Я вышел на крыльцо, чтобы освежиться.
L	395	Я здесь, в том числе и чтобы помочь вам.
L	396	Я вышел на крыльцо не для того чтобы освежиться. (Некорректный пример)
M	396	dlya_togo_chtoby	1	19	36	Other	Требуется запятая: <suggestion>не для того, чтобы</suggestion>	не для того, чтобы
L	397	Я вышел на крыльцо не для того, чтобы освежиться.
L	398	Врагам понадобилось почти 10 месяцев, только чтобы захватить город.
L	399	Я вышел на крыльцо только чтобы освежиться.
M	399	PUNCT_VB_INF_OBOROT	2	11	42	Other	Оборот с неопределенной формой глагола со всеми относящимися к ней словами, присоединёнными союзами «чтобы/чтоб»: <suggestion>крыльцо, только чтобы освежиться</suggestion>.	крыльцо, только чтобы освежиться
L	400	Я вышел на крыльцо, только чтобы освежиться.
L	401	Я вышел на крыльцо не для того чтобы освежиться. (Некорректный пример)
M	401	dlya_togo_chtoby	1	19	36	Other	Требуется запятая: <suggestion>не для того, чтобы</suggestion>	не для того, чтобы
L	402	Я вышел на крыльцо не для того, чтобы освежиться.
L	403	Врагам понадобилось почти 10 месяцев, только чтобы захватить город.
L	404	Я вышел на крыльцо для того чтобы освежиться.
M	404	PUNCT_VB_INF_OBOROT	3	11	44	Other	Оборот с неопределенной формой глагола со всеми относящимися к ней словами, присоединёнными союзами «для того чтобы, с тем чтоб»: <suggestion>крыльцо, для того чтобы освежиться</suggestion>.	крыльцо, для того чтобы освежиться
L	405	Я вышел на крыльцо не для того чтобы освежиться. (Некорректный пример)
M	405	dlya_togo_chtoby	1	19	36	Other	Требуется запятая: <suggestion>не для того, чтобы</suggestion>	не для того, чтобы
L	406	Я вышел на крыльцо не для того, чтобы освежиться.
L	407	Я вышел на крыльцо, для того чтобы освежиться.
L	408	Он зашел к нам вовсе не для того чтобы сообщить эту новость.
M	408	dlya_togo_chtoby	1	21	38	Other	Требуется запятая: <suggestion>не для того, чтобы</suggestion>	не для того, чтобы
L	409	Ведь для того чтобы пламя непрерывно горело, необходим приток свежего кислорода.
L	410	Он зашел к нам вовсе не для того, чтобы сообщить эту новость.
L	411	Для того, чтобы капуста оставалась хрустящей, не стоит слишком сильно перетирать её с солью.
M	411	dlya_togo_chtoby_2	1	0	15	Other	Сложный союз в начале предложения. Запятые не нужны: <suggestion>Для того чтобы</suggestion>.	Для того чтобы
L	412	Для того чтобы капуста оставалась хрустящей, не стоит слишком сильно перетирать её с солью.
L	413	Он зашел к нам вовсе не для того, чтобы сообщить эту новость.
L	414	Для того чтобы желе застыло, нужно его около часа подержать в холодильнике.
L	415	Для того, чтобы желе застыло, нужно его около часа подержать в холодильнике.
M	415	dlya_togo_chtoby_2	1	0	15	Other	Сложный союз в начале предложения. Запятые не нужны: <suggestion>Для того чтобы</suggestion>.	Для того чтобы
L	416	В случае рассмотрения резонансных структур, это приводит к существенным ошибкам в вычислении поля на границе раздела между слоями.
M	416	Not_Comma_eto	1	0	56	Other	Избыточная запятая: <suggestion>В случае рассмотрения резонансных структур это приводит</suggestion>	В случае рассмотрения резонансных структур это приводит
L	417	В случае рассмотрения резонансных структур это приводит к существенным ошибкам в вычислении поля на границе раздела между слоями.
L	418	Шкатулка была открыта.
L	419	Шкатулки были открыты.
L	420	Шкатулки были открыта.
M	420	Verb_PT_short_Unification	1	9	21	Other	Глагол не согласуется с кратким причастием	
L	421	Шкатулка была открыт.
M	421	Verb_PT_short_Unification	1	9	20	Other	Глагол не согласуется с кратким причастием	
L	422	Проверяя тетради и выписывая оценки в журнал, учитель контролирует учеников.
L	423	Выпив чашку чая, она почувствовала себя лучше.
L	424	Проверяя тетради и выписывая оценки в журнал, учитель контролирует учеников.
L	425	Проверив тетради и выписывая оценки в журнал, учитель контролирует учеников.
M	425	DPT_Unification	1	0	28	Other	Деепричастия в одном предложении должны быть одинакового вида и стоять в одинаковом времени	
L	426	Он смеялся и радовался жизни.
L	427	Задело стало быть за живое.
L	428	Он приводит черт знает к чему.
L	429	Он шёл по улице, говорил по телефону.
L	430	Он идёт по улице, говорит по телефону.
L	431	Он смеялся радовался жизни.
M	431	Verb_comma_Verb	1	3	20	Other	Глаголы – однородные члены предложения: <suggestion>смеялся, радовался</suggestion> или <suggestion>смеялся и радовался</suggestion>.	смеялся, радовался|смеялся и радовался
L	432	Она смеялась радовалась жизни.
M	432	Verb_comma_Verb	1	4	23	Other	Глаголы – однородные члены предложения: <suggestion>смеялась, радовалась</suggestion> или <suggestion>смеялась и радовалась</suggestion>.	смеялась, радовалась|смеялась и радовалась
L	433	Они смеялись радовались жизни.
M	433	Verb_comma_Verb	1	4	23	Other	Глаголы – однородные члены предложения: <suggestion>смеялись, радовались</suggestion> или <suggestion>смеялись и радовались</suggestion>.	смеялись, радовались|смеялись и радовались
L	434	Солнце взошло освещало местность.
M	434	Verb_comma_Verb	1	7	22	Other	Глаголы – однородные члены предложения: <suggestion>взошло, освещало</suggestion> или <suggestion>взошло и освещало</suggestion>.	взошло, освещало|взошло и освещало
L	435	Он шёл по улице говорил по телефону.
M	435	Verb_comma_Verb	1	3	23	Other	Глаголы – однородные члены предложения: <suggestion>шёл по улице, говорил</suggestion> или <suggestion>шёл по улице и говорил</suggestion>.	шёл по улице, говорил|шёл по улице и говорил
L	436	Ты можешь выбрать чего хочешь.
L	437	Пока живу — надеюсь.
L	438	Ты можешь сожалеть сколько хочешь.
L	439	Покрась и побели забор.
L	440	Задело стало быть за живое.
L	441	Он приводит черт знает к чему.
L	442	Я, может, скоро сдамся и вместо этого пойду вздремну.
L	443	Я сделаю всё что могу.
L	444	Надеюсь однажды я перестану торчать здесь.
L	445	Он подробно описывает что происходит в данный момент.
L	446	Выживаю как могу.
L	447	Иди помоги мыть посуду.
L	448	Он смеётся радуется жизни.
M	448	Verb_and_Verb	1	3	19	Other	Два глагола в личной форме подряд. Второй глагол должен быть в неопределённой форме: <suggestion>смеётся радоваться</suggestion>	смеётся радоваться
L	449	Это сделано таким образом что и не найти.
M	449	takim_obrazom_chto	1	12	29	Other	Пропущена запятая: <suggestion>таким образом, что</suggestion>.	таким образом, что
L	450	Таким образом, что слово есть, что его нет - без разницы.
L	451	И таким образом мы
L	452	И,таким образом, мы
M	452	COMMA_PARENTHESIS_WHITESPACE		1	7	Other	Поставьте пробел после запятой.	, таким
L	453	Только не таким образом мы занимаемся спортом.
L	454	Продавец "экономит" таким образом 4000 рублей.
L	455	И сообщают им таким образом всю необходимую информацию.
L	456	Можно сказать это и таким образом?
L	457	На то есть веские причины.
L	458	К Тамбову подступали две с половиной тысячи сабель то есть всего три полка.
M	458	comma_and_to_jest	1	44	58	Other	Пропущена запятая: <suggestion>сабель, то есть</suggestion>.	сабель, то есть
L	459	Пролетели года, и настало время.
L	460	На пристани стоит человек и продаёт билеты.
L	461	Вызовите команду ng add, которая установит зависимости и обновит приложение с помощью скрипта установки.
L	462	Могу ли я уточнить время и место нашей встречи?
L	463	Они сделали предложение и бросили вызов нам.
L	464	Нам пришлось уменьшить шаг сканирования и увеличить размер в настройках.
L	465	Исполнитель оставляет за собой право досрочно завершить работы по настоящему Договору и сдать результат работ.
L	466	Мой отец и мой брат.
L	467	Пролетели года и настало время.
L	468	Пролетели года, и время настало.
L	469	На пристани стоит человек и продаёт билеты.
L	470	Могу ли я уточнить время и место нашей встречи?
L	471	Они сделали предложение и вызов бросили нам.
L	472	Нам пришлось уменьшить шаг сканирования и увеличить размер в настройках.
L	473	Пройдите опрос и получите шанс выиграть приз!
L	474	Мой отец и брат мой.
L	475	Пролетели года и время настало.
L	476	Года пролетели, и время настало.
L	477	Иван думал о будущем, пока сын жил настоящим.
L	478	На пристани стоит человек и продаёт билеты.
L	479	Как мышка бегает, так и кошка прыгает.
L	480	Принцип старшинства распространяется также на жён и дочерей чиновников («все замужние жены поступают в рангах по чинам мужей их»).
L	481	Он говорит: "Когда она позовёт меня?"
L	482	Его тропы создавали русла рек и ручьёв, и, в конце концов, вода залила всю землю.
L	483	Года пролетели и время настало.
L	484	Парень понял как мальчик сделал эту модель.
L	485	Отец думал много пока сын существовал настоящим.
L	486	Мама мыла раму пока дочка готовила обед.
L	487	Мама мыла раму и дочка готовила обед.
L	488	Иван понял как Алексей сделал эту модель.
L	489	Он понял как Алексей сделал эту модель.
L	490	Года пролетели, и настало время.
L	491	Ведомая Британией промышленная революция изменила страну и обеспечила рост Британской Империи.
L	492	Его тропы создавали русла рек и ручьёв, и, в конце концов, залила вода всю землю.
L	493	Года пролетели и настало время.
L	494	Парень понял как сделал мальчик эту модель.
L	495	Мама мыла раму и готовила дочка обед.
L	496	Она как богиня!
L	497	Эта рекомендация известна как правило одного экрана.
L	498	Они, как правило, были связаны с небом и солнцем.
L	499	Может быть применена такая мера, как выкуп имущества.
L	500	Она, как богиня!
M	500	PNN_Kak_Noun	1	0	15	Other	Лишняя запятая: <suggestion>Она как богиня</suggestion> или <suggestion>Она – как богиня</suggestion>	Она как богиня|Она – как богиня
L	501	Как мышка бегает, так и кошка прыгает.
L	502	Как мышка бегает, то так и кошка прыгает.
L	503	Он написал запрос, как было указано на сайте, но на текущий момент так и не получил ответа.
L	504	Те варяги назывались русью, как другие называются шведы, а иные норманны и англы, а ещё иные готландцы, — вот так и эти.
M	504	MORFOLOGIK_RULE_RU_RU		75	80	UnknownWord	Возможно найдена орфографическая ошибка.	анналы|анеллы|анелы|ангелы|ангилы|англ|англо|анголы|анилы|анулы|наглы|оглы|углы|унылы|англ ы
M	504	MORFOLOGIK_RULE_RU_RU		93	102	UnknownWord	Возможно найдена орфографическая ошибка.	голландцы|готланды|шотландцы
L	505	Как мышка бегает так и кошка прыгает.
M	505	Kak_Tak_i	1	0	22	Other	Пропущена запятая в сложном предложении: <suggestion>Как мышка бегает, так и</suggestion>	Как мышка бегает, так и
L	506	Когда человек хочет что-то получить то ему надо чем-то пожертвовать.
M	506	Kogda_to1	1	35	42	Other	Нужна запятая или тире: <suggestion>, то ему</suggestion> или <suggestion> – то ему</suggestion> 	, то ему| – то ему
L	507	Когда вы находитесь на нашей земле, вы должны подчиняться им, даже если вы служите другим.
L	508	Когда человек хочет что-то получить ему надо чем-то пожертвовать.
M	508	Kogda_to1	2	35	39	Other	Нужна запятая или тире: <suggestion>, ему</suggestion> или <suggestion> – ему</suggestion> 	, ему| – ему
L	509	Если ты позвонил – говори.
L	510	Осталось три дня.
L	511	Если ты позвонил говори.
M	511	Tire_and_Verbs	1	8	23	Other	Пропущено тире между глаголами: <suggestion>позвонил – говори</suggestion>	позвонил – говори
L	512	Если постучится кто то дверь не открывай, а зови на помощь. (Некорректный пример)
M	512	Defis_to	1	16	22	Other	Слова с частицей «-то» пишем через дефис. Вы имели в виду <suggestion>кто-то</suggestion> или <suggestion>кто, то</suggestion>?	кто-то|кто, то
L	513	Если передумаешь - не тяни, а то я могу всё распродать
L	514	Если уж на то пошло.
L	515	Если вы то же самое проделаете с коробкой.
L	516	Если разговор слышал Матвей, то зачем ему сообщать об этом вам ― под каким бы то ни было соусом.
L	517	Если ты позвонил то говори.
M	517	ESLI_TO	1	16	19	Other	Нужна запятая или тире: <suggestion>, то</suggestion> или <suggestion> – то</suggestion>	, то| – то
L	518	Мы принялись бегать по закрайку самого берега, и всё выходило отлично, несмотря на то что кое-где лед ломался и выступала вода.
L	519	Мы принялись бегать по закрайку самого берега, и всё выходило отлично несмотря на то что кое-где лед ломался и выступала вода.
M	519	Nesmotrja_na_to_chto	1	62	88	Other	Нужна запятая: <suggestion>отлично, несмотря на то что</suggestion>	отлично, несмотря на то что
L	520	Несмотря на то что предпочтительными методами активации являются учетная запись или сервер лицензий, клиенты могут использовать физический ключ.
L	521	Я ворочался с боку на бок до тех пор, пока меня не осенила мысль.
L	522	Я ворочался с боку на бок до тех пор пока меня не осенила мысль.
M	522	Nesmotrja_na_to_chto	2	26	41	Other	Нужна запятая: <suggestion>до тех пор, пока</suggestion>	до тех пор, пока
L	523	Они лучше чем у тебя.
M	523	Nesmotrja_na_to_chto	3	4	13	Other	Нужна запятая: <suggestion>лучше, чем</suggestion>	лучше, чем
L	524	Несмотря на то, что я поел, мне было голодно.
L	525	Несмотря на то, что окружающие будут пытаться испортить вам настроение.
L	526	Несмотря на то, что на момент написания диссертации поддерживался только самый простой вариант параллелизации (количество используемых вычислительных ядер определяет число независимых запусков оптимизатора, выполняемых одновременно) подобная совместимость с суперкомпьютерными кластерами оказалась удобной: на одном кластере можно запускать несколько разных задач оптимизации.
M	526	Nesmotrja_na_to_chto2	2	52	376	Other	Нужна запятая до конца предложения.	
L	527	Несмотря на то, что я поел мне было голодно.
M	527	Nesmotrja_na_to_chto2	1	22	44	Other	Нужна запятая до конца предложения: <suggestion>поел, мне было голодно.</suggestion>	поел, мне было голодно.
L	528	Несмотря на то, что я поел, мне было голодно.
L	529	Несмотря на то, что окружающие будут пытаться испортить вам настроение.
L	530	Несмотря на то, что я поел мне () было голодно.
M	530	Nesmotrja_na_to_chto2	2	22	47	Other	Нужна запятая до конца предложения.	
L	531	Стоимость работ составила 10 тыс. рублей.
L	532	Стоимость работ составила 10 тыс рублей.
M	532	ABREV_DOT	1	29	32	Other	Точка должна стоять после сокращений: <suggestion>тыс.</suggestion>	тыс.
L	533	Эх вы коты!
M	533	Punct_eh_ti	1	0	10	Other	Пропущена запятая: <suggestion>Эх вы, коты</suggestion>	Эх вы, коты
L	534	Привет друзья!
M	534	POZHALUJSTA	4	0	13	Other	Пропущена запятая: <suggestion>Привет, друзья</suggestion>.	Привет, друзья
L	535	как бы то не было
M	535	Kak_bi_to_ni_bilo	1	0	17	Other	Устойчивое выражение: <suggestion>как бы то ни было</suggestion>	как бы то ни было
L	536	как бы-то ни было
M	536	Kak_bi_to_ni_bilo	2	0	17	Other	Устойчивое выражение: <suggestion>как бы то ни было</suggestion>	как бы то ни было
L	537	как-бы то
M	537	Kak_bi_to_ni_bilo	3	0	9	Other	Устойчивое выражение: <suggestion>как бы то</suggestion>	как бы то
L	538	Закройте дверь, пожалуйста.
L	539	Всегда пожалуйста!
L	540	Закройте дверь пожалуйста.
M	540	POZHALUJSTA	1	9	26	Other	Пропущена запятая: <suggestion>дверь, пожалуйста.</suggestion>	дверь, пожалуйста.
L	541	Виталий, пожалуйста, закройте дверь!
L	542	Всегда пожалуйста.
L	543	Виталий пожалуйста закройте дверь!
M	543	POZHALUJSTA	2	0	18	Other	Пропущена запятая: <suggestion>Виталий, пожалуйста,</suggestion>	Виталий, пожалуйста,
L	544	Пожалуйста закройте дверь.
M	544	POZHALUJSTA	3	0	19	Other	Пропущена запятая: <suggestion>Пожалуйста, закройте</suggestion>.	Пожалуйста, закройте
L	545	Привет я новенький.
M	545	POZHALUJSTA	4	0	8	Other	Пропущена запятая: <suggestion>Привет, я</suggestion>.	Привет, я
L	546	Привет и пока!
L	547	Привет из Москвы!
L	548	Привет всем!
L	549	Привет зайцу.
L	550	По мере того, как цена товара снижается, а величина спроса растет при линейной функции спроса.
M	550	COMPLEX_SOUZ_PUNCT	4	0	17	Other	Сложный союз в начале предложения. Запятая обычно не ставится: <suggestion>По мере того как</suggestion>.	По мере того как
L	551	С того времени, как цена товара снижается, а величина спроса растет при линейной функции спроса.
M	551	PO_MERE_TOGO_KAK	2	0	19	Other	Возможно запятая не нужна: <suggestion>С того времени как</suggestion>.	С того времени как
L	552	С той поры, как цена товара снижается, а величина спроса растет при линейной функции спроса.
M	552	PO_MERE_TOGO_KAK	3	0	15	Other	Возможно запятая не нужна: <suggestion>С той поры как</suggestion>.	С той поры как
L	553	Многим домам необходим капитальный ремонт таким как пятиэтажки.
M	553	TAKIM_KAK	1	35	51	Other	Пропущена запятая: <suggestion>ремонт, таким как</suggestion>.	ремонт, таким как
L	554	Это относится ко многим видам творчества к таким как музыка, пение, танцы.
M	554	K_TAKIM_KAK	1	30	52	Other	Пропущена запятая: <suggestion>творчества, к таким как</suggestion>.	творчества, к таким как
L	555	Мы, как правило, ходим ходим в походы летом.
M	555	Verb_and_Verb	1	17	28	Other	Два глагола в личной форме подряд. Второй глагол должен быть в неопределённой форме: <suggestion>ходим ходить</suggestion>	ходим ходить
L	556	Мы как правило ходим в походы летом.
M	556	KAK_PRAVILO	1	0	20	Other	Пропущена запятая: <suggestion>Мы, как правило, ходим</suggestion>.	Мы, как правило, ходим
L	557	Правило правого винта, известное также из курса физики как правило буравчика.
L	558	Эта рекомендация известна как правило одного экрана.
L	559	Так как сейчас он у меня указан некорректно.
L	560	Мы как правило, ходим в походы летом.
M	560	KAK_PRAVILO	2	0	15	Other	Пропущена запятая: <suggestion>Мы, как правило,</suggestion>.	Мы, как правило,
L	561	Мы, как правило ходим в походы летом.
M	561	KAK_PRAVILO	3	4	15	Other	Пропущена запятая: <suggestion>как правило,</suggestion>	как правило,
L	562	Однако, как сейчас стало известно, в эту платформу войдет новейший мобильный чипсет AMD.
L	563	Правило правого винта, известное также из курса физики как правило буравчика.
L	564	Как правило, мы ходим в походы летом.
L	565	Как правило может быть таким сложным?
L	566	Как обычно Вы готовите переговоры?
L	567	Как правило мы ходим в походы летом.
M	567	KAK_PRAVILO	4	0	14	Other	Пропущена запятая: <suggestion>Как правило, мы</suggestion>.	Как правило, мы
L	568	Мы, как и наши товарищи, любим заниматься спортом.
L	569	Они подготовили реферат как и на бумажном носителе, так и в электронном виде.
L	570	Мы как и наши товарищи любим заниматься спортом.
M	570	KAK_I	1	0	8	Other	Оборот "как и" выделяется запятыми: <suggestion>Мы, как и</suggestion>.	Мы, как и
L	571	И растёт ребёнок там не по дням, а по часам.
L	572	Имеет кубическую гранецентрированную решётку типа NaCl, пространственная группа Fm3m, с периодом а = 0,4235 нм.
L	573	И растёт ребёнок там не по дням а по часам.
M	573	A_NO_DA	1	27	33	Other	Пропущена запятая: <suggestion>дням, а</suggestion>.	дням, а
L	574	Она говорила мало, но толково.
L	575	Она говорила мало но толково.
M	575	A_NO_DA	2	13	20	Other	Пропущена запятая: <suggestion>мало, но</suggestion>.	мало, но
L	576	Известно, что на улице красивый вид.
L	577	Слепой лошади что кивай, что подмигивай.
L	578	Говорите что угодно.
L	579	Не похоже, что погода сегодня улучшится.
L	580	Ежели кто стоя на карауле что украдет, много или мало, оный имеет быть повешен.
L	581	Известно что на улице красивый вид.
M	581	CHTO_COMMA	1	0	12	Other	Пропущена запятая: <suggestion>Известно, что</suggestion>.	Известно, что
L	582	Хорошо известно что пауки не являются насекомыми.
M	582	CHTO_COMMA	1	7	19	Other	Пропущена запятая: <suggestion>известно, что</suggestion>.	известно, что
L	583	Было грустно и в воздухе, и на небе, и в вагоне.
L	584	Было грустно и в воздухе и на небе и в вагоне.
M	584	i_and_i_and_i	1	13	45	Other	Пропущена запятая: <suggestion>и в воздухе, и на небе, и в вагоне</suggestion>.	и в воздухе, и на небе, и в вагоне
L	585	Он и бегал, и прыгал, и скакал в вагоне.
L	586	Он и бегал и прыгал и скакал в вагоне.
M	586	i_and_i_and_i	2	3	28	Other	Пропущена запятая: <suggestion>и бегал, и прыгал, и скакал</suggestion>.	и бегал, и прыгал, и скакал
L	587	Это тот город, в котором прошло детство.
L	588	Канада сотрудничает с США на разных уровнях и для которых является важнейшим торговым партнером.
L	589	Который час?
L	590	Поиск турбазы, отдых в которой запомнится надолго.
L	591	Парламент состоит из 577 депутатов, 555 из которых представляют метрополию.
L	592	Трудовой договор — соглашение между работодателем и работником, в соответствии с которым работодатель обязуется предоставить работнику работу по обусловленной трудовой функции.
L	593	Это тот город в котором прошло детство.
L	594	Это тот город, в котором прошло детство.
L	595	Это те же ребята, которые играли в футбол.
L	596	Ребёнок, родители которого играли в футбол, будет футболистом.
L	597	Они совершили экскурсию в королевскую резиденцию — Букингемский дворец, часть помещений которого открыта для посетителей обычно один месяц в году.
L	598	Который час?
L	599	На территории распространения которого расположен город.
L	600	Бухта Золотой Рог, на обоих берегах которой располагается Владивосток, является удобным местом.
L	601	Это те же ребята которые играли в хоккей.
M	601	PUNKT_KOTORIJ	1	10	24	Other	Пропущена запятая: <suggestion>ребята, которые</suggestion>.	ребята, которые
L	602	Это те же ребята которые не играли в хоккей.
M	602	PUNKT_KOTORIJ	1	10	24	Other	Пропущена запятая: <suggestion>ребята, которые</suggestion>.	ребята, которые
L	603	Chess — это программа которая играла в шахматы.
M	603	PUNKT_KOTORIJ	1	12	29	Other	Пропущена запятая: <suggestion>программа, которая</suggestion>.	программа, которая
L	604	Извивалась, как верёвка.
M	604	Comma_before_kak	1	10	24	Other	Запятая перед как не нужна: <suggestion> как верёвка.</suggestion>	 как верёвка.
L	605	Извивалась как верёвка.
L	606	Одно из тех изображений где глаза специально нарисованы.
M	606	GDE_COMMA	1	12	27	Other	Пропущена запятая перед союзом: <suggestion>изображений, где</suggestion>	изображений, где
L	607	Одно из тех изображений, где глаза специально нарисованы.
L	608	Где это?
L	609	Но где снега былых времён?
L	610	А где мой чай?
L	611	Всё кругом белое да пушистое, да искристое.
L	612	Всё кругом белое да пушистое да искристое.
M	612	da_and_da	1	17	41	Other	Пропущена запятая: <suggestion>да пушистое, да искристое</suggestion>.	да пушистое, да искристое
L	613	Всё кругом белое да очень пушистое да искристое.
M	613	da_and_da	1	17	47	Other	Пропущена запятая: <suggestion>да очень пушистое, да искристое</suggestion>.	да очень пушистое, да искристое
L	614	Не было ни бурных слов, ни пылких признаний, ни клятв.
L	615	ни дать ни взять; ни пава ни ворона
M	615	UPPERCASE_SENTENCE_START		0	2	Other	Это предложение не начинается с заглавной буквы.	Ни
L	616	Не было ни бурных слов ни пылких признаний ни клятв.
M	616	ni_and_ni_and_ni	1	8	51	Other	Пропущена запятая: <suggestion>ни бурных слов, ни пылких признаний, ни клятв</suggestion>.	ни бурных слов, ни пылких признаний, ни клятв
L	617	Весь день идет либо снег, либо дождь со снегом.
L	618	Весь день идёт либо мокрый снег либо дождь со снегом.
M	618	libo_and_libo	1	15	42	Other	Пропущена запятая: <suggestion>либо мокрый снег, либо дождь</suggestion>.	либо мокрый снег, либо дождь
L	619	Весь день идёт либо снег либо дождь со снегом.
M	619	libo_and_libo	1	15	35	Other	Пропущена запятая: <suggestion>либо снег, либо дождь</suggestion>.	либо снег, либо дождь
L	620	Это может быть оружие ближнего боя (меч или копьё) или оружие дальнего боя (дротик или лук).
L	621	Он готов был поверить, что приехал сюда не вовремя — или слишком поздно, или рано.
L	622	Он готов был поверить, что приехал сюда не вовремя — или слишком поздно или рано.
M	622	ili_and_ili	1	53	80	Other	Пропущена запятая: <suggestion>или слишком поздно, или рано</suggestion>.	или слишком поздно, или рано
L	623	Они лишь подсвечивали то стены, то сталагмит.
L	624	И то и то правда.
L	625	Дамочка не то босая, не то в каких-то прозрачных... туфлях.
L	626	Дамочка не то босая не то в каких-то прозрачных... туфлях. (Некорректный пример)
M	626	to_and_to	2	8	27	Other	Пропущена запятая: <suggestion>не то босая, не то в</suggestion>.	не то босая, не то в
L	627	Они лишь подсвечивали то стены зала то сталагмит.
M	627	to_and_to	1	22	48	Other	Пропущена запятая: <suggestion>то стены зала, то сталагмит</suggestion>.	то стены зала, то сталагмит
L	628	Лампы лишь подсвечивали то стены пещерного зала то наиболее красивый сталагмит.
M	628	to_and_to	1	24	59	Other	Пропущена запятая: <suggestion>то стены пещерного зала, то наиболее</suggestion>.	то стены пещерного зала, то наиболее
L	629	Они лишь подсвечивали то стены, то сталагмит.
L	630	Дамочка не то босая, не то в каких-то прозрачных... туфлях.
L	631	Дамочка не то босая не то в каких-то прозрачных... туфлях.
M	631	to_and_to	2	8	27	Other	Пропущена запятая: <suggestion>не то босая, не то в</suggestion>.	не то босая, не то в
L	632	час пик
M	632	UPPERCASE_SENTENCE_START		0	3	Other	Это предложение не начинается с заглавной буквы.	Час
L	633	час-пик
M	633	CHAS_PIK	1	0	7	Other	Дефис не нужен: <suggestion>час пик</suggestion>.	час пик
L	634	Кот вылез из-под стола.
L	635	Кот вылез из под стола.
M	635	IS_POD	1	10	16	Other	Предлог пишется через дефис: <suggestion>из-под</suggestion>.	из-под
L	636	Кот крался по-над стенкой.
L	637	Кот крался по над стенкой.
M	637	RU_COMPOUNDS		11	17	Other	Эти слова должны быть написаны через дефис.	по-над
L	638	Мы справились по-быстрому.
L	639	Мы пошли по быстрому маршруту.
L	640	Мы справились по быстрому.
M	640	Pravopisanie_po-prezhnemu	2	14	25	Other	Слово пишется через дефис: <suggestion>по-быстрому</suggestion>.	по-быстрому
L	641	Это показалось ему, по-видимому, странным.
L	642	Пахло странно, а впрочем, скорее приятно.
L	643	Это показалось ему по-видимому странным.
M	643	VVODNOE_SLOVO	1	15	39	Other	Пропущена запятая: <suggestion>ему, по-видимому, странным</suggestion>.	ему, по-видимому, странным
L	644	Это показалось ему по-видимому, странным.
M	644	VVODNOE_SLOVO	2	15	31	Other	Пропущена запятая: <suggestion>ему, по-видимому,</suggestion>.	ему, по-видимому,
L	645	Это показалось ему, по-видимому странным.
M	645	VVODNOE_SLOVO	3	20	31	Other	Пропущена запятая: <suggestion>по-видимому,</suggestion>.	по-видимому,
L	646	По-видимому, это странное явление.
L	647	По-видимому это странное явление.
M	647	VVODNOE_SLOVO	4	0	15	Other	Пропущена запятая: <suggestion>По-видимому, это</suggestion>.	По-видимому, это
L	648	Эта работа, во-первых, представляет огромную научную ценность.
L	649	Вводное слово «во-вторых».
L	650	Эта работа была выполнена полностью, а следовательно, должна быть рассмотрена в первую очередь.
L	651	Эта работа во-первых представляет огромную научную ценность.
M	651	VVODNOE_SLOVO	5	4	33	Other	Пропущена запятая: <suggestion>работа, во-первых, представляет</suggestion>.	работа, во-первых, представляет
L	652	Эта работа была выполнена полностью, а следовательно, должна быть рассмотрена в первую очередь.
L	653	Эта работа во-первых, представляет огромную научную ценность.
M	653	VVODNOE_SLOVO	6	4	21	Other	Пропущена запятая: <suggestion>работа, во-первых,</suggestion>.	работа, во-первых,
L	654	Эта работа, во-первых представляет огромную научную ценность.
M	654	VVODNOE_SLOVO	7	12	21	Other	Пропущена запятая: <suggestion>во-первых,</suggestion>.	во-первых,
L	655	Во-первых, эта работа представляет огромную научную ценность.
L	656	Во-первых эта работа представляет огромную научную ценность.
M	656	VVODNOE_SLOVO	8	0	13	Other	Пропущена запятая: <suggestion>Во-первых, эта</suggestion>.	Во-первых, эта
L	657	Эта работа, видишь ли, представляет огромную научную ценность.
L	658	Эта работа видишь ли представляет огромную научную ценность.
M	658	VVODNOE_SLOVO	9	4	33	Other	Пропущена запятая: <suggestion>работа, видишь ли, представляет</suggestion>.	работа, видишь ли, представляет
L	659	Эта работа видишь ли, представляет огромную научную ценность.
M	659	VVODNOE_SLOVO	10	4	21	Other	Пропущена запятая: <suggestion>работа, видишь ли,</suggestion>.	работа, видишь ли,
L	660	Эта работа, видишь ли представляет огромную научную ценность.
M	660	VVODNOE_SLOVO	11	12	21	Other	Пропущена запятая: <suggestion>видишь ли,</suggestion>.	видишь ли,
L	661	Видишь ли, эта работа представляет огромную научную ценность.
L	662	Видишь ли эта работа представляет огромную научную ценность.
M	662	VVODNOE_SLOVO	12	0	13	Other	Пропущена запятая: <suggestion>Видишь ли, эта</suggestion>.	Видишь ли, эта
L	663	Мы, к сожалению, не успели на поезд.
L	664	Мы к сожалению не успели на поезд.
L	665	Мы, к сожалению, не успели на поезд.
L	666	Мы к сожалению, не успели на поезд.
L	667	Мы, к сожалению, не успели на поезд.
L	668	Мы, к сожалению не успели на поезд.
L	669	К сожалению, мы не успели на поезд.
L	670	К сожалению мы не успели на поезд.
L	671	Эта работа, несомненно, представляет огромную научную ценность.
L	672	Мне кажется, твой ответ правилен.
L	673	Звук кажется выше на октаву.
L	674	Кот кажется очень довольным.
L	675	Я поеду в город, однако если будут пробки, то я заночую в мотеле.
L	676	Она наверно по-прежнему пьёт утром кофе с печеньем.
L	677	Жизнь кажется ещё не начиналась.
L	678	Эта работа несомненно представляет огромную научную ценность.
L	679	Эта работа, несомненно, представляет огромную научную ценность.
L	680	Мне кажется, твой ответ правилен.
L	681	Я поеду в город, однако если будут пробки, то я заночую в мотеле.
L	682	Эта работа несомненно, представляет огромную научную ценность.
L	683	Эта работа, конечно, представляет огромную научную ценность.
L	684	Я поеду в город, однако если будут пробки, то я заночую в мотеле.
L	685	Они умолкли, однако не успокоились.
L	686	Перестрелка затихла, однако ядра и бомбы продолжали летать сюда, как и отсюда.
L	687	Эта работа, конечно представляет огромную научную ценность.
L	688	Несомненно, эта работа представляет огромную научную ценность.
L	689	Несомненно эта работа представляет огромную научную ценность.
L	690	Может быть, я выйду на прогулку.
L	691	Может быть применён такой способ.
L	692	Может быть я выйду на прогулку.
L	693	Эта работа, одним словом, представляет огромную научную ценность.
L	694	Эта работа одним словом представляет огромную научную ценность.
L	695	Эта работа, одним словом, представляет огромную научную ценность.
L	696	Эта работа одним словом, представляет огромную научную ценность.
L	697	Эта работа, по правде, представляет огромную научную ценность.
L	698	Эта работа по правде представляет огромную научную ценность.
L	699	Эта работа, по правде, представляет огромную научную ценность.
L	700	Эта работа по правде, представляет огромную научную ценность.
L	701	Эта работа, иначе говоря, представляет огромную научную ценность.
L	702	Эта работа иначе говоря представляет огромную научную ценность.
L	703	Эта работа, иначе говоря, представляет огромную научную ценность.
L	704	Эта работа иначе говоря, представляет огромную научную ценность.
L	705	Эта работа, так сказать, представляет огромную научную ценность.
L	706	Эта работа так сказать представляет огромную научную ценность.
L	707	Эта работа, так сказать, представляет огромную научную ценность.
L	708	Эта работа так сказать, представляет огромную научную ценность.
L	709	Этот метод, не в обиду будет сказано, представляет сомнительную ценность.
L	710	Этот метод не в обиду будет сказано представляет сомнительную ценность.
L	711	Этот метод, не в обиду будет сказано, представляет сомнительную ценность.
L	712	Этот метод не в обиду будет сказано, представляет сомнительную ценность.
L	713	Эта работа, одним словом, представляет огромную научную ценность.
L	714	Эта работа, одним словом представляет огромную научную ценность.
L	715	Одним словом, эта работа представляет огромную научную ценность.
L	716	Одним словом эта работа представляет огромную научную ценность.
L	717	Однако эта работа представляет огромную научную ценность.
L	718	Однако, эта работа представляет огромную научную ценность.
L	719	Эта работа, скорее всего, представляет огромную научную ценность.
L	720	Эта работа скорее всего представляет огромную научную ценность.
L	721	Эта работа, скорее всего, представляет огромную научную ценность.
L	722	Эта работа скорее всего, представляет огромную научную ценность.
L	723	Такое решение было получено, однако после реализации появилась его плохая численная устойчивость, поэтому оно не используется.
L	724	Такое решение было получено, однако, после реализации появилась его плохая численная устойчивость, поэтому оно не используется.
L	725	Я, мол, намерен обедать.
L	726	Он пошёл на мол ловить рыбу.
L	727	Я мол намерен обедать.
M	727	Comma_mol	1	0	13	Other	Пропущена запятая: <suggestion>Я, мол, намерен</suggestion>.	Я, мол, намерен
L	728	Был это не кто иной, как наш мастер.
L	729	Был это не кто иной как наш мастер.
M	729	Oborot_ne_kto_inoj_kak	1	8	23	Other	Пропущена запятая: <suggestion>не кто иной, как</suggestion>.	не кто иной, как
L	730	Около костра, кроме Ивана, грелось ещё пять человек.
L	731	Он ел вместо груш яблоки.
L	732	Возможно, нужна буква из кириллицы вместо аналогичной по начертанию из латинского алфавита.
L	733	Но вместо нужной конструкции привезли типовую.
L	734	Однако вместо нужной конструкции привезли типовую.
L	735	А вместо нужной конструкции привезли типовую.
L	736	Оказалось, что вместо нужной конструкции привезли типовую.
L	737	Инфинитив вместо личной формы.
L	738	Только вместо нужной конструкции привезли типовую.
L	739	Обстоятельства, возникшие помимо воли и желания сторон.
L	740	Около костра кроме Ивана грелось ещё пять человек.
L	741	В поход, за исключением Ивана, пошло ещё пять человек.
L	742	В поход за исключением Ивана пошло ещё пять человек.
L	743	В тайге ещё сохранились редкие хищники, в том числе дальневосточный леопард.
L	744	В тайге ещё сохранились редкие хищники в том числе дальневосточный леопард.
M	744	V_tom_chisle	1	31	50	Other	Пропущена запятая: <suggestion>хищники, в том числе</suggestion>.	хищники, в том числе
L	745	Здорово живешь, соседка, - поздоровался Иван.
M	745	COMMA_DEFIS	1	23	26	Other	После запятой должно стоять тире: <suggestion>, —</suggestion>	, —
L	746	Здорово живешь, соседка -, поздоровался Иван.
M	746	DEFIS_COMMA	1	23	26	Other	Запятая должна стоять перед тире: <suggestion>, -</suggestion>	, -
L	747	Здорово живешь, соседка, — поздоровался Иван.
L	748	Здорово живешь, соседка, - поздоровался Иван.
M	748	COMMA_DEFIS	1	23	26	Other	После запятой должно стоять тире: <suggestion>, —</suggestion>	, —
L	749	Кое-кто пошёл в магазин.
L	750	Кое -кто пошёл в магазин.
M	750	RU_COMPOUNDS		0	8	Other	Эти слова должны быть написаны через дефис.	Кое-кто
L	751	Кое-кто пошёл в магазин.
L	752	Это будет караться различными санкциями – от дисциплинарных до административно- или иных.
M	752	MORFOLOGIK_RULE_RU_RU		63	79	UnknownWord	Возможно найдена орфографическая ошибка.	административно|административною|административное|административной|административном
L	753	Кое- кто пошёл в магазин.
M	753	RU_COMPOUNDS		0	8	Other	Эти слова должны быть написаны через дефис.	Кое-кто
L	754	LanguageTool — это свободное программное обеспечение для проверки грамматики, пунктуации и стиля.
L	755	LanguageTool— это свободное программное обеспечение для проверки грамматики, пунктуации и стиля.
M	755	Tire_and_spaces	1	0	17	Other	Перед и после тире должны быть пробелы: <suggestion>LanguageTool — это</suggestion>	LanguageTool — это
L	756	LanguageTool — это свободное программное обеспечение для проверки грамматики, пунктуации и стиля.
L	757	LanguageTool —это свободное программное обеспечение для проверки грамматики, пунктуации и стиля.
M	757	Tire_and_spaces	2	0	17	Other	Перед и после тире должны быть пробелы: <suggestion>LanguageTool — это</suggestion>	LanguageTool — это
L	758	А гений и злодейство две вещи несовместные.
M	758	Tire_and_two	1	2	24	Other	Пропущено тире: <suggestion>гений и злодейство — две</suggestion>	гений и злодейство — две
L	759	А гений и злодейство - две вещи несовместные.
L	760	А гений и злодейство — две вещи несовместные.
L	761	Удивляло и восхищало в нём всё: его манера говорить, его отношение ко всем, всегдашняя приветливость…
L	762	Удивляло и восхищало в нём всё : его манера говорить, его отношение ко всем, всегдашняя приветливость…
M	762	Punct_and_spaces	1	27	32	Other	Перед знаками препинания не должно быть пробела: <suggestion>всё:</suggestion>	всё:
L	763	Теперь, так как.
M	763	Teper_tak_kak	1	0	15	Other	Запятая не нужна: <suggestion>Теперь так как</suggestion>	Теперь так как
L	764	Теперь так как.
L	765	Работа была сделана как попало.
L	766	Работа была сделана, как попало.
M	766	NO_KAK_POPALO	1	19	31	Other	Запятая не нужна: <suggestion> как попало</suggestion>.	 как попало
L	767	Они воспринимают это как сигнал к тому, что нужно начать говорить.
L	768	Мэр сказал, что нужно ваше разрешение.
L	769	Я не знаю, что нужно сделать.
L	770	Как мне достать, что нужно?
M	770	NO_KAK_POPALO	2	8	26	Other	Запятая не нужна: <suggestion>достать что нужно</suggestion>.	достать что нужно
L	771	И будь, что будет!
M	771	BUD_CHTO_BUDET	1	2	17	Other	Запятая не нужна: <suggestion>будь что будет</suggestion>.	будь что будет
L	772	что правда то правда
M	772	CHTO_PRAVDA_TO_PRAVDA	1	0	20	Other	Запятая нужна: <suggestion>что правда, то правда</suggestion>.	что правда, то правда
L	773	Вокалисты неритмично поют,и вдобавок не те ноты.
M	773	COMMA_PARENTHESIS_WHITESPACE		25	27	Other	Поставьте пробел после запятой.	, и
L	774	Он практикуется со своим клинком, ведь, чтобы отбиваться от убийц, он должен держать себя в форме.
L	775	Она похожа на крепкую, защищаемую позицию, поэтому, должно быть, открывающиеся вокруг пещеры стали неприятным сюрпризом.
L	776	Вокалисты неритмично поют,и, вдобавок,не те ноты.
M	776	COMMA_PARENTHESIS_WHITESPACE		25	27	Other	Поставьте пробел после запятой.	, и
M	776	COMMA_PARENTHESIS_WHITESPACE		37	40	Other	Поставьте пробел после запятой.	, не
L	777	В противном случае о наличии сбоя можно будет судить только по итоговому результату работы программы.
L	778	В том случае, если я опоздаю, тебе не надо меня ждать.
L	779	В противном случае,о наличии сбоя можно будет судить только по итоговому результату работы программы.
M	779	COMMA_PARENTHESIS_WHITESPACE		18	20	Other	Поставьте пробел после запятой.	, о
L	780	В результате приходится ограничить выбор.
L	781	В результате, приходится ограничить выбор
L	782	В конечном итоге приходится ограничить выбор.
L	783	В конечном итоге, приходится ограничить выбор
L	784	В любом случае приходится ограничить выбор.
L	785	В любом случае, приходится ограничить выбор
L	786	В связи с вышеизложенным приходится ограничить выбор.
L	787	В связи с вышеизложенным, приходится ограничить выбор
L	788	На данный момент приходится ограничить выбор.
L	789	На данный момент, приходится ограничить выбор
L	790	В конечном итоге приходится ограничить выбор.
L	791	Вместе с тем, подчеркивает он, всё хорошо.
L	792	Вместе с тем, подчеркивают участники, до сих пор все было хорошо.
L	793	Вместе с тем, приходится ограничить выбор
L	794	Несмотря ни на что приходится ограничить выбор.
L	795	Несмотря ни на что, приходится ограничить выбор
L	796	Для того чтобы желе застыло, нужно его около часа подержать в холодильнике.
L	797	Для того чтобы, желе застыло, нужно его около часа подержать в холодильнике.
M	797	COMPLEX_SOUZ_PUNCT_START_S	1	0	20	Other	Выражение не является вводным. Запятые не нужны: <suggestion>Для того чтобы желе</suggestion>.	Для того чтобы желе
L	798	С тех пор как желе застыло, нужно его около часа подержать в холодильнике.
L	799	С тех пор как, желе застыло, нужно его около часа подержать в холодильнике.
M	799	COMPLEX_SOUZ_PUNCT_START_S	2	0	19	Other	Выражение не является вводным. Запятые не нужны: <suggestion>С тех пор как желе</suggestion>.	С тех пор как желе
L	800	После того как я вздремнул, взошла луна.
L	801	После того как, я вздремнул, взошла луна.
M	801	COMPLEX_SOUZ_PUNCT_START_S	3	0	17	Other	Выражение не является вводным. Запятые не нужны: <suggestion>После того как я</suggestion>.	После того как я
L	802	В то время как я вздремнул, взошла луна.
L	803	В то время как, я вздремнул, взошла луна.
M	803	COMPLEX_SOUZ_PUNCT_START_S	4	0	17	Other	Выражение не является вводным. Запятые не нужны: <suggestion>В то время как я</suggestion>.	В то время как я
L	804	По мере того как он ее слушал, насмешливая улыбка показывалась на его губах.
L	805	По мере того как, он ее слушал, насмешливая улыбка показывалась на его губах.
M	805	COMPLEX_SOUZ_PUNCT_START_S	5	0	20	Other	Выражение не является вводным. Запятые не нужны: <suggestion>По мере того как он</suggestion>.	По мере того как он
L	806	Перед тем как в стакан налить крутой кипяток, в него опускают ложку.
L	807	Перед тем как, в стакан налить крутой кипяток, в него опускают ложку.
M	807	COMPLEX_SOUZ_PUNCT_START_S	6	0	16	Other	Выражение не является вводным. Запятые не нужны: <suggestion>Перед тем как в</suggestion>.	Перед тем как в
L	808	Тем более что мыши являются переносчиком серьезных заболеваний.
L	809	Тем более что, мыши являются переносчиком серьезных заболеваний.
M	809	COMPLEX_SOUZ_PUNCT_START_S	7	0	19	Other	Выражение не является вводным. Запятые не нужны: <suggestion>Тем более что мыши</suggestion>.	Тем более что мыши
L	810	Это хвойное дерево, причём долго не гниющее в воде.
L	811	Это хвойное дерево, причём, долго не гниющее в воде.
M	811	COMPLEX_SOUZ_PUNCT_START_S	8	12	27	Other	Слово не является вводным. Запятые с двух сторон не нужны. В роли союза нужна только одна запятая.	дерево, причём
L	812	Тем не менее я вздремнул.
L	813	Тем не менее, несмотря на указанные сложности, ремонт оказался завершён.
L	814	Тем не менее, приняв пакет, секретарь не проставил дату в журнале.
L	815	Тем не менее,я вздремнул.
M	815	tem_ne_menee	1	0	13	Other	Если предложение начинается словами «тем не менее», они выступают в качестве союза, и запятая после них не ставится: <suggestion>Тем не менее</suggestion>.	Тем не менее
L	816	С тех пор как желе застыло, нужно его около часа подержать в холодильнике.
L	817	С тех пор, как желе застыло, нужно его около часа подержать в холодильнике.
M	817	COMPLEX_SOUZ_PUNCT	1	0	14	Other	Сложный союз в начале предложения. Запятые не нужны: <suggestion>С тех пор как</suggestion>.	С тех пор как
L	818	После того как я вздремнул, взошла луна.
L	819	После того, как я вздремнул, взошла луна.
M	819	COMPLEX_SOUZ_PUNCT	2	0	15	Other	Сложный союз в начале предложения. Запятые не нужны: <suggestion>После того как</suggestion>.	После того как
L	820	До того, как я вздремнул, взошла луна.
M	820	COMPLEX_SOUZ_PUNCT	2	0	12	Other	Сложный союз в начале предложения. Запятые не нужны: <suggestion>До того как</suggestion>.	До того как
L	821	В то время как я вздремнул, взошла луна.
L	822	В то время, как я вздремнул, взошла луна.
M	822	COMPLEX_SOUZ_NO_COMMA2	1	0	15	Other	Запятая обычно не ставится, но допустима: <suggestion>В то время как</suggestion>.	В то время как
L	823	По мере того как он ее слушал, насмешливая улыбка показывалась на его губах.
L	824	По мере того, как он ее слушал, насмешливая улыбка показывалась на его губах.
M	824	COMPLEX_SOUZ_PUNCT	4	0	17	Other	Сложный союз в начале предложения. Запятая обычно не ставится: <suggestion>По мере того как</suggestion>.	По мере того как
L	825	Тем более что мыши являются переносчиком серьезных заболеваний.
L	826	Тем более, что мыши являются переносчиком серьезных заболеваний.
L	827	В отличие от них эти методы могут работать.
L	828	В отличие от них, эти методы могут работать.
L	829	А вдруг это любовь.
L	830	А вдруг, это любовь?
M	830	A_VDRUG_NO_COMMA	1	0	8	Other	Запятая не нужна: <suggestion>А вдруг</suggestion>.	А вдруг
L	831	Тогда как мыши являются переносчиком серьезных заболеваний.
L	832	Тогда, как мыши являются переносчиком серьезных заболеваний.
M	832	COMPLEX_SOUZ_NO_COMMA	1	0	10	Other	Запятая не нужна: <suggestion>Тогда как</suggestion>.	Тогда как
L	833	Между тем как мыши являются переносчиком серьезных заболеваний.
L	834	А между тем, как сообщают журналисты, сегодня самый длинный день.
L	835	Между тем, как мыши являются переносчиком серьезных заболеваний.
M	835	COMPLEX_SOUZ_NO_COMMA	2	0	14	Other	Запятая не нужна: <suggestion>Между тем как</suggestion>.	Между тем как
L	836	Даже если мы с тобой не будем вместе.
L	837	Даже, если мы с тобой не будем вместе.
M	837	COMPLEX_SOUZ_NO_COMMA	3	0	10	Other	Запятая не нужна: <suggestion>Даже если</suggestion>.	Даже если
L	838	Сомневаться в существовании действительности мы можем, лишь когда не спим.
L	839	Сомневаться в существовании действительности мы можем, лишь, когда не спим.
M	839	COMPLEX_SOUZ_NO_COMMA	4	55	66	Other	Запятая не нужна: <suggestion>лишь когда</suggestion>.	лишь когда
L	840	В то время как мыши являются переносчиком серьезных заболеваний.
L	841	В то время, как мыши являются переносчиком серьезных заболеваний.
M	841	COMPLEX_SOUZ_NO_COMMA2	1	0	15	Other	Запятая обычно не ставится, но допустима: <suggestion>В то время как</suggestion>.	В то время как
L	842	Так что мыши являются переносчиком серьезных заболеваний.
L	843	Так, что мыши являются переносчиком серьезных заболеваний.
M	843	COMPLEX_SOUZ_NO_COMMA2	2	0	8	Other	Запятая не нужна: <suggestion>Так что</suggestion>.	Так что
L	844	В их семье мужчины скорее знали об хороших манерах, нежели владели ими.
L	845	Ну, пройдёт скорее даже три года, прежде чем нам разрешат читать.
L	846	В их семье мужчины скорее знали об изысканных манерах нежели владели ими.
M	846	Punct_skoree_chem	1	19	60	Other	Запятая нужна: <suggestion>скорее знали об изысканных манерах, нежели</suggestion>.	скорее знали об изысканных манерах, нежели
L	847	Да и это, собственно говоря, пустяки.
L	848	Да и это, собственно говоря пустяки.
M	848	Punct_sobstvenno_govorja	1	10	35	Other	Запятая нужна: <suggestion>собственно говоря, пустяки</suggestion>.	собственно говоря, пустяки
L	849	Да и это, собственно говоря, пустяки.
L	850	Да и это собственно говоря, пустяки.
M	850	Punct_sobstvenno_govorja	2	5	26	Other	Запятая нужна: <suggestion>это, собственно говоря</suggestion>.	это, собственно говоря
L	851	Да и это, надо полагать, пустяки.
L	852	Оно углядело многое в действиях организации, надо полагать нового.
L	853	Да и это, надо полагать пустяки.
M	853	Punct_nado_polagat	1	10	31	Other	Запятая нужна: <suggestion>надо полагать, пустяки</suggestion>.	надо полагать, пустяки
L	854	Да и это, надо полагать, пустяки.
L	855	Да и это надо полагать, пустяки.
M	855	Punct_nado_polagat	2	5	22	Other	Запятая нужна: <suggestion>это, надо полагать</suggestion>.	это, надо полагать
L	856	Да и это, с моей точки зрения, пустяки.
L	857	Да и это, с моей точки зрения пустяки.
M	857	Punct_tochki_zrenija	1	10	37	Other	Запятая нужна: <suggestion>с моей точки зрения, пустяки</suggestion>.	с моей точки зрения, пустяки
L	858	Да и это, с моей точки зрения, пустяки.
L	859	Да и это с моей точки зрения, пустяки.
M	859	Punct_tochki_zrenija	2	5	28	Other	Запятая нужна: <suggestion>это, с моей точки зрения</suggestion>.	это, с моей точки зрения
L	860	Работа была сделана совсем как попало.
L	861	Работа была сделана совсем, как попало.
M	861	NO_KAK_POPALO	1	26	38	Other	Запятая не нужна: <suggestion> как попало</suggestion>.	 как попало
L	862	Ни что не идеально.
M	862	NI_CHTO_NE	1	0	9	Other	Оборот: <suggestion>ничто не</suggestion>.	Ничто не
L	863	Работа была сделана не иначе как полностью.
L	864	Это не то, что ты думаешь.
L	865	Работа была сделана не иначе, как полностью.
M	865	NO_NE_TO_CHTO	1	20	33	Other	Запятая не нужна: <suggestion>не иначе как</suggestion>.	не иначе как
L	866	Как сделать так, чтобы выходные длились дольше.
L	867	Работа была сделана не так чтобы полностью.
L	868	Работа была сделана не так, чтобы полностью.
M	868	NO_NE_TO_CHTO	2	20	33	Other	Запятая не нужна: <suggestion>не так чтобы</suggestion>.	не так чтобы
L	869	Как сделать так, чтобы выходные длились дольше.
L	870	Как сделать так чтобы выходные длились дольше.
M	870	NO_NE_TO_CHTO	3	4	21	Other	Нужна запятая: <suggestion>сделать так, чтобы</suggestion>.	сделать так, чтобы
L	871	И то и сё.
L	872	И то, и сё.
M	872	I_TO_I_SE	1	0	10	Other	Запятая не нужна: <suggestion>И то и сё</suggestion>.	И то и сё
L	873	И то, и то.
M	873	I_TO_I_SE	1	0	10	Other	Запятая не нужна: <suggestion>И то и то</suggestion>.	И то и то
L	874	Он проснулся ни свет ни заря
L	875	Он проснулся ни свет, ни заря.
M	875	I_TO_I_SE	2	13	29	Other	Запятая не нужна: <suggestion>ни свет ни заря</suggestion>.	ни свет ни заря
L	876	И так и сяк.
L	877	И так и этак.
L	878	И так, и сяк.
M	878	I_TO_I_SE	3	0	12	Other	Запятая не нужна: <suggestion>И так и сяк</suggestion>.	И так и сяк
L	879	И так, и этак.
M	879	I_TO_I_SE	3	0	13	Other	Запятая не нужна: <suggestion>И так и этак</suggestion>.	И так и этак
L	880	Все как на подбор, с ними дядька черномор.
L	881	Все, как на подбор, с ними дядька черномор.
M	881	VSE_KAK_NA_PODBOR	1	0	18	Other	Запятая не нужна: <suggestion>Все как на подбор</suggestion>.	Все как на подбор
L	882	Он дрожит как осиновый лист.
L	883	Он дрожит, как осиновый лист.
M	883	VSE_KAK_NA_PODBOR	2	3	28	Other	Запятая не нужна: <suggestion>дрожит как осиновый лист</suggestion>.	дрожит как осиновый лист
L	884	Тарелка блестела как зеркало.
L	885	Тарелка блестела, как зеркало.
M	885	VSE_KAK_NA_PODBOR	3	8	29	Other	Запятая не нужна: <suggestion>блестела как зеркало</suggestion>.	блестела как зеркало
L	886	Он седой, как лунь.
M	886	VSE_KAK_NA_PODBOR	4	3	18	Other	Запятая не нужна: <suggestion>седой как лунь</suggestion>.	седой как лунь
L	887	Трамвай остановился, как вкопанный.
M	887	VSE_KAK_NA_PODBOR	5	8	34	Other	Запятая не нужна: <suggestion>остановился как вкопанный</suggestion>.	остановился как вкопанный
L	888	Она вертелась, как белка в колесе.
M	888	VSE_KAK_NA_PODBOR	6	4	33	Other	Запятая не нужна: <suggestion>вертелась как белка в колесе</suggestion>.	вертелась как белка в колесе
L	889	Она каталась, как сыр в масле.
M	889	VSE_KAK_NA_PODBOR	7	4	29	Other	Запятая не нужна: <suggestion>каталась как сыр в масле</suggestion>.	каталась как сыр в масле
L	890	Она голодный, как волк.
M	890	VSE_KAK_NA_PODBOR	8	4	22	Other	Запятая не нужна: <suggestion>голодный как волк</suggestion>.	голодный как волк
L	891	Он идёт, как на казнь.
M	891	VSE_KAK_NA_PODBOR	9	3	21	Other	Запятая не нужна: <suggestion>идёт как на казнь</suggestion>.	идёт как на казнь
L	892	Машина летела, как стрела.
M	892	VSE_KAK_NA_PODBOR	10	7	25	Other	Запятая не нужна: <suggestion>летела как стрела</suggestion>.	летела как стрела
L	893	Банщик был красный, как рак.
M	893	VSE_KAK_NA_PODBOR	11	11	27	Other	Запятая не нужна: <suggestion>красный как рак</suggestion>.	красный как рак
L	894	Она знает математику, как свои пять пальцев.
M	894	VSE_KAK_NA_PODBOR	12	4	43	Other	Запятая не нужна: <suggestion>знает математику как свои пять пальцев</suggestion>.	знает математику как свои пять пальцев
L	895	Она сидела, как на иголках.
M	895	VSE_KAK_NA_PODBOR	13	4	26	Other	Запятая не нужна: <suggestion>сидела как на иголках</suggestion>.	сидела как на иголках
L	896	Он был гол, как сокол.
M	896	VSE_KAK_NA_PODBOR	14	7	21	Other	Запятая не нужна: <suggestion>гол как сокол</suggestion>.	гол как сокол
L	897	Чувствуйте себя, как дома!
M	897	VSE_KAK_NA_PODBOR	15	0	25	Other	Запятая не нужна: <suggestion>Чувствуйте себя как дома</suggestion>.	Чувствуйте себя как дома
L	898	Он нужен как воздух.
L	899	Он нужен, как воздух.
M	899	VSE_KAK_NA_PODBOR	16	3	20	Other	Запятая не нужна: <suggestion>нужен как воздух</suggestion>.	нужен как воздух
L	900	Она пристала, как с ножом к горлу.
M	900	VSE_KAK_NA_PODBOR	17	4	33	Other	Запятая не нужна: <suggestion>пристала как с ножом к горлу</suggestion>.	пристала как с ножом к горлу
L	901	Вдруг он опустил дуло пистолета и, побледнев, как полотно, повернулся к своему секунданту.
M	901	VSE_KAK_NA_PODBOR	18	35	57	Other	Запятая не нужна: <suggestion>побледнев как полотно</suggestion>.	побледнев как полотно
L	902	Она упала, как снег на голову.
M	902	VSE_KAK_NA_PODBOR	19	4	29	Other	Запятая не нужна: <suggestion>упала как снег на голову</suggestion>.	упала как снег на голову
L	903	Дождь лил, как из ведра.
M	903	VSE_KAK_NA_PODBOR	20	6	23	Other	Запятая не нужна: <suggestion>лил как из ведра</suggestion>.	лил как из ведра
L	904	Сомнения развеялись, как дым.
M	904	VSE_KAK_NA_PODBOR	21	9	28	Other	Запятая не нужна: <suggestion>развеялись как дым</suggestion>.	развеялись как дым
L	905	Он упал как подкошенный.
L	906	Он упал, как подкошенный.
M	906	VSE_KAK_NA_PODBOR	22	3	24	Other	Запятая не нужна: <suggestion>упал как подкошенный</suggestion>.	упал как подкошенный
L	907	Туман развеялся как дым.
L	908	Туман развеялся, как дым.
M	908	VSE_KAK_NA_PODBOR	21	6	24	Other	Запятая не нужна: <suggestion>развеялся как дым</suggestion>.	развеялся как дым
L	909	ударил, как обухом по голове.
M	909	VSE_KAK_NA_PODBOR	24	0	28	Other	Запятая не нужна: <suggestion>ударил как обухом по голове</suggestion>.	ударил как обухом по голове
L	910	Он ходил, как в воду опущенный.
M	910	VSE_KAK_NA_PODBOR	25	3	30	Other	Запятая не нужна: <suggestion>ходил как в воду опущенный</suggestion>.	ходил как в воду опущенный
L	911	Он упрям как осёл.
L	912	Он упрям, как осёл.
M	912	VSE_KAK_NA_PODBOR	26	3	18	Other	Запятая не нужна: <suggestion>упрям как осёл</suggestion>.	упрям как осёл
L	913	Не уж то ты побрился.
M	913	NEUJTO	1	0	8	Other	Пишется слитно: <suggestion>Неужто</suggestion>	Неужто
L	914	Неужто ты побрился.
L	915	Ещё неизвестно, кто победил, совсем неивестно.
M	915	MORFOLOGIK_RULE_RU_RU		36	45	UnknownWord	Возможно найдена орфографическая ошибка.	неизвестно
L	916	Неизвестно кто победил на соревнованиях, неизвестный спортсмен.
L	917	До сих пор неизвестно, кто организовал нападение.
L	918	Было непонятно, где всё это он раздобыл.
L	919	Совершенно непонятно, кто и зачем создал это.
L	920	На соревнованиях победил неизвестно, кто.
L	921	Всё равно кто выполнит задание.
L	922	Выполнит задание всё равно кто.
L	923	Выполнит задание всё равно, кто.
L	924	Он не нашёлся что ответить.
L	925	Я найду куда обратиться.
L	926	Ему есть чем заняться.
L	927	Я не нахожу что сказать.
L	928	Он не нашёлся, что ответить.
M	928	EST_CHEM_ZANJATSA	1	6	27	Other	Запятая не нужна: <suggestion>нашёлся что ответить</suggestion>.	нашёлся что ответить
L	929	Ему было о чём подумать.
L	930	Ему было, о чём подумать.
M	930	EST_CHEM_ZANJATSA	2	4	24	Other	Запятая не нужна: <suggestion>было о чём подумать</suggestion>.	было о чём подумать
L	931	Чтобы полететь на луну нужен корабль.
M	931	Comma_Chtobi_2VERB	1	0	28	Other	Требуется запятая до конца предложения.	
L	932	Чтобы полететь на луну, нужен корабль.
L	933	Чтобы закончить раньше (если вы не хотите).
L	934	Иван принесите ведёрко.
M	934	PUNCT_OBR	1	0	14	Other	Запятая при обращении: <suggestion>Иван, принесите</suggestion>	Иван, принесите
L	935	Иван принеси ведёрко.
M	935	PUNCT_OBR	1	0	12	Other	Запятая при обращении: <suggestion>Иван, принеси</suggestion>	Иван, принеси
L	936	Иван, принеси ведёрко.
L	937	На помощь Сергею пришли обычные горожане.
L	938	Сейчас я иду домой.
L	939	Ильин день у православных.
L	940	cказано сделано
M	940	Punct_skazano_sdelano	1	0	15	Other	Пропущено тире: <suggestion>cказано – сделано</suggestion>.	cказано – сделано
L	941	Сказано – сделано!
L	942	60 % и 70 %
M	942	TYPOGRAF_SYMBOL	1	0	11	Other	Знаки набирают только перед рядом чисел или после него, без постановки у каждого числа в числовом ряду: <suggestion>60 и 70 %</suggestion>	60 и 70 %
L	943	60 и 70 %
L	944	60 °, 70 °
M	944	TYPOGRAF_SYMBOL	2	0	10	Other	Знаки набирают только перед рядом чисел или после него, без постановки у каждого числа в числовом ряду: <suggestion>60, 70°</suggestion>	60, 70°
L	945	60, 70°
L	946	§ 5 и § 6
M	946	TYPOGRAF_SYMBOL	3	0	9	Other	Знаки набирают только перед рядом чисел или после него, без постановки у каждого числа в числовом ряду: <suggestion>§ 5 и 6</suggestion>	§ 5 и 6
L	947	§ 5 и 6
L	948	№ 5 и № 6
M	948	TYPOGRAF_SYMBOL	4	0	9	Other	Знаки набирают только перед рядом чисел или после него, без постановки у каждого числа в числовом ряду: <suggestion>№ 5 и 6</suggestion>	№ 5 и 6
L	949	№ 5 и 6
L	950	№ 5, № 6
M	950	TYPOGRAF_SYMBOL	5	0	8	Other	Знаки набирают только перед рядом чисел или после него, без постановки у каждого числа в числовом ряду: <suggestion>№ 5, 6</suggestion>	№ 5, 6
L	951	№ 5, 6
L	952	«Цыганы» мои не продаются вовсе», — сетовал Пушкин.
L	953	««Цыганы» мои не продаются вовсе», — сетовал Пушкин.
M	953	DOUBL_KAVITCHKI	1	0	2	Other	Кавычки не соответствуют нормам типографики. Кавычки одного рисунка рядом не повторяются: <suggestion>«</suggestion>.	«
L	954	«Цыганы» мои не продаются вовсе», — сетовал Пушкин.
L	955	«Цыганы»» мои не продаются вовсе», — сетовал Пушкин.
M	955	DOUBL_KAVITCHKI	2	7	9	Other	Кавычки не соответствуют нормам типографики. Кавычки одного рисунка рядом не повторяются: <suggestion>»</suggestion>.	»
L	956	P.S.
L	957	P. S.
M	957	postscriptum	1	0	5	Other	«P.S.» пробелом не разделяется: <suggestion>P.S.</suggestion>	P.S.
L	958	Газета „Правда”.
M	958	RU_UNPAIRED_BRACKETS		7	8	Other	Непарный символ: «“» скорей всего пропущен	
M	958	RU_UNPAIRED_BRACKETS		14	15	Other	Непарный символ: «“» скорей всего пропущен	
L	959	Газета “Правда”.
L	960	Продолжение следует…
L	961	Продолжение следует...
L	962	Продолжение следует?!
L	963	Продолжение следует?!!
M	963	Wrong_group_punct	1	19	22	Other	Неправильное сочетание знаков препинания. Возможная замена: <suggestion>?!</suggestion>	?!
L	964	Продолжение следует?!
L	965	Продолжение следует!?
M	965	Wrong_group_punct	2	19	21	Other	Неправильное сочетание знаков препинания. Возможная замена: <suggestion>?!</suggestion>	?!
L	966	Продолжение следует?
L	967	Продолжение следует?.
M	967	Wrong_group_punct	3	19	21	Other	Неправильное сочетание знаков препинания. Возможная замена: <suggestion>?</suggestion>	?
L	968	В основе сюжета - дальнейшие приключения центрального персонажа «Двенадцати стульев» Остапа Бендера.
L	969	В основе сюжета — дальнейшие приключения центрального персонажа «Двенадцати стульев» Остапа Бендера.
L	970	Газета «Правда»: "У нас опубликована сенсационная статья"!
L	971	У нас опубликована сенсационная ;) статья.
M	971	Punct_and_spaces	1	19	33	Other	Перед знаками препинания не должно быть пробела: <suggestion>сенсационная;</suggestion>	сенсационная;
L	972	(1989—)
L	973	Газета «Правда:» "У нас опубликована сенсационная статья"!
M	973	PUNKT_KAVITCHKI	1	14	16	Other	Знаки препинания должны стоять после закрывающихся кавычек или скобок: <suggestion>»:</suggestion>	»:
L	974	В доме есть 2-х комнатные квартиры.
M	974	Digit_comnatnaja	1	12	25	Other	Неправильное словообразование. Должно быть: <suggestion>2‑комнатные</suggestion>	2‑комнатные
L	975	План должен быть выполнен к 6-му сентября.
L	976	План должен быть выполнен к 7‑му сентября.
L	977	Высота этой горы 345,2 м.
L	978	План должен быть выполнен к 6му сентября.
M	978	Digit_defis_letter	1	28	31	Other	Пропущен дефис. Должно быть: <suggestion>6‑му</suggestion>	6‑му
L	979	План должен быть выполнен к 6-му сентября.
L	980	Чемпионка мира в эстафете 4 х 7,5 км.
L	981	План должен быть выполнен к 6 му сентября.
M	981	Digit_defis_letter	2	28	32	Other	Пропущен дефис. Должно быть: <suggestion>6-му</suggestion>	6-му
L	982	LanguageTool предоставляет проверку грамматики, стиля и орфографии.только вставьте текст сюда.
M	982	LC_AFTER_PERIOD_RU	1	67	73	Other	Поставьте пробел после точки, но если пропущено начало предложения, то пишите следующее слово с большой буквы:<suggestion> Только</suggestion> или <suggestion> только</suggestion>	 Только| только
L	983	Случай (а) исходных параметров для построения линий потока энергии (б) пороговый угол уменьшен в 2 раза, минимальная длина отрезка в 10 раз.
L	984	Случай (а) исходных параметров для построения линий потока энергии, (б) пороговый угол уменьшен в 2 раза, минимальная длина отрезка в 10 раз.
L	985	Случай а) исходных параметров для построения линий потока энергии б) пороговый угол уменьшен в 2 раза, минимальная длина отрезка в 10 раз.
L	986	Случай а) исходных параметров для построения линий потока энергии, б) пороговый угол уменьшен в 2 раза, минимальная длина отрезка в 10 раз.
L	987	В коробке лежало пять карандаша.
M	987	Sklonenije_NUM_NN	1	17	31	Other	Числительное не согласуется с существительным по падежу: <suggestion>пять карандашей</suggestion>.	пять карандашей
L	988	В коробке лежало пять карандашей.
L	989	Это позволило в несколько раз расширить диапазон длин волн.
L	990	Численность рабочих уменьшилась в пять раз.
L	991	Новая машина займёт много места.
L	992	Я просыпаюсь в шесть утра.
L	993	К сожалению, дней через пять минимум.
L	994	В коробке лежал один карандаша.
M	994	Sklonenije_NUM_NN	2	16	30	Other	Числительное не согласуется с существительным по падежу: <suggestion>один карандаш</suggestion>.	один карандаш
L	995	В коробке лежал один карандаш.
L	996	Ты не должен столько есть за один раз.
L	997	В нём метр девяносто один росту.
L	998	В коробке лежало три карандаш.
M	998	Sklonenije_NUM_NN	3	17	29	Other	Числительное не согласуется с существительным по падежу: <suggestion>три карандаша</suggestion>.	три карандаша
L	999	В коробке лежало два карандаша.
L	1000	Однако дворец был возрождён за два года.
L	1001	К сожалению, дня через два минимум.
L	1002	Мне нужна дощечка дюйма три толщиной
L	1003	Склонять числительные можно сто двадцать пятью способами, но только один из них правильный.
M	1003	Sklonenije_chislitelnih	1	28	46	Other	При склонении количественных имён числительных изменяются все слова и все части сложных слов: <suggestion>ста двадцатью пятью</suggestion>.	ста двадцатью пятью
L	1004	Склонять числительные можно ста двадцатью пятью способами, но только один из них правильный.
L	1005	Склонять числительные можно сто двадцатью пятью способами, но только один из них правильный.
M	1005	Sklonenije_chislitelnih	2	28	47	Other	При склонении количественных имён числительных изменяются все слова и все части сложных слов: <suggestion>ста двадцатью пятью</suggestion>.	ста двадцатью пятью
L	1006	Склонять числительные можно ста двадцатью пятью способами, но только один из них правильный.
L	1007	Склонять числительные можно ста двадцать пятью способами, но только один из них правильный.
M	1007	Sklonenije_chislitelnih	3	28	46	Other	При склонении количественных имён числительных изменяются все слова и все части сложных слов: <suggestion>ста двадцатью пятью</suggestion>.	ста двадцатью пятью
L	1008	Склонять числительные можно ста двадцатью пятью способами, но только один из них правильный.
L	1009	Склонять числительные можно двадцать пятью способами, но только один из них правильный.
M	1009	Sklonenije_chislitelnih	4	28	42	Other	При склонении количественных имён числительных изменяются все слова и все части сложных слов: <suggestion>двадцатью пятью</suggestion>.	двадцатью пятью
L	1010	Склонять числительные можно двадцатью пятью способами, но только один из них правильный.
L	1011	Способ номер ста двадцати пять.
M	1011	Sklonenije_chislitelnih	5	13	30	Other	При склонении количественных имён числительных изменяются все слова и все части сложных слов: <suggestion>сто двадцать пять</suggestion>.	сто двадцать пять
L	1012	сто двадцать пять
M	1012	UPPERCASE_SENTENCE_START		0	3	Other	Это предложение не начинается с заглавной буквы.	Сто
L	1013	Способ номер сто двадцати пять.
M	1013	Sklonenije_chislitelnih	6	13	30	Other	При склонении количественных имён числительных изменяются все слова и все части сложных слов: <suggestion>сто двадцать пять</suggestion>.	сто двадцать пять
L	1014	сто двадцать пять
M	1014	UPPERCASE_SENTENCE_START		0	3	Other	Это предложение не начинается с заглавной буквы.	Сто
L	1015	Способ номер ста двадцать пять.
M	1015	Sklonenije_chislitelnih	7	13	30	Other	При склонении количественных имён числительных изменяются все слова и все части сложных слов: <suggestion>сто двадцать пять</suggestion>.	сто двадцать пять
L	1016	сто двадцать пять
M	1016	UPPERCASE_SENTENCE_START		0	3	Other	Это предложение не начинается с заглавной буквы.	Сто
L	1017	Способ номер двадцатью пять.
M	1017	Sklonenije_chislitelnih	8	13	27	Other	При склонении количественных имён числительных изменяются все слова и все части сложных слов: <suggestion>двадцать пять</suggestion>.	двадцать пять
L	1018	Способ номер двадцати пять.
M	1018	Sklonenije_chislitelnih	8	13	26	Other	При склонении количественных имён числительных изменяются все слова и все части сложных слов: <suggestion>двадцать пять</suggestion>.	двадцать пять
L	1019	Способ номер двадцать пять.
L	1020	Школа начинается без двадцати девять.
L	1021	Скорость машины составляла около сто двадцать пяти километров в час.
M	1021	Sklonenije_chislitelnih	9	33	50	Other	При склонении количественных имён числительных изменяются все слова и все части сложных слов: <suggestion>ста двадцати пяти</suggestion>.	ста двадцати пяти
L	1022	ста двадцати пяти
M	1022	UPPERCASE_SENTENCE_START		0	3	Other	Это предложение не начинается с заглавной буквы.	Ста
L	1023	Скорость машины составляла около ста двадцать пяти километров в час.
M	1023	Sklonenije_chislitelnih	10	33	50	Other	При склонении количественных имён числительных изменяются все слова и все части сложных слов: <suggestion>ста двадцати пяти</suggestion>.	ста двадцати пяти
L	1024	ста двадцати пяти
M	1024	UPPERCASE_SENTENCE_START		0	3	Other	Это предложение не начинается с заглавной буквы.	Ста
L	1025	Скорость машины составляла около сто двадцати пяти километров в час.
M	1025	Sklonenije_chislitelnih	11	33	50	Other	При склонении количественных имён числительных изменяются все слова и все части сложных слов: <suggestion>ста двадцати пяти</suggestion>.	ста двадцати пяти
L	1026	ста двадцати пяти
M	1026	UPPERCASE_SENTENCE_START		0	3	Other	Это предложение не начинается с заглавной буквы.	Ста
L	1027	Скорость машины составляла около двадцать пяти километров в час.
M	1027	Sklonenije_chislitelnih	12	33	46	Other	При склонении количественных имён числительных изменяются все слова и все части сложных слов: <suggestion>двадцати пяти</suggestion>.	двадцати пяти
L	1028	двадцати пяти
M	1028	UPPERCASE_SENTENCE_START		0	8	Other	Это предложение не начинается с заглавной буквы.	Двадцати
L	1029	Я хотел сказать о том, то что будет.
M	1029	grammar_o_tom_to_chto	1	16	29	Other	Лишний предлог: <suggestion>о том, что</suggestion>.	о том, что
L	1030	Я хотел сказать о том, что будет.
L	1031	Идя по улице, у меня развязался шнурок.
M	1031	grammar_coordination_of_verbal_participle_phrases	1	0	20	Other	Грамматическая ошибка: замените деепричастие глаголом в прошедшем времени.	Когда я шла по улице, у меня|Когда я шёл по улице, у меня
L	1032	Всякий раз, как я вижу, как плачет моя дочь, у меня сердце кровью обливается.
L	1033	Когда я шёл по улице, у меня развязался шнурок.
L	1034	Героиня пьесы, она стремилась к лучшей жизни.
M	1034	grammar_Duplication_by_the_pronoun_of_the_noun-subject	1	0	29	Other	Грамматическая ошибка. Дублирование местоимением существительного-подлежащего: <suggestion>Героиня пьесы стремилась</suggestion>.	Героиня пьесы стремилась
L	1035	Героиня пьесы стремилась к лучшей жизни.
L	1036	Эта героиня выступала, она стремилась показать себя с лучшей стороны.
L	1037	У разных агентств разные критерии того, кого считать пользователем она.
L	1038	Понимая, что его дни сочтены, он пытался решить проблему.
L	1039	Как персонификация леса, он может принимать самые различные образы.
L	1040	Наше резервирование ещё раз подтвердили в администрации здания, оно продолжает действовать.
L	1041	А все ли ошибка найдены?
M	1041	grammar_vse_li_noun	1	2	15	Other	Грамматическая ошибка, требуется множественное число: <suggestion>все ли ошибки</suggestion>.	все ли ошибки
L	1042	А все ли ошибки найдены?
L	1043	более умнее
M	1043	grammar_bolee_interesnee	1	0	11	Other	Грамматическая ошибка: <suggestion>более умная</suggestion>, <suggestion>более умное</suggestion>, <suggestion>более умные</suggestion>, <suggestion>более умный</suggestion>.	более умная|более умное|более умные|более умный
L	1044	более интересный
M	1044	UPPERCASE_SENTENCE_START		0	5	Other	Это предложение не начинается с заглавной буквы.	Более
L	1045	умнее
L	1046	Мальчик немного бледноват.
M	1046	grammar_nemnogo_blednovat	1	8	25	Other	Грамматическая ошибка: <suggestion>бледноват</suggestion>.	бледноват
L	1047	Мальчик немного бледный.
L	1048	Мальчик бледноват
L	1049	Он просил прощение.
M	1049	prosit_proshenija	1	3	18	Other	Правильно: <suggestion>просил прощения</suggestion>.	просил прощения
L	1050	В связи с событие.
M	1050	v_svjazi_s	1	0	17	Other	После словосочетания: «в связи с» необходим творительный падеж: <suggestion>В связи с событием</suggestion>, <suggestion>В связи с событьем</suggestion>	В связи с событием|В связи с событьем
L	1051	В связи с событием.
L	1052	В связи с это событием.
M	1052	v_svjazi_s	2	0	13	Other	После словосочетания: «в связи с» необходим творительный падеж: <suggestion>В связи с этим</suggestion>	В связи с этим
L	1053	В связи с этим событием.
L	1054	Он постоянно находился в контакте с разработчик.
M	1054	v_kontakte_s	1	23	47	Other	После словосочетания: «в контакте с» необходим творительный падеж: <suggestion>в контакте с разработчиком</suggestion>	в контакте с разработчиком
L	1055	Он постоянно находился в контакте с разработчиком.
L	1056	Дыню нельзя употреблять в сочетании с молока.
M	1056	v_sochetanii_s	1	24	44	Other	После словосочетания: «в сочетании с» необходим творительный падеж: <suggestion>в сочетании с молоком</suggestion>	в сочетании с молоком
L	1057	Дыню нельзя употреблять в сочетании с молоком.
L	1058	Но в сравнении со скорость света, скорость: «Пионера» выглядит просто черепашьей.
M	1058	v_sravnenii_s	1	3	26	Other	После словосочетания: «в контакте с» необходим творительный падеж: <suggestion>в сравнении со скоростью</suggestion>	в сравнении со скоростью
L	1059	Но в сравнении со скоростью света, скорость: «Пионера» выглядит просто черепашьей.
L	1060	Лететь наравне с облаках.
M	1060	naravne_s	1	7	24	Other	После словосочетания: «наравне с» необходим творительный падеж: <suggestion>наравне с облаками</suggestion>	наравне с облаками
L	1061	Лететь наравне с облаками.
L	1062	Это вступает в противоречие с правил.
M	1062	grammar_v_protivorechii_s	1	13	36	Other	Грамматическая ошибка: <suggestion>в противоречие с правилами</suggestion>.	в противоречие с правилами
L	1063	Это вступает в противоречие с правилами.
L	1064	Скучаю за другом.
M	1064	skuchat_za	1	0	9	Other	Скорей всего требуется предлог «о» или «по».	
L	1065	Скучаю по другу.
L	1066	Оплатить за проезд.
M	1066	Upotreblenije_predlogov	3	0	11	Other	Оплатить что-то, а не за что-то. Вы имели в виду <suggestion>оплатить</suggestion>?	Оплатить
L	1067	Оплатить товар за евро.
M	1067	oplachivat_prep	1	0	17	Other	Предлог не нужен.	
L	1068	Оплачивать проезд.
L	1069	Счёт должен быть оплачен к первому числу следующего месяца.
L	1070	Покупатель оплачивает товар на условиях, предусмотренных настоящим договором.
L	1071	Оплатить по карте.
M	1071	oplachivat_prep	2	0	17	Other	Предлог не нужен: <suggestion>Оплатить картой</suggestion>, <suggestion>Оплатить картою</suggestion>	Оплатить картой|Оплатить картою
L	1072	Оплачивать картой.
L	1073	Я сожалею это.
M	1073	sojalet_ob_etom	1	2	13	Other	Необходим предлог «об»: <suggestion>сожалею об этом</suggestion>	сожалею об этом
L	1074	сожалеть об этом
M	1074	UPPERCASE_SENTENCE_START		0	8	Other	Это предложение не начинается с заглавной буквы.	Сожалеть
L	1075	Кто бы мог подтвердить об этом?
M	1075	sojalet_ob_etom	2	11	30	Other	Предлог «об» не нужен: <suggestion>подтвердить это</suggestion>	подтвердить это
L	1076	Тренер ругал на футболиста.
M	1076	rugat_rugatsja	1	7	15	Other	Предлог не нужен.	
L	1077	Тренер ругал футболиста.
L	1078	Тренер ругался на футболиста.
M	1078	rugat_rugatsja	2	7	17	Other	В данном контексте предлог «на» недопустим. Возможная замена – использовать предлог «с/со» или глагол «ругать» без предлога.	
L	1079	Тренер ругался с футболистом.
L	1080	Я удивляюсь на тебя.
M	1080	udivlyatsja_na	1	2	14	Other	В данном контексте предлог «на» недопустим.	
L	1081	Я тебе удивляюсь.
L	1082	Комментатор взял с гостя интервью.
M	1082	vzjat_s_nego_interview	1	12	33	Other	Вместо предлога «с» необходим «у»: <suggestion>взял у гостя интервью</suggestion>	взял у гостя интервью
L	1083	Комментатор взял с гостя в студии интервью.
M	1083	vzjat_s_nego_interview	1	12	42	Other	Вместо предлога «с» необходим «у»: <suggestion>взял у гостя в студии интервью</suggestion>	взял у гостя в студии интервью
L	1084	Комментатор взял у гостя интервью.
L	1085	Он знал цену слова.
M	1085	znat_cenu	1	3	18	Other	Грамматическая ошибка: <suggestion>знал цену слову</suggestion>.	знал цену слову
L	1086	Он знал цену слову.
L	1087	Она знала цену своей красоты.
M	1087	znat_cenu	2	4	28	Other	Грамматическая ошибка: <suggestion>знала цену своей красоте</suggestion>.	знала цену своей красоте
L	1088	Она знала цену своей красоте.
L	1089	Он ведёт себя сообразно взглядов общества.
M	1089	grammar_soobrazno_dat	1	14	32	Other	Требуется дательный падеж: <suggestion>сообразно взглядам</suggestion>.	сообразно взглядам
L	1090	Он ведёт себя сообразно взглядам.
L	1091	Отпуск предоставляется в соответствии графику.
M	1091	grammar_v_sootvetstvii	1	23	45	Other	Грамматическая ошибка: <suggestion>в соответствии с графиком</suggestion>.	в соответствии с графиком
L	1092	Отпуск предоставляется в соответствии с графиком.
L	1093	уверенность в силы.
M	1093	grammar_uverennost_v	1	0	18	Other	Грамматическая ошибка: <suggestion>уверенность в силах</suggestion>.	уверенность в силах
L	1094	уверенность в силах
M	1094	UPPERCASE_SENTENCE_START		0	11	Other	Это предложение не начинается с заглавной буквы.	Уверенность
L	1095	Тоска по доме.
M	1095	toska_toskovat	1	0	13	Other	Грамматическая ошибка: <suggestion>Тоска по дому</suggestion>.	Тоска по дому
L	1096	Тоска по дому.
L	1097	Тосковать по доме.
M	1097	toska_toskovat	2	0	17	Other	Грамматическая ошибка: <suggestion>Тосковать по дому</suggestion>.	Тосковать по дому
L	1098	Тосковать по дому.
L	1099	Я пошёл речке.
M	1099	grammar_poshel_k	1	2	13	Other	Возможно пропущен предлог или существительное стоит в неправильном падеже.	
L	1100	Я пошёл к речке.
L	1101	Дело в том, что функции Риккати-Бесселя могут быть записаны в виде обратной рекуррентной последовательности с хорошей сходимостью для более широкого диапазона аргументов по сравнению сферическими функциями Бесселя следующим образом:
M	1101	grammar_po_sravneniju_s	1	170	195	Other	Пропущен предлог.	
L	1102	Дело в том, что функции Риккати-Бесселя могут быть записаны в виде обратной рекуррентной последовательности с хорошей сходимостью для более широкого диапазона аргументов по сравнению со сферическими функциями Бесселя следующим образом:
L	1103	моё отношение
M	1103	UPPERCASE_SENTENCE_START		0	3	Other	Это предложение не начинается с заглавной буквы.	Моё
L	1104	Сама кашу заварила, сама и расхлёбывай.
L	1105	Тем самым предложение обособляется.
L	1106	В простом курятнике моём Пшена мы с вами поклюём.
L	1107	Положив тем самым основы коалиции.
L	1108	моему отношение
M	1108	Unify_PADJ_NN_case	1	0	15	Other	Притяжательное прилагательное (местоимение) не согласуется с существительным по падежу.	моё отношение
L	1109	моё отношение
M	1109	UPPERCASE_SENTENCE_START		0	3	Other	Это предложение не начинается с заглавной буквы.	Моё
L	1110	Он сам же тот пенальти реализовал.
L	1111	Сама кашу заварила, сама и расхлёбывай.
L	1112	Тем самым предложение обособляется.
L	1113	Это ваша супруга?
L	1114	Он каждые полчаса бежит в лабораторию.
L	1115	Ваш второй ребёнок — мальчик?
L	1116	моей отношение
M	1116	Unify_PADJ_NN_gender	1	0	14	Other	Притяжательное прилагательное (местоимение) не согласуется с существительным по роду.	моё отношение
L	1117	это отношение
M	1117	UPPERCASE_SENTENCE_START		0	3	Other	Это предложение не начинается с заглавной буквы.	Это
L	1118	Он путешествовал каких-нибудь месяца два.
L	1119	Он каждые полчаса бежит в лабораторию.
L	1120	Два ваших товарища.
L	1121	Родоначальником собаки кто считает волка, кто шакала, а некоторые — оба эти вида (иногда к ним добавляют койота).
L	1122	Сама кашу заварила, сама и расхлёбывай.
L	1123	Мои дедушка с бабушкой родились в прошлом веке.
L	1124	Тем самым предложение обособляется.
L	1125	Унёс свои тело и душу.
L	1126	эти отношение
M	1126	Unify_PADJ_NN_number	1	0	13	Other	Притяжательное прилагательное (местоимение) не согласуется с существительным по числу.	это отношение
L	1127	Крепкие столы.
L	1128	Серый зол.
L	1129	Всё необходимое накопитель получает от шины USB.
L	1130	Эти добрые полчаса.
L	1131	Контактный тел.
L	1132	Суеверие — это религия слабых духом.
L	1133	Счастливые часов не наблюдают.
L	1134	Смелого пуля боится.
L	1135	За два своих предыдущих боя заработал больше.
L	1136	Как на среднем, так и на высшем уровнях.
L	1137	Сегодня откроются 3 дополнительных офиса.
L	1138	Проверь, что у них одинаковые род/число/падеж.
L	1139	на месте нынешних Манитобы, Дакоты и Миннесоты.
M	1139	UPPERCASE_SENTENCE_START		0	2	Other	Это предложение не начинается с заглавной буквы.	На
L	1140	К середине XIX века были открыты 63 химических элемента, и попытки найти закономерности в этом наборе предпринимались неоднократно.
L	1141	Быть умным Николаю мешала лень.
L	1142	Делала политически невозможной отмену единожды данных им законом прав.
L	1143	Этот экспорт, полностью подконтрольный правительствам стран мира, стремительно рос.
L	1144	Нам объявят необходимым запрет на спиртное.
L	1145	Нам объявят необходимыми игры на свежем воздухе.
L	1146	Для оставшихся неготовыми лодок соорудили бокс.
L	1147	Для оставшейся неготовой лодки соорудили бокс.
L	1148	Умные уже тут.
L	1149	Мы чужие друг другу.
L	1150	Белый стул.
L	1151	Вы должны помочь мне!
L	1152	Больных гриппом просим не входить.
L	1153	Если загорелся зелёный машинам, то можно ехать.
L	1154	Преподавать русский инострацам сложно.
M	1154	MORFOLOGIK_RULE_RU_RU		20	30	UnknownWord	Возможно найдена орфографическая ошибка.	иностранцам|иностр ацам
L	1155	Корзина была полная ягод.
L	1156	Воспользуемся средним чисел а и б.
M	1156	A_NO_DA	1	22	29	Other	Пропущена запятая: <suggestion>чисел, а</suggestion>.	чисел, а
L	1157	После выходных работник смотрелся не важно.
L	1158	Железные кровать.
M	1158	Unify_Adj_NN_gender	2	0	16	Other	Прилагательное не согласуется с существительным по роду.	
L	1159	Вдали виднелись красивые сосны.
L	1160	У молодоженов был замечательный ретро автомобиль — белый запорожец.
L	1161	Вдали виднелись красивые ёлка.
M	1161	Unify_Adj_NN_gender	2	16	29	Other	Прилагательное не согласуется с существительным по роду.	
L	1162	Мебель сделана из красивой сосны.
L	1163	Невежливо показывать на других пальцем.
L	1164	Незначительный объём перевозок выполняется маршрутными такси.
L	1165	Он каждые полчаса бежит в лабораторию.
L	1166	Столы сделаны из красивой сосен.
M	1166	Unify_Adj_NN_number	1	17	31	Other	Прилагательное не согласуется с существительным по числу.	
L	1167	Крепкие столы.
L	1168	Серый дарит.
L	1169	Всё необходимое накопитель получает от шины USB.
L	1170	Контактный тел.
L	1171	Эти добрые полчаса.
L	1172	Суеверие — это религия слабых духом.
L	1173	Счастливые часов не наблюдают.
L	1174	Смелого пуля боится.
L	1175	Сегодня откроются 3 дополнительных офиса.
L	1176	Проверь, что у них одинаковые род/число/падеж.
L	1177	на месте нынешних Манитобы, Дакоты и Миннесоты.
M	1177	UPPERCASE_SENTENCE_START		0	2	Other	Это предложение не начинается с заглавной буквы.	На
L	1178	К середине XIX века были открыты 63 химических элемента, и попытки найти закономерности в этом наборе предпринимались неоднократно.
L	1179	Быть умным Николаю мешала лень.
L	1180	Делала политически невозможной отмену единожды данных им законом прав.
L	1181	Этот экспорт, полностью подконтрольный правительствам стран мира, стремительно рос.
L	1182	Нам объявят необходимым запрет на спиртное.
L	1183	Нам объявят необходимыми игры на свежем воздухе.
L	1184	Для оставшихся неготовыми лодок соорудили бокс.
L	1185	Для оставшейся неготовой лодки соорудили бокс.
L	1186	Вестминстер — место пребывания короля, а позднее парламента.
L	1187	Крепкий стол.
L	1188	Крепкая ограда.
L	1189	Умные уже тут.
L	1190	Мы чужие друг другу.
L	1191	Белый стул.
L	1192	Ты должен вести себя спокойнее.
L	1193	Больных гриппом просим не входить.
L	1194	Если загорелся зелёный машинам, то можно ехать.
L	1195	Если загорелся зелёный кошке, то ехать нельзя.
L	1196	Преподавать русский инострацам сложно.
M	1196	MORFOLOGIK_RULE_RU_RU		20	30	UnknownWord	Возможно найдена орфографическая ошибка.	иностранцам|иностр ацам
L	1197	Корзина была полная ягод.
L	1198	Воспользуемся средним чисел а и б.
M	1198	A_NO_DA	1	22	29	Other	Пропущена запятая: <suggestion>чисел, а</suggestion>.	чисел, а
L	1199	После выходных работник смотрелся не важно.
L	1200	Железный кровать.
M	1200	Unify_Adj_NN_gender	2	0	16	Other	Прилагательное не согласуется с существительным по роду.	
L	1201	Вдали виднелись красивые сосны.
L	1202	Вдали виднелись красивый ёлка.
M	1202	Unify_Adj_NN_gender	2	16	29	Other	Прилагательное не согласуется с существительным по роду.	
L	1203	Мебель сделана из красивой сосны.
L	1204	Столы сделаны из красивая деревьев.
M	1204	Unify_Adj_NN_case	3	17	34	Other	Прилагательное не согласуется с существительным по падежу.	красивого деревьев
L	1205	Твердолобая тори.
M	1205	Unify_Adj_NN_gender	2	0	16	Other	Прилагательное не согласуется с существительным по роду.	
L	1206	Был построен добротный дом.
L	1207	Был построен добротная дом.
M	1207	Unify_Adj_NN_gender	2	13	26	Other	Прилагательное не согласуется с существительным по роду.	
L	1208	Пушистая кошка грелась на солнышке.
L	1209	У молодоженов был замечательный ретро автомобиль — белый запорожец.
L	1210	Эта пушистое кошка грелась.
M	1210	Unify_Adj_NN_gender	2	4	18	Other	Прилагательное не согласуется с существительным по роду.	
L	1211	Вдали виднелось синее небо.
L	1212	Тогда это проблема другой стороны.
L	1213	Он каждые полчаса бежит в лабораторию.
L	1214	Вдали виднелось синий небо.
M	1214	Unify_Adj_NN_gender	2	16	26	Other	Прилагательное не согласуется с существительным по роду.	
L	1215	Пустой дом был полным пыли.
L	1216	Цена на полную заряд составляет 10$.
M	1216	Unify_Adj_NN_gender	2	8	20	Other	Прилагательное не согласуется с существительным по роду.	
L	1217	Цена на полный заряд составляет 10$.
L	1218	Ставшие хрестоматийными слова «Природой здесь нам суждено в Европу прорубить окно», которые А. С. Пушкин вкладывает в уста Петра I — лишь риторически эффектная фраза.
L	1219	Я терпеть не могу эту глупою женщину.
M	1219	Unify_Adj_NN_case	3	22	36	Other	Прилагательное не согласуется с существительным по падежу.	глупую женщину
L	1220	Временными правительства называли журналисты.
L	1221	Эти добрые полчаса.
L	1222	Контактный тел.
L	1223	У молодоженов был замечательный ретро автомобиль - белый запорожец.
L	1224	Подошел казавшийся смуглым человек.
L	1225	Всё необходимое накопитель получает от шины USB.
L	1226	Она позволяет сильным страны сей ситуативно решать.
L	1227	Временной заплату считали недолго.
L	1228	У них выше вероятность инфаркта, чем у довольных партнером.
L	1229	Среди них наибольшей известностью пользовались простые шутки.
L	1230	Среди них большей известностью пользовались простые шутки.
L	1231	Крепкие столы.
L	1232	Проверь, что у них одинаковые род/число/падеж.
L	1233	Суеверие — это религия слабых духом.
L	1234	Счастливые часов не наблюдают.
L	1235	Смелого пуля боится.
L	1236	Быть умным Николаю мешала лень.
L	1237	Делала политически невозможной отмену единожды данных им законом прав.
L	1238	Этот экспорт, полностью подконтрольный правительствам стран мира, стремительно рос.
L	1239	Нам объявят необходимым запрет на спиртное.
L	1240	Нам объявят необходимыми игры на свежем воздухе.
L	1241	Для оставшихся неготовыми лодок соорудили бокс.
L	1242	Для оставшейся неготовой лодки соорудили бокс.
L	1243	Вестминстер — место пребывания короля, а позднее парламента.
L	1244	Крепкий стол.
L	1245	Крепкая ограда.
L	1246	Умные уже тут.
L	1247	Мы чужие друг другу.
L	1248	Белый стул.
L	1249	Вы должны помочь мне!
L	1250	Больных гриппом просим не входить.
L	1251	Если загорелся зелёный машинам, то можно ехать.
L	1252	Если загорелся зелёный кошке, то ехать нельзя.
L	1253	Преподавать русский инострацам сложно.
M	1253	MORFOLOGIK_RULE_RU_RU		20	30	UnknownWord	Возможно найдена орфографическая ошибка.	иностранцам|иностр ацам
L	1254	Корзина была полная ягод.
L	1255	Воспользуемся средним чисел а и б.
M	1255	A_NO_DA	1	22	29	Other	Пропущена запятая: <suggestion>чисел, а</suggestion>.	чисел, а
L	1256	После выходных работник смотрелся не важно.
L	1257	Железная кроватью.
M	1257	Unify_Adj_NN_case	3	0	17	Other	Прилагательное не согласуется с существительным по падежу.	Железною кроватью|Железной кроватью
L	1258	Вдали виднелись красивые сосны.
L	1259	Вдали виднелись красивой ёлка.
M	1259	Unify_Adj_NN_case	3	16	29	Other	Прилагательное не согласуется с существительным по падежу.	красивая ёлка
L	1260	Мебель сделана из красивой сосны.
L	1261	При императрице Екатерине Великой Россия успешно воевала с Турцией
L	1262	При Ярославе Мудром митрополит впервые был избран из числа русских священников
L	1263	В бассейне Нижней Таймыры есть такие объекты как Река Мамонта
L	1264	Был построен добротный дом.
L	1265	Пушистая кошка грелась на солнышке.
L	1266	Эта пушистая кошкой грелась.
M	1266	Unify_Adj_NN_case	3	4	19	Other	Прилагательное не согласуется с существительным по падежу.	пушистою кошкой|пушистой кошкой
L	1267	Вдали виднелось синее небо.
L	1268	Оно смотрелось синее неба.
L	1269	Быть в неоплатном долгу.
L	1270	Добротная усадьба.
L	1271	Добротная усадьбе.
M	1271	Unify_Adj_NN_case	3	0	17	Other	Прилагательное не согласуется с существительным по падежу.	Добротной усадьбе
L	1272	Нет крепкого сна.
L	1273	Нет крепкому сна.
M	1273	Unify_Adj_NN_case	3	4	16	Other	Прилагательное не согласуется с существительным по падежу.	крепкого сна
L	1274	Вода стекала по мягкому жёлобу.
L	1275	Вода стекала по мягкого жёлобу.
M	1275	Unify_Adj_NN_case	3	16	30	Other	Прилагательное не согласуется с существительным по падежу.	мягкому жёлобу
L	1276	Мы увидели бурной реку и стремительными рыб, идущих против течения.
L	1277	Они справились с бурной рекой
L	1278	Они справились с бурную рекой.
M	1278	Unify_Adj_NN_case	3	17	29	Other	Прилагательное не согласуется с существительным по падежу.	бурною рекой|бурной рекой
L	1279	Они думали о родном доме.
L	1280	Это абсолютная ложь.
L	1281	Традиционно первым Германским государством принято считать восточно-франкское государство.
M	1281	MORFOLOGIK_RULE_RU_RU		59	77	UnknownWord	Возможно найдена орфографическая ошибка.	
L	1282	Он каждые полчаса бежит в лабораторию.
L	1283	Они думали о родного доме.
M	1283	Unify_Adj_NN_case	3	13	25	Other	Прилагательное не согласуется с существительным по падежу.	родном доме
L	1284	Он увидел собаку, хромавшего на задние лапы.
M	1284	Soglasovanie_NN_PT	1	10	28	Other	Ошибка в согласовании причастия по роду!	
L	1285	Он увидел собаку, хромавшую на задние лапы.
L	1286	Когда ты откроешь канистру, находящиеся в ней пары испарятся.
L	1287	Он увидел собаку, хромавших на задние лапы.
M	1287	Soglasovanie_NN_PT	1	10	27	Other	Ошибка в согласовании причастия по роду!	
L	1288	Он увидел собаку, хромавшую на задние лапы.
L	1289	Он увидел собаку, хромавшая на задние лапы.
M	1289	Soglasovanie_NN_PT	3	10	27	Other	Ошибка в согласовании причастия по падежу!	
L	1290	Он увидел собаку, хромавшую на задние лапы.
L	1291	Довольно часто авторы таких работ предоставляют доступ к своим программам, реализующее новые разработки в этой области.
L	1292	Довольно часто авторы таких работ предоставляют доступ к своим программам, реализующим новые разработки в этой области.
L	1293	К сожалению, находящаяся здесь книга давно истлела в пыль.
L	1294	Когда ты откроешь канистру, находящиеся в ней пары испарятся.
L	1295	Довольно часто авторы таких работ предоставляют доступ к своим программам, реализующего новые разработки в этой области.
L	1296	Довольно часто авторы таких работ предоставляют доступ к своим программам, реализующим новые разработки в этой области.
L	1297	Довольно часто авторы таких работ предоставляют доступ к своим программам, реализующих новые разработки в этой области.
L	1298	Довольно часто авторы таких работ предоставляют доступ к своим программам, реализующим новые разработки в этой области.
L	1299	С помощью коммерчески доступного программного обеспечения, основанного на разных методах.
L	1300	С помощью коммерчески доступного программных обеспечения, основанного на разных методах.
M	1300	Adj_NN_number_Software	1	33	56	Other	Прилагательное не согласуется с существительным.	
L	1301	Два дружных брата.
L	1302	3 бурых медведя.
L	1303	Сегодня будут открыты 3 дополнительных офиса.
L	1304	два дружный брата.
M	1304	UPPERCASE_SENTENCE_START		0	3	Other	Это предложение не начинается с заглавной буквы.	Два
M	1304	EAdj_NN_number_2_4	1	4	17	Other	Определение, находящееся между числительным 2,3,4 и существительным мужского или среднего рода, ставится в форме родительного падежа множественного числа: <suggestion>дружных брата</suggestion>	дружных брата
L	1305	3 бурый медведя.
M	1305	EAdj_NN_number_2_4	1	2	15	Other	Определение, находящееся между числительным 2,3,4 и существительным мужского или среднего рода, ставится в форме родительного падежа множественного числа: <suggestion>бурых медведя</suggestion>	бурых медведя
L	1306	Три бурый медведя.
M	1306	EAdj_NN_number_2_4	1	4	17	Other	Определение, находящееся между числительным 2,3,4 и существительным мужского или среднего рода, ставится в форме родительного падежа множественного числа: <suggestion>бурых медведя</suggestion>	бурых медведя
L	1307	Две дружные сестры.
L	1308	Разделить на две равные части.
L	1309	Две столовые ложки лежали возле тарелки.
L	1310	Давать по две столовых ложки.
L	1311	3 бурых медведя.
L	1312	Сегодня будут открыты 3 дополнительных офиса.
L	1313	две равная части.
M	1313	UPPERCASE_SENTENCE_START		0	3	Other	Это предложение не начинается с заглавной буквы.	Две
M	1313	EAdj_NN_number_2_4	2	4	16	Other	Определение, находящееся между числительным 2,3,4 и существительным женского рода, ставится в форме именительного падежа множественного числа (в случае наличия предлога возможна форма родительного падежа множественного числа): <suggestion>равные части</suggestion>	равные части
L	1314	Два дружных брата.
L	1315	Две больших тени.
L	1316	3 бурых медведя.
L	1317	Сегодня будут открыты 3 дополнительных офиса.
L	1318	два дружных братьев.
M	1318	UPPERCASE_SENTENCE_START		0	3	Other	Это предложение не начинается с заглавной буквы.	Два
M	1318	EAdj_NN_number_2_4	3	4	19	Other	Грамматическая ошибка в согласовании числа: <suggestion>дружных брата</suggestion>	дружных брата
L	1319	3 бурых медведей.
M	1319	EAdj_NN_number_2_4	3	2	16	Other	Грамматическая ошибка в согласовании числа: <suggestion>бурых медведя</suggestion>	бурых медведя
L	1320	Три бурых медведей.
M	1320	EAdj_NN_number_2_4	3	4	18	Other	Грамматическая ошибка в согласовании числа: <suggestion>бурых медведя</suggestion>	бурых медведя
L	1321	Во дворе он грелся на солнышке.
L	1322	Во дворе он грелась на солнышке.
M	1322	SoglasovaniePNN_Verb	1	9	19	Other	Местоимение не согласуется с глаголом по роду: <suggestion>он грелся</suggestion>	он грелся
L	1323	Она грелась на солнышке.
L	1324	Она грелся на солнышке.
M	1324	SoglasovaniePNN_Verb	2	0	10	Other	Местоимение не согласуется с глаголом по роду: <suggestion>Она грелась</suggestion>	Она грелась
L	1325	Оно готовилось на сковородке.
L	1326	Это была чудесная пьеса.
L	1327	Оно готовился на сковородке.
M	1327	SoglasovaniePNN_Verb	3	0	13	Other	Местоимение не согласуется с глаголом по роду: <suggestion>Оно готовилось</suggestion>	Оно готовилось
L	1328	Они готовились на сковородке.
L	1329	Они готовился на сковородке.
M	1329	SoglasovaniePNN_Verb	4	0	13	Other	Местоимение не согласуется с глаголом по числу: <suggestion>Они готовились</suggestion>	Они готовились
L	1330	Во дворе кот грелся на солнышке.
L	1331	Тренер посоветовала мне это.
L	1332	Во дворе кот грелась на солнышке.
M	1332	SoglasovanieNN_Verb	1	9	20	Other	Существительное не согласуется с глаголом по роду: <suggestion>кот грелся</suggestion>	кот грелся
L	1333	Кошка грелась на солнышке.
L	1334	Кошка грелся на солнышке.
M	1334	SoglasovanieNN_Verb	2	0	12	Other	Существительное не согласуется с глаголом по роду: <suggestion>Кошка грелась</suggestion>	Кошка грелась
L	1335	Коты грелись на солнышке.
L	1336	Блюдо готовилось на сковородке.
L	1337	Семьдесят пять процентов российского продовольствия доставляется в Москву из регионов ЦФО.
L	1338	Сыр и сливочное масло делаются из молока.
L	1339	Учащиеся всё время сидели неподвижно.
L	1340	С каждого дерева упало по груше.
L	1341	Эти легенды следует передать нашим потомкам.
L	1342	Тренер посоветовала мне это.
L	1343	Вода превращается в лёд.
L	1344	Воды осталось мало.
L	1345	Хлеба стало не хватать.
L	1346	Сайт в последние два года считается достоверным источником.
L	1347	Для работы программы требуется Java.
L	1348	В российском павильоне после открытия Всемирной универсальной выставки побывало более 6,1 миллиона туристов.
L	1349	Эти письма может напечатать любой секретарь.
L	1350	До конца года остаётся 298 дней.
L	1351	За последнее предложение высказались все.
L	1352	Какие строки можешь выделить?
L	1353	Матч отменили из-за дождя.
L	1354	Империи удалось многое узнать.
L	1355	100 лет называются веком.
L	1356	В 1448 году упоминаются городские волнения против строительства замка.
L	1357	Блюдо готовились на сковородке.
M	1357	SoglasovanieNN_Verb	3	0	16	Other	Существительное не согласуется с глаголом по числу.	
L	1358	Маша гуляют на солнышке.
M	1358	SoglasovanieNN_Verb	3	0	11	Other	Существительное не согласуется с глаголом по числу.	
L	1359	И тогда я оба раза решил сходить в кино.
L	1360	А неожиданно для себя я их посмотрел потому, что оба раза хотел на самом деле в тот день посмотреть совсем другой мюзикл.
L	1361	Оба друга загорало на солнышке.
M	1361	SoglasovanieNN_Verb	4	0	18	Other	Существительное не согласуется с глаголом по числу: <suggestion>Оба друга загорали</suggestion>	Оба друга загорали
L	1362	Кот грелся на солнышке.
L	1363	Кот грелись на солнышке.
M	1363	SoglasovanieNN_Verb	3	0	11	Other	Существительное не согласуется с глаголом по числу.	
L	1364	Кошка грелась на солнышке.
L	1365	Кошка грелись на солнышке.
M	1365	SoglasovanieNN_Verb	3	0	13	Other	Существительное не согласуется с глаголом по числу.	
L	1366	Мальчик и девочка играла в шахматы.
M	1366	Verb_number	1	0	24	Other	Глагол при однородных членах предложения должен быть во множественном числе.	
L	1367	Мальчик и девочка играли в шахматы.
L	1368	Комитет по вопросам культуры и духовности решил вернуть законопроект.
L	1369	Уже сошёл снег и грунт прогрелся до плюсовой температуры.
L	1370	Она день и ночь караулила нас.
L	1371	Тут и Касперский ожил, засуетился: денег дай, керосинку покупать буду.
L	1372	Мальчик с девочкой играла в шахматы.
M	1372	Verb_number	2	0	25	Other	Глагол при однородных членах предложения должен быть во множественном числе	
L	1373	Мальчик с девочкой играли в шахматы.
L	1374	Крыловский государственный научный центр
L	1375	Крыловский государственной научный центр
M	1375	Unify_Mult_Adj	1	0	40	Other	Прилагательное не согласуется с существительным по роду.	
L	1376	Крыловский государственный научный центр
L	1377	Крыловский государственные научный центр
M	1377	Unify_Mult_Adj	1	0	40	Other	Прилагательное не согласуется с существительным по роду.	
L	1378	Крыловский государственный научный центр
L	1379	Крыловский государственному научный центр
M	1379	Unify_Mult_Adj	3	0	41	Other	Прилагательное не согласуется с существительным по падежу.	
L	1380	На конференции работали советы по секциям: физике, математике.
L	1381	На конференции работали советы по секциям: химия, история.
L	1382	На конференции работали советы по секциям: физике и математике.
L	1383	На конференции работали советы по секциям: химия и история.
L	1384	Слёза на её щеках.
M	1384	MORFOLOGIK_RULE_RU_RU		0	5	UnknownWord	Возможно найдена орфографическая ошибка.	Слёзов|Слёз а
L	1385	Слёзы не её щеках.
M	1385	O_P_padeg	1	6	17	Other	Опечатка (не) -> (на): <suggestion>на её щеках</suggestion>?	на её щеках
L	1386	Они думали о доме.
L	1387	Не только в Москве и России, но и во всем мире.
L	1388	Рабочие красили забор метрах в пятидесяти от меня.
L	1389	Они думали доме.
M	1389	Verb_and_NomDTV	1	4	15	Other	Глагол "думали" предполагает после себя предлог перед родительным и предложным падежом (например: без, о, на, в) или запятую.	
L	1390	О доме они думали.
L	1391	Доме они думали.
M	1391	O_P_padeg	3	0	4	Other	Предложный падеж предполагает наличие предлога (о – обо – об; в – во; при; по; на): <suggestion>О доме</suggestion>, <suggestion>Об доме</suggestion>, <suggestion>Обо доме</suggestion>, <suggestion>В доме</suggestion>, <suggestion>Во доме</suggestion>, <suggestion>При доме</suggestion>, <suggestion>По доме</suggestion>, <suggestion>На доме</suggestion>.	О доме|Об доме|Обо доме|В доме|Во доме|При доме|По доме|На доме
L	1392	Ни у кого этого нет.
L	1393	У никого этого нет.
M	1393	PREP_PNN	1	0	8	Other	Предлог ставится между частицей и местоимением: <suggestion>ни у кого</suggestion>.	Ни у кого
L	1394	Не с чем сравнивать.
L	1395	С нечем сравнивать.
M	1395	PREP_PNN	2	0	7	Other	Предлог ставится между частицей и местоимением: <suggestion>не с чем</suggestion>.	Не с чем
L	1396	ни с каким
M	1396	UPPERCASE_SENTENCE_START		0	2	Other	Это предложение не начинается с заглавной буквы.	Ни
L	1397	с никаким
M	1397	PREP_PNN	3	0	9	Other	Предлог ставится между частицей и местоимением: <suggestion>ни с каким</suggestion>.	ни с каким
L	1398	Проведение матчей в манеже пока невозможно ни при каких обстоятельствах.
L	1399	Проведение матчей в манеже пока невозможно при никаких обстоятельствах.
M	1399	PREP_PNN	4	43	54	Other	Предлог ставится между частицей и местоимением: <suggestion>ни при каких</suggestion>.	ни при каких
L	1400	Здесь было семь подруг.
L	1401	Здесь было семеро подруг.
M	1401	Com_Num	1	11	24	Other	Собирательные числительные (двое, трое, четверо, пятеро, шестеро, семеро) не употребляются с существительными женского рода: <suggestion>семь подруг</suggestion>	семь подруг
L	1402	Здесь было пятеро подруг.
M	1402	Com_Num	1	11	24	Other	Собирательные числительные (двое, трое, четверо, пятеро, шестеро, семеро) не употребляются с существительными женского рода: <suggestion>пять подруг</suggestion>	пять подруг
L	1403	Здесь были две подруги.
L	1404	Здесь были двое подруг.
M	1404	Com_Num	2	11	22	Other	Собирательные числительные (двое, трое, четверо, пятеро, шестеро, семеро) не употребляются с существительными женского рода: <suggestion>две подруги</suggestion>	две подруги
L	1405	Здесь были три подруги.
L	1406	Здесь были трое подруг.
M	1406	Com_Num	3	11	22	Other	Собирательные числительные (двое, трое, четверо, пятеро, шестеро, семеро) не употребляются с существительными женского рода: <suggestion>три подруги</suggestion>	три подруги
L	1407	Здесь были четыре подруги.
L	1408	Здесь были четверо подруг.
M	1408	Com_Num	4	11	25	Other	Собирательные числительные (двое, трое, четверо, пятеро, шестеро, семеро) не употребляются с существительными женского рода: <suggestion>четыре подруги</suggestion>	четыре подруги
L	1409	В зоопарке находились два волка.
L	1410	В зоопарке находились двое медведей.
M	1410	Com_Num	5	22	35	Other	Собирательные числительные (двое, трое, четверо, пятеро, шестеро, семеро) не употребляются с названиями взрослых особей животных: <suggestion>два медведя</suggestion>	два медведя
L	1411	В зоопарке находились три волка.
L	1412	В зоопарке находились трое медведей.
M	1412	Com_Num	6	22	35	Other	Собирательные числительные (двое, трое, четверо, пятеро, шестеро, семеро) не употребляются с названиями взрослых особей животных: <suggestion>три медведя</suggestion>	три медведя
L	1413	В зоопарке находились четыре волка.
L	1414	В зоопарке находились четверо медведей.
M	1414	Com_Num	7	22	38	Other	Собирательные числительные (двое, трое, четверо, пятеро, шестеро, семеро) не употребляются с названиями взрослых особей животных: <suggestion>четыре медведя</suggestion>	четыре медведя
L	1415	В зоопарке находились семеро волков.
M	1415	Com_Num	8	22	35	Other	Собирательные числительные (двое, трое, четверо, пятеро, шестеро, семеро) не употребляются с названиями взрослых особей животных: <suggestion>семь волков</suggestion>	семь волков
L	1416	двое брюк
M	1416	UPPERCASE_SENTENCE_START		0	4	Other	Это предложение не начинается с заглавной буквы.	Двое
L	1417	пара брюк
M	1417	Para_NN	1	0	9	Other	Числительное «пара» не употребляется с существительными, существующими только в форме множественного числа: <suggestion>двое брюк</suggestion>.	двое брюк
L	1418	В задании может быть два и более варианта.
L	1419	В задании может быть два и более вариантов.
M	1419	dva_i_bolee	1	21	42	Other	В сочетаниях «два и более» + существительное управляемое существительное ставится в родительном падеже единственного числа: <suggestion>два и более варианта</suggestion>.	два и более варианта
L	1420	По обеим сторонам.
L	1421	По обоим сторонам.
M	1421	Oba_obe	1	3	17	Other	Числительное «оба» (обоих, обоим, обоими) употребляется только с существительными мужского рода: <suggestion>обеим сторонам</suggestion>.	обеим сторонам
L	1422	Стража стояла у тех и у других ворот.
L	1423	Стража стояла у обоих ворот.
M	1423	Oba_obe	2	14	27	Other	Числительное «оба» (обоих) не может употребляться с существительными, имеющими только форму множественного числа: <suggestion>у тех и у других ворот</suggestion>.	у тех и у других ворот
L	1424	На обоих столах.
L	1425	На обеих столах.
M	1425	Oba_obe	3	3	15	Other	Числительное «обе» (обеих, обеим, обеими) употребляется только с существительными женского рода: <suggestion>оба столах</suggestion>, <suggestion>обоих столах</suggestion>.	оба столах|обоих столах
L	1426	Там находится их дом.
L	1427	Там находится ихний дом.
M	1427	Pnn_compose_error	1	14	19	Other	Правильная форма – <suggestion>их</suggestion>.	их
L	1428	Сегодня на ужин жаренная на масле картошка.
L	1429	Стеклянный, оловянный и деревянный – это исключения из правила.
L	1430	Вводится единый для всех ведомств госбюджет, с едиными остатками.
L	1431	Пётр I приказал заменить их чулки с зелёных на красные.
L	1432	Это сделано с целью получения «самой зеленой в мире» электроэнергии.
L	1433	Он женат на стюардессе.
L	1434	Раньше в этом регионе.
L	1435	Вы больше не одиноки в комнате.
L	1436	Я не уверена в том, что он говорит правду.
L	1437	Ещё один остановочный пункт существовал на острове Змеиный близ дельты Дуная.
L	1438	Объекты реализации единых по замыслу архитектурных проектов.
L	1439	Сегодня на ужин жареная на масле картошка.
M	1439	NN_N_pril_prich	1	16	23	Other	Причастие пишется с «нн», есть зависимые слова: <suggestion>жаренная</suggestion>	жаренная
L	1440	Сегодня на ужин жареная в этом масле картошка.
M	1440	NN_N_pril_prich	1	16	23	Other	Причастие пишется с «нн», есть зависимые слова: <suggestion>жаренная</suggestion>	жаренная
L	1441	Сегодня на ужин жареная картошка.
L	1442	Сегодня у нас на ужин жаренная Иваном картошка.
L	1443	Во дворце состоялось объединённое заседание.
L	1444	Поступки, совершённые ими.
L	1445	Эта подержанная машина продаётся.
L	1446	Я не уверена в том, что он говорит правду.
L	1447	На фоне начинающихся массовых беспорядков, порождённых экономической и политической ситуацией, наблюдается кризис.
L	1448	Декларация содержит рекомендации по охране, адресованные странам и правительствам.
L	1449	Метод лингвосоционического моделирования, предложенный Л. М. Комиссаровой, применяется при анализе.
M	1449	MORFOLOGIK_RULE_RU_RU		6	26	UnknownWord	Возможно найдена орфографическая ошибка.	
L	1450	Сегодня на ужин жаренная картошка.
M	1450	NN_N_pril_prich	2	16	24	Other	Прилагательное пишется с «н», зависимых слов нет: <suggestion>жареная</suggestion>	жареная
L	1451	Невесть кто
L	1452	Не весть кто.
M	1452	Ne_narech	1	0	8	Other	Пишется слитно: <suggestion>Невесть</suggestion>.	Невесть
L	1453	Некуда идти.
L	1454	Не куда лететь.
M	1454	Ne_narech	2	0	7	Other	Пишется слитно: <suggestion>Некуда</suggestion>.	Некуда
L	1455	Работа выполнена далеко не плохо.
L	1456	Работа выполнена далеко неплохо.
M	1456	Ne_narech	3	17	31	Other	Пишется раздельно с «не»: <suggestion>далеко не плохо</suggestion>.	далеко не плохо
L	1457	Работа выполнена не плохо, а хорошо.
L	1458	Он замолкает ненадолго, а потом поет печальную песню.
L	1459	Работа выполнена неплохо, а хорошо.
M	1459	Ne_narech	4	17	34	Other	Пишется раздельно с «не», имеется противопоставление с союзом «а»: <suggestion>не плохо, а хорошо</suggestion>.	не плохо, а хорошо
L	1460	Работа выполнена неплохо, но с опозданием.
L	1461	Работа выполнена не плохо, но с опозданием.
M	1461	Ne_narech	5	17	29	Other	Пишется слитно с «не», имеется союз «но», нет отрицания: <suggestion>неплохо, но</suggestion>.	неплохо, но
L	1462	Работа выполнена не плохо, но медленно.
M	1462	Ne_narech	5	17	29	Other	Пишется слитно с «не», имеется союз «но», нет отрицания: <suggestion>неплохо, но</suggestion>.	неплохо, но
L	1463	Несложно проверить его стабильность.
L	1464	Она начала играть в волейбол не столько из интереса, сколько из тщеславия.
L	1465	Сегодня не особо ветрено.
L	1466	Это не ново.
L	1467	Его уже не видно и не слышно.
L	1468	Достаточно A, но не достаточно B.
L	1469	Красное больше не модно.
L	1470	Лена, а прыгать с парашютом не опасно?
L	1471	Дома сидеть невесело.
L	1472	Разве тебе не достаточно?
L	1473	Разве не опасно бродить по улицам?
L	1474	Отрасли промышленности с большим вложением капитала, совершенно не обязательно требуют вложения знаний.
L	1475	Работа выполнена не плохо, а хорошо.
L	1476	Работа выполнена не плохо, но хорошо.
M	1476	Ne_narech	5	17	29	Other	Пишется слитно с «не», имеется союз «но», нет отрицания: <suggestion>неплохо, но</suggestion>.	неплохо, но
L	1477	Работа выполнена неплохо, но с опозданием.
L	1478	Не обязательно упоминать нас, но мы будем признательны.
L	1479	Не сложно проверить его стабильность.
L	1480	не хорошо и не плохо
M	1480	UPPERCASE_SENTENCE_START		0	2	Other	Это предложение не начинается с заглавной буквы.	Не
L	1481	нехорошо и неплохо
M	1481	Ne_narech_ne_horosho	1	0	18	Other	В данном контексте пишется раздельно: <suggestion>не хорошо и не плохо</suggestion>.	не хорошо и не плохо
L	1482	Этот поступок был крайне неосторожным.
L	1483	Совсем не такой.
L	1484	Этот поступок был крайне не осторожным.
M	1484	Ne_pril_prich	1	25	38	Other	Пишется слитно: <suggestion>неосторожным</suggestion>.	неосторожным
L	1485	Это совершенно непродуманное решение.
L	1486	Это совершенно не продуманное решение.
M	1486	Ne_pril_prich	2	15	29	Other	Пишется слитно: <suggestion>непродуманное</suggestion>.	непродуманное
L	1487	Эта книга вовсе не интересная.
L	1488	Эта книга вовсе неинтересная.
M	1488	Ne_pril_prich	3	10	28	Other	Пишется раздельно с «не»: <suggestion>вовсе не интересная</suggestion>.	вовсе не интересная
L	1489	На полке лежит никому не нужная коробка.
L	1490	Наличие в них недостоверных сведений.
L	1491	В жизни нет ничего невозможного.
L	1492	На корабль доставили контейнеры с погруженными в них немецкими автомобилями.
L	1493	На полке лежит никому ненужная коробка.
M	1493	Ne_pril_prich	4	15	30	Other	Пишется раздельно с «не»: <suggestion>никому не нужная</suggestion>.	никому не нужная
L	1494	Его походка медлительна, неуверенна.
L	1495	Река не глубокая, а мелкая.
L	1496	Река не глубока, а мелка.
L	1497	Река неглубокая, но холодная.
L	1498	Река неглубока, но холодна.
L	1499	Вы не женаты, не так ли?
L	1500	Они не аналогичны ей, хотя и близки к этому.
L	1501	Ничто так не ценно, как здоровье.
M	1501	Comma_before_kak	1	18	33	Other	Запятая перед как не нужна: <suggestion> как здоровье.</suggestion>	 как здоровье.
L	1502	Эта община уже не жизненна.
L	1503	Я не готов к такому повороту событий.
L	1504	Он явно был не рад видеть мою семью.
L	1505	Мы с ней не знакомы.
L	1506	Человек не виновен в вымирании мамонтов.
L	1507	Эта доставка либо слишком дорога, либо вообще не доступна.
L	1508	Я никогда не бывал в Нью-Йорке, и моя сестра тоже не бывала там.
L	1509	Его походка медлительна, не решительна.
L	1510	не кому иному, как
M	1510	UPPERCASE_SENTENCE_START		0	2	Other	Это предложение не начинается с заглавной буквы.	Не
L	1511	некому иному, как
M	1511	Ne_komu_inomu_kak	1	0	17	Other	В данном контексте (имеется противопоставление) пишется раздельно: <suggestion>не кому иному, как</suggestion>.	не кому иному, как
L	1512	Никому иному как
M	1512	Ne_komu_inomu_kak	1	0	16	Other	В данном контексте (имеется противопоставление) пишется раздельно: <suggestion>Не кому иному, как</suggestion>.	Не кому иному, как
L	1513	а не кому иному
M	1513	UPPERCASE_SENTENCE_START		0	1	Other	Это предложение не начинается с заглавной буквы.	А
L	1514	а некому иному
M	1514	Ne_komu_inomu_kak	2	0	14	Other	В данном контексте (имеется противопоставление) пишется раздельно: <suggestion>а не кому иному</suggestion>.	а не кому иному
L	1515	Никто иной не может быть там.
L	1516	Ни кто иной не может быть там.
M	1516	Oborot_nikto_inoj_ne	3	0	14	Other	Оборот: <suggestion>никто иной не</suggestion>.	Никто иной не
L	1517	За весь вечер он не сказал ни слова.
L	1518	Там не осталось и следа.
L	1519	За весь вечер он не сказал и слова.
M	1519	Upr_ne_verb_i_ni	1	17	34	Other	Управление глагола при отрицании: «и» вместо «ни». <suggestion>не сказал ни слова</suggestion>	не сказал ни слова
L	1520	как не странно
M	1520	kak_ni_stranno	1	0	14	Other	Опечатка: <suggestion>как ни странно</suggestion>	как ни странно
L	1521	С одной оптимизатору было проще найти минимум.
M	1521	Pravopisanie_s_odnoj	1	0	7	Other	Пропущено слово.	
L	1522	С одной стороны оптимизатору было проще найти минимум.
L	1523	Микроскопы Ван Левенгука представляли собой относительно небольшие изделия с одной очень сильной линзой.
M	1523	MORFOLOGIK_RULE_RU_RU		15	24	UnknownWord	Возможно найдена орфографическая ошибка.	Левенбука|Левенбуку
L	1524	Судя по мясному рагу на столе, вы застигли его за обедом.
L	1525	Я оделся по зимнему, так как было холодно.
M	1525	Pravopisanie_po-prezhnemu	1	9	19	Other	Слово пишется через дефис: <suggestion>по-зимнему</suggestion>.	по-зимнему
L	1526	Давай по хорошему, иначе будет грустно.
M	1526	Pravopisanie_po-prezhnemu	1	6	17	Other	Слово пишется через дефис: <suggestion>по-хорошему</suggestion>.	по-хорошему
L	1527	Я поступлю по прежнему, как бы вы меня ни уговаривали.
M	1527	Pravopisanie_po-prezhnemu	1	11	22	Other	Слово пишется через дефис: <suggestion>по-прежнему</suggestion>.	по-прежнему
L	1528	Я поступлю по прежнему, как меня не уговаривай и чем меня не заманивай в эту ловушку.
M	1528	Pravopisanie_po-prezhnemu	1	11	22	Other	Слово пишется через дефис: <suggestion>по-прежнему</suggestion>.	по-прежнему
L	1529	Судя по мясному рагу на столе, вы застигли его за обедом.
L	1530	Я оделся по зимнему.
M	1530	Pravopisanie_po-prezhnemu	2	9	19	Other	Слово пишется через дефис: <suggestion>по-зимнему</suggestion>.	по-зимнему
L	1531	Давай по хорошему.
M	1531	Pravopisanie_po-prezhnemu	2	6	17	Other	Слово пишется через дефис: <suggestion>по-хорошему</suggestion>.	по-хорошему
L	1532	Я поступлю по прежнему.
M	1532	Pravopisanie_po-prezhnemu	2	11	22	Other	Слово пишется через дефис: <suggestion>по-прежнему</suggestion>.	по-прежнему
L	1533	Судя по мясному рагу на столе, вы застигли его за обедом.
L	1534	Я оделся по зимнему тепло, так как было холодно.
M	1534	Pravopisanie_po-prezhnemu	3	9	19	Other	Слово пишется через дефис: <suggestion>по-зимнему</suggestion>.	по-зимнему
L	1535	Давай по хорошему разберёмся, иначе будет грустно.
M	1535	Pravopisanie_po-prezhnemu	3	6	17	Other	Слово пишется через дефис: <suggestion>по-хорошему</suggestion>.	по-хорошему
L	1536	Я поступлю по прежнему отчаянно, как бы вы меня ни уговаривали.
M	1536	Pravopisanie_po-prezhnemu	3	11	22	Other	Слово пишется через дефис: <suggestion>по-прежнему</suggestion>.	по-прежнему
L	1537	Он взял курс прямо на юг по местному шоссе N 11.
L	1538	Надо перейти к коммиту в списке коммитов, кликнув по соответствующему коду.
M	1538	MORFOLOGIK_RULE_RU_RU		15	22	UnknownWord	Возможно найдена орфографическая ошибка.	комменту|коммит|коммит у
L	1539	Надо перейти к коммиту в списке коммитов, кликнув по соответствующему хэшу.
M	1539	MORFOLOGIK_RULE_RU_RU		15	22	UnknownWord	Возможно найдена орфографическая ошибка.	комменту|коммит|коммит у
L	1540	Это его бизнес-партнер по вышеупомянутому «Лео ойл».
M	1540	MORFOLOGIK_RULE_RU_RU		47	50	UnknownWord	Возможно найдена орфографическая ошибка.	ой|дойл|обл|айл|отл|пойл|Айл|Дойл|ой л
L	1541	Судя по мясному рагу на столе, вы застигли его за обедом.
L	1542	Мне смутно помнилось, что ехать надо по федеральному шоссе №1.
L	1543	Я оделся по зимнему тепло.
M	1543	Pravopisanie_po-prezhnemu	4	9	19	Other	Слово пишется через дефис: <suggestion>по-зимнему</suggestion>.	по-зимнему
L	1544	Давай по хорошему разберёмся.
M	1544	Pravopisanie_po-prezhnemu	4	6	17	Other	Слово пишется через дефис: <suggestion>по-хорошему</suggestion>.	по-хорошему
L	1545	Я поступлю по прежнему отчаянно.
M	1545	Pravopisanie_po-prezhnemu	4	11	22	Other	Слово пишется через дефис: <suggestion>по-прежнему</suggestion>.	по-прежнему
L	1546	Отсутствие ограничений по минимальному объему закупок.
L	1547	Я спускаюсь к речке по-прежнему, знакомому с самого детства, пути.
M	1547	Pravopisanie_po-prezhnemu	5	20	31	Other	Слова пишутся раздельно: <suggestion>по прежнему</suggestion>.	по прежнему
L	1548	Я спускаюсь к речке по-прежнему пути, знакомому с самого детства.
M	1548	Pravopisanie_po-prezhnemu	5	20	31	Other	Слова пишутся раздельно: <suggestion>по прежнему</suggestion>.	по прежнему
L	1549	По-моему, снегу осталось лежать совсем не долго.
L	1550	Как, по-вашему, снегу лежать еще долго?
L	1551	Лисица проваливалась по-весеннему снегу.
M	1551	Pravopisanie_po-prezhnemu	5	21	33	Other	Слова пишутся раздельно: <suggestion>по весеннему</suggestion>.	по весеннему
L	1552	Россия, по-прежнему, стоит в ряду развивающихся стран.
L	1553	Это новое оборудование можно использовать в место старого.
M	1553	Pravopisanie_slitno1	1	42	49	Other	Слово пишется слитно: <suggestion>вместо</suggestion>.	вместо
L	1554	Он махнул кулаком, целясь в место, где совсем недавно был мой подбородок.
L	1555	Мы превратили его в место работы.
L	1556	Соревнования за место в команде.
L	1557	Что это за место?
L	1558	Это новое оборудование можно использовать за место старого.
M	1558	Pravopisanie_slitno1	2	42	50	Other	Слово пишется слитно: <suggestion>заместо</suggestion>.	заместо
L	1559	Деньги переведены на счёт в банке.
L	1560	Деньги переводятся на счёт банка до 3 рабочих дней.
L	1561	Деньги переведены на счёт 00000000000000.
L	1562	Деньги переведены на счёт Visa 11111111111111.
L	1563	Деньги переведены на счёт поставщика.
L	1564	Тебе следует быть осторожным на счёт того, чтобы пойти в поход.
M	1564	Pravopisanie_slitno1	3	29	36	Other	Слово пишется слитно, так как выступает в роли наречия: <suggestion>насчёт</suggestion>.	насчёт
L	1565	Эта игрушка висит ни же на другой ветке ёлки.
M	1565	Pravopisanie_slitno1	4	18	23	Other	Слово пишется слитно: <suggestion>ниже</suggestion>.	ниже
L	1566	Эта игрушка висит по середине между двумя шарами.
M	1566	Pravopisanie_slitno1	5	18	29	Other	Слово пишется слитно: <suggestion>посередине</suggestion>.	посередине
L	1567	Это событие произошло на кануне дня рождения.
M	1567	Pravopisanie_slitno1	6	22	31	Other	Слово пишется слитно: <suggestion>накануне</suggestion>.	накануне
L	1568	Он будет на верху.
M	1568	Pravopisanie_slitno1	7	9	17	Other	Слово пишется слитно: <suggestion>наверху</suggestion>.	наверху
L	1569	Склад заполнен с верх меры.
M	1569	Pravopisanie_slitno1	8	15	21	Other	Слово пишется слитно: <suggestion>сверх</suggestion>.	сверх
L	1570	Его путь пролегал в доль лесополосы.
M	1570	Pravopisanie_slitno1	9	18	24	Other	Слово пишется слитно: <suggestion>вдоль</suggestion>.	вдоль
L	1571	Много оборудования не использовалось в учреждении ввиду отсутствия расходных материалов.
L	1572	Он имел в виду совсем другое событие.
L	1573	Имелось в виду:
L	1574	Имея это в виду
L	1575	Много оборудования не использовалось в учреждении в виду отсутствия расходных материалов.
M	1575	Pravopisanie_slitno1	10	50	56	Other	Слово пишется слитно: <suggestion>ввиду</suggestion>.	ввиду
L	1576	Он имел ввиду совсем другое событие.
M	1576	Pravopisanie_slitno1	11	3	13	Other	Пишется раздельно: <suggestion>имел в виду</suggestion>.	имел в виду
L	1577	Он прибыл на станцию за ранее.
M	1577	Pravopisanie_slitno1	12	21	29	Other	Слово пишется слитно: <suggestion>заранее</suggestion>.	заранее
L	1578	Помимо чисто игровых проблем на ситуацию в таблице могут влиять и различные нюансы.
L	1579	По мимо чисто игровых проблем на ситуацию в таблице могут влиять и различные нюансы.
M	1579	Pravopisanie_slitno1	13	0	7	Other	Слово пишется слитно: <suggestion>Помимо</suggestion>.	Помимо
L	1580	Премия в этом году состоялась не смотря на кризис.
M	1580	Pravopisanie_slitno1	14	30	42	Other	Слово пишется слитно: <suggestion>несмотря на</suggestion>.	несмотря на
L	1581	Премия в этом году состоялась не взирая на кризис.
M	1581	Pravopisanie_slitno1	14	30	42	Other	Слово пишется слитно: <suggestion>невзирая на</suggestion>.	невзирая на
L	1582	Несмотря на то что предпочтительными методами активации являются учетная запись или сервер лицензий, клиенты могут использовать физический ключ.
L	1583	Максим говорил, не смотря на девушку, сидевшую напротив.
L	1584	Я иду навстречу с искусством.
M	1584	Pravopisanie_slitno1	15	6	17	Other	Пишется раздельно: <suggestion>на встречу с</suggestion>.	на встречу с
L	1585	Я иду на встречу с искусством.
L	1586	Я иду на встречу с другом.
L	1587	Когда вошли во двор, навстречу с лаем бросилась собака.
L	1588	Пошёл мне навстречу с протянутой рукой.
L	1589	Сразу же кинется им навстречу с радостью.
L	1590	Я иду на встречу движению.
M	1590	Pravopisanie_slitno1	16	6	16	Other	Пишется слитно: <suggestion>навстречу</suggestion>.	навстречу
L	1591	Я иду навстречу движению.
L	1592	Иван отменил решение пойти на встречу одному.
L	1593	Они шли на встречу друг другу.
M	1593	Pravopisanie_slitno1	16	8	18	Other	Пишется слитно: <suggestion>навстречу</suggestion>.	навстречу
L	1594	Буду в тоже время.
M	1594	TO_JE	1	7	17	Other	Пишется раздельно: <suggestion>то же время</suggestion>.	то же время
L	1595	Буду в то же время.
L	1596	Сосна тоже дерево, только хвойное.
L	1597	Буду в тоже самое время.
M	1597	TO_JE	2	7	17	Other	Пишется раздельно: <suggestion>то же самое</suggestion>.	то же самое
L	1598	Сегодня тоже, что и вчера.
M	1598	TO_JE	3	8	17	Other	Пишется раздельно: <suggestion>то же, что</suggestion>.	то же, что
L	1599	Сегодня также, как и вчера.
L	1600	Всё также как и было.
M	1600	Tak_je_kak_i	1	4	15	Other	Сложный союз: <suggestion>так же как и</suggestion>.	так же как и
L	1601	В пять часов после обеда он ложится спать, в девять встаёт, часа через три опять ложится спать, и так далее.
L	1602	В шесть часов после обеда он ложится спать, в девять встаёт, часа через три опять ложится спать, итак далее.
M	1602	i_tak_dalee	1	97	107	Other	Пишется раздельно: <suggestion>и так далее</suggestion>.	и так далее
L	1603	Мы должны попасть домой во чтобы то ни стало.
M	1603	Vo_chto_by_to_ni_stalo	1	24	44	Other	Пишется раздельно: <suggestion>во что бы то ни стало</suggestion>.	во что бы то ни стало
L	1604	Мы должны попасть домой во что бы то не стало.
M	1604	Vo_chto_by_to_ni_stalo	2	24	45	Other	Пишется раздельно: <suggestion>во что бы то ни стало</suggestion>.	во что бы то ни стало
L	1605	Мы, также как и наши товарищи, любим заниматься спортом.
M	1605	Tak_je_kak_i	1	4	15	Other	Сложный союз: <suggestion>так же как и</suggestion>.	так же как и
L	1606	Мы, так же, как и наши товарищи, любим заниматься спортом.
M	1606	TAK_JE_KAK	1	4	15	Other	Запятая не нужна: <suggestion>так же как</suggestion>	так же как
L	1607	Погода дождливая, такая, как в Лондоне.
M	1607	TAKOJ_KAK	1	16	28	Other	Запятая не нужна: <suggestion>, такая как</suggestion>	, такая как
L	1608	Погода дождливая, такая же, как в Лондоне.
M	1608	TAKOJ_KAK	1	16	31	Other	Запятая не нужна: <suggestion>, такая же как</suggestion>	, такая же как
L	1609	Погода дождливая, такая как в Лондоне.
L	1610	Погода дождливая, такая же как в Лондоне.
L	1611	Туристы посетили старинные города, такие, как Новгород и Владимир.
M	1611	TAKOJ_KAK	2	33	45	Other	Запятая не нужна: <suggestion>, такие как</suggestion>	, такие как
L	1612	Туристы посетили старинные города, такие же, как Новгород и Владимир.
M	1612	TAKOJ_KAK	2	33	48	Other	Запятая не нужна: <suggestion>, такие же как</suggestion>	, такие же как
L	1613	Туристы посетили старинные города, такие как Новгород и Владимир.
L	1614	Туристы посетили старинные города, такие же как Новгород и Владимир.
L	1615	Но не такой как обычно.
M	1615	TAKOJ_KAK	3	6	15	Other	Пропущена запятая: <suggestion>такой, как</suggestion>	такой, как
L	1616	Но не такой, как обычно.
L	1617	Туристы посетили старинные города, такие как Новгород и Владимир.
L	1618	Туристы посетили старинные города, включая такие как Новгород и Владимир.
L	1619	Погода дождливая, такая как в Лондоне.
L	1620	Но не такой же как обычно.
M	1620	TAKOJ_KAK	4	6	18	Other	Пропущена запятая: <suggestion>такой же, как</suggestion>	такой же, как
L	1621	Но не такой же, как обычно.
L	1622	Туристы посетили старинные города, такие же как Новгород и Владимир.
L	1623	Погода дождливая, такая же как в Лондоне.
L	1624	Людей таких, как он ещё поискать надо.
M	1624	TAKOJ_KAK	5	13	19	Other	Пропущена запятая: <suggestion>как он,</suggestion>	как он,
L	1625	Людей таких же, как этот парень ещё поискать.
M	1625	TAKOJ_KAK	5	16	31	Other	Пропущена запятая: <suggestion>как этот парень,</suggestion>	как этот парень,
L	1626	Людей таких же, как он ещё поискать надо.
M	1626	TAKOJ_KAK	5	16	22	Other	Пропущена запятая: <suggestion>как он,</suggestion>	как он,
L	1627	Людей таких, как он, ещё поискать надо.
L	1628	А может, ни то не другое, а что-то новое?
M	1628	Ni_to_ni_drugoe	1	9	24	Other	Сложный союз: <suggestion>ни то, ни другое</suggestion>.	ни то, ни другое
L	1629	А может, не то, не другое, а что-то новое?
M	1629	Ni_to_ni_drugoe	2	9	25	Other	Сложный союз: <suggestion>ни то, ни другое</suggestion>.	ни то, ни другое
L	1630	Не много, ни мало, а прошло уже 35 лет.
M	1630	Ni_mnogo_ni_malo	1	0	17	Other	Фразеологический оборот: <suggestion>ни много ни мало</suggestion>.	Ни много ни мало
L	1631	Был это не кто иной, как наш мастер.
L	1632	Был это ни кто иной, как наш мастер.
M	1632	Oborot_nikto_inoj_ne	1	8	24	Other	Оборот: <suggestion>не кто иной, как</suggestion>.	не кто иной, как
L	1633	Был это не кто иной, как наш мастер.
L	1634	Был это ни кто иной как наш мастер.
M	1634	Oborot_nikto_inoj_ne	2	8	23	Other	Оборот: <suggestion>не кто иной, как</suggestion>.	не кто иной, как
L	1635	Ничто иное не могло бы его испугать.
L	1636	Ничто другое не могло бы его испугать.
L	1637	Не что иное не могло бы его испугать.
M	1637	Oborot_nikto_inoj_ne	3	0	14	Other	Оборот: <suggestion>ничто иное не</suggestion>.	Ничто иное не
L	1638	Не что другое не могло бы его испугать.
M	1638	Oborot_nikto_inoj_ne	3	0	16	Other	Оборот: <suggestion>ничто другое не</suggestion>.	Ничто другое не
L	1639	Ничто иное не могло бы его испугать.
L	1640	Ничто другое не могло бы его испугать.
L	1641	Нечто иное не могло бы его испугать.
M	1641	Oborot_nikto_inoj_ne	4	0	13	Other	Оборот: <suggestion>ничто иное не</suggestion>.	Ничто иное не
L	1642	Нечто другое не могло бы его испугать.
M	1642	Oborot_nikto_inoj_ne	4	0	15	Other	Оборот: <suggestion>ничто другое не</suggestion>.	Ничто другое не
L	1643	щекотливый вопрос
M	1643	UPPERCASE_SENTENCE_START		0	10	Other	Это предложение не начинается с заглавной буквы.	Щекотливый
L	1644	щекотливая дилемма
M	1644	Frazeologizm_nevernij	1	0	18	Other	Фразеологизм: <suggestion>щекотливый вопрос</suggestion>.	щекотливый вопрос
L	1645	Вся пресса поёт в один голос.
L	1646	Вся пресса поёт в одну дуду.
M	1646	Frazeologizm_nevernij	2	11	27	Other	Фразеологизм: <suggestion>поёт в один голос</suggestion>.	поёт в один голос
L	1647	не ударить лицом в грязь
M	1647	UPPERCASE_SENTENCE_START		0	2	Other	Это предложение не начинается с заглавной буквы.	Не
L	1648	не упасть лицом в грязь
M	1648	Frazeologizm_nevernij	3	0	23	Other	Фразеологизм: <suggestion>не ударить лицом в грязь</suggestion>.	не ударить лицом в грязь
L	1649	предложил руку и сердце
M	1649	UPPERCASE_SENTENCE_START		0	9	Other	Это предложение не начинается с заглавной буквы.	Предложил
L	1650	отдал руку и сердце
M	1650	Frazeologizm_nevernij	4	0	19	Other	Фразеологизм: <suggestion>предложил руку и сердце</suggestion>.	предложил руку и сердце
L	1651	избиение младенцев
M	1651	UPPERCASE_SENTENCE_START		0	8	Other	Это предложение не начинается с заглавной буквы.	Избиение
L	1652	избиение грешников
M	1652	Frazeologizm_nevernij	5	0	18	Other	Фразеологизм: <suggestion>избиение младенцев</suggestion>.	избиение младенцев
L	1653	Она – лучшая подруга.
L	1654	Она – закадычная подруга.
M	1654	Frazeologizm_nevernij	6	6	24	Other	Фразеологизм: <suggestion>лучшая подруга</suggestion>.	лучшая подруга
L	1655	промокли до нитки
M	1655	UPPERCASE_SENTENCE_START		0	8	Other	Это предложение не начинается с заглавной буквы.	Промокли
L	1656	промокли до костей
M	1656	Frazeologizm_nevernij	7	0	18	Other	Фразеологизм: <suggestion>промокли до нитки</suggestion>.	промокли до нитки
L	1657	замёрзли до костей
M	1657	UPPERCASE_SENTENCE_START		0	8	Other	Это предложение не начинается с заглавной буквы.	Замёрзли
L	1658	замёрзли до нитки
M	1658	Frazeologizm_nevernij	8	0	17	Other	Фразеологизм: <suggestion>замёрзли до костей</suggestion>.	замёрзли до костей
L	1659	промёрзли до костей
M	1659	UPPERCASE_SENTENCE_START		0	9	Other	Это предложение не начинается с заглавной буквы.	Промёрзли
L	1660	промёрзли до нитки
M	1660	Frazeologizm_nevernij	9	0	18	Other	Фразеологизм: <suggestion>промёрзли до костей</suggestion>.	промёрзли до костей
L	1661	глас вопиющего в пустыне
M	1661	UPPERCASE_SENTENCE_START		0	4	Other	Это предложение не начинается с заглавной буквы.	Глас
L	1662	глас, вопиющий в пустыне
M	1662	Frazeologizm_nevernij	10	0	24	Other	Фразеологизм: <suggestion>глас вопиющего в пустыне</suggestion>.	глас вопиющего в пустыне
L	1663	Вовремя мероприятия был фуршет.
M	1663	VO_VREMJA	1	0	7	Other	Предлог+существительное: <suggestion>Во время</suggestion>	Во время
L	1664	Во время мероприятия был фуршет.
L	1665	Поезд прибыл на вокзал во время.
M	1665	VO_VREMJA	2	23	31	Other	Наречие: <suggestion>вовремя</suggestion>	вовремя
L	1666	Поезд прибыл на вокзал вовремя.
L	1667	Мы видели её в окне.
L	1668	Мы видели её во окне.
M	1668	V_K_IS	1	13	20	Other	Неправильная форма предлога. Буква "о" не нужна: <suggestion>в окне</suggestion>.	в окне
L	1669	Мы отправили её во Францию.
L	1670	Мы отправили её в Францию.
M	1670	V_K_IS	2	16	25	Other	Неправильная форма предлога: <suggestion>во Францию</suggestion>.	во Францию
L	1671	Хождение во власть.
L	1672	Хождение в власть.
M	1672	V_K_IS	3	9	17	Other	Правильная форма предлога: <suggestion>во власть</suggestion>.	во власть
L	1673	Жить во Владивостоке.
L	1674	Приехал в Владимир.
M	1674	V_K_IS	4	8	18	Other	Правильная форма предлога: <suggestion>во Владимир</suggestion>.	во Владимир
L	1675	В Внуково я успел.
M	1675	V_K_IS	4	0	9	Other	Правильная форма предлога: <suggestion>во Внуково</suggestion>.	Во Внуково
L	1676	Мы успели к обеду.
L	1677	Мы успели ко обеду.
M	1677	V_K_IS	5	10	18	Other	Неправильная форма предлога. Буква "о" не нужна: <suggestion>к обеду</suggestion>.	к обеду
L	1678	Он убегал без оглядки.
L	1679	Он убегал безо оглядки.
M	1679	V_K_IS	6	10	22	Other	Неправильная форма предлога. Буква "о" не нужна: <suggestion>без оглядки</suggestion>.	без оглядки
L	1680	Из окна выпал пакет.
L	1681	На ИЗО одному мальчику не хватило красок.
L	1682	Изо окна выпал пакет.
M	1682	V_K_IS	7	0	8	Other	Неправильная форма предлога. Буква "о" не нужна: <suggestion>из окна</suggestion>.	Из окна
L	1683	Кошка спрыгнула со шкафа.
L	1684	Сверхскоростная магистраль с многорядным движением.
L	1685	Кошка спрыгнула с шкафа.
M	1685	S_SO	1	16	23	Other	Неправильная форма предлога. Исправление: <suggestion>со шкафа</suggestion>.	со шкафа
L	1686	Co Степаном я знаком
L	1687	С Смирновым я знаком.
M	1687	S_SO	2	0	11	Other	Неправильная форма предлога. Исправление: <suggestion>со Смирновым</suggestion>.	Со Смирновым
L	1688	Я встретился с Степаном.
M	1688	S_SO	2	13	23	Other	Неправильная форма предлога. Исправление: <suggestion>со Степаном</suggestion>.	со Степаном
L	1689	Иван взял сумку с едой.
L	1690	Филиал ОАО "СО ЕЭС".
L	1691	Король Дон Жуан VI со двором переехал в Рио-де-Жанейро.
L	1692	Иван взял сумку со едой.
M	1692	S_SO	3	16	23	Other	Неправильная форма предлога. Буква "о" не нужна: <suggestion>с едой</suggestion>.	с едой
L	1693	Дорога со покрытием.
M	1693	S_SO	3	7	19	Other	Неправильная форма предлога. Буква "о" не нужна: <suggestion>с покрытием</suggestion>.	с покрытием
L	1694	Чего не следует делать во избежание неприятностей.
L	1695	Чего не следует делать во избежании неприятностей.
M	1695	Vo_izbezhanie	1	23	35	Other	Неправильная форма предлога. Исправление: <suggestion>во избежание</suggestion>.	во избежание
L	1696	Об интернете.
L	1697	О интернете.
M	1697	O_OB_OBO	1	0	11	Other	Неправильная форма предлога. Исправление: <suggestion>об интернете</suggestion>.	Об интернете
L	1698	Они говорили обо мне.
L	1699	Они говорили об мне.
M	1699	O_OB_OBO	2	13	19	Other	Неправильная форма предлога. Исправление: <suggestion>обо мне</suggestion>.	обо мне
L	1700	Обо всём.
L	1701	Об всём.
M	1701	O_OB_OBO	3	0	7	Other	Неправильная форма предлога. Исправление: <suggestion>обо всём</suggestion> или <suggestion>о всём</suggestion>.	Обо всём|О всём
L	1702	Если вы ищите в этом месте.
M	1702	Verb_IMP_OR_REAL	1	8	13	Other	Глагол в настоящем времени не может быть в повелительном наклонении: <suggestion>ищете</suggestion>	ищете
L	1703	Если вы ищете в этом месте.
L	1704	Здесь будет строиться всё больше жилья.
L	1705	И как попало расселись на траве.
L	1706	Однако он был отвергнут.
L	1707	В этой области мы не знаем ничего, давайте создадим модель и поэкспериментируем.
L	1708	Думал собраться пойти купить выпить.
L	1709	Он как следует попарился.
L	1710	Толику необходимо перепрыгнуть через преграду.
L	1711	Он смеялся радовался. (Некорректный пример)
M	1711	Verb_comma_Verb	1	3	20	Other	Глаголы – однородные члены предложения: <suggestion>смеялся, радовался</suggestion> или <suggestion>смеялся и радовался</suggestion>.	смеялся, радовался|смеялся и радовался
L	1712	Здесь будет строится всё больше жилья.
M	1712	Verb_and_Verb	1	6	20	Other	Два глагола в личной форме подряд. Второй глагол должен быть в неопределённой форме: <suggestion>будет строиться</suggestion>	будет строиться
L	1713	Денис носить грязные носки.
M	1713	missing_2_verb	1	6	12	Other	Перед глаголом в неопределённой форме должен быть модальный глагол (хочет, будет, должен, может, ...)	
L	1714	Денис носит грязные носки.
L	1715	Денис будет носить грязные носки.
L	1716	Денис большой любитель поесть.
L	1717	Я представить себе не могу.
L	1718	Маша любить мягкие игрушки.
M	1718	missing_2_verb	1	5	11	Other	Перед глаголом в неопределённой форме должен быть модальный глагол (хочет, будет, должен, может, ...)	
L	1719	Маша будет любить мягкие игрушки.
L	1720	Он взял за правило никогда не говорить дурно о других.
L	1721	Перед глаголом в неопределённой форме должен быть модальный глагол.
L	1722	Они слишком заняты склоками друг с другом, чтобы думать об общих идеалах.
L	1723	Учиться нельзя заставлять.Учёбу нужно поощрять.
M	1723	SENTENCE_WHITESPACE		26	31	Other	Добавьте пробел между предложениями.	 Учёбу
L	1724	Нельзя ожидать всего от школы.
L	1725	Должен ли я остаться здесь?
L	1726	Готовы ли вы отложить ваши глупые сомнения?
L	1727	Мне пора идти спать.
L	1728	Тебе лучше поспать.
L	1729	Невозможно заставить его понять новую теорию.
L	1730	Отличать правду от кривды сложно.
L	1731	Нельзя не сказать и ещё об очень важном влиянии НЭПа
L	1732	Легко мне говорить по-японски.
L	1733	Легко мальчику говорить по-японски.
L	1734	Применение численных методов оптимизации никогда не может гарантировать, что получится найден глобальный экстремум.
M	1734	Verb_and_PT	1	77	93	Other	Глагол и причастие подряд. Вероятно, опечатка: <suggestion>получится найти</suggestion>	получится найти
L	1735	Применение численных методов оптимизации никогда не может гарантировать, что получится найти глобальный экстремум.
L	1736	Нужно, чтобы мы готовились к худшему.
L	1737	Не надо суетиться!
L	1738	Нужно решить транспортную проблему – заявил губернатор Московской области Борис Громов.
L	1739	Спрашивайте, что вам надо и оставьте меня в покое.
L	1740	Не надо суетится!
M	1740	Verb_tsa_and_ttsya	1	8	16	Other	Глагол должен быть в неопределённой форме: <suggestion>суетиться</suggestion>	суетиться
L	1741	Толику необходимо перепрыгнул через барьер.
M	1741	Verb_tsa_and_ttsya	1	18	29	Other	Глагол должен быть в неопределённой форме: <suggestion>перепрыгнуть</suggestion>	перепрыгнуть
L	1742	Нужно строится на этом месте.
M	1742	Verb_tsa_and_ttsya	1	6	14	Other	Глагол должен быть в неопределённой форме: <suggestion>строиться</suggestion>	строиться
L	1743	Парень же не справится.
L	1744	Парень же не справиться.
M	1744	Verb_tsa_and_ttsya	2	13	23	Other	Глагол должен быть в личной форме, мягкий знак не нужен: <suggestion>справится</suggestion>	справится
L	1745	Он мне приходиться племенником.
L	1746	Он мне приходится племенником.
L	1747	Ты увидишь, что ей трудно угодить.
L	1748	На него всегда можно положиться в сложной ситуации.
L	1749	Ты ведь собирался сейчас же её бросить, не так ли?
L	1750	Волков бояться — в лес не ходить.
L	1751	Ей запрещено выходить из дома.
L	1752	Ей не с кем поговорить.
L	1753	Он в состоянии помочь.
L	1754	Не надо суетиться!
L	1755	Проблема может возникнуть при наличии собственных резонансов в модели, что относится и к нашему случаю, где частота падающей волны приходится на максимум дипольного отклика частицы.
L	1756	Всё больше людей понимает, что учиться любить можно и нужно.
L	1757	Можно однозначно сказать, что гнаться за дешевизной мы не советуем.
L	1758	На снимке чистое поле, глазу не за что зацепиться.
L	1759	Проблема может возникнуть при наличии собственных резонансов в модели, что относиться и к нашему случаю, где частота падающей волны приходится на максимум дипольного отклика частицы.
L	1760	У меня нет никакого желания оставаться здесь.
L	1761	Эта проблема решиться после установки данной системы.
M	1761	Verb_INF_OR_3P_3	1	13	21	Other	Глагол должен быть в личной форме, мягкий знак не нужен: <suggestion>решится</suggestion>	решится
L	1762	Рак пятиться назад.
M	1762	Verb_INF_OR_3P_3	1	4	12	Other	Глагол должен быть в личной форме, мягкий знак не нужен: <suggestion>пятится</suggestion>	пятится
L	1763	Она сидит и кормит ребёнка.
L	1764	Она сидит и кормить ребёнка.
M	1764	Verb_3P_and_inf	1	12	19	Other	Оба глагола должны быть в личной форме: <suggestion>кормит</suggestion>	кормит
L	1765	Она кормит ребёнка и смотрит телевизор.
L	1766	Король Кристиан X вынужден подписать капитуляцию и приказывает армии сложить оружие.
L	1767	Она кормить ребёнка и смотрит телевизор.
M	1767	Verb_3P_and_inf	2	4	11	Other	Оба глагола должны быть в личной форме: <suggestion>кормит</suggestion>	кормит
L	1768	Вы должны прочитать и согласиться с правилами.
L	1769	Вы должны прочитать и согласится с правилами.
M	1769	Verb_3P_and_inf	3	10	32	Other	Оба глагола должны быть в неопределённой форме. <suggestion>прочитать и согласиться</suggestion>	прочитать и согласиться
L	1770	Вы должны прочитать и согласиться с правилами.
L	1771	Вы должны согласится и прочитать правила.
M	1771	Verb_3P_and_inf	4	10	32	Other	Оба глагола должны быть в неопределённой форме. <suggestion>согласиться и прочитать</suggestion>	согласиться и прочитать
L	1772	Он, про бежав в лес по тропе, устал.
M	1772	PREP_and_DPT	1	4	13	Other	Предлог перед деепричастием не употребляется. Исправление: <suggestion>пробежав</suggestion> или <suggestion>бежав</suggestion>.	пробежав|бежав
L	1773	Он пошёл в лес.
L	1774	Стив Джобс и Ко начали поиск специалистов.
L	1775	Он лёгок на подъем.
L	1776	Из пункта А в пункт В вышел поезд "Стрела" со скоростью 100 км/ч.
L	1777	Как насчет поиграть в теннис сегодня после обеда?
L	1778	Он в пошёл лес.
M	1778	Verb_and_PREP	1	3	10	Other	Предлог перед глаголом не употребляется. Исправление: <suggestion>пошёл</suggestion> или <suggestion>пошёл в</suggestion>.	пошёл|пошёл в
L	1779	Мы не дождались решение комиссии.
M	1779	NE_VB_NN_NN	1	3	32	Other	Требуется родительный падеж: <suggestion>не дождались решения комиссии</suggestion>, <suggestion>не дождались решенья комиссии</suggestion>	не дождались решения комиссии|не дождались решенья комиссии
L	1780	Мы не дождались решения комиссии.
L	1781	УЕФА объявила о реформе.
M	1781	ABR_GENDER	1	0	13	Other	Род аббревиатуры определяется по опорному слову: <suggestion>УЕФА объявил</suggestion> — мужской род.	УЕФА объявил
L	1782	УЕФА объявил о реформе.
L	1783	Фактическая власть в СССР принадлежала руководству КПСС.
L	1784	На фронте протяжённостью 500,5 км располагалась группа армий.
L	1785	Сегодня ВДНХ открылась в 10-00.
L	1786	Вчера ООН одобрила эту заявку.
L	1787	Вчера Cовет Безопасности ООН одобрил эту заявку.
M	1787	Latin_letters	1	6	11	Other	Возможно, нужна буква из кириллицы вместо аналогичной по начертанию латинской или наоборот. Вместо букв из других алфавитов для обозначения ударения используйте символ U+0301 в кодировке Юникод.	
L	1788	Сегодня ВДНХ открылся в 10-00.
M	1788	ABR_GENDER	2	8	21	Other	Род аббревиатуры определяется по опорному слову: <suggestion>ВДНХ открылась</suggestion> — женский род.	ВДНХ открылась
L	1789	Вчера ООН одобрил эту заявку.
M	1789	ABR_GENDER	2	6	17	Other	Род аббревиатуры определяется по опорному слову: <suggestion>ООН одобрила</suggestion> — женский род.	ООН одобрила
L	1790	СНГ образовалось в 1991 году.
L	1791	ФБР наградило агента Смита.
L	1792	ЦРУ определило его местонахождение.
L	1793	СНГ образовался в 1991 году.
M	1793	ABR_GENDER	3	0	15	Other	Род аббревиатуры определяется по опорному слову: <suggestion>СНГ образовалось</suggestion> — средний род.	СНГ образовалось
L	1794	ЦРУ определила его местонахождение.
M	1794	ABR_GENDER	3	0	14	Other	Род аббревиатуры определяется по опорному слову: <suggestion>ЦРУ определило</suggestion> — средний род.	ЦРУ определило
L	1795	ФБР наградил агента Смита.
M	1795	ABR_GENDER	3	0	12	Other	Род аббревиатуры определяется по опорному слову: <suggestion>ФБР наградило</suggestion> — средний род.	ФБР наградило
L	1796	Однако, по сути, директива № 1 от 21 июня реально всего лишь (и прежде всего) сообщала вероятную дату нападения Германии.
L	1797	Не сообщайте людях о празднике.
M	1797	Verb_and_NomDTV	1	3	18	Other	Глагол "сообщайте" предполагает после себя предлог перед родительным и предложным падежом (например: без, о, на, в) или запятую.	
L	1798	Ложка лежала столе.
M	1798	Verb_and_wo_P	1	6	18	Other	Глагол «лежала» предполагает после себя предлог перед предложным падежом (например: о, на, в).	
L	1799	Однако, по сути, директива № 1 от 21 июня реально всего лишь (и прежде всего) сообщала вероятную дату нападения Германии.
L	1800	В каких оно должно быть рамках?
L	1801	Я бы хотел быть Пикассо.
L	1802	Сторожевые посты из крестьян стояли метрах в пятидесяти друг от друга вдоль полотна.
L	1803	Не сообщайте людях о празднике.
M	1803	Verb_and_NomDTV	1	3	18	Other	Глагол "сообщайте" предполагает после себя предлог перед родительным и предложным падежом (например: без, о, на, в) или запятую.	
L	1804	Ложка лежала столе.
M	1804	Verb_and_wo_P	1	6	18	Other	Глагол «лежала» предполагает после себя предлог перед предложным падежом (например: о, на, в).	
L	1805	Он избежал встречу.
M	1805	Verb_izbezhat_NN	1	3	18	Other	Глагол «избежал» предполагает после себя существительное в родительном падеже: <suggestion>избежал встречи</suggestion>	избежал встречи
L	1806	Вы ещё на какое-то время избежите той же участи.
L	1807	Люблю он
M	1807	Verb_and_PNN_Nom	1	0	8	Other	Неверное управление	
L	1808	Мир, цинично добавляет он, стал слишком тесен.
L	1809	Вот я чувствую вы меня ими досыта и накормите.
L	1810	Вот я чувствую: вы меня ими досыта и накормите.
L	1811	Я вижу ты патриот.
L	1812	Люблю его
L	1813	Это было сделано благодаря ему.
L	1814	Это было сделано благодаря нему.
M	1814	PREP_and_PNN1	1	17	31	Other	Лишняя начальная буква «н»: <suggestion>благодаря ему</suggestion>.	благодаря ему
L	1815	Он прыгнул лучше их.
L	1816	Он прыгнул лучше них.
M	1816	PREP_and_PNN1	2	11	20	Other	Лишняя начальная буква «н»: <suggestion>лучше их</suggestion>.	лучше их
L	1817	Был выполнен возврат товара по причине его несоответствия требованиям.
L	1818	Был выполнен возврат товара по причине него несоответствия требованиям.
M	1818	PREP_and_PNN1	3	28	43	Other	Лишняя начальная буква «н»: <suggestion>по причине его</suggestion>.	по причине его
L	1819	насчёт их
M	1819	UPPERCASE_SENTENCE_START		0	6	Other	Это предложение не начинается с заглавной буквы.	Насчёт
L	1820	насчёт них
M	1820	PREP_and_PNN1	4	0	10	Other	Лишняя начальная буква «н»: <suggestion>насчёт их</suggestion>.	насчёт их
L	1821	Он пошёл к нему.
L	1822	Дело удалось благодаря его усилиям.
L	1823	Он подошёл к ему.
M	1823	PREP_and_PNN	1	11	16	Other	У местоимений 3 лица в косвенных падежах пишется начальная «н», если эти местоимения употребляются после предлогов: <suggestion>к нему</suggestion>.	к нему
L	1824	Всё было сделано без неё
L	1825	Всё было сделано без ней.
M	1825	PREP_and_PNN	2	17	24	Other	Нормативная форма – «неё»: <suggestion>без неё</suggestion>.	без неё
L	1826	сзади него
M	1826	UPPERCASE_SENTENCE_START		0	5	Other	Это предложение не начинается с заглавной буквы.	Сзади
L	1827	сзади его.
M	1827	PREP_and_PNN	3	0	9	Other	Нормативная форма – «него»: <suggestion>сзади него</suggestion>.	сзади него
L	1828	У неё на окошке герань.
L	1829	У ней занавески в разводах.
M	1829	PREP_and_PNN	4	0	5	Other	Форма «у ней» придаёт высказыванию разговорный характер. Нормативная форма: <suggestion>У неё</suggestion>.	У неё
L	1830	Он шёл навстечу движению.
M	1830	MORFOLOGIK_RULE_RU_RU		7	15	UnknownWord	Возможно найдена орфографическая ошибка.	навстречу
L	1831	Василиск отправил навстречу войско своего племянника Армата.
L	1832	Он подошёл навстречу движением.
M	1832	ADV_Navstrechu_and_Noun	1	11	30	Other	«Навстречу» предполагает употребление существительного в дательном падеже: <suggestion>навстречу движению</suggestion>, <suggestion>навстречу движенью</suggestion>	навстречу движению|навстречу движенью
L	1833	Он подошёл к дому.
L	1834	Он подошёл к дом.
M	1834	PREP_K_and_Noun	1	11	16	Other	Предлог «к» предполагает употребление существительного в дательном падеже: <suggestion>к дому</suggestion>	к дому
L	1835	Он подошёл к зелёному дому.
L	1836	Это относится к такого рода обещаниям.
L	1837	Он подошёл к зелёный дому.
M	1837	PREP_K_and_ADJ	1	11	20	Other	Предлог «к» предполагает употребление прилагательного в дательном падеже: <suggestion>к зелёному</suggestion> или <suggestion>зелёный</suggestion>	к зелёному|зелёный
L	1838	Один к двум.
L	1839	Один к два.
M	1839	PREP_K_and_Num	1	5	10	Other	Предлог «к» предполагает употребление числительного в дательном падеже: <suggestion>к двум</suggestion>	к двум
L	1840	Один к один.
M	1840	PREP_K_and_Num	1	5	11	Other	Предлог «к» предполагает употребление числительного в дательном падеже: <suggestion>к одному</suggestion>	к одному
L	1841	Один к тремя.
M	1841	PREP_K_and_Num	2	5	12	Other	Предлог «к» предполагает употребление числительного в дательном падеже: <suggestion>к трём</suggestion>	к трём
L	1842	Он идёт в кино.
L	1843	Он идёт на кино.
M	1843	PREP_V_VS_NA	1	8	15	Other	Требуется предлог «в» вместо предлога «на»: <suggestion>в кино</suggestion>	в кино
L	1844	Игорь пригласил меня на концерт!
L	1845	Игорь получил посылку на почте.
L	1846	Игорь искал документы в почте.
L	1847	Он пошёл в концерт.
M	1847	PREP_NA_VS_V	1	9	18	Other	Требуется предлог «на» вместо предлога «в»: <suggestion>на концерт</suggestion>	на концерт
L	1848	Перед закатом.
L	1849	Перед закат.
M	1849	PREP_Nad_and_Noun	1	0	11	Other	Предлоги: «над» и «перед» предполагают употребление существительного в творительном падеже: <suggestion>Перед закатом</suggestion> или <suggestion>закат</suggestion>	Перед закатом|Закат
L	1850	Перед багровым закатом.
L	1851	Перед багровый закатом.
M	1851	Unify_Adj_NN_case	3	6	22	Other	Прилагательное не согласуется с существительным по падежу.	багровым закатом
L	1852	Луч света попал сквозь окно в комнату.
L	1853	Через тернии к звёздам.
L	1854	Луч света попал сквозь окном в комнату.
M	1854	PREP_cherez_and_Noun	1	16	28	Other	Предлоги: «сквозь» и «через» предполагают употребление существительного в винительном падеже: <suggestion>сквозь окно</suggestion> или <suggestion>окном</suggestion>	сквозь окно|окном
L	1855	Луч света попал сквозь стеклянное окно в комнату.
L	1856	Луч света попал сквозь стеклянному окно в комнату.
M	1856	PREP_cherez_and_ADJ	1	16	34	Other	Предлоги: «сквозь» и «через» предполагают употребление прилагательного в винительном падеже: <suggestion>сквозь стеклянного</suggestion>, <suggestion>сквозь стеклянное</suggestion>, <suggestion>сквозь стеклянный</suggestion> или <suggestion>стеклянному</suggestion>	сквозь стеклянного|сквозь стеклянное|сквозь стеклянный|стеклянному
L	1857	Он смотрел в окно.
L	1858	в дыму
M	1858	UPPERCASE_SENTENCE_START		0	1	Other	Это предложение не начинается с заглавной буквы.	В
L	1859	Дебаты кандидатов в депутаты.
L	1860	Данные поступают в редактор мгновенно.
L	1861	В окном я увидел её.
M	1861	PREP_V_and_Noun	1	0	7	Other	Предлог «в» предполагает употребление существительного в винительном или предложном падеже: <suggestion>В окне</suggestion> или <suggestion>В окно</suggestion> 	В окне|В окно
L	1862	Я увидел её в окном.
M	1862	PREP_V_and_Noun	1	12	19	Other	Предлог «в» предполагает употребление существительного в винительном или предложном падеже: <suggestion>в окне</suggestion> или <suggestion>в окно</suggestion> 	в окне|в окно
L	1863	Он смотрел в новое окно.
L	1864	В предусмотренных конституцией случаях.
L	1865	Он всегда смотрит в будущее.
L	1866	Я верю в это всем сердцем.
L	1867	В котором писатель предсказал такие блага современной цивилизации как мобильные телефоны, принтеры и прочие технические устройства.
L	1868	Это наблюдается в одной такой группе
L	1869	Это наблюдается в одной такой группой
M	1869	PREP_V_and_Noun	2	30	37	Other	Предлог «в» предполагает употребление существительного в винительном или предложном падеже: <suggestion>группе</suggestion>	группе
L	1870	Лаборатория была создана при центре.
L	1871	Лаборатория была создана при центр.
M	1871	PREP_Pri_and_Noun	1	25	34	Other	Предлог «при» предполагает употребление существительного в предложном падеже: <suggestion>при центре</suggestion> или <suggestion>центр</suggestion>	при центре|центр
L	1872	В университете лаборатории созданы при кафедре и факультете.
L	1873	В битве с наполеоновскими войсками при Йене и Ауэрштедте Пруссия потерпела сокрушительное поражение.
M	1873	MORFOLOGIK_RULE_RU_RU		46	56	UnknownWord	Возможно найдена орфографическая ошибка.	
L	1874	Кодировка по умолчанию, используемая при чтении и записи файлов.
L	1875	В университете лаборатории созданы при кафедре и факультет.
M	1875	PREP_Pri_and_Noun	2	35	58	Other	Предлог «при» предполагает употребление существительного в предложном падеже: <suggestion>при кафедре и факультете</suggestion>	при кафедре и факультете
L	1876	В университете лаборатории созданы при кафедре и факультет
M	1876	PREP_Pri_and_Noun	2	35	58	Other	Предлог «при» предполагает употребление существительного в предложном падеже: <suggestion>при кафедре и факультете</suggestion>	при кафедре и факультете
L	1877	В университете лаборатории созданы при кафедре и профильном факультет.
M	1877	PREP_Pri_and_Noun	2	35	69	Other	Предлог «при» предполагает употребление существительного в предложном падеже: <suggestion>при кафедре и профильном факультете</suggestion>	при кафедре и профильном факультете
L	1878	Лаборатория была создана при исследовательском центре.
L	1879	Лаборатория была создана при исследовательский центре.
M	1879	Unify_Adj_NN_case	3	29	53	Other	Прилагательное не согласуется с существительным по падежу.	исследовательском центре
L	1880	Заросший пруд у опушки леса.
L	1881	У семи нянек дитя без глазу.
L	1882	К его словам мало кто прислушивается, особенно из власть предержащих.
L	1883	Он встретил у Гончаровых холодный приём.
L	1884	Заросший пруд у опушка леса.
M	1884	PREP_U_and_Noun	1	14	22	Other	Предлог «у» предполагает употребление существительного в родительном падеже: <suggestion>у опушки</suggestion> или <suggestion>опушка</suggestion>	у опушки|опушка
L	1885	Заросший пруд у опушка
M	1885	PREP_U_and_Noun	1	14	22	Other	Предлог «у» предполагает употребление существительного в родительном падеже: <suggestion>у опушки</suggestion> или <suggestion>опушка</suggestion>	у опушки|опушка
L	1886	Заросший пруд у лесной опушки.
L	1887	Я выступаю против.
L	1888	Заросший пруд у лесную опушки.
M	1888	PREP_U_and_ADJ	1	14	22	Other	Предлог «у» предполагает употребление прилагательного в родительном падеже: <suggestion>у лесной</suggestion> или <suggestion>лесную</suggestion>	у лесной|лесную
L	1889	Егерь пошёл в лес с рысью.
L	1890	Внезапно за песчаным холмом показался камень величиной с дом.
L	1891	В конце концов они встретились с глазу на глаз.
L	1892	М.: Прогресс, 1987. — 560 с.
L	1893	Егерь пошёл в лес с рысь.
M	1893	PREP_C_and_Noun	1	18	24	Other	Предлог «с» предполагает употребление существительного в родительном или творительном падеже.	
L	1894	Егерь пошёл в лес с пушистой рысью.
L	1895	Егерь пошёл в лес с пушистая рысью.
M	1895	PREP_C_and_ADJ	1	18	28	Other	Предлог «с» предполагает употребление прилагательного в родительном или творительном падеже.	
L	1896	Как научиться плавать под водой?
L	1897	Табуретка стоит под столом.
L	1898	Под вода.
M	1898	PREP_POD_And_NOUN	1	0	8	Other	Предлог «под» предполагает употребление существительного в винительном или предложном падеже.	
L	1899	Дайте мне бутылку из-под вина.
L	1900	Про паж.
M	1900	PREP_Pro_And_Noun	1	0	7	Other	Предлог «про» предполагает употребление существительного в винительном падеже.	
L	1901	Он рассказывал про путешествию.
M	1901	PREP_Pro_And_Noun	1	15	30	Other	Предлог «про» предполагает употребление существительного в винительном падеже.	
L	1902	Он рассказывал про путешествие.
L	1903	Он рассказывал про красивая путешествие.
M	1903	Unify_Adj_NN_gender	2	19	39	Other	Прилагательное не согласуется с существительным по роду.	
L	1904	Он рассказывал про красивое путешествие.
L	1905	Мавританское руководство пыталось поддерживать равновесие между про сахарскими и про марокканскими группировками.
M	1905	Two_PREP	1	58	67	Other	Два предлога подряд: <suggestion>между</suggestion> или <suggestion>про</suggestion>	между|про
L	1906	За весе.
M	1906	PREP_Za_And_Noun	1	0	7	Other	Предлог «за» предполагает употребление существительного в творительном или винительном падежах.	
L	1907	Он был за домом.
L	1908	Я спросил, что это за вода?
L	1909	Я спросил, что это за человек?
L	1910	Что он был за человек?
L	1911	Однако из за уменьшения габаритов и веса комплектующих. (Некорректный пример)
M	1911	RU_COMPOUNDS		7	12	Other	Эти слова должны быть написаны через дефис.	из-за
L	1912	На резками.
M	1912	PREP_Na_And_Noun	1	0	10	Other	Предлог «на» предполагает употребление существительного в винительном или предложном падежах.	
L	1913	Кошка прыгнула на коврик.
L	1914	Он молится несколько раз на дню.
L	1915	На Маврикия прилетают грачи.
L	1916	Об работка.
M	1916	PREP_Ob_And_Noun	1	0	10	Other	Предлог «об» предполагает употребление существительного в винительном или предложном падежах.	
L	1917	Собака ударилась об косяк двери.
L	1918	Возле дома был большой сквер.
L	1919	Возле стадион был большой сквер.
M	1919	PREP_vozle_and_Noun	1	0	13	Other	Предлог «возле» предполагает употребление существительного в родительном падеже: <suggestion>Возле стадиона</suggestion>	Возле стадиона
L	1920	Вокруг дома был большой сквер.
L	1921	Заставил построить вокруг стену.
L	1922	Вокруг стадионом был большой сквер.
L	1923	Я прочитал газетную статью о ярмарке.
L	1924	О жемчужина, сияющая в цветке лотоса!
L	1925	Я прочитал газетную статью о ярмаркой.
M	1925	PREP_O_and_Noun	1	27	37	Other	Предлог «о» предполагает употребление существительного в винительном или предложном падеже.	
L	1926	Я прочитал газетную статью о предстоящей ярмарке.
L	1927	Я прочитал газетную статью о предстоящая ярмаркой.
M	1927	PREP_O_and_ADJ	1	27	40	Other	Предлог «о» предполагает употребление прилагательного в винительном или предложном падеже.	
L	1928	Я шёл по снегу.
L	1929	Я ходил в лес по грибы.
L	1930	Я ходил по грибы.
L	1931	Груз сплавляли по реке По.
L	1932	По улица пойду.
M	1932	PREP_PO_and_Noun	1	0	8	Other	Предлог «по» предполагает употребление существительного в дательном падеже, но возможен предложный или винительный падеж.	
L	1933	Я шёл по снегом.
M	1933	PREP_PO_and_Noun	1	6	15	Other	Предлог «по» предполагает употребление существительного в дательном падеже, но возможен предложный или винительный падеж.	
L	1934	В том деле нет правды.
L	1935	Не видит в том потери.
L	1936	Моделирование прекращается в тот момент, когда практически вся энергия импульса будет либо рассеяна объектом, либо поглощена.
L	1937	В том делах нет правды.
M	1937	PREP_V_tom_Noun	1	0	11	Other	Требуется предложный падеж или предлог «тот».	
L	1938	Без учёта таксиста в машине нас было четверо.
L	1939	Без учёта таксистом в машине нас было четверо.
M	1939	grammar_bez_ucheta_and_Noun	1	0	19	Other	Оборот «без учёта» предполагает употребление существительного в родительном падеже: <suggestion>Без учёта таксиста</suggestion>	Без учёта таксиста
L	1940	В адрес организации мы направили письмо.
L	1941	В адрес организацией мы направили письмо.
M	1941	grammar_v_adress_and_Noun	1	0	20	Other	Оборот «в адрес» предполагает употребление существительного в родительном падеже: <suggestion>В адрес организации</suggestion>	В адрес организации
L	1942	В ведение организации было передано имущество.
L	1943	В ведение организацией было передано имущество.
M	1943	grammar_v_vedenie_and_Noun	1	0	22	Other	Оборот «в ведение» предполагает употребление существительного в родительном падеже: <suggestion>В ведение организации</suggestion>	В ведение организации
L	1944	Звезда берет своё начало в виде облака газа и пыли, которое называют туманностью.
L	1945	Звезда берет своё начало в виде облаком газа и пыли, которое называют туманностью.
M	1945	grammar_v_vide_and_Noun	1	25	39	Other	Оборот «в виде» предполагает употребление существительного в родительном падеже: <suggestion>в виде облака</suggestion>	в виде облака
L	1946	Предлагаем разобраться в видах соли.
L	1947	Предлагаем разобраться в видах газировка.
M	1947	grammar_v_vidah_and_Noun	1	23	40	Other	Оборот «в видах» предполагает употребление существительного в родительном падеже: <suggestion>в видах газировки</suggestion>	в видах газировки
L	1948	Управляющий предприятием общественного питания.
L	1949	Управляющая организация.
L	1950	Управляющая Наталья взяла трубку.
L	1951	Управляющий предприятия общественного питания.
M	1951	upravlauchij_NN	1	0	23	Other	Существительное «Управляющий» предполагает употребление зависимого слова в творительном падеже: <suggestion>Управляющий предприятием</suggestion>, <suggestion>Управляющий предприятьем</suggestion>	Управляющий предприятием|Управляющий предприятьем
L	1952	плыть лодкой
M	1952	plit_lodkoj	1	0	12	Other	Существительное «плыть» предполагает употребление зависимого слова в предложном падеже: <suggestion>плыть на лодке</suggestion>	плыть на лодке
L	1953	Кто может заслуживать доверия в этом вопросе?
L	1954	Кто может заслуживать доверие в этом вопросе?
M	1954	zaslujivat_NN	1	10	29	Other	Глагол «заслуживать» предполагает употребление зависимого слова в родительном падеже: <suggestion>заслуживать доверия</suggestion>, <suggestion>заслуживать доверья</suggestion>	заслуживать доверия|заслуживать доверья
L	1955	Кто может заслужить доверие в этом вопросе?
L	1956	Кто может заслужить доверию в этом вопросе?
M	1956	zaslujit_NN	1	10	27	Other	Глагол «заслужить» предполагает употребление зависимого слова в винительном падеже: <suggestion>заслужить доверие</suggestion>, <suggestion>заслужить доверье</suggestion>	заслужить доверие|заслужить доверье
L	1957	Равноправны друг c другом.
M	1957	Latin_single_letter	1	17	18	Other	Возможно нужна буква из кириллицы вместо аналогичной по начертанию латинской или наоборот.	
L	1958	Они равноправны друг другу.
M	1958	drug_s_drugom	1	4	26	Other	<suggestion>равноправны друг с другом</suggestion>	равноправны друг с другом
L	1959	Южнокорейский консорциум может поучаствовать в проекте.
L	1960	Он хочет по идти в кругосветное путешествие. (Некорректный пример)
M	1960	RU_SIMPLE_REPLACE		9	16	Other	Опечатка	пойти
L	1961	Южнокорейский консорциум может по участвовать в проекте.
M	1961	pouchastvovat	1	31	45	Other	Пишется слитно: <suggestion>поучаствовать</suggestion>	поучаствовать
L	1962	Направление движению
M	1962	Potok_and_Noun	1	0	20	Other	После слов: «поток» и «направление» существительные употребляются в родительном и творительном падеже.	
L	1963	По направлению движению
M	1963	Potok_and_Noun	1	3	23	Other	После слов: «поток» и «направление» существительные употребляются в родительном и творительном падеже.	
L	1964	Линия потока энергия
M	1964	Potok_and_Noun	1	6	20	Other	После слов: «поток» и «направление» существительные употребляются в родительном и творительном падеже.	
L	1965	Поток энергия
M	1965	Potok_and_Noun	1	0	13	Other	После слов: «поток» и «направление» существительные употребляются в родительном и творительном падеже.	
L	1966	Указал направление рукой
L	1967	Поток энергии
L	1968	Поток стрелой устремился вниз с горы
L	1969	Направление Голова
L	1970	Не позднее двух дней со дня направления участнику разъяснения.
L	1971	А теперь совершаем движение руке по часовой стрелке.
M	1971	Dvigenie_and_Noun	1	19	32	Other	После слов: «движение» существительные употребляются в родительном или творительном падеже: <suggestion>движение руки</suggestion>, <suggestion>движение рукой</suggestion>, <suggestion>движение рукою</suggestion>	движение руки|движение рукой|движение рукою
L	1972	А теперь совершаем движение рукой по часовой стрелке.
L	1973	При движении мать постоянно трогает детёныша хоботом, ногами или хвостом, в зависимости от того, находится ли детёныш перед ней, рядом или за ней.
L	1974	Там в течение реки много изгибов.
M	1974	V_TECHENII	1	4	18	Other	Должно быть: <suggestion>в течении реки</suggestion>	в течении реки
L	1975	Там в течении реки много изгибов.
L	1976	В отличии от аэрофотоснимков космические изображения позволяют охватить огромные участки земной поверхности.
M	1976	V_OTLICHIE	1	0	12	Other	Предлог «в отличие» употребляется с предлогом «от»: <suggestion>В отличие от</suggestion>	В отличие от
L	1977	В отличие этих двух аппаратов можно не сомневаться.
M	1977	V_OTLICHIE	2	0	14	Other	Предлог с существительным «в отличии»: <suggestion>В отличии этих</suggestion>	В отличии этих
L	1978	Работа должна быть выполнена в течении часа.
M	1978	V_TECHENIЕ	1	29	43	Other	Должно быть: <suggestion>в течение часа</suggestion>	в течение часа
L	1979	Работа должна быть выполнена в течение часа.
L	1980	Работа должна быть выполнена в течении 10 дней.
M	1980	V_TECHENIЕ	2	29	46	Other	Должно быть: <suggestion>в течение 10 дней</suggestion>	в течение 10 дней
L	1981	Работа должна быть выполнена в течении 10 календарных дней.
M	1981	V_TECHENIЕ	2	29	53	Other	Должно быть: <suggestion>в течение 10 календарных</suggestion>	в течение 10 календарных
L	1982	Перевод выполняется в течении трёх банковских дней.
M	1982	V_TECHENIЕ	2	20	45	Other	Должно быть: <suggestion>в течение трёх банковских</suggestion>	в течение трёх банковских
L	1983	Работа должна быть выполнена в течение 10 дней.
L	1984	Работа была выполнена в продолжении дня.
M	1984	V_PRODOLJENIЕ	1	22	39	Other	Должно быть: <suggestion>в продолжение дня</suggestion> (время).	в продолжение дня
L	1985	Работа была выполнена в продолжение дня.
L	1986	В продолжение пути будет привал.
M	1986	V_PRODOLJENIЕ	2	0	18	Other	Должно быть: <suggestion>В продолжении пути</suggestion> (расстояние).	В продолжении пути
L	1987	В продолжении дороги будет карман.
L	1988	Иван Иванович
L	1989	Иван Иваныч.
M	1989	talk	1	5	11	Other	Разговорная или устаревшая форма слова.	
L	1990	Куда бежите?
L	1991	Вы уже бежите в укрытие.
L	1992	Бежите скорей сюда!
M	1992	talk	2	0	6	Other	Разговорная или устаревшая форма слова: <suggestion>бегите</suggestion>.	Бегите
L	1993	При исследовании поглощения света наночастицами рассматривались трёхслойные частицы из заранее выбранных материалов.
L	1994	При исследовании поглощения света наночастицами исследовались трёхслойные частицы из заранее выбранных материалов.
M	1994	Word_root_repeat	1	4	61	Other	Повтор однокоренных слов.	
L	1995	При исследовании поглощения света наночастицами рассматривались трёхслойные частицы из заранее выбранных материалов.
L	1996	Исследовались трёхслойные частицы из заранее выбранных материалов при исследовании поглощения света наночастицами.
M	1996	Word_root_repeat	2	0	82	Other	Повтор однокоренных слов.	
L	1997	При исследовании поглощения света наночастицами рассматривались трёхслойные частицы из заранее выбранных материалов.
L	1998	При рассмотрении поглощения света наночастицами рассматривались трёхслойные частицы из заранее выбранных материалов.
M	1998	Word_root_repeat	3	4	63	Other	Повтор однокоренных слов.	
L	1999	При исследовании поглощения света наночастицами рассматривались трёхслойные частицы из заранее выбранных материалов.
L	2000	Рассматривались трёхслойные частицы из заранее выбранных материалов при рассмотрении поглощения света наночастицами.
M	2000	Word_root_repeat	4	0	84	Other	Повтор однокоренных слов.	
L	2001	Псков же стал провинциальным городом.
L	2002	Псков стал провинциальным городом.
L	2003	«Псков же стал провинциальным городом».
L	2004	Экскурсовод сказал, что Псков же стал провинциальным городом.
L	2005	Удалось подобрать ту же цветовую гамму.
L	2006	Иван ж не приехал.
M	2006	PARTICLE_JE_J	1	0	9	Other	Частица «Ж» употребляется только после слов, оканчивающихся на гласный звук: <suggestion>Иван же не</suggestion>	Иван же не
L	2007	Иван же не приехал.
L	2008	Ольга ж не приехала.
L	2009	Поздравляю с днём рожденья!
M	2009	grammar_s_dnem_rojdenja	1	11	26	Other	Просторечие. Верно: <suggestion>с днём рождения</suggestion>.	с днём рождения
L	2010	С днём рождения!
L	2011	Тренер ругал за про дело.
M	2011	rugat_rugatsja	1	7	15	Other	Предлог не нужен.	
L	2012	Тарелка на под блюдо.
M	2012	Two_PREP	1	8	14	Other	Два предлога подряд: <suggestion>на</suggestion> или <suggestion>под</suggestion>	на|под
L	2013	Кошка прыгнула на в окно.
M	2013	Two_PREP	1	15	19	Other	Два предлога подряд: <suggestion>на</suggestion> или <suggestion>в</suggestion>	на|в
L	2014	Я уверен, что всё изменится в к лучшему.
M	2014	Two_PREP	1	28	31	Other	Два предлога подряд: <suggestion>в</suggestion> или <suggestion>к</suggestion>	в|к
L	2015	Тренер ругал за дело.
M	2015	rugat_rugatsja	1	7	15	Other	Предлог не нужен.	
L	2016	Слияние Бухарского и Хивинского ханств произошло военным путём в 1876 году.
L	2017	Возвышенность простирается с Ю на С от старой дороги.
L	2018	Она преподаёт изо в школе.
L	2019	Оля принимала участие в разработке ПО с открытым кодом.
L	2020	Кот крался по над стенкой. (Некорректный пример)
M	2020	RU_COMPOUNDS		11	17	Other	Эти слова должны быть написаны через дефис.	по-над
L	2021	Разбил в аварии перед у машины
L	2022	К ИЗО ученик подготовился.
M	2022	PREP_U_and_Noun	1	2	12	Other	Предлог «ИЗО» предполагает употребление существительного в родительном падеже: <suggestion>ИЗО ученика</suggestion> или <suggestion>ученик</suggestion>	ИЗО ученика|Ученик
L	2023	В к ране.
M	2023	Two_PREP	1	0	3	Other	Два предлога подряд: <suggestion>В</suggestion> или <suggestion>к</suggestion>	В|К
L	2024	Он её не любил, она его не любила, они многое знали.
M	2024	Many_PNN	1	0	45	Other	Загруженность предложения местоимениями.	
L	2025	Девчата болтали по поводу того, как прекрасна летняя ночь.
L	2026	Я, возможно ошибаясь, могу предложить способ решения.
M	2026	vozmojno_oshibayas	1	1	26	Other	Слова-паразиты: <suggestion> могу</suggestion>.	 могу
L	2027	Каждый напиток имеет, так сказать, свое значение.
L	2028	Он тебе как бы нравится?
L	2029	Как бы Вы его описали?
L	2030	Как бы не так!
L	2031	Все, кто ходили в лес, остались довольны походом.
M	2031	KTO_VB_PL	1	5	15	Other	Местоимение «кто» употребляется только с глаголами в форме единственного числа: <suggestion>кто ходил</suggestion>	кто ходил
L	2032	Все, кто ходил в лес, остались довольны походом.
L	2033	Я не заметил, что находится он в комнате.
L	2034	Я не заметил, что находится ли он в комнате.
M	2034	chto_li	1	12	17	Other	Лишний союз «что»: <suggestion>,</suggestion>	,
L	2035	Так как отражение от такой границы практически отсутствует, то распределение поля перед ней с хорошей степенью точности совпадает со случаем "открытых" граничных условий, который тождественен бесконечной среде.
L	2036	Если это так опасно, то требуется осторожность.
L	2037	А если ты так не думаешь, то нет.
L	2038	Так отражение от такой границы практически отсутствует, то распределение поля перед ней с хорошей степенью точности совпадает со случаем "открытых" граничных условий, который тождественен бесконечной среде.
L	2039	Будьте более конкретны
L	2040	Будьте более или менее конкретны.
M	2040	bolee_ili_menee_k	1	7	32	Other	Избыточное определение: <suggestion>более конкретны</suggestion>	более конкретны
L	2041	Результат вычисления целевой функции получается в виде скаляра.
M	2041	Style_imeet_vid	1	37	54	Other	Стиль. Лучше сказать: <suggestion>имеет вид</suggestion>.	имеет вид
L	2042	Обнаруженная закономерность позволила сформулировать гипотезу, что для создания маскирующего покрытия достаточно использовать всего два материала.
M	2042	Style_gipoteza_ssno_kotoroj	1	53	79	Other	Стиль. Лучше сказать: <suggestion>гипотезу, согласно которой</suggestion>.	гипотезу, согласно которой
L	2043	Это всегда лучший способ подачи потрясающих идей.
L	2044	Это всегда абсолютно самый лучший способ подачи потрясающих идей.
M	2044	prev_st	1	11	33	Other	Излишние прилагательные в превосходной степени: <suggestion>лучший</suggestion>	лучший
L	2045	Этот способ всегда абсолютно лучше предложенного.
M	2045	adv_st	1	19	34	Other	Неверное образование степени сравнения прилагательного: <suggestion>лучше</suggestion>	лучше
L	2046	Помните, что в большинстве случаев связку «о том» можно исключить.
L	2047	Помните о том, что в большинстве случаев связку «о том» можно исключить.
L	2048	Эта книга интересная.
L	2049	Это не незнакомец.
L	2050	Он не немец.
L	2051	Это не только не критично, но и оправданно.
L	2052	Это не несёт никакой нагрузки.
L	2053	Эта книга не неинтересная.
M	2053	DoubleNE	1	10	25	Other	Не ставьте два «не» подряд, если это не оправдано смыслом предложения.	
L	2054	Рекомендуется избегать двойных отрицаний.
L	2055	Не могу не согласиться.
L	2056	Не только не видно нигде следов роскоши, но и те самые комнаты были пусты.
L	2057	Если вы не знали меня с этой стороны, то вы вообще меня не знали.
L	2058	Заявка не рассматривается и не оценивается.
L	2059	Не ставьте два «не» подряд.
L	2060	Не следует пытаться не избегать двойных отрицаний.
M	2060	DoubleNOT	1	0	22	Other	Стиль: не ставьте два «не» подряд, если это не оправдано смыслом предложения.	
L	2061	Не ставьте два «их» подряд.
L	2062	Это их идея два их подряд.
M	2062	DoubleIH	1	16	18	Other	Стиль: не ставьте два «их» в предложении.	
L	2063	Не грубости ради, но порядка для.
M	2063	PREP_ON_END	1	29	33	Other	Предлог в конце предложения не употребляется.	
L	2064	Не грубости ради, но для порядка.
L	2065	А с XII в. — шнеккеры.
M	2065	MORFOLOGIK_RULE_RU_RU		13	21	UnknownWord	Возможно найдена орфографическая ошибка.	Штеккеры
L	2066	А с XII в.
L	2067	Не для этого оно.
L	2068	Оно не для этого.
L	2069	Ты ужасный человек, - сказала она.
M	2069	COMMA_DEFIS	1	18	21	Other	После запятой должно стоять тире: <suggestion>, —</suggestion>	, —
L	2070	Сделать меня таким, как он.
L	2071	Так он и запил горькую судьбу.
L	2072	Он богат.
L	2073	Магазин находится на ул. Горной.
L	2074	Это кольцо является волшебным.
L	2075	Такой подход оказался достаточно универсальным.
L	2076	Холл небольшой, но уютный.
L	2077	Холл небольшой, уютный.
L	2078	В случае, если локальные минимумы сильно отличаются друг от друга, то предсказание становится затруднительным.
L	2079	Так он и выбрал красивую.
L	2080	Кнопка выбора пути файла для сохранения цвета фона.
L	2081	Один из водных путей экспансии варягов из района проживания.
L	2082	Кнопка выбора файла сохранения цвета фона.
M	2082	noun_genitive_3	1	7	41	Other	Более 4 существительных в родительном падеже подряд. Перефразируйте предложение.	
L	2083	Диктор комментирует это событие.
L	2084	диктор комментирует об этом событии.
M	2084	UPPERCASE_SENTENCE_START		0	6	Other	Это предложение не начинается с заглавной буквы.	Диктор
M	2084	kommentirovat_prep	1	7	22	Other	Дополнение должно быть без предлога.	
L	2085	Она очень хороша.
L	2086	Она ужасно хороша.
M	2086	ugasno_krasivij	1	4	17	Other	Слово «ужасно» не может употребляться со словами, имеющими положительную окраску: <suggestion>очень хороша</suggestion>.	очень хороша
L	2087	Она очень красива.
L	2088	Она ужасно красива.
M	2088	ugasno_krasivij	2	4	18	Other	Слово «ужасно» не может употребляться со словами, имеющими положительную окраску: <suggestion>очень красива</suggestion>.	очень красива
L	2089	манкировать обязанностями
M	2089	UPPERCASE_SENTENCE_START		0	11	Other	Это предложение не начинается с заглавной буквы.	Манкировать
L	2090	манкировать обязанности
M	2090	UPPERCASE_SENTENCE_START		0	11	Other	Это предложение не начинается с заглавной буквы.	Манкировать
L	2091	манкировать своими обязанностями
M	2091	UPPERCASE_SENTENCE_START		0	11	Other	Это предложение не начинается с заглавной буквы.	Манкировать
L	2092	манкировать свои обязанности
M	2092	UPPERCASE_SENTENCE_START		0	11	Other	Это предложение не начинается с заглавной буквы.	Манкировать
L	2093	рецензия на произведение
M	2093	UPPERCASE_SENTENCE_START		0	8	Other	Это предложение не начинается с заглавной буквы.	Рецензия
L	2094	Это рецензия о произведении.
M	2094	reczenzija_na	1	4	27	Other	Рецензия пишется на какое-либо произведение: <suggestion>рецензия на произведение</suggestion>, <suggestion>рецензия на произведенье</suggestion>.	рецензия на произведение|рецензия на произведенье
L	2095	Пришла претензия к качеству товара.
L	2096	Пришла претензия на качество товара.
M	2096	pretenzia_na	1	7	28	Other	Нужен предлог «к»: <suggestion>претензия к качеству</suggestion>.	претензия к качеству
L	2097	Летопись представляет собой запись событий.
L	2098	Летопись представляет из себя запись событий.
M	2098	predstavlat_soboj	1	9	29	Other	Разговорный стиль: <suggestion>представляет собой</suggestion>.	представляет собой
L	2099	Он натерпелся страху.
L	2100	Он нагнал страха.
M	2100	nagnat_strahu	1	3	16	Other	Устойчивое выражение: <suggestion>нагнал страху</suggestion>.	нагнал страху
L	2101	возникает ощущение
M	2101	UPPERCASE_SENTENCE_START		0	9	Other	Это предложение не начинается с заглавной буквы.	Возникает
L	2102	складывается ощущение
M	2102	UPPERCASE_SENTENCE_START		0	12	Other	Это предложение не начинается с заглавной буквы.	Складывается
L	2103	возникало ощущение
M	2103	UPPERCASE_SENTENCE_START		0	9	Other	Это предложение не начинается с заглавной буквы.	Возникало
L	2104	складывалось ощущение
M	2104	UPPERCASE_SENTENCE_START		0	12	Other	Это предложение не начинается с заглавной буквы.	Складывалось
L	2105	Но ни в коем случае нельзя забывать об этом.
L	2106	Но не в коем случае нельзя забывать об этом.
M	2106	ni_v_koem_sluchae	1	3	19	Other	Устойчивое выражение: <suggestion>ни в коем случае</suggestion>.	ни в коем случае
L	2107	Более-менее.
L	2108	Более или менее.
L	2109	Более менее.
L	2110	Более или менее.
L	2111	ни на грамм
M	2111	UPPERCASE_SENTENCE_START		0	2	Other	Это предложение не начинается с заглавной буквы.	Ни
L	2112	ни на гран
M	2112	UPPERCASE_SENTENCE_START		0	2	Other	Это предложение не начинается с заглавной буквы.	Ни
L	2113	ни грамма
M	2113	UPPERCASE_SENTENCE_START		0	2	Other	Это предложение не начинается с заглавной буквы.	Ни
L	2114	ни грана
M	2114	UPPERCASE_SENTENCE_START		0	2	Other	Это предложение не начинается с заглавной буквы.	Ни
L	2115	Количество лошадиных сил определить не представляется возможным.
L	2116	Количество лошадиных сил определить не предоставляется возможным.
M	2116	NE_PREDSTAVL_VOZM	1	36	64	Other	Словосочетание: <suggestion>не представляется возможным</suggestion>.	не представляется возможным
L	2117	В книге опубликовано воспоминание известного политика.
M	2117	Opublikovani_vospominanija	1	8	33	Other	Требуется множественное число: <suggestion>опубликованы воспоминания</suggestion>.	опубликованы воспоминания
L	2118	35,5 процента.
L	2119	35,5 процентов.
M	2119	Num_plus_Noun	1	0	14	Other	Существительное с дробным числительным должно употребляться в единственном числе родительного падежа (например 35,5 процента), а не во множественном (35,5 процентов): <suggestion>35,5 процента</suggestion>	35,5 процента
L	2120	1 процент.
L	2121	Три тома второго издания книги вышли в 1966 — 1971 годах.
L	2122	1 процентов.
L	2123	Вопреки предположениям о том, что изменения ожидаются довольно скоро, объявлены более отдалённые сроки их вступления в силу.
L	2124	Скорость марсоходов увеличится благодаря системе автономной навигации.
L	2125	Вопреки утверждению ФАС дефицит топлива возможен.
L	2126	Скорость марсоходов увеличится благодаря системы автономной навигации.
M	2126	vopreki_NN	1	31	48	Other	Предлог «благодаря» предполагает употребление зависимого слова в дательном падеже: <suggestion>благодаря системе</suggestion>	благодаря системе
L	2127	Вопреки утверждения ФАС дефицит топлива возможен.
M	2127	vopreki_NN	1	0	19	Other	Предлог «Вопреки» предполагает употребление зависимого слова в дательном падеже: <suggestion>Вопреки утверждению</suggestion>, <suggestion>Вопреки утвержденью</suggestion>	Вопреки утверждению|Вопреки утвержденью
L	2128	Вопреки предположений о том, что изменения ожидаются довольно скоро, объявлены более отдалённые сроки их вступления в силу.
M	2128	vopreki_NN	1	0	21	Other	Предлог «Вопреки» предполагает употребление зависимого слова в дательном падеже: <suggestion>Вопреки предположениям</suggestion>, <suggestion>Вопреки предположеньям</suggestion>	Вопреки предположениям|Вопреки предположеньям
L	2129	Благодаря поездке по Золотому кольцу мы узнали гораздо мы узнали много нового.
M	2129	Verb_comma_Verb	1	40	64	Other	Глаголы – однородные члены предложения: <suggestion>узнали гораздо мы, узнали</suggestion> или <suggestion>узнали гораздо мы и узнали</suggestion>.	узнали гораздо мы, узнали|узнали гораздо мы и узнали
L	2130	Благодаря поездка по Золотому кольцу мы узнали много нового.
M	2130	vopreki_NN	1	0	17	Other	Предлог «Благодаря» предполагает употребление зависимого слова в дательном падеже: <suggestion>Благодаря поездкам</suggestion>, <suggestion>Благодаря поездке</suggestion>	Благодаря поездкам|Благодаря поездке
L	2131	Благодаря своевременному предупреждению мы избежали неприятностей.
L	2132	Благодаря предупреждению мы избежали неприятностей.
L	2133	Благодаря предупреждения мы избежали неприятностей.
M	2133	vopreki_NN	1	0	24	Other	Предлог «Благодаря» предполагает употребление зависимого слова в дательном падеже: <suggestion>Благодаря предупреждению</suggestion>, <suggestion>Благодаря предупрежденью</suggestion>	Благодаря предупреждению|Благодаря предупрежденью
L	2134	Отправление поезда согласно расписанию.
L	2135	Отправление поезда согласно расписания.
L	2136	Выяснять про событие.
L	2137	Выяснять о событии.
M	2137	Use_prep_O	1	0	10	Other	Глагол «Выяснять» с предлогом «о» не употребляется.	
L	2138	Он выясняет о событии.
M	2138	Use_prep_O	1	3	13	Other	Глагол «выясняет» с предлогом «о» не употребляется.	
L	2139	Отмечать событие.
L	2140	Доказывать об этом событии.
M	2140	Use_prep_O	2	0	13	Other	Глагол «Доказывать» не употребляется с предлогами.	
L	2141	Сомневаться в доказательстве.
L	2142	Сомневаться об этом выводе.
M	2142	Use_prep_O	3	0	14	Other	Глагол «Сомневаться» с предлогом «о» не употребляется. Возможная замена: <suggestion>Сомневаться в</suggestion>	Сомневаться в
L	2143	Указать на ошибку.
L	2144	Указать об ошибке.
M	2144	Use_prep_O	4	0	17	Other	Глагол «Указать» с предлогом «о» не употребляется. Возможная замена: <suggestion>Указать на ошибку</suggestion>	Указать на ошибку
L	2145	Он советовал покупку.
L	2146	Он советовал о покупке.
M	2146	VB_O_KOM	1	3	22	Other	Глагол «советовал» с предлогом «о» не употребляется. Возможная замена: <suggestion>советовал покупку</suggestion>	советовал покупку
L	2147	Он надеялся на удачу.
L	2148	Он надеялся об удаче.
M	2148	VB_O_KOM	2	3	20	Other	Глагол «надеялся» с предлогом «о» не употребляется. Возможная замена: <suggestion>надеялся на удачу</suggestion>	надеялся на удачу
L	2149	Он убедился в надёжности системы.
L	2150	Он убедился о надёжности системы.
M	2150	VB_O_KOM	3	3	24	Other	Глагол «убедился» с предлогом «о» не употребляется. Возможная замена: <suggestion>убедился в надёжности</suggestion>, <suggestion>убедился в надёжность</suggestion>	убедился в надёжности|убедился в надёжность
L	2151	Он принял меры для безопасности.
L	2152	Он принял меры о безопасности.
M	2152	VB_O_KOM	4	3	29	Other	Глагол «принял» с предлогом «о» не употребляется. Возможная замена: <suggestion>принял меры для безопасностей</suggestion>, <suggestion>принял меры для безопасности</suggestion>	принял меры для безопасностей|принял меры для безопасности
L	2153	Спит ум, может быть получивший бы внезапный родник великих свойств.
M	2153	PT_BI	1	20	33	Other	Причастие с частицей «бы» не употребляется: <suggestion>получивший</suggestion>	получивший
L	2154	Спит ум, может быть получивший внезапный родник великих свойств.
L	2155	Он, подумав бы, отказался от этой затеи.
M	2155	DPT_BI	1	4	14	Other	После деепричастия частица «бы» не употребляется.	
L	2156	Содействовать выполнению задания.
L	2157	Содействовать и помогать.
M	2157	strong_m	1	0	15	Other	Не найдены обязательные зависимые слова: содействовать чему?	
L	2158	Содействовали и помогали.
M	2158	strong_m	1	0	15	Other	Не найдены обязательные зависимые слова: содействовать чему?	
L	2159	Через несколько минут мы ответим на интересующие слушателей вопросы.
L	2160	Мы владеем сокровищами, которые интересуют не только нас.
L	2161	Магдалену интересует география.
L	2162	Мы ответим на интересующие вопросы.
M	2162	strong_m	2	14	34	Other	Не найдены обязательные зависимые слова: интересовать кого?	
L	2163	Вы нарушаете правила.
L	2164	Это правило я никогда не нарушал.
L	2165	Правило я никогда не нарушал.
L	2166	Вы нарушаете!
M	2166	strong_m	3	3	13	Other	Не найдены обязательные зависимые слова: нарушать что (чего)? 	
L	2167	Мы говорим, что косвенная речь в кавычки не берётся.
L	2168	Мы говорим, что "косвенная речь в кавычки не берётся".
M	2168	kosvennaja_rech	1	12	53	Other	Косвенная речь в кавычки не берётся.	
L	2169	Мы говорим, что косвенная речь в кавычки не берётся.
L	2170	Мы говорим, что «косвенная речь в кавычки не берётся».
M	2170	kosvennaja_rech	2	12	53	Other	Косвенная речь в кавычки не берётся.	
L	2171	Они пошли к реке, по которой плавала лодка.
L	2172	Они пошли к реке, по которой плавала лодка, которая была окрашена в белый цвет.
M	2172	OPREDELENIA	1	21	51	Other	Избыточные определения. В правильно составленном предложении не должно быть больше одного придаточного определения.	
L	2173	Математика есть часть науки, которой можно было бы продолжать заниматься, проснувшись утром и поняв, что вселенной больше нет.
L	2174	В 1979 году в Финском заливе начато строительство дамбы, которая и защищала бы город от наводнений.
L	2175	Из неё забирается более 96 % воды, которая проходит обработку на 5 сооружениях.
L	2176	Нет такой собаки, которая была бы больше этой.
L	2177	Виски, которое стоит попробовать.
L	2178	Яркие звёзды, которая сияли.
M	2178	O_KOTORIJ	1	6	21	Other	Ошибка в согласовании по числу, возможное исправление: <suggestion>звёзды, которые</suggestion>	звёзды, которые
L	2179	Гимнаст отлично справился с заданием.
L	2180	Гимнаст справился с заданием.
L	2181	Какбудто время остановилось.
M	2181	Kak_budto	1	0	8	Other	Сложный союз (частица) "как будто" пишется раздельно: <suggestion>как будто</suggestion>.	Как будто
L	2182	Здесь есть кто то?
M	2182	Defis_to	1	11	17	Other	Слова с частицей «-то» пишем через дефис. Вы имели в виду <suggestion>кто-то</suggestion> или <suggestion>кто, то</suggestion>?	кто-то|кто, то
L	2183	Здесь есть кто-то?
L	2184	Просто понял, что то, что происходит, им необходимо.
L	2185	Выбираю такое то сливочное, то шоколадное.
M	2185	Defis_to	2	8	16	Other	Требуется знак препинания или дефис. Вы имели в виду <suggestion>такое: то</suggestion> или <suggestion>такое-то</suggestion>?	такое: то|такое-то
L	2186	Выбираю такое: то сливочное, то шоколадное.
L	2187	Здесь есть кто либо?
M	2187	Defis_to	3	11	19	Other	Слова с частицей «-либо» пишем через дефис. Вы имели в виду <suggestion>кто-либо</suggestion> или <suggestion>кто, либо</suggestion>?	кто-либо|кто, либо
L	2188	Здесь есть какая-либо ошибка?
L	2189	Выбирай какое либо сливочное, либо шоколадное?
M	2189	Defis_to	4	8	18	Other	Требуется знак препинания или дефис. Вы имели в виду <suggestion>какое: либо</suggestion> или <suggestion>какое-либо</suggestion>?	какое: либо|какое-либо
L	2190	Выбирай какое: либо сливочное, либо шоколадное?
L	2191	Книга прo Львов.
M	2191	Latin_letters	1	6	9	Other	Возможно, нужна буква из кириллицы вместо аналогичной по начертанию латинской или наоборот. Вместо букв из других алфавитов для обозначения ударения используйте символ U+0301 в кодировке Юникод.	
L	2192	Kо мне приехали.
M	2192	Latin_letters	1	0	2	Other	Возможно, нужна буква из кириллицы вместо аналогичной по начертанию латинской или наоборот. Вместо букв из других алфавитов для обозначения ударения используйте символ U+0301 в кодировке Юникод.	
L	2193	«Far East Network» не передаёт местные новости.
L	2194	В XXI веке.
L	2195	о̀колозе́мный
L	2196	миѳовъ
L	2197	миѳическомъ
L	2198	миѳологія
L	2199	имеют температуру менее минус 0,8 ºC на севере
M	2199	UPPERCASE_SENTENCE_START		0	5	Other	Это предложение не начинается с заглавной буквы.	Имеют
L	2200	Bне леса шумно.
M	2200	Latin_letters	1	0	3	Other	Возможно, нужна буква из кириллицы вместо аналогичной по начертанию латинской или наоборот. Вместо букв из других алфавитов для обозначения ударения используйте символ U+0301 в кодировке Юникод.	
L	2201	Буду cо своими шутками.
M	2201	Latin_letters	1	5	7	Other	Возможно, нужна буква из кириллицы вместо аналогичной по начертанию латинской или наоборот. Вместо букв из других алфавитов для обозначения ударения используйте символ U+0301 в кодировке Юникод.	
L	2202	Книга o Львове.
M	2202	Latin_single_letter	1	6	7	Other	Возможно нужна буква из кириллицы вместо аналогичной по начертанию латинской или наоборот.	
L	2203	K тебе приехали.
M	2203	Latin_single_letter	1	0	1	Other	Возможно нужна буква из кириллицы вместо аналогичной по начертанию латинской или наоборот.	
L	2204	B лесу тихо.
M	2204	Latin_single_letter	1	0	1	Other	Возможно нужна буква из кириллицы вместо аналогичной по начертанию латинской или наоборот.	
L	2205	B ee голосе появилась горькая нотка.
M	2205	Latin_single_letter	1	0	1	Other	Возможно нужна буква из кириллицы вместо аналогичной по начертанию латинской или наоборот.	
M	2205	O_P_padeg	2	5	11	Other	Предложный падеж предполагает наличие предлога (о – обо – об; в – во; при; по; на): <suggestion>о голосе</suggestion>, <suggestion>в голосе</suggestion>, <suggestion>при голосе</suggestion>, <suggestion>по голосе</suggestion>, <suggestion>на голосе</suggestion>.	о голосе|в голосе|при голосе|по голосе|на голосе
L	2206	Буду c подарками.
M	2206	Latin_single_letter	1	5	6	Other	Возможно нужна буква из кириллицы вместо аналогичной по начертанию латинской или наоборот.	
L	2207	ёжик
L	2208	ежик
L	2209	Он – Иван.
L	2210	Он – иван.
M	2210	Cap_Letters_Name	1	5	9	Other	Имя пишется с большой буквы: <suggestion>Иван</suggestion>	Иван
L	2211	Он – Иванович.
L	2212	Он – иванович.
M	2212	Cap_Letters_SName	1	5	13	Other	Отчество пишется с большой буквы: <suggestion>Иванович</suggestion>	Иванович
L	2213	Эти гидравлические вибротрамбовки совместимы с гидроприводом любой базовой машины.
M	2213	MORFOLOGIK_RULE_RU_RU		19	33	UnknownWord	Возможно найдена орфографическая ошибка.	
L	2214	Он – Иван Иванов.
L	2215	Он – Иван иванов.
M	2215	Cap_Letters_Fam	1	10	16	Other	Фамилия пишется с большой буквы: <suggestion>Иванов</suggestion>	Иванов
L	2216	Привет, мамочка, Слушай меня
M	2216	Lower_Letters_after_comma	1	15	23	Other	После запятой требуется строчная буква: <suggestion>, слушай</suggestion>	, слушай
L	2217	Не выделяйте текст заглавными буквами.
L	2218	Его зовут АЛЁША.
L	2219	Не выделяйте текст ЗАГЛАВНЫМИ буквами.
L	2220	Не выделяйте текст заглавными буквами.
L	2221	Его зовут АЛЁША.
L	2222	Заглавными буквами не выделяйте текст.
L	2223	ЗАГЛАВНЫМИ буквами не выделяйте текст.
L	2224	В лесу Родилась ёлочка.
M	2224	DotOrCase	1	7	15	Other	Пропущена точка или слово ошибочно написано с прописной буквы.	
L	2225	В лесу родилась ёлочка.
L	2226	Как сказал А.П. Чехов, что «в человеке должно быть все прекрасно».
M	2226	kosvennaja_rech	2	23	65	Other	Косвенная речь в кавычки не берётся.	
L	2227	Как сказал А.П. Чехов, что «В человеке должно быть все прекрасно».
M	2227	B_S_kosvr	1	23	29	Other	Использование большой буквы в цитате при передаче косвенной речи является ошибкой: <suggestion>что «в</suggestion>	что «в
L	2228	Она вяжет шерстяной кашне.
M	2228	Rod_suschestvitelnykh_Neut	1	10	25	Other	Несклоняемое существительное иноязычного происхождения, которое относится к среднему роду	
L	2229	Она вяжет шерстяное кашне.
L	2230	Для цветка подойдёт большая кашпо.
M	2230	Rod_suschestvitelnykh_Neut	2	20	33	Other	Несклоняемое существительное иноязычного происхождения, которое относится к среднему роду	
L	2231	Для цветка подойдёт большое кашпо.
L	2232	В прихожей стоит старая трюмо.
M	2232	Rod_suschestvitelnykh_Neut	3	17	29	Other	Несклоняемое существительное иноязычного происхождения, которое относится к среднему роду	
L	2233	В прихожей стоит старое трюмо.
L	2234	Красивая кимоно из Японии.
M	2234	Rod_suschestvitelnykh_Neut	4	0	15	Other	Несклоняемое существительное иноязычного происхождения, которое относится к среднему роду	
L	2235	Красивое кимоно из Японии.
L	2236	Старое портье давно работает в нашем отеле.
M	2236	Rod_suschestvitelnykh_Fem_and_Masc	1	0	13	Other	Несклоняемые существительные, обозначающие лиц, относятся к мужскому или женскому роду в зависимости от пола обозначаемого лица	
L	2237	Старый портье давно работает в нашем отеле.
L	2238	Её актёрское амплуа – простодушное инженю.
M	2238	Rod_suschestvitelnykh_Fem_and_Masc	2	22	41	Other	Несклоняемые существительные, обозначающие лиц, относятся к мужскому или женскому роду в зависимости от пола обозначаемого лица	
L	2239	Её актёрское амплуа – простодушная инженю.
M	2239	Cap_Letters_Name	1	35	41	Other	Имя пишется с большой буквы: <suggestion>Инженю</suggestion>	Инженю
L	2240	Молодое рефери объявляет победителя.
M	2240	Rod_suschestvitelnykh_Fem_and_Masc	3	0	14	Other	Несклоняемые существительные, обозначающие лиц, относятся к мужскому или женскому роду в зависимости от пола обозначаемого лица	
L	2241	Известный рефери объявляет победителя.
L	2242	Старое рантье любит деньги.
M	2242	Rod_suschestvitelnykh_Fem_and_Masc	4	0	13	Other	Несклоняемые существительные, обозначающие лиц, относятся к мужскому или женскому роду в зависимости от пола обозначаемого лица	
L	2243	Старый рантье любит деньги.
L	2244	Какое забавное пони.
M	2244	Rod_suschestvitelnykh_odush_bird_animal	1	6	19	Other	Несклоняемые существительные, обозначающие одушевлённые предметы, птиц, животных, относятся к мужскому роду	
L	2245	Какой забавный пони.
L	2246	Крошечное колибри порхает около цветка.
M	2246	Rod_suschestvitelnykh_odush_bird_animal	2	0	17	Other	Несклоняемые существительные, обозначающие одушевлённые предметы, птиц, животных, относятся к мужскому роду	
L	2247	Крошечный колибри порхает около цветка.
L	2248	Старое шимпанзе – вожак стаи.
M	2248	Rod_suschestvitelnykh_odush_bird_animal	3	0	15	Other	Несклоняемые существительные, обозначающие одушевлённые предметы, птиц, животных, относятся к мужскому роду	
L	2249	Старый шимпанзе – вожак стаи.
L	2250	На ветке сидит белое какаду.
M	2250	Rod_suschestvitelnykh_odush_bird_animal	4	15	27	Other	Несклоняемые существительные, обозначающие одушевлённые предметы, птиц, животных, относятся к мужскому роду	
L	2251	На ветке сидит белый какаду.
L	2252	Майами залито солнцем.
M	2252	Rod_suschestvitelnykh_geograph	1	0	13	Other	Род несклоняемых существительных, обозначающих географические названия, определяется по роду существительного – родового понятия	
L	2253	Майами залит солнцем.
L	2254	Палермо основано ещё до нашей эры.
M	2254	Rod_suschestvitelnykh_geograph	2	0	16	Other	Род несклоняемых существительных, обозначающих географические названия, определяется по роду существительного – родового понятия	
L	2255	Палермо основан ещё до нашей эры.
L	2256	Хуанхэ подвержено наводнениям.
M	2256	Rod_suschestvitelnykh_geograph	3	0	17	Other	Род несклоняемых существительных, обозначающих географические названия, определяется по роду существительного – родового понятия	
L	2257	Хуанхэ подвержена наводнениям.
L	2258	Янцзы вышло из берегов.
M	2258	Rod_suschestvitelnykh_geograph	4	0	11	Other	Род несклоняемых существительных, обозначающих географические названия, определяется по роду существительного – родового понятия	
L	2259	Янцзы вышла из берегов.
L	2260	Молодёжь собрались у костра.
M	2260	Postrojenije_slovosochetanij_sobir_noun	1	0	18	Other	Сказуемое должно стоять в той же форме, что и подлежащее	
L	2261	Молодёжь собралась у костра.
L	2262	Группа пришли на лекцию в полном составе.
M	2262	Postrojenije_slovosochetanij_sobir_noun	2	0	13	Other	Сказуемое должно стоять в той же форме, что и подлежащее	
L	2263	Группа пришла на лекцию в полном составе.
L	2264	Заведующая детсада собрала совещание.
M	2264	Postrojenije_slovosochetanij_upravlenie1	1	0	18	Other	Ошибка в употреблении падежа, нужен творительный падеж: заведующая чем?	
L	2265	Заведующая детсадом собрала совещание.
L	2266	Выполните сборку в соответствии с инструкции.
M	2266	Postrojenije_slovosochetanij_upravlenie1	2	17	44	Other	Ошибка в употреблении падежа: нужен творительный падеж: в соответствии с чем?	
L	2267	Выполните сборку в соответствии с инструкцией.
L	2268	Наша директорша очень строга.
M	2268	Obrazovanie_form_suschestvitelnykh_prof	1	5	15	Other	Названия лиц по профессии, должности, званию сохраняют форму мужского рода даже тогда, когда относятся к женщине	
L	2269	Наша директор очень строга.
M	2269	Unify_PADJ_NN_gender	1	0	13	Other	Притяжательное прилагательное (местоимение) не согласуется с существительным по роду.	Наш директор
L	2270	Это докторша Петрова.
M	2270	Obrazovanie_form_suschestvitelnykh_prof	2	4	12	Other	Названия лиц по профессии, должности, званию сохраняют форму мужского рода даже тогда, когда относятся к женщине	
L	2271	Это доктор Петрова.
L	2272	Лаборантка Иванова в отпуске.
M	2272	Obrazovanie_form_suschestvitelnykh_prof	3	0	10	Other	Названия лиц по профессии, должности, званию сохраняют форму мужского рода даже тогда, когда относятся к женщине	
L	2273	Лаборант Иванова в отпуске.
L	2274	На их участке хорошая врачиха.
M	2274	Obrazovanie_form_suschestvitelnykh_prof	4	22	29	Other	Названия лиц по профессии, должности, званию сохраняют форму мужского рода даже тогда, когда относятся к женщине	
L	2275	На их участке хорошая врач.
M	2275	Unify_Adj_NN_gender	2	14	26	Other	Прилагательное не согласуется с существительным по роду.	
L	2276	Много нашлись желающих присоединиться.
M	2276	Postrojenije_slovosochet_mnogo_malo_nemnogo_nemalo	1	0	13	Other	Стиль: если подлежащее выражено оборотом со словами: «много», «мало», «немного», «немало» – сказуемое обычно ставится в форме единственного числа.	
L	2277	Много нашлось желающих присоединиться.
L	2278	Немало были и отказавшихся.
M	2278	Postrojenije_slovosochet_mnogo_malo_nemnogo_nemalo	1	0	11	Other	Стиль: если подлежащее выражено оборотом со словами: «много», «мало», «немного», «немало» – сказуемое обычно ставится в форме единственного числа.	
L	2279	Немало было и отказавшихся.
L	2280	Немного пришли людей его поддержать.
M	2280	Postrojenije_slovosochet_mnogo_malo_nemnogo_nemalo	1	0	14	Other	Стиль: если подлежащее выражено оборотом со словами: «много», «мало», «немного», «немало» – сказуемое обычно ставится в форме единственного числа.	
L	2281	Немного пришло людей его поддержать.
L	2282	Мало остались в живых.
M	2282	Postrojenije_slovosochet_mnogo_malo_nemnogo_nemalo	1	0	13	Other	Стиль: если подлежащее выражено оборотом со словами: «много», «мало», «немного», «немало» – сказуемое обычно ставится в форме единственного числа.	
L	2283	Мало осталось в живых.
L	2284	Торговля приносит немало прибыли.
L	2285	Они много разговаривали.
L	2286	Мы принимали участие в экскурсиях, совершали пешие прогулки, катались верхом и, конечно, много купались, ныряли и загорали.
L	2287	Получены тысяча книг для библиотеки.
M	2287	Postrojenije_slovosochetanij_skazuem_sing	1	0	15	Other	При словах «тысяча», «сотня», «миллион», «миллиард» сказуемое обычно стоит в ед. ч. и согласуется по роду	
L	2288	Напечатано сотня экземпляров.
M	2288	Postrojenije_slovosochetanij_skazuem_sing	1	0	16	Other	При словах «тысяча», «сотня», «миллион», «миллиард» сказуемое обычно стоит в ед. ч. и согласуется по роду	
L	2289	Получена тысяча книг для библиотеки.
L	2290	Напечатана сотня экземпляров.
L	2291	На благотворительность выделено миллион рублей.
M	2291	Postrojenije_slovosochetanij_skazuem_sing	2	23	39	Other	При словах «тысяча», «сотня», «миллион», «миллиард» сказуемое обычно стоит в ед. ч. и согласуется по роду	
L	2292	На благоустройство города выделено миллиард рублей.
M	2292	Postrojenije_slovosochetanij_skazuem_sing	2	26	43	Other	При словах «тысяча», «сотня», «миллион», «миллиард» сказуемое обычно стоит в ед. ч. и согласуется по роду	
L	2293	На благотворительность выделен миллион рублей.
L	2294	На благоустройство города выделен миллиард рублей.
L	2295	Давайте посмотрите сюда.
M	2295	Obrazovanije_glagoln_form_imperativ	1	0	18	Other	Ошибка в образовании повелительного наклонения. Правильно: <suggestion>посмотрите</suggestion>	Посмотрите
L	2296	Посмотрите сюда.
L	2297	Давай принеси мне эту книгу завтра.
M	2297	Obrazovanije_glagoln_form_imperativ	2	0	13	Other	Ошибка в образовании повелительного наклонения. Правильно: <suggestion>принеси</suggestion>	Принеси
L	2298	Принеси мне эту книгу завтра.
L	2299	Это самый талантливейший художник 19-го века.
M	2299	Obrazovanie_form_prilagat_sravnit_st	1	4	24	Other	Сложная превосходная степень образуется с полной формой положительной степени прилагательного: <suggestion>самый талантливый</suggestion>	самый талантливый
L	2300	Это самый талантливый художник 19-го века.
L	2301	Это самая красивейшая девочка в классе.
M	2301	Obrazovanie_form_prilagat_sravnit_st	2	4	21	Other	Сложная превосходная степень образуется с полной формой положительной степени прилагательного: <suggestion>самая красивая</suggestion>	самая красивая
L	2302	Это самая красивая девочка в классе.
L	2303	Это более вкуснейший салат.
M	2303	Obrazovanie_form_prilagat_sravnit_st	3	4	20	Other	Сложная сравнительная степень образуется с полной формой положительной степени прилагательного: <suggestion>более вкусный</suggestion>	более вкусный
L	2304	Это более вкусный салат.
L	2305	Это менее сложнейшая задача.
M	2305	Obrazovanie_form_prilagat_sravnit_st	4	4	20	Other	Сложная сравнительная степень образуется с полной формой положительной степени прилагательного: <suggestion>менее сложная</suggestion>	менее сложная
L	2306	Это менее сложная задача.
L	2307	Я знаю математику лучше её.
M	2307	Obrazovanie_form_pril_i_mestoimenij	1	18	26	Other	Образование местоимений 3 лица ед. и мн. ч. Вы имели в виду <suggestion>лучше неё</suggestion>?	лучше неё
L	2308	Я знаю математику лучше неё.
M	2308	PREP_and_PNN1	2	18	27	Other	Лишняя начальная буква «н»: <suggestion>лучше её</suggestion>.	лучше её
L	2309	Лучше них могут быть только горы.
M	2309	Obrazovanie_form_pril_i_mestoimenij	2	0	9	Other	Образование местоимений 3 лица ед. и мн. ч. Вы имели в виду <suggestion>лучше их</suggestion>?	Лучше их
L	2310	Лучше их могут быть только горы.
L	2311	Слева от её будет магазин.
M	2311	Obrazovanie_form_pril_i_mestoimenij	3	0	11	Other	Образование местоимений 3 лица ед. и мн. ч. Вы имели в виду <suggestion>слева от неё</suggestion>?	Слева от неё
L	2312	Слева от неё будет магазин.
L	2313	Между неё и моим произношением нет разницы.
M	2313	Obrazovanie_form_pril_i_mestoimenij	4	0	16	Other	Образование местоимений 3 лица ед. и мн. ч. Вы имели в виду <suggestion>между её и моим</suggestion>?	Между её и моим
L	2314	Между её и моим произношением нет разницы.
L	2315	Команда вышла в четверть финал.
M	2315	Obrazovanije_slozhnyh_slov	1	16	30	Other	Образование сложных слов. Вы имели в виду <suggestion>четвертьфинал</suggestion>?	четвертьфинал
L	2316	Команда вышла в четвертьфинал.
L	2317	Это было сто дневное путешествие.
M	2317	Obrazovanije_slozhnyh_slov	2	9	20	Other	 Образование сложных слов. Вы имели в виду <suggestion>стодневное</suggestion>?	стодневное
L	2318	Это было стодневное путешествие.
L	2319	Она исписала пол листа.
M	2319	Obrazovanije_slozhnyh_slov	3	13	22	Other	Если в сложном слове с корнем «пол» второе слово начинается с согласной «л», то пишем его через дефис. Вы имели в виду <suggestion>пол-листа</suggestion>?	пол-листа
L	2320	Она исписала пол-листа.
L	2321	Для этого блюда возьмите пол луковицы.
M	2321	Obrazovanije_slozhnyh_slov	4	25	37	Other	Если в сложном слове с корнем «пол» второе слово начинается с согласной «л», то пишем его через дефис. Вы имели в виду <suggestion>пол-луковицы</suggestion>?	пол-луковицы
L	2322	Пол урока мы писали диктант.
M	2322	Obrazovanije_slozhnyh_slov	5	0	9	Other	Если в сложном слове с корнем «пол» второе слово начинается с гласной, то пишем его через дефис. Вы имели в виду <suggestion>пол-урока</suggestion>?	Пол-урока
L	2323	Пол-урока мы писали диктант.
L	2324	Здесь используется граничное условие виде идеально поглощающего слоя.
M	2324	missing_prep_v_vide	1	29	41	Other	Пропущен предлог. Ожидается: <suggestion>условие в виде</suggestion>?	условие в виде
L	2325	Здесь используется граничное условие в виде идеально поглощающего слоя.
L	2326	Они завоевали призвание в самом популярном в Великобритании и мире виде спорта — футболе.
L	2327	Он собрался заскочить на стул.
M	2327	Nepraviln_pristavki	1	12	24	Other	Неправильное использование предлогов. Вы имели в виду <suggestion>вскочить на</suggestion>?	вскочить на
L	2328	Я заскочу на почту.
L	2329	Он собрался вскочить на стул.
L	2330	Она знала, что может опоздать, но однако не вызвала такси.
M	2330	Lishnij_sojuz	1	31	43	Other	Лишний союз. Вы имели в виду <suggestion>однако не</suggestion>?	однако не
L	2331	Она знала, что может опоздать, однако не вызвала такси.
L	2332	Мы все равно не смогли бы пойти, и тем более что билеты уже раскуплены.
M	2332	Lishnij_sojuz	2	33	48	Other	Лишний союз. Вы имели в виду <suggestion>тем более что</suggestion>?	тем более что
L	2333	Мы все равно не смогли бы пойти, тем более что билеты уже раскуплены.
L	2334	Он шел к цели и долго и упорно.
M	2334	Lishnij_sojuz	3	14	30	Other	Лишний союз. Вы имели в виду <suggestion>долго и упорно</suggestion>?	долго и упорно
L	2335	Он шел к цели долго и упорно.
L	2336	Утро было солнечным, однако тем не менее вечером ударил мороз.
M	2336	Lishnij_sojuz	4	21	40	Other	Лишний союз. Вы имели в виду <suggestion>тем не менее</suggestion>?	тем не менее
L	2337	Утро было солнечным, тем не менее, вечером ударил мороз.
L	2338	Эта книга описывает про события, которые происходили в прошлом веке.
M	2338	Upotreblenije_predlogov	1	10	23	Other	Описывать что-то, а не про что-то. Вы имели в виду <suggestion>описывать</suggestion>?	описывать
L	2339	Эта книга описывает события, которые происходили в прошлом веке.
L	2340	От утра до вечера она трудилась в редакции.
M	2340	Upotreblenije_predlogov	2	0	17	Other	Неправильный предлог. Вы имели в виду <suggestion>с утра до вечера</suggestion>?	С утра до вечера
L	2341	С утра до вечера она трудилась в редакции.
L	2342	Ты забыл оплатить за проезд.
M	2342	Upotreblenije_predlogov	3	9	20	Other	Оплатить что-то, а не за что-то. Вы имели в виду <suggestion>оплатить</suggestion>?	оплатить
L	2343	Ты забыл оплатить проезд.
L	2344	Сколько время?
M	2344	skolko_vremeni	1	0	13	Other	Правильно <suggestion>сколько времени</suggestion> или <suggestion>который час</suggestion> ?	Сколько времени|Который час
L	2345	Который час?
L	2346	Контроль за деятельностью нижестоящих органов.
M	2346	Kontrol_za_nad	1	0	25	Other	В официальной и профессионально-технической речи – «контроль чего-либо». Вы имели в виду: <suggestion>контроль деятельности</suggestion>?	Контроль деятельности
L	2347	Контроль деятельности нижестоящих органов.
L	2348	Приобрести контроль за предприятием.
M	2348	Kontrol_za_nad	2	11	35	Other	При отвлеченных существительных – «контроль над чем-либо». Вы имели в виду: <suggestion>контроль над предприятием</suggestion>?	контроль над предприятием
L	2349	Приобрести контроль над предприятием.
L	2350	Осуществлять контроль над качеством работы.
M	2350	Kontrol_za_nad	3	13	42	Other	При существительных, обозначающих действие или признак – пишем «контроль за» (за качеством работы, за работой станка): <suggestion>контроль за качеством работы</suggestion>	контроль за качеством работы
L	2351	Осуществлять контроль за качеством работы.
L	2352	Осуществлять контроль за специалистами на предприятии.
M	2352	Kontrol_za_nad	4	13	38	Other	При одушевленных существительных – пишем «контроль над». Вы имели в виду: <suggestion>контроль над специалистами</suggestion>?	контроль над специалистами
L	2353	Осуществлять контроль над специалистами на предприятии.
L	2354	В аудитории сидели двадцать студентов.
L	2355	В аудитории сидело двадцать студентов.
L	2356	На семинар пришли десять человек.
L	2357	На семинар пришло десять человек.
L	2358	Вдоль стены стояли двадцать пять стульев.
L	2359	Вдоль стены стояло двадцать пять стульев.
L	2360	В Арктический совет входят восемь приарктических стран: Дания, Финляндия, Исландия, Канада, Норвегия, Россия, Швеция, США.
L	2361	На арену вышло восемь акробатов.
L	2362	Вернувшись с школы, она сразу села читать.
M	2362	Predlogi_iz_s	1	11	18	Other	Предлоги: «из» и «с» имеют антонимы (для «из» это «в», для «с» это «на»). По этим парам можно определить, какой предлог правильный. Например, если «В школу» – то «ИЗ школы»: <suggestion>из школы</suggestion>	из школы
L	2363	Вернувшись из школы, она сразу села читать.
L	2364	Они вернулись с командировки еще вчера.
M	2364	Predlogi_iz_s	2	14	28	Other	Предлоги: «из» и «с» имеют антонимы (для «из» это «в», для «с» это «на»). По этим парам можно определить, какой предлог правильный. Например, если «В командировку» – то «ИЗ командировки»: <suggestion>из командировки</suggestion>	из командировки
L	2365	Они вернулись из командировки еще вчера.
L	2366	Мой дед родом из Кавказа.
M	2366	Predlogi_iz_s	3	14	24	Other	Предлоги: «из» и «с» имеют антонимы (для «из» это «в», для «с» это «на»). По этим парам можно определить, какой предлог правильный Например, если «НА Кавказ» – то «С Кавказа»: <suggestion>с Кавказа</suggestion>	с Кавказа
L	2367	Мой дед родом с Кавказа.
L	2368	Он пришел с армии на прошлой неделе.
M	2368	Predlogi_iz_s	4	10	17	Other	Предлоги: «из» и «с» имеют антонимы (для «из» это «в», для «с» это «на»). По этим парам можно определить, какой предлог правильный. Например, если «В армию» – то «ИЗ армии»<suggestion>из армии</suggestion>	из армии
L	2369	Он пришел из армии на прошлой неделе.
L	2370	Жажда к власти погубила его.
M	2370	Trudn_sluchai_upravl	1	0	7	Other	Трудный случай управления: правильно – жажда чего-то, а не к чему-то	
L	2371	Жажда власти погубила его.
L	2372	Листья бумаги разлетелись по комнате.
M	2372	Sklonenije_suschestvit_PL	1	0	13	Other	Для различения лексич. значений некоторых существительных во мн.ч. используют разные окончания: «-ы»/«-и» или «-а»/«-я». Вы имели в виду <suggestion>листы бумаги</suggestion>?	Листы бумаги
L	2373	Листы бумаги разлетелись по комнате.
L	2374	Листы деревьев пожелтели.
M	2374	Sklonenije_suschestvit_PL	2	0	14	Other	Для различения лексич. значений некоторых существительных во мн.ч. используют разные окончания: «-ы»/«-и» или «-а»/«-я». Вы имели в виду <suggestion>листья деревьев</suggestion>?	Листья деревьев
L	2375	Листья деревьев пожелтели.
L	2376	Коренья дерева высохли.
M	2376	Sklonenije_suschestvit_PL	3	0	14	Other	Для различения лексич. значений некоторых существительных во мн.ч. используют разные окончания: «-ы»/«-и» или «-а»/«-я». Вы имели в виду <suggestion>корни дерева</suggestion>?	Корни дерева
L	2377	Корни дерева высохли.
L	2378	У него болят зубья.
M	2378	Sklonenije_suschestvit_PL	4	7	18	Other	Для различения лексич. значений некоторых существительных во мн.ч. используют разные окончания: «-ы»/«-и» или «-а»/«-я». Вы имели в виду <suggestion>болят зубы</suggestion>?	болят зубы
L	2379	У него болят зубы.
L	2380	Она купила сапоги на мехе.
M	2380	Okonch_susch_masc_Predlozhn_opredeliteln	1	11	25	Other	При выражении определительных отношений у сущ. муж. рода в предложн. падеже пишем окончание «-у». Вы имели в виду <suggestion>сапоги на меху</suggestion>?	сапоги на меху
L	2381	Она купила сапоги на меху.
L	2382	Была вся одежда в снеге.
M	2382	Okonch_susch_masc_Predlozhn_opredeliteln	2	9	23	Other	При выражении определительных отношений у сущ. муж. рода в предложн. падеже пишем окончание «-у». Вы имели в виду <suggestion>одежда в снегу</suggestion>?	одежда в снегу
L	2383	Была вся одежда в снегу.
L	2384	Были его руки в меле.
M	2384	Okonch_susch_masc_Predlozhn_opredeliteln	3	9	20	Other	При выражении определительных отношений у сущ. муж. рода в предложн. падеже пишем окончание «-у». Вы имели в виду <suggestion>руки в мелу</suggestion>?	руки в мелу
L	2385	Его руки были в мелу.
L	2386	Было покрывало в пухе.
M	2386	Okonch_susch_masc_Predlozhn_opredeliteln	4	5	21	Other	При выражении определительных отношений у сущ. муж. рода в предложн. падеже пишем окончание «-у». Вы имели в виду: <suggestion>покрывало в пуху</suggestion>?	покрывало в пуху
L	2387	Покрывало было в пуху.
L	2388	Эффектное средство от простуды.
M	2388	Paronimy	1	0	18	Other	Необходимо различать паронимы – близкие по звучанию, но разные по смыслу слова. Вы имели в виду: <suggestion>эффективное средство</suggestion>?	Эффективное средство
L	2389	Эффективное средство от простуды.
L	2390	Здесь нужно поставить роспись.
M	2390	Paronimy	2	12	29	Other	Необходимо различать паронимы – близкие по звучанию, но разные по смыслу слова. Вы имели в виду: <suggestion>поставить подпись</suggestion>?	поставить подпись
L	2391	Здесь нужно поставить подпись.
L	2392	Он вздохнул воздух.
M	2392	Paronimy	3	3	18	Other	Необходимо различать паронимы – близкие по звучанию, но разные по смыслу слова. Вы имели в виду: <suggestion>вдохнул воздух</suggestion>?	вдохнул воздух
L	2393	Он вдохнул воздух.
L	2394	Он вздыхал воздух.
M	2394	Paronimy	4	3	17	Other	Необходимо различать паронимы – близкие по звучанию, но разные по смыслу слова. Вы имели в виду: «вдохнуть воздух»?	
L	2395	Он вдохнул воздух.
L	2396	Его различие от предыдущего варианта незначительно.
M	2396	Paronimy	5	4	15	Other	Необходимо различать паронимы – близкие по звучанию, но разные по смыслу слова. Вы имели в виду: <suggestion>отличие от</suggestion>?	отличие от
L	2397	Его отличие от предыдущего варианта незначительно.
L	2398	Мы можем представить в пользование эти словари.
M	2398	Paronimy	6	9	34	Other	Необходимо различать паронимы – близкие по звучанию, но разные по смыслу слова. Вы имели в виду: <suggestion>предоставить в пользование</suggestion>?	предоставить в пользование
L	2399	Мы можем предоставить в пользование эти словари.
L	2400	Следует сказать следующее, что данное исключение только подтверждает правило.
M	2400	Tavtologija	1	0	30	Other	Это тавтология – неоправданное повторение однокоренных или созвучных слов. Вы имели в виду: <suggestion>следует сказать, что</suggestion>?	Следует сказать, что
L	2401	Следует сказать, что данное исключение только подтверждает правило.
L	2402	Ваш рост авторитета растёт.
M	2402	Tavtologija	2	4	26	Other	Это тавтология – неоправданное повторение однокоренных или созвучных слов. Вы имели в виду: <suggestion>авторитет растёт</suggestion>?	авторитет растёт
L	2403	Ваш авторитет растёт.
L	2404	Мы планируем вновь возобновить выпуск этих товаров.
M	2404	Tavtologija	3	13	30	Other	Это тавтология – неоправданное повторение однокоренных или созвучных слов. Вы имели в виду: <suggestion>возобновить</suggestion>?	возобновить
L	2405	Мы планируем возобновить выпуск этих товаров.
L	2406	В библиотеке нельзя смеяться громким смехом.
M	2406	Tavtologija	4	20	43	Other	Это тавтология – неоправданное повторение однокоренных или созвучных слов. Вы имели в виду: <suggestion>громко смеяться</suggestion>?	громко смеяться
L	2407	В библиотеке нельзя громко смеяться.
L	2408	Дети проснулись не свет не заря.
M	2408	Chastitsa_NI_v_ustojchiv_vyrazh	1	16	31	Other	Частица «ни» в устойчивых выражениях. Запятая не ставится. Вы имели в виду: <suggestion>ни свет ни заря</suggestion>?	ни свет ни заря
L	2409	Дети проснулись ни свет ни заря.
L	2410	Не днем не ночью нет от них покоя.
M	2410	Chastitsa_NI_v_ustojchiv_vyrazh	2	0	16	Other	Частица «ни» в устойчивых выражениях. Запятая не ставится. Вы имели в виду: <suggestion>ни днем ни ночью</suggestion>?	Ни днем ни ночью
L	2411	Ни днем ни ночью нет от них покоя.
L	2412	Он заработал не много не мало миллион.
M	2412	Chastitsa_NI_v_ustojchiv_vyrazh	3	13	29	Other	Частица «ни» в устойчивых выражениях. Запятая не ставится. Вы имели в виду: <suggestion>ни много ни мало</suggestion>?	ни много ни мало
L	2413	Он заработал ни много ни мало миллион.
L	2414	Пожелать не пуха не пера.
M	2414	Chastitsa_NI_v_ustojchiv_vyrazh	4	9	24	Other	Частица «ни» в устойчивых выражениях. Запятая не ставится. Вы имели в виду <suggestion>ни пуха ни пера</suggestion>?	ни пуха ни пера
L	2415	Пожелать ни пуха ни пера.
L	2416	У меня с собой нет не копейки.
M	2416	Chastitsa_NI_usilen_negat	1	15	29	Other	Частица «ни» для усиления отрицания. Вы имели в виду <suggestion>нет ни копейки</suggestion>?	нет ни копейки
L	2417	У меня с собой нет ни копейки.
L	2418	У него не было не цента.
M	2418	Chastitsa_NI_usilen_negat	2	7	23	Other	Частица «ни» для усиления отрицания. Вы имели в виду <suggestion>не было ни цента</suggestion>?	не было ни цента
L	2419	У него не было ни цента.
L	2420	Она не сделала не шагу.
M	2420	Chastitsa_NI_usilen_negat	3	4	22	Other	Частица «ни» для усиления отрицания. Вы имели в виду <suggestion>не сделала ни шагу</suggestion>?	не сделала ни шагу
L	2421	Она не сделала ни шагу.
L	2422	Им не заплатили не рубля.
M	2422	Chastitsa_NI_usilen_negat	4	3	24	Other	Частица «ни» для усиления отрицания. Вы имели в виду <suggestion>не заплатили ни рубля</suggestion>?	не заплатили ни рубля
L	2423	Им не заплатили ни рубля.
L	2424	Он не мог ни заметить этого.
M	2424	Dvojnoe_negate_s_NE	1	3	21	Other	Двойное отрицание с частицей «не»: <suggestion>не мог не заметить</suggestion>	не мог не заметить
L	2425	Он не мог не заметить этого.
L	2426	Я не могу ни сделать превью, ни на рендер отправить.
L	2427	Невозможно ни признать этого.
M	2427	Dvojnoe_negate_s_NE	2	0	22	Other	Двойное отрицание с частицей «не»: <suggestion>Невозможно не признать</suggestion>	Невозможно не признать
L	2428	Невозможно не признать этого.
L	2429	Он не помнил не матери, не отца.
M	2429	Parnoje_upotrebl_NI	1	13	31	Other	Здесь необходимо парное употребление частицы «ни»: <suggestion>ни матери, ни отца</suggestion>	ни матери, ни отца
L	2430	Он не помнил ни матери, ни отца.
L	2431	Не хочу его не видеть, не знать.
M	2431	Parnoje_upotrebl_NI	2	12	31	Other	Здесь необходимо парное употребление частицы «ни»: <suggestion>ни видеть, ни знать</suggestion>	ни видеть, ни знать
L	2432	Не хочу его ни видеть, ни знать.
L	2433	Не устанавливать, не подключать и не пользоваться электробытовыми приборами.
L	2434	Он не знал не первого, не второго.
M	2434	Parnoje_upotrebl_NI	1	11	33	Other	Здесь необходимо парное употребление частицы «ни»: <suggestion>ни первого, ни второго</suggestion>	ни первого, ни второго
L	2435	Он не знал ни первого, ни второго.
L	2436	Он не был не красив, не богат.
M	2436	Parnoje_upotrebl_NI	4	10	29	Other	Здесь необходимо парное употребление частицы «ни»: <suggestion>ни красив, ни богат</suggestion>	ни красив, ни богат
L	2437	Он не был ни красив, ни богат.
L	2438	Он купил шляпу на подобии тех, что носили в прошлом веке.
M	2438	Predlogi_vsledstvije_napodobije	1	15	29	Other	Это предлог «в» с существительным на «–ие» в винит. падеже, окончание которого совпадает с окончанием этого существительного в им. падеже. Пишется слитно. Вы имели в виду <suggestion>наподобие тех</suggestion>?	наподобие тех
L	2439	Он купил шляпу наподобие тех, что носили в прошлом веке.
L	2440	В следствии чего они были вынуждены обратиться в суд.
M	2440	Predlogi_vsledstvije_napodobije	2	0	16	Other	Это предлог «в» с существительным на «–ие» в винит. падеже, окончание которого совпадает с окончанием этого существительного в им. падеже. Пишется слитно. Вы имели в виду <suggestion>вследствие чего</suggestion>?	Вследствие чего
L	2441	Вследствие чего они были вынуждены обратиться в суд.
L	2442	В следствие этого произошёл сбой в системе.
M	2442	Predlogi_vsledstvije_napodobije	3	0	17	Other	Это предлог «в» с существительным на «–ие» в винит. падеже, окончание которого совпадает с окончанием этого существительного в им. падеже. Пишется слитно. Вы имели в виду <suggestion>вследствие этого</suggestion>?	Вследствие этого
L	2443	Вследствие этого произошёл сбой в системе.
L	2444	В заключении выступления он прочёл стихи.
M	2444	Predlog_v_zakluchenije	1	0	24	Other	Это предлог «в» с существительным на «–ие» в винит. падеже, окончание которого совпадает с окончанием этого существительного в им. падеже. Вы имели в виду <suggestion>в заключение выступления</suggestion>?	В заключение выступления
L	2445	В заключение выступления он прочёл стихи.
L	2446	В последствии мы узнали правду.
M	2446	Adv_vposledstvii	1	0	13	Other	Наречие «впоследствии» образовано сочетанием предлога «в» с существительным «последствие» в предложном падеже. Пишется слитно. Вы имели в виду <suggestion>впоследствии</suggestion>?	Впоследствии
L	2447	Впоследствии мы узнали правду.
L	2448	В последствие девушка часто вспоминала об этом.
M	2448	Adv_vposledstvii	2	0	13	Other	Наречие «впоследствии» образовано сочетанием предлога «в» с существительным «последствие» в предложном падеже. Пишется слитно. Вы имели в виду <suggestion>впоследствии</suggestion>?	Впоследствии
L	2449	Впоследствии девушка часто вспоминала об этом.
L	2450	73 процента
L	2451	71 процент
L	2452	75 процентов
L	2453	11 процентов
L	2454	12 процентов
L	2455	Ваня, дай-ка мне этот молоток.
L	2456	Ваня, пой-ка эту песню!
L	2457	Ваня, прыгай-ка сюда быстрее!
