L	1	приймав участь
M	1	PRYIMATY_VS_BRATY	1	0	7	Other	Правильно: <suggestion>брати</suggestion>, <suggestion>взяти</suggestion>	брати|взяти
L	2	приймав активну участь
M	2	PRYIMATY_VS_BRATY	1	0	7	Other	Правильно: <suggestion>брати</suggestion>, <suggestion>взяти</suggestion>	брати|взяти
L	3	не приймаючи участі
M	3	UPPERCASE_SENTENCE_START		0	2	Other	Це речення не починається з великої літери.	Не
M	3	PRYIMATY_VS_BRATY	1	3	12	Other	Правильно: <suggestion>брати</suggestion>, <suggestion>взяти</suggestion>	брати|взяти
L	4	брав участь
M	4	UPPERCASE_SENTENCE_START		0	4	Other	Це речення не починається з великої літери.	Брав
L	5	Участь прийняли понад 100 учнів.
M	5	PRYIMATY_VS_BRATY	2	7	15	Other	Правильно: <suggestion>брати</suggestion>, <suggestion>взяти</suggestion>	брати|взяти
L	6	Вони участь не приймали.
M	6	PRYIMATY_VS_BRATY	2	15	23	Other	Правильно: <suggestion>брати</suggestion>, <suggestion>взяти</suggestion>	брати|взяти
L	7	участь ніколи не приймав.
M	7	UPPERCASE_SENTENCE_START		0	6	Other	Це речення не починається з великої літери.	Участь
M	7	PRYIMATY_VS_BRATY	2	17	24	Other	Правильно: <suggestion>брати</suggestion>, <suggestion>взяти</suggestion>	брати|взяти
L	8	прийняв на себе зобов'язання
M	8	PRYIMATY_VS_BRATY	3	0	7	Other	Правильно: <suggestion>брати</suggestion>, <suggestion>взяти</suggestion>.	брати|взяти
L	9	прийняв би зобов'язання на себе
M	9	PRYIMATY_VS_BRATY	3	0	7	Other	Правильно: <suggestion>брати</suggestion>, <suggestion>взяти</suggestion>.	брати|взяти
L	10	взяв на себе зобов'язання
M	10	UPPERCASE_SENTENCE_START		0	4	Other	Це речення не починається з великої літери.	Взяв
L	11	прийняте на себе зобов'язання
M	11	PRYIMATY_VS_BRATY	4	0	8	Other	Правильно: <suggestion>взятий</suggestion>.	взятий
L	12	приймав до серця
M	12	PRYIMATY_VS_BRATY	5	0	7	Other	Правильно: <suggestion>брати</suggestion>, <suggestion>взяти</suggestion>.	брати|взяти
L	13	прийматиме до відома
M	13	PRYIMATY_VS_BRATY	5	0	10	Other	Правильно: <suggestion>брати</suggestion>, <suggestion>взяти</suggestion>.	брати|взяти
L	14	прийняв близько до серця
M	14	PRYIMATY_VS_BRATY	5	0	7	Other	Правильно: <suggestion>брати</suggestion>, <suggestion>взяти</suggestion>.	брати|взяти
L	15	брати до відома
M	15	UPPERCASE_SENTENCE_START		0	5	Other	Це речення не починається з великої літери.	Брати
L	16	приймати до уваги
M	16	PRYIMATY_VS_BRATY	6	0	8	Other	Правильно: <suggestion>брати</suggestion>, <suggestion>взяти</suggestion>, <suggestion>зважати на (когось/щось)</suggestion>.	брати|взяти|зважати на (когось/щось)
L	17	приймати це до уваги
M	17	PRYIMATY_VS_BRATY	6	0	8	Other	Правильно: <suggestion>брати</suggestion>, <suggestion>взяти</suggestion>, <suggestion>зважати на (когось/щось)</suggestion>.	брати|взяти|зважати на (когось/щось)
L	18	прийняв її до уваги
M	18	PRYIMATY_VS_BRATY	6	0	7	Other	Правильно: <suggestion>брати</suggestion>, <suggestion>взяти</suggestion>, <suggestion>зважати на (когось/щось)</suggestion>.	брати|взяти|зважати на (когось/щось)
L	19	прийняв пропозицію до уваги
M	19	PRYIMATY_VS_BRATY	6	0	7	Other	Правильно: <suggestion>брати</suggestion>, <suggestion>взяти</suggestion>, <suggestion>зважати на (когось/щось)</suggestion>.	брати|взяти|зважати на (когось/щось)
L	20	приймаючи до уваги
M	20	PRYIMATY_VS_BRATY	6	0	9	Other	Правильно: <suggestion>брати</suggestion>, <suggestion>взяти</suggestion>, <suggestion>зважати на (когось/щось)</suggestion>.	брати|взяти|зважати на (когось/щось)
L	21	прийнятий до уваги
M	21	PRYIMATY_VS_BRATY	6	0	9	Other	Правильно: <suggestion>брати</suggestion>, <suggestion>взяти</suggestion>, <suggestion>зважати на (когось/щось)</suggestion>.	брати|взяти|зважати на (когось/щось)
L	22	брати до уваги
M	22	UPPERCASE_SENTENCE_START		0	5	Other	Це речення не починається з великої літери.	Брати
L	23	до уваги приймати все
M	23	UPPERCASE_SENTENCE_START		0	2	Other	Це речення не починається з великої літери.	До
M	23	PRYIMATY_VS_BRATY	7	9	17	Other	Правильно: <suggestion>брати</suggestion>, <suggestion>взяти</suggestion>, <suggestion>зважати на (когось/щось)</suggestion>.	брати|взяти|зважати на (когось/щось)
L	24	до уваги б не прийняв
M	24	UPPERCASE_SENTENCE_START		0	2	Other	Це речення не починається з великої літери.	До
M	24	PRYIMATY_VS_BRATY	7	14	21	Other	Правильно: <suggestion>брати</suggestion>, <suggestion>взяти</suggestion>, <suggestion>зважати на (когось/щось)</suggestion>.	брати|взяти|зважати на (когось/щось)
L	25	до уваги б швидко не прийняв
M	25	UPPERCASE_SENTENCE_START		0	2	Other	Це речення не починається з великої літери.	До
M	25	PRYIMATY_VS_BRATY	7	21	28	Other	Правильно: <suggestion>брати</suggestion>, <suggestion>взяти</suggestion>, <suggestion>зважати на (когось/щось)</suggestion>.	брати|взяти|зважати на (когось/щось)
L	26	прийматися до уваги
M	26	PRYIMATY_VS_BRATY	8	0	10	Other	Правильно: <suggestion>братися</suggestion>, <suggestion>взятися</suggestion>.	братися|взятися
L	27	приймаючись до уваги
M	27	PRYIMATY_VS_BRATY	8	0	11	Other	Правильно: <suggestion>братися</suggestion>, <suggestion>взятися</suggestion>.	братися|взятися
L	28	прийнялося швидко до уваги
M	28	PRYIMATY_VS_BRATY	8	0	10	Other	Правильно: <suggestion>братися</suggestion>, <suggestion>взятися</suggestion>.	братися|взятися
L	29	прийнялося ним швидко до уваги
M	29	PRYIMATY_VS_BRATY	8	0	10	Other	Правильно: <suggestion>братися</suggestion>, <suggestion>взятися</suggestion>.	братися|взятися
L	30	до уваги б приймався
M	30	UPPERCASE_SENTENCE_START		0	2	Other	Це речення не починається з великої літери.	До
M	30	PRYIMATY_VS_BRATY	9	11	20	Other	Правильно: <suggestion>братися</suggestion>, <suggestion>взятися</suggestion>.	братися|взятися
L	31	до уваги б не приймалося.
M	31	UPPERCASE_SENTENCE_START		0	2	Other	Це речення не починається з великої літери.	До
M	31	PRYIMATY_VS_BRATY	9	14	24	Other	Правильно: <suggestion>братися</suggestion>, <suggestion>взятися</suggestion>.	братися|взятися
L	32	до уваги б ними не приймалося.
M	32	UPPERCASE_SENTENCE_START		0	2	Other	Це речення не починається з великої літери.	До
M	32	PRYIMATY_VS_BRATY	9	19	29	Other	Правильно: <suggestion>братися</suggestion>, <suggestion>взятися</suggestion>.	братися|взятися
L	33	Прийняти міри щодо цього.
M	33	PRYIMATY_VS_BRATY	10	0	13	Other	Правильно: <suggestion>вживати заходів</suggestion>	Вживати заходів
L	34	Прийняли міри, щоб цього не сталося.
M	34	PRYIMATY_VS_BRATY	10	0	13	Other	Правильно: <suggestion>вживати заходів</suggestion>	Вживати заходів
L	35	Приймуть міри, щоб цього не сталося.
M	35	PRYIMATY_VS_BRATY	10	0	13	Other	Правильно: <suggestion>вживати заходів</suggestion>	Вживати заходів
L	36	Приймаючи міри, щоб цього не сталося.
M	36	PRYIMATY_VS_BRATY	10	0	14	Other	Правильно: <suggestion>вживати заходів</suggestion>	Вживати заходів
L	37	Прийняті міри виявилися недостатніми.
M	37	PRYIMATY_VS_BRATY	10	0	13	Other	Правильно: <suggestion>вживати заходів</suggestion>	Вживати заходів
L	38	Приймуть невідкладні міри, щоб цього не сталося.
M	38	PRYIMATY_VS_BRATY	10	0	25	Other	Правильно: <suggestion>вживати невідкладні заходів</suggestion>	Вживати невідкладні заходів
L	39	Приняли повною мірою ці санкції.
M	39	UK_SIMPLE_REPLACE		0	7	Other	Неправильно написане слово.	Прийняли|Пойняли|Притяли|Пройняли
L	40	Приняли певною мірою ці санкції.
M	40	UK_SIMPLE_REPLACE		0	7	Other	Неправильно написане слово.	Прийняли|Пойняли|Притяли|Пройняли
L	41	Приняли мірою ваги кілограм.
M	41	UK_SIMPLE_REPLACE		0	7	Other	Неправильно написане слово.	Прийняли|Пойняли|Притяли|Пройняли
L	42	Рід уявляє з себе справді щось стале
M	42	UYAVLYATY_Z_SEBE	1	4	17	Other	Правильно: <suggestion>являти собою</suggestion>, <suggestion>бути</suggestion>, <suggestion>становити</suggestion>.	являти собою|бути|становити
L	43	Він представляв із себе справді щось унікальне
M	43	UYAVLYATY_Z_SEBE	1	4	23	Other	Правильно: <suggestion>являти собою</suggestion>, <suggestion>бути</suggestion>, <suggestion>становити</suggestion>.	являти собою|бути|становити
L	44	представлявши із себе справді щось унікальне
M	44	UYAVLYATY_Z_SEBE	1	0	21	Other	Правильно: <suggestion>являти собою</suggestion>, <suggestion>бути</suggestion>, <suggestion>становити</suggestion>.	являти собою|бути|становити
L	45	Рід є справді щось стале
L	46	Він представляв собою великий монумент.
M	46	UYAVLYATY_Z_SEBE	2	4	21	Other	Правильно: <suggestion>являти собою</suggestion>, <suggestion>бути</suggestion>, <suggestion>становити собою</suggestion>	являти собою|бути|становити собою
L	47	І представляючи собою великий монумент.
M	47	UYAVLYATY_Z_SEBE	2	2	21	Other	Правильно: <suggestion>являти собою</suggestion>, <suggestion>бути</suggestion>, <suggestion>становити собою</suggestion>	являти собою|бути|становити собою
L	48	Він являв собою великий монумент
L	49	користуватися попитом
M	49	KORYSTUVATYSIA_POPYTOM	1	0	21	Other	Правильно: <suggestion>мати попит</suggestion>.	мати попит
L	50	користуючись великим попитом
M	50	KORYSTUVATYSIA_POPYTOM	2	0	28	Other	Правильно: <suggestion>мавши великий попит</suggestion>.	мавши великий попит|маючи великий попит
L	51	Великим попитом користувалися велосипеди.
M	51	KORYSTUVATYSIA_POPYTOM	3	8	29	Other	Правильно: <suggestion>попит мали</suggestion>.	попит мали
L	52	Великим попитом ніколи не користувалися велосипеди.
M	52	KORYSTUVATYSIA_POPYTOM	3	8	39	Other	Правильно: <suggestion>попит ніколи не мали</suggestion>.	попит ніколи не мали
L	53	він користувався довірою свого колективу
M	53	UPPERCASE_SENTENCE_START		0	3	Other	Це речення не починається з великої літери.	Він
M	53	korystuvatysia_doviroyu	1	4	24	Other	Правильно: <suggestion>мав довіру</suggestion>	мав довіру
L	54	він користувався її довірою
M	54	UPPERCASE_SENTENCE_START		0	3	Other	Це речення не починається з великої літери.	Він
M	54	korystuvatysia_doviroyu	1	4	27	Other	Правильно: <suggestion>мав її довіру</suggestion>	мав її довіру
L	55	він користувався б найбільшою довірою
M	55	UPPERCASE_SENTENCE_START		0	3	Other	Це речення не починається з великої літери.	Він
M	55	korystuvatysia_doviroyu	1	4	37	Other	Правильно: <suggestion>мав б найбільшу довіру</suggestion>	мав б найбільшу довіру
L	56	він користувався довір'ям свого колективу
M	56	UPPERCASE_SENTENCE_START		0	3	Other	Це речення не починається з великої літери.	Він
M	56	korystuvatysia_doviroyu	1	4	25	Other	Правильно: <suggestion>мав довір'я</suggestion>	мав довір'я
L	57	користуючись значною довірою
M	57	korystuvatysia_doviroyu	2	0	28	Other	Правильно: <suggestion>мавши значну довіру</suggestion>.	мавши значну довіру|маючи значну довіру
L	58	користуючись великим довір'ям
M	58	korystuvatysia_doviroyu	2	0	29	Other	Правильно: <suggestion>мавши велике довір'я</suggestion>.	мавши велике довір'я|маючи велике довір'я
L	59	Великим довір'ям користувалися велосипеди.
M	59	korystuvatysia_doviroyu	3	8	30	Other	Правильно: <suggestion>довір'я мали</suggestion>.	довір'я мали
L	60	Великою довірою ніколи не користувалися велосипеди.
M	60	korystuvatysia_doviroyu	3	8	39	Other	Правильно: <suggestion>довіру ніколи не мали</suggestion>.	довіру ніколи не мали
L	61	користуватися шаленою популярністю
M	61	KORYSTUVATYSIA_POPULYARNISTYU	1	0	34	Other	Правильно: <suggestion>мати шалену популярність</suggestion>.	мати шалену популярність|бути [шаленою] популярним
L	62	користуючись великою популярністю
M	62	KORYSTUVATYSIA_POPULYARNISTYU	2	0	33	Other	Правильно: <suggestion>мавши велику популярність</suggestion>.	мавши велику популярність|маючи велику популярність|бувши [великою] популярним
L	63	Великим популярністю користувалися велосипеди.
M	63	KORYSTUVATYSIA_POPULYARNISTYU	3	8	34	Other	Правильно: <suggestion>популярність мали</suggestion>.	популярність мали|популярним були
L	64	Великим популярністю ніколи не користувалися велосипеди.
M	64	KORYSTUVATYSIA_POPULYARNISTYU	3	8	44	Other	Правильно: <suggestion>популярність ніколи не мали</suggestion>.	популярність ніколи не мали|популярним ніколи не були
L	65	Ця угода не зможе вступити в силу раніше.
M	65	VSTUPATY_V_SYLU	1	18	33	Other	Правильно: <suggestion>набрати чинності</suggestion>	набрати чинності
L	66	Ця угода, вступивши в силу, дозволить...
M	66	VSTUPATY_V_SYLU	1	10	26	Other	Правильно: <suggestion>набрати чинності</suggestion>	набрати чинності
L	67	Ця угода не зможе набрати чинності раніше.
L	68	Після вступу закону в силу...
M	68	VSTUPATY_V_SYLU	2	6	26	Other	Правильно: <suggestion>набрання чинності</suggestion>	набрання чинності
L	69	В силу вступив закон, прийнятий раніше.
M	69	VSTUPATY_V_SYLU	3	0	14	Other	Правильно: <suggestion>чинності набрати</suggestion>	Чинності набрати
L	70	В силу б він не вступив закон, прийнятий раніше.
M	70	VSTUPATY_V_SYLU	3	0	23	Other	Правильно: <suggestion>чинності набрати</suggestion>	Чинності набрати
L	71	в силу обставин
M	71	v_sylu_ciogo	1	0	15	Other	Коли цей зворот вказує на причину, то правильно: <suggestion>через обставини</suggestion>	через обставини|внаслідок обставин|залежно від обставин|з огляду на обставини
L	72	в силу різних обставин
M	72	v_sylu_ciogo	1	0	22	Other	Коли цей зворот вказує на причину, то правильно: <suggestion>через різних обставини</suggestion>, <suggestion>через різні обставини</suggestion>	через різних обставини|через різні обставини|внаслідок різних обставин|залежно від різних обставин|з огляду на різних обставини|з огляду на різні обставини
L	73	вступив в силу великого часу
M	73	VSTUPATY_V_SYLU	1	0	14	Other	Правильно: <suggestion>набрати чинності</suggestion>	набрати чинності
L	74	віра в силу ідей
M	74	UPPERCASE_SENTENCE_START		0	4	Other	Це речення не починається з великої літери.	Віра
L	75	вірю в силу любові
M	75	UPPERCASE_SENTENCE_START		0	4	Other	Це речення не починається з великої літери.	Вірю
L	76	як не вірити в силу долі
M	76	UPPERCASE_SENTENCE_START		0	2	Other	Це речення не починається з великої літери.	Як
L	77	дістав силу закону
M	77	UPPERCASE_SENTENCE_START		0	6	Other	Це речення не починається з великої літери.	Дістав
L	78	ви в силу талісманів вірите?
M	78	UPPERCASE_SENTENCE_START		0	2	Other	Це речення не починається з великої літери.	Ви
L	79	в силу встановленої ст. 204 ЦК України
M	79	UPPERCASE_SENTENCE_START		0	1	Other	Це речення не починається з великої літери.	В
L	80	наказувати учня
M	80	nakazuvaty_karaty	1	0	10	Other	Правильно: <suggestion>карати</suggestion>	карати
L	81	наказувати учню
M	81	UPPERCASE_SENTENCE_START		0	10	Other	Це речення не починається з великої літери.	Наказувати
L	82	наказувати нічого не треба
M	82	UPPERCASE_SENTENCE_START		0	10	Other	Це речення не починається з великої літери.	Наказувати
L	83	наказувати піти
M	83	UPPERCASE_SENTENCE_START		0	10	Other	Це речення не починається з великої літери.	Наказувати
L	84	Дякуючи поганій погоді
M	84	DIAKUYUCHI_INANIM	1	0	7	Other	«Дякуючи» вживаємо тоді, коли хтось висловлює комусь подяку, а для вказівки на причину чогось вживаємо <suggestion>завдяки</suggestion>	Завдяки|Через
L	85	і дякуючи авторитету
M	85	UPPERCASE_SENTENCE_START		0	1	Other	Це речення не починається з великої літери.	І
M	85	DIAKUYUCHI_INANIM	1	2	9	Other	«Дякуючи» вживаємо тоді, коли хтось висловлює комусь подяку, а для вказівки на причину чогось вживаємо <suggestion>завдяки</suggestion>	завдяки|через
L	86	дякуючи долі і добрим людям
M	86	UPPERCASE_SENTENCE_START		0	7	Other	Це речення не починається з великої літери.	Дякуючи
M	86	EUPHONY_CONJ_I_Y	3	13	14	Hint	Після голосної зі звуком і/и варто писати й або та: долі <suggestion>й</suggestion> добрим, долі <suggestion>та</suggestion> добрим	й|та
L	87	дякуючи Богу живий
M	87	UPPERCASE_SENTENCE_START		0	7	Other	Це речення не починається з великої літери.	Дякуючи
L	88	Дякуючи Юрію за науку
L	89	Дякуючи газеті за принциповість
L	90	Дякуючи кожному, хто виходив
L	91	виносити подяку хлопцям
M	91	vynosyty_podyaku	1	0	15	Other	Правильно: <suggestion>складати подяку</suggestion>	складати подяку|висловлювати подяку
L	92	виносити особисту подяку хлопцям
M	92	vynosyty_podyaku	1	0	24	Other	Правильно: <suggestion>складати особисту подяку</suggestion>	складати особисту подяку|висловлювати особисту подяку
L	93	слідує притримати
M	93	sliduye	1	0	6	Other	Правильно: <suggestion>треба</suggestion>	треба|потрібно|варто
L	94	слідує належно підтримати
M	94	sliduye	1	0	6	Other	Правильно: <suggestion>треба</suggestion>	треба|потрібно|варто
L	95	жити як слідує
M	95	UPPERCASE_SENTENCE_START		0	4	Other	Це речення не починається з великої літери.	Жити
M	95	sliduye	2	5	14	Other	Правильно: <suggestion>як випливає</suggestion>	як випливає|як слід|як треба|до ладу|до пуття
L	96	як слідує за вилковськими чоловіками
M	96	UPPERCASE_SENTENCE_START		0	2	Other	Це речення не починається з великої літери.	Як
L	97	як слідує зі звіту
M	97	UPPERCASE_SENTENCE_START		0	2	Other	Це речення не починається з великої літери.	Як
M	97	sliduye	3	3	9	Other	Правильно: <suggestion>випливає</suggestion>	випливає
L	98	одне слідує з іншого
M	98	UPPERCASE_SENTENCE_START		0	4	Other	Це речення не починається з великої літери.	Одне
M	98	sliduye	4	5	11	Other	Правильно: <suggestion>випливає</suggestion>	випливає|походить|виникає|постає
L	99	він слідує з Києва до Дніпра
M	99	UPPERCASE_SENTENCE_START		0	3	Other	Це речення не починається з великої літери.	Він
L	100	Він рахував, що все буде гаразд.
M	100	RAHUVATYSIA_SCHO	1	4	11	Other	Правильно: <suggestion>вважав</suggestion>, <suggestion>гадав</suggestion>	вважав|гадав
L	101	... рахуючи, що все буде гаразд.
M	101	RAHUVATYSIA_SCHO	1	4	11	Other	Правильно: <suggestion>(вважати)</suggestion>, <suggestion>(гадати)</suggestion>	(вважати)|(гадати)
L	102	Він вважав, що все буде гаразд.
L	103	От і рахуйте, що корисніше
L	104	інституціями, з якими рахуються, що роблять
M	104	UPPERCASE_SENTENCE_START		0	12	Other	Це речення не починається з великої літери.	Інституціями
L	105	Він вважав, що з ним рахуються, що він є головним.
L	106	Рахуватися депутатом
M	106	RAHUVATYSIA_SCHO	2	0	20	Other	Правильно: <suggestion>вважатись за депутата</suggestion>, <suggestion>вважатися за депутата</suggestion>	Вважатись за депутата|Вважатися за депутата
L	107	Рахуватися народним депутатом
M	107	RAHUVATYSIA_SCHO	2	0	29	Other	Правильно: <suggestion>вважатись за народне депутата</suggestion>, <suggestion>вважатись за народний депутата</suggestion>, <suggestion>вважатись за народного депутата</suggestion>, <suggestion>вважатися за народне депутата</suggestion>, <suggestion>вважатися за народний депутата</suggestion>, <suggestion>вважатися за народного депутата</suggestion>	Вважатись за народне депутата|Вважатись за народний депутата|Вважатись за народного депутата|Вважатися за народне депутата|Вважатися за народний депутата|Вважатися за народного депутата
L	108	Рахуватися директрисою
M	108	RAHUVATYSIA_SCHO	2	0	22	Other	Правильно: <suggestion>вважатись за директрису</suggestion>, <suggestion>вважатися за директрису</suggestion>	Вважатись за директрису|Вважатися за директрису
L	109	Рахуючись директрисою
M	109	RAHUVATYSIA_SCHO	2	0	21	Other	Правильно: <suggestion>(вважатися) за директрису</suggestion>	(Вважатися) за директрису
L	110	рахувався торгівельним осередком
M	110	RAHUVATYSIA_SCHO	2	0	32	Other	Правильно: <suggestion>вважавсь за торгівельне осередок</suggestion>, <suggestion>вважавсь за торгівельний осередок</suggestion>, <suggestion>вважавсь за торгівельного осередок</suggestion>, <suggestion>вважався за торгівельне осередок</suggestion>, <suggestion>вважався за торгівельний осередок</suggestion>, <suggestion>вважався за торгівельного осередок</suggestion>	вважавсь за торгівельне осередок|вважавсь за торгівельний осередок|вважавсь за торгівельного осередок|вважався за торгівельне осередок|вважався за торгівельний осередок|вважався за торгівельного осередок
L	111	рахувалися разом
M	111	UPPERCASE_SENTENCE_START		0	10	Other	Це речення не починається з великої літери.	Рахувалися
L	112	витрати рахувалися мільйонами
M	112	UPPERCASE_SENTENCE_START		0	7	Other	Це речення не починається з великої літери.	Витрати
L	113	Але чи рахувалася ФРН із позицією
L	114	з ним доведеться рахуватися всім основним старим членам
M	114	UPPERCASE_SENTENCE_START		0	1	Other	Це речення не починається з великої літери.	З
L	115	Мова йдеться про наслідки перемовин.
M	115	MOVA_IDETSA	1	0	12	Other	Правильно: <suggestion>йдеться (йшлося, йтиметься)</suggestion>, <suggestion>Мова йде (йшла, йтиметься)</suggestion>, <suggestion>мовиться</suggestion>	Йдеться (йшлося, йтиметься)|Мова йде (йшла, йтиметься)|Мовиться
L	116	Мова йде про наслідки перемовин.
L	117	Йдеться про наслідки перемовин.
L	118	Йшлася мова про наслідки перемовин.
M	118	MOVA_IDETSA	2	0	11	Other	Правильно: <suggestion>йдеться (йшлося, йтиметься)</suggestion>, <suggestion>йде (йшла, йтиметься) мова</suggestion>, <suggestion>мовиться</suggestion>	Йдеться (йшлося, йтиметься)|Йде (йшла, йтиметься) мова|Мовиться
L	119	Мова йде про наслідки перемовин.
L	120	Йдеться про наслідки перемовин.
L	121	Він часто переводить гроші додому.
M	121	PEREVODYTY_GROSHI	1	10	20	Other	Правильно: <suggestion>переказувати</suggestion>	переказувати
L	122	Чиновники перевели гроші на рахунки.
M	122	PEREVODYTY_GROSHI	1	10	18	Other	Правильно: <suggestion>переказувати</suggestion>	переказувати
L	123	Він часто переводячи гроші, телефонує додому.
M	123	PEREVODYTY_GROSHI	1	10	20	Other	Правильно: <suggestion>переказувати</suggestion>	переказувати
L	124	Чиновники перевели ці кошти на рахунки.
M	124	PEREVODYTY_GROSHI	1	10	18	Other	Правильно: <suggestion>переказувати</suggestion>	переказувати
L	125	Він часто переказує гроші додому.
L	126	Переводити гроші в долари
L	127	Гроші переведені на інший рахунок.
M	127	PEREVODYTY_GROSHI	2	6	16	Other	Правильно: <suggestion>переказувати</suggestion>	переказувати
L	128	Ці гроші переводили на інші рахунки.
M	128	PEREVODYTY_GROSHI	2	9	19	Other	Правильно: <suggestion>переказувати</suggestion>	переказувати
L	129	Гроші би швидко не перевів.
M	129	BY_B	3	6	8	Hint	Згідно з чинним правописом, після голосної пишемо <suggestion>б</suggestion>. Однак «би» дозволяє уникати збігу приголосних б та б/п/д/т/к/ґ або двох приголосних.	б
M	129	PEREVODYTY_GROSHI	2	19	26	Other	Правильно: <suggestion>переказувати</suggestion>	переказувати
L	130	Лікарям діагноз на гроші перевести - це не гривні в євро.
L	131	всі гроші перевели в долари
M	131	UPPERCASE_SENTENCE_START		0	3	Other	Це речення не починається з великої літери.	Всі
L	132	Він лише потиснув плечима
M	132	POTYSKUVATY_PLECHYMA	1	9	17	Other	Правильно: <suggestion>знизувати</suggestion>, <suggestion>здвигати</suggestion>, <suggestion>стинати</suggestion>, <suggestion>стискати</suggestion>, 	знизувати|здвигати|стинати|стискати
L	133	Тоді потиснувши плечима він пішов.
M	133	POTYSKUVATY_PLECHYMA	1	5	15	Other	Правильно: <suggestion>знизувати</suggestion>, <suggestion>здвигати</suggestion>, <suggestion>стинати</suggestion>, <suggestion>стискати</suggestion>, 	знизувати|здвигати|стинати|стискати
L	134	Він лише знизав плечима
L	135	Всі розділяли мою радість
M	135	ROZDILIATY_DUMKU	1	4	13	Other	Правильно: <suggestion>поділяли</suggestion>	поділяли
L	136	Всі усміхнулись розділяючи мою радість
M	136	ROZDILIATY_DUMKU	1	16	26	Other	Правильно: <suggestion>(поділяти)</suggestion>	(поділяти)
L	137	Всі поділяли мою радість
L	138	Цю думку розділяли і його товариші.
M	138	ROZDILIATY_DUMKU	2	9	18	Other	Правильно: <suggestion>поділяли</suggestion>	поділяли
L	139	Він вів себе достойним чином
M	139	VESTY_SEBE	1	4	12	Other	Правильно: <suggestion>поводитися</suggestion>, <suggestion>триматися</suggestion>	поводитися|триматися
M	139	DOSTOYNYM_CHYNOM	1	13	28	Other	Правильно: <suggestion>гідно</suggestion>, <suggestion>як слід</suggestion>, <suggestion>як треба</suggestion>, <suggestion>як належить</suggestion>	гідно|як слід|як треба|як належить
L	140	ведучи себе достойним чином
M	140	VESTY_SEBE	1	0	11	Other	Правильно: <suggestion>поводитися</suggestion>, <suggestion>триматися</suggestion>	поводитися|триматися
M	140	DOSTOYNYM_CHYNOM	1	12	27	Other	Правильно: <suggestion>гідно</suggestion>, <suggestion>як слід</suggestion>, <suggestion>як треба</suggestion>, <suggestion>як належить</suggestion>	гідно|як слід|як треба|як належить
L	141	Він поводився гідно
L	142	Він здав складний екзамен
M	142	ZDAVATY_EKZAMEN	1	4	8	Other	Правильно: <suggestion>складати</suggestion>, <suggestion>скласти</suggestion>	складати|скласти
L	143	Здаючи іспит весь спітнів.
M	143	ZDAVATY_EKZAMEN	1	0	6	Other	Правильно: <suggestion>складати</suggestion>, <suggestion>скласти</suggestion>	Складати|Скласти
L	144	Треба здавати також складний екзамен в школі.
M	144	ZDAVATY_EKZAMEN	1	6	13	Other	Правильно: <suggestion>складати</suggestion>, <suggestion>скласти</suggestion>	складати|скласти
L	145	при вступі до ВНЗ здавали два–три екзамени.
M	145	UPPERCASE_SENTENCE_START		0	3	Other	Це речення не починається з великої літери.	При
M	145	ZDAVATY_EKZAMEN	1	18	25	Other	Правильно: <suggestion>складати</suggestion>, <suggestion>скласти</suggestion>	складати|скласти
M	145	DASH		26	33	Other	Риска всередині слова. Всередині слова вживайте дефіс, між словами виокремлюйте риску пробілами.	два-три|два — три
L	146	Він склав екзамен
L	147	Екзамен здав на відмінно.
M	147	ZDAVATY_EKZAMEN	2	8	12	Other	Правильно: <suggestion>складати</suggestion>, <suggestion>скласти</suggestion>	складати|скласти
L	148	Екзамен би швидко не здав.
M	148	ZDAVATY_EKZAMEN	2	21	25	Other	Правильно: <suggestion>складати</suggestion>, <suggestion>скласти</suggestion>	складати|скласти
L	149	Тоді на іспити здавали по 50 гривень.
L	150	Він екзамен склав на відмінно
L	151	утім я даю собі звіт у тому
M	151	UPPERCASE_SENTENCE_START		0	4	Other	Це речення не починається з великої літери.	Утім
M	151	VIDDAVATY_SOBI_ZVIT	1	7	20	Other	Краще: <suggestion>усвідомлювати</suggestion>, <suggestion>розуміти</suggestion>, <suggestion>здавати собі справу з чого (про що)</suggestion>	усвідомлювати|розуміти|здавати собі справу з чого (про що)
L	152	утім віддаючи собі звіт у тому ...
M	152	UPPERCASE_SENTENCE_START		0	4	Other	Це речення не починається з великої літери.	Утім
M	152	VIDDAVATY_SOBI_ZVIT	1	5	23	Other	Краще: <suggestion>усвідомлювати</suggestion>, <suggestion>розуміти</suggestion>, <suggestion>здавати собі справу з чого (про що)</suggestion>	усвідомлювати|розуміти|здавати собі справу з чого (про що)
L	153	я віддав звіт йому
M	153	UPPERCASE_SENTENCE_START		0	1	Other	Це речення не починається з великої літери.	Я
L	154	Він вийшов з себе.
M	154	VYHODYTY_Z_SEBE	1	4	17	Other	Краще: <suggestion>гніватися</suggestion>, <suggestion>розпалюватися</suggestion>, <suggestion>дратуватися</suggestion>, <suggestion>лютувати</suggestion>, <suggestion>нетямитися</suggestion>, <suggestion>утрачати самовладання</suggestion>, <suggestion>аж із себе (із шкури) вилазити</suggestion>, <suggestion>із себе пнутися</suggestion>, <suggestion>аж на місці цибати</suggestion>	гніватися|розпалюватися|дратуватися|лютувати|нетямитися|утрачати самовладання|аж із себе (із шкури) вилазити|із себе пнутися|аж на місці цибати
L	155	Він вийшов до мене
L	156	Його вивели з себе.
M	156	VYHODYTY_Z_SEBE	2	5	18	Other	Краще: <suggestion>гнівати</suggestion>, <suggestion>допікати</suggestion>, <suggestion>дратувати</suggestion>, <suggestion>лютити</suggestion>, <suggestion>дозоляти</suggestion>, <suggestion>уривати терпець (кому)</suggestion>, <suggestion>виводити з рівноваги</suggestion>, <suggestion>осатаніти</suggestion>	гнівати|допікати|дратувати|лютити|дозоляти|уривати терпець (кому)|виводити з рівноваги|осатаніти
L	157	вивели його з себе.
M	157	VYHODYTY_Z_SEBE	2	0	18	Other	Краще: <suggestion>гнівати</suggestion>, <suggestion>допікати</suggestion>, <suggestion>дратувати</suggestion>, <suggestion>лютити</suggestion>, <suggestion>дозоляти</suggestion>, <suggestion>уривати терпець (кому)</suggestion>, <suggestion>виводити з рівноваги</suggestion>, <suggestion>осатаніти</suggestion>	гнівати|допікати|дратувати|лютити|дозоляти|уривати терпець (кому)|виводити з рівноваги|осатаніти
L	158	Його розгнівали
L	159	Він був на поганому рахунку.
M	159	BUTY_NA_HOROSHOMU_RAHUNKU	1	8	27	Other	Краще: <suggestion>мати добру/погану/лиху репутацію/славу</suggestion>, <suggestion>бути відомим з позитивного/негативного боку</suggestion>	мати добру/погану/лиху репутацію/славу|бути відомим з позитивного/негативного боку
L	160	Він був у них на хорошому рахунку.
M	160	BUTY_NA_HOROSHOMU_RAHUNKU	1	14	33	Other	Краще: <suggestion>мати добру/погану/лиху репутацію/славу</suggestion>, <suggestion>бути відомим з позитивного/негативного боку</suggestion>	мати добру/погану/лиху репутацію/славу|бути відомим з позитивного/негативного боку
L	161	Він мав добру славу
L	162	заживали його рани довго
M	162	ZAZHYVATY_VS_ZAGOYUVATYSIA	1	0	8	Other	Правильно: <suggestion>гоїтися</suggestion>, <suggestion>загоюватися</suggestion>, <suggestion>затягуватися</suggestion>	гоїтися|загоюватися|затягуватися
L	163	заживаючи його рани довго боліли
M	163	ZAZHYVATY_VS_ZAGOYUVATYSIA	1	0	9	Other	Правильно: <suggestion>гоїтися</suggestion>, <suggestion>загоюватися</suggestion>, <suggestion>затягуватися</suggestion>	гоїтися|загоюватися|затягуватися
L	164	загоювалися його рани довго
M	164	UPPERCASE_SENTENCE_START		0	11	Other	Це речення не починається з великої літери.	Загоювалися
L	165	заживання рани затягувалося
M	165	ZAZHYVATY_VS_ZAGOYUVATYSIA	2	0	9	Other	Правильно: <suggestion>загоєння</suggestion>	загоєння
L	166	заживання слави
M	166	UPPERCASE_SENTENCE_START		0	9	Other	Це речення не починається з великої літери.	Заживання
L	167	його рани довго заживали
M	167	UPPERCASE_SENTENCE_START		0	4	Other	Це речення не починається з великої літери.	Його
M	167	ZAZHYVATY_VS_ZAGOYUVATYSIA	3	16	24	Other	Правильно: <suggestion>гоїтися</suggestion>, <suggestion>загоюватися</suggestion>, <suggestion>затягуватися</suggestion>	гоїтися|загоюватися|затягуватися
L	168	на мені все швидко позаживало.
M	168	UPPERCASE_SENTENCE_START		0	2	Other	Це речення не починається з великої літери.	На
M	168	ZAZHYVATY_VS_ZAGOYUVATYSIA	3	19	29	Other	Правильно: <suggestion>гоїтися</suggestion>, <suggestion>загоюватися</suggestion>, <suggestion>затягуватися</suggestion>	гоїтися|загоюватися|затягуватися
L	169	його рани довго загоювалися
M	169	UPPERCASE_SENTENCE_START		0	4	Other	Це речення не починається з великої літери.	Його
L	170	довше заживали
M	170	UPPERCASE_SENTENCE_START		0	5	Other	Це речення не починається з великої літери.	Довше
M	170	ZAZHYVATY_VS_ZAGOYUVATYSIA	4	6	14	Other	Правильно: <suggestion>гоїтися</suggestion>, <suggestion>загоюватися</suggestion>, <suggestion>затягуватися</suggestion>	гоїтися|загоюватися|затягуватися
L	171	заживали слави
M	171	UPPERCASE_SENTENCE_START		0	8	Other	Це речення не починається з великої літери.	Заживали
L	172	заживало довго
M	172	ZAZHYVATY_VS_ZAGOYUVATYSIA	5	0	8	Other	Правильно: <suggestion>гоїтися</suggestion>, <suggestion>загоюватися</suggestion>, <suggestion>затягуватися</suggestion>	гоїтися|загоюватися|затягуватися
L	173	ми зажили краще
M	173	UPPERCASE_SENTENCE_START		0	2	Other	Це речення не починається з великої літери.	Ми
L	174	підводячи підсумок своєї боротьби
M	174	PIDVODYTY_PIDSUMOK	1	0	18	Other	Правильно: <suggestion>підбивати підсумки</suggestion>, <suggestion>робити підсумки</suggestion>, <suggestion>підсумовувати</suggestion>	підбивати підсумки|робити підсумки|підсумовувати
L	175	підвели своєрідний підсумок своєї боротьби
M	175	PIDVODYTY_PIDSUMOK	1	0	27	Other	Правильно: <suggestion>підбивати підсумки</suggestion>, <suggestion>робити підсумки</suggestion>, <suggestion>підсумовувати</suggestion>	підбивати підсумки|робити підсумки|підсумовувати
L	176	підбиваючи підсумок своєї боротьби
M	176	UPPERCASE_SENTENCE_START		0	10	Other	Це речення не починається з великої літери.	Підбиваючи
L	177	Остаточний підсумок підводить журі.
M	177	PIDVODYTY_PIDSUMOK	2	11	29	Other	Правильно: <suggestion>підсумки підбивати</suggestion>, <suggestion>підсумки робити</suggestion>, <suggestion>підсумовувати</suggestion>	підсумки підбивати|підсумки робити|підсумовувати
L	178	Остаточний підсумок швидко б не підвели.
M	178	PIDVODYTY_PIDSUMOK	2	11	39	Other	Правильно: <suggestion>підсумки підбивати</suggestion>, <suggestion>підсумки робити</suggestion>, <suggestion>підсумовувати</suggestion>	підсумки підбивати|підсумки робити|підсумовувати
L	179	підбиваючи підсумок своєї боротьби
M	179	UPPERCASE_SENTENCE_START		0	10	Other	Це речення не починається з великої літери.	Підбиваючи
L	180	підведення підсумків своєї боротьби
M	180	PIDVODYTY_PIDSUMOK	3	0	20	Other	Правильно: <suggestion>підбивання підсумків</suggestion>, <suggestion>підсумовування</suggestion>	підбивання підсумків|підсумовування
L	181	підведений підсумок своєї боротьби
M	181	PIDVODYTY_PIDSUMOK	1	0	19	Other	Правильно: <suggestion>підбивати підсумки</suggestion>, <suggestion>робити підсумки</suggestion>, <suggestion>підсумовувати</suggestion>	підбивати підсумки|робити підсумки|підсумовувати
L	182	підведений до підсумку
M	182	UPPERCASE_SENTENCE_START		0	10	Other	Це речення не починається з великої літери.	Підведений
L	183	Він привів свою квартиру в порядок.
M	183	PRYVODYTY_V_PORIADOK	1	4	34	Other	Краще: <suggestion>давати (робити) лад</suggestion>, <suggestion>доводити до ладу</suggestion>, <suggestion>упорядковувати</suggestion>, <suggestion>доводити до ума (до розуму)</suggestion>	давати (робити) лад|доводити до ладу|упорядковувати|доводити до ума (до розуму)|оправляти|облагоджувати|опоряджати|припоряджати|порати|прибирати
L	184	Він довів до ладу свою квартиру
L	185	Після приведення своєї квартири в порядок.
M	185	PRYVODYTY_V_PORIADOK	2	6	41	Other	Краще: <suggestion>доведення до ладу</suggestion>, <suggestion>упорядковування</suggestion>, <suggestion>доведення до ума (до розуму)</suggestion>	доведення до ладу|упорядковування|доведення до ума (до розуму)|оправляння|опоряджання|припоряджання|порання|прибирання
L	186	Зараз має місце спроба провести таку гру.
M	186	MATY_MISCE	1	6	15	Other	Краще: <suggestion>бути</suggestion>	бути|відбуватися|діятися|ставатися|траплятися|бутувати|перебувати|існувати
L	187	Зараз відбувається спроба провести таку гру
L	188	Розмова носить односторонній характер
M	188	NOSYTY_NAZVU	1	8	14	Other	Правильно: <suggestion>має</suggestion>	має
L	189	Розмова носитиме характер піар-заходу
M	189	NOSYTY_NAZVU	1	8	16	Other	Правильно: <suggestion>матиме</suggestion>	матиме
L	190	Розмова має односторонній характер
L	191	Присвоїли звання доцента
M	191	PRYSVOYUVATY_ZVANNIA	1	0	9	Other	Правильно: <suggestion>надати</suggestion>, <suggestion>надавати</suggestion>	Надати|Надавати
L	192	Присвоїли почесне звання народного артиста
M	192	PRYSVOYUVATY_ZVANNIA	1	0	9	Other	Правильно: <suggestion>надати</suggestion>, <suggestion>надавати</suggestion>	Надати|Надавати
L	193	Присвоїли йому звання народного артиста
M	193	PRYSVOYUVATY_ZVANNIA	1	0	9	Other	Правильно: <suggestion>надати</suggestion>, <suggestion>надавати</suggestion>	Надати|Надавати
L	194	Присвоїли йому почесне звання народного артиста
M	194	PRYSVOYUVATY_ZVANNIA	1	0	9	Other	Правильно: <suggestion>надати</suggestion>, <suggestion>надавати</suggestion>	Надати|Надавати
L	195	Присвоїли йому це почесне звання
M	195	PRYSVOYUVATY_ZVANNIA	1	0	9	Other	Правильно: <suggestion>надати</suggestion>, <suggestion>надавати</suggestion>	Надати|Надавати
L	196	Присвоїли уряду Дзуринди звання
M	196	PRYSVOYUVATY_ZVANNIA	1	0	9	Other	Правильно: <suggestion>надати</suggestion>, <suggestion>надавати</suggestion>	Надати|Надавати
L	197	Присвоїли Степанові Бандері звання
M	197	PRYSVOYUVATY_ZVANNIA	1	0	9	Other	Правильно: <suggestion>надати</suggestion>, <suggestion>надавати</suggestion>	Надати|Надавати
L	198	Присвоїли собі чуже добро
L	199	Присвоєне звання доцента
M	199	PRYSVOYUVATY_ZVANNIA	2	0	9	Other	Правильно: <suggestion>надане</suggestion>	Надане
L	200	Присвоєне почесне звання народного артиста
M	200	PRYSVOYUVATY_ZVANNIA	2	0	9	Other	Правильно: <suggestion>надане</suggestion>	Надане
L	201	Присвоїли собі чуже добро
L	202	Присвоєння звання доцента
M	202	PRYSVOYUVATY_ZVANNIA	3	0	10	Other	Правильно: <suggestion>надання</suggestion>	Надання
L	203	Присвоєння почесне звання народного артиста
M	203	PRYSVOYUVATY_ZVANNIA	3	0	10	Other	Правильно: <suggestion>надання</suggestion>	Надання
L	204	Присвоєння знань
L	205	Знімати житло у Києві стало значно дорожче
M	205	ZNIMATY_ZHYTLO	1	0	7	Other	Правильно: <suggestion>наймати</suggestion>, <suggestion>винаймати</suggestion>, <suggestion>найняти</suggestion>	Наймати|Винаймати|Найняти
L	206	Знявши швидко два офіси в Києві...
M	206	ZNIMATY_ZHYTLO	1	0	6	Other	Правильно: <suggestion>наймати</suggestion>, <suggestion>винаймати</suggestion>, <suggestion>найняти</suggestion>	Наймати|Винаймати|Найняти
L	207	знімати житло на відео
M	207	UPPERCASE_SENTENCE_START		0	7	Other	Це речення не починається з великої літери.	Знімати
L	208	Зняв будинок з балансу
L	209	Житло знімати вони не мали права.
M	209	ZNIMATY_ZHYTLO	2	6	13	Other	Правильно: <suggestion>наймати</suggestion>, <suggestion>винаймати</suggestion>, <suggestion>найняти</suggestion>	наймати|винаймати|найняти
L	210	будинок знятий на місяць.
M	210	UPPERCASE_SENTENCE_START		0	7	Other	Це речення не починається з великої літери.	Будинок
M	210	ZNIMATY_ZHYTLO	2	8	14	Other	Правильно: <suggestion>наймати</suggestion>, <suggestion>винаймати</suggestion>, <suggestion>найняти</suggestion>	наймати|винаймати|найняти
L	211	Житло знімати на відео
L	212	з приміщення знято покрівлю
M	212	UPPERCASE_SENTENCE_START		0	1	Other	Це речення не починається з великої літери.	З
L	213	його кожух одразу кидався в очі
M	213	UPPERCASE_SENTENCE_START		0	4	Other	Це речення не починається з великої літери.	Його
M	213	KYDATYSIA_V_OKO	1	18	31	Other	Краще: <suggestion>впадати в око (очі)</suggestion>, <suggestion>брати очі</suggestion>, <suggestion>вбирати в себе очі</suggestion>	впадати в око (очі)|брати очі|вбирати в себе очі
L	214	його кожух одразу кидавсь у вічі
M	214	UPPERCASE_SENTENCE_START		0	4	Other	Це речення не починається з великої літери.	Його
M	214	KYDATYSIA_V_OKO	1	18	32	Other	Краще: <suggestion>впадати в око (очі)</suggestion>, <suggestion>брати очі</suggestion>, <suggestion>вбирати в себе очі</suggestion>	впадати в око (очі)|брати очі|вбирати в себе очі
L	215	його кожух одразу впадав у око
M	215	UPPERCASE_SENTENCE_START		0	4	Other	Це речення не починається з великої літери.	Його
L	216	Одразу в очі кидалися двері.
M	216	KYDATYSIA_V_OKO	2	7	21	Other	Краще: <suggestion>впадати в око (очі)</suggestion>, <suggestion>брати очі</suggestion>, <suggestion>вбирати в себе очі</suggestion>	впадати в око (очі)|брати очі|вбирати в себе очі
L	217	світ залишив його у спокої
M	217	UPPERCASE_SENTENCE_START		0	4	Other	Це речення не починається з великої літери.	Світ
M	217	ZALYSHATY_V_SPOKOYI	1	5	26	Other	Краще: <suggestion>давати спокій</suggestion>	давати спокій
L	218	світ залишив у спокої їх усіх
M	218	UPPERCASE_SENTENCE_START		0	4	Other	Це речення не починається з великої літери.	Світ
M	218	ZALYSHATY_V_SPOKOYI	1	5	21	Other	Краще: <suggestion>давати спокій</suggestion>	давати спокій
L	219	світ дав йому спокій
M	219	UPPERCASE_SENTENCE_START		0	4	Other	Це речення не починається з великої літери.	Світ
L	220	у спокої його не залишать
M	220	ZALYSHATY_V_SPOKOYI	2	0	25	Other	Краще: <suggestion>спокій давати</suggestion>	спокій давати
L	221	він довго ламав собі голову
M	221	UPPERCASE_SENTENCE_START		0	3	Other	Це речення не починається з великої літери.	Він
M	221	LAMATY_GOLOVU	1	10	27	Other	Краще: <suggestion>морочити, сушити, клопотати собі голову (мозок)</suggestion>, <suggestion>мізкувати, крутити мозком над чим</suggestion>, <suggestion>морочитися коло чого, над чим</suggestion>	морочити, сушити, клопотати собі голову (мозок)|мізкувати, крутити мозком над чим|морочитися коло чого, над чим
L	222	він довго сушив собі голову
M	222	UPPERCASE_SENTENCE_START		0	3	Other	Це речення не починається з великої літери.	Він
L	223	він довго голову собі не ламав
M	223	UPPERCASE_SENTENCE_START		0	3	Other	Це речення не починається з великої літери.	Він
M	223	LAMATY_GOLOVU	2	10	30	Other	Краще: <suggestion>морочити, сушити, клопотати собі голову (мозок)</suggestion>, <suggestion>мізкувати, крутити мозком над чим</suggestion>, <suggestion>морочитися коло чого, над чим</suggestion>	морочити, сушити, клопотати собі голову (мозок)|мізкувати, крутити мозком над чим|морочитися коло чого, над чим
L	224	він довго сушив собі голову
M	224	UPPERCASE_SENTENCE_START		0	3	Other	Це речення не починається з великої літери.	Він
L	225	Він поступив до військового училища.
M	225	POSTUPATY_V_INSTYTUT	1	4	12	Other	Правильно: <suggestion>вступати</suggestion>	вступати|вступити|іти
L	226	Поступив у ВНЗ.
M	226	POSTUPATY_V_INSTYTUT	1	0	8	Other	Правильно: <suggestion>вступати</suggestion>	Вступати|Вступити|Іти
L	227	Він поступив негарно
L	228	До університету поступали випускники шкіл.
M	228	POSTUPATY_V_INSTYTUT	2	16	25	Other	Правильно: <suggestion>вступати</suggestion>	вступати|вступити|іти
L	229	Він негарно поступив.
L	230	Вона вела переписку.
M	230	VESTY_PEREPYSKU	1	5	19	Other	Правильно: <suggestion>листуватися</suggestion>	листуватися|вела листування|провадити листування
L	231	Вона вела довгу переписку.
M	231	VESTY_PEREPYSKU	1	5	25	Other	Правильно: <suggestion>листуватися</suggestion>	листуватися|вела довге листування|провадити довге листування
L	232	Вона листувалася.
L	233	Цю переписку вели видатні особи.
M	233	VESTY_PEREPYSKU	2	3	17	Other	Правильно: <suggestion>листуватися</suggestion>, <suggestion>провадити листування</suggestion>	листуватися|провадити листування
L	234	Вони понесли значні втрати
M	234	NESTY_ZBYTKY	1	5	26	Other	Правильно: <suggestion>зазнавати збитків</suggestion>, <suggestion>зазнавати втрат</suggestion>, <suggestion>мати збитки</suggestion>, <suggestion>мати втрати</suggestion>, <suggestion>утратити</suggestion>	зазнавати збитків|зазнавати втрат|мати збитки|мати втрати|утратити
L	235	Вони понесли збитки
M	235	NESTY_ZBYTKY	1	5	19	Other	Правильно: <suggestion>зазнавати збитків</suggestion>, <suggestion>зазнавати втрат</suggestion>, <suggestion>мати збитки</suggestion>, <suggestion>мати втрати</suggestion>, <suggestion>утратити</suggestion>	зазнавати збитків|зазнавати втрат|мати збитки|мати втрати|утратити
L	236	Вони понесли втрат
M	236	NESTY_ZBYTKY	1	5	18	Other	Правильно: <suggestion>зазнавати збитків</suggestion>, <suggestion>зазнавати втрат</suggestion>, <suggestion>мати збитки</suggestion>, <suggestion>мати втрати</suggestion>, <suggestion>утратити</suggestion>	зазнавати збитків|зазнавати втрат|мати збитки|мати втрати|утратити
L	237	підприємство понесло менше збитків
M	237	UPPERCASE_SENTENCE_START		0	12	Other	Це речення не починається з великої літери.	Підприємство
M	237	NESTY_ZBYTKY	1	13	34	Other	Правильно: <suggestion>зазнавати збитків</suggestion>, <suggestion>зазнавати втрат</suggestion>, <suggestion>мати збитки</suggestion>, <suggestion>мати втрати</suggestion>, <suggestion>утратити</suggestion>	зазнавати збитків|зазнавати втрат|мати збитки|мати втрати|утратити
L	238	Вони зазнали втрат
L	239	компенсувалися понесеними збитками
M	239	UPPERCASE_SENTENCE_START		0	14	Other	Це речення не починається з великої літери.	Компенсувалися
M	239	NESTY_ZBYTKY	2	15	34	Other	Правильно: <suggestion>збитками</suggestion>, <suggestion>зазнаними збитками</suggestion>	збитками|зазнаними збитками
L	240	компенсувалися понесеними матеріальними збитками
M	240	UPPERCASE_SENTENCE_START		0	14	Other	Це речення не починається з великої літери.	Компенсувалися
M	240	NESTY_ZBYTKY	2	15	48	Other	Правильно: <suggestion>матеріальними збитками</suggestion>, <suggestion>зазнаними матеріальними збитками</suggestion>	матеріальними збитками|зазнаними матеріальними збитками
L	241	Терористи підривають мости, щоб нанести збитки
M	241	NESTY_ZBYTKY	3	32	46	Other	Правильно: <suggestion>завдавати збитків</suggestion>, <suggestion>завдавати втрат</suggestion>, <suggestion>утрати (збитки, шкоду) робити</suggestion>, <suggestion>призводити до збитків (втрат)</suggestion>, <suggestion>спричинювати збитки</suggestion>	завдавати збитків|завдавати втрат|утрати (збитки, шкоду) робити|призводити до збитків (втрат)|спричинювати збитки
L	242	нанесли державі великих збитків
M	242	NESTY_ZBYTKY	3	0	31	Other	Правильно: <suggestion>завдавати збитків</suggestion>, <suggestion>завдавати втрат</suggestion>, <suggestion>утрати (збитки, шкоду) робити</suggestion>, <suggestion>призводити до збитків (втрат)</suggestion>, <suggestion>спричинювати збитки</suggestion>	завдавати збитків|завдавати втрат|утрати (збитки, шкоду) робити|призводити до збитків (втрат)|спричинювати збитки
L	243	Терористи підривають мости, щоб завдати збитків
L	244	компенсувалися нанесеними збитками
M	244	UPPERCASE_SENTENCE_START		0	14	Other	Це речення не починається з великої літери.	Компенсувалися
M	244	NESTY_ZBYTKY	4	15	34	Other	Правильно: <suggestion>збитками</suggestion>, <suggestion>завданими збитками</suggestion>	збитками|завданими збитками
L	245	компенсувалися нанесеними матеріальними збитками
M	245	UPPERCASE_SENTENCE_START		0	14	Other	Це речення не починається з великої літери.	Компенсувалися
M	245	NESTY_ZBYTKY	4	15	48	Other	Правильно: <suggestion>матеріальними збитками</suggestion>, <suggestion>завданими матеріальними збитками</suggestion>	матеріальними збитками|завданими матеріальними збитками
L	246	Терористи підривають мости, щоб нанести шкоду
M	246	nanosyty_shkodu	1	32	45	Other	Правильно: <suggestion>робити шкоду</suggestion>	робити шкоду|чинити шкоду|заподіювати шкоду|шкодити
L	247	нанесення державі великої шкоди
M	247	nanosyty_shkodu	1	0	31	Other	Правильно: <suggestion>робити шкоду</suggestion>	робити шкоду|чинити шкоду|заподіювати шкоду|шкодити
L	248	щоб компенсувати нанесену шкоду
M	248	UPPERCASE_SENTENCE_START		0	3	Other	Це речення не починається з великої літери.	Щоб
M	248	nanosyty_shkodu	2	17	31	Other	Правильно: <suggestion>зроблену шкоду</suggestion>	зроблену шкоду|вчинену шкоду|заподіяну шкоду
L	249	щоб компенсувати нанесену нам шкоду
M	249	UPPERCASE_SENTENCE_START		0	3	Other	Це речення не починається з великої літери.	Щоб
M	249	nanosyty_shkodu	2	17	35	Other	Правильно: <suggestion>зроблену нам шкоду</suggestion>	зроблену нам шкоду|вчинену нам шкоду|заподіяну нам шкоду
L	250	якої шкоди нанесли терористи
M	250	UPPERCASE_SENTENCE_START		0	4	Other	Це речення не починається з великої літери.	Якої
M	250	nanosyty_shkodu	3	5	18	Other	Правильно: <suggestion>шкоду робити</suggestion>	шкоду робити|шкоду чинити|шкоду заподіювати|шкодити
L	251	шкоду нанесену здоров'ю
M	251	nanosyty_shkodu	4	0	14	Other	Правильно: <suggestion>шкоду зроблену</suggestion>	шкоду зроблену|шкоду вчинену|шкоду заподіяну
L	252	Терористи підривають мости, щоб нанести нищівну поразку
M	252	nanosyty_porazku	1	32	55	Other	Правильно: <suggestion>завдавати поразки</suggestion>	завдавати поразки
L	253	нанесену поразку
M	253	nanosyty_porazku	2	0	16	Other	Правильно: <suggestion>завдану поразку</suggestion>	завдану поразку
L	254	Терористи підривають мости, щоб поразку нанести швидко
M	254	nanosyty_porazku	3	32	47	Other	Правильно: <suggestion>поразки завдавати</suggestion>, <suggestion>поразку завдати</suggestion>	поразки завдавати|поразку завдати
L	255	поразку нанесену
M	255	nanosyty_porazku	4	0	16	Other	Правильно: <suggestion>поразку завдану</suggestion>	поразку завдану
L	256	Терористи підривають мости, щоб нанести серйозну образу
M	256	nanosyty_obrazu	1	32	55	Other	Правильно: <suggestion>завдавати кривду</suggestion>	завдавати кривду|завдавати образу|заподіювати кривду|заподіювати образу|чинити кривду|чинити образу
L	257	він наніс удар.
M	257	UPPERCASE_SENTENCE_START		0	3	Other	Це речення не починається з великої літери.	Він
M	257	nanosyty_udar	1	4	14	Other	Правильно: <suggestion>завдавати удар(у)</suggestion>, <suggestion>уражати</suggestion>, <suggestion>ударити</suggestion>	завдавати удар(у)|уражати|ударити
L	258	ЗСУ нанесли нищівний удар терористам.
M	258	nanosyty_udar	1	4	25	Other	Правильно: <suggestion>завдавати удар(у)</suggestion>, <suggestion>уражати</suggestion>, <suggestion>ударити</suggestion>	завдавати удар(у)|уражати|ударити
L	259	він наніс мені удар.
M	259	UPPERCASE_SENTENCE_START		0	3	Other	Це речення не починається з великої літери.	Він
M	259	nanosyty_udar	1	4	19	Other	Правильно: <suggestion>завдавати удар(у)</suggestion>, <suggestion>уражати</suggestion>, <suggestion>ударити</suggestion>	завдавати удар(у)|уражати|ударити
L	260	він наніс чотири потужних удари.
M	260	UPPERCASE_SENTENCE_START		0	3	Other	Це речення не починається з великої літери.	Він
M	260	nanosyty_udar	1	4	31	Other	Правильно: <suggestion>завдавати удар(у)</suggestion>, <suggestion>уражати</suggestion>, <suggestion>ударити</suggestion>	завдавати удар(у)|уражати|ударити
L	261	ЗСУ завдали нищівного удару терористам
L	262	нанесені удари були дуже потужні.
M	262	nanosyty_udar	2	0	14	Other	Правильно: <suggestion>завдані удари</suggestion>	завдані удари
L	263	нанесені йому нищівні удари
M	263	nanosyty_udar	2	0	27	Other	Правильно: <suggestion>завдані йому нищівні удари</suggestion>	завдані йому нищівні удари
L	264	Наступний удар він наніс збоку.
M	264	nanosyty_udar	3	10	24	Other	Правильно: <suggestion>удар(у) завдавати</suggestion>, <suggestion>уражати</suggestion>, <suggestion>ударити</suggestion>	удар(у) завдавати|уражати|ударити
L	265	удари нанесені по корпусу.
M	265	nanosyty_udar	4	0	14	Other	Правильно: <suggestion>удари завдані</suggestion>	удари завдані
L	266	довелося прикласти значні зусилля
M	266	UPPERCASE_SENTENCE_START		0	8	Other	Це речення не починається з великої літери.	Довелося
M	266	PRYKLADATY_ZUSYLLYA	1	9	33	Other	Правильно: <suggestion>докладати значні сили</suggestion>, <suggestion>докладати значні зусиль</suggestion>	докладати значні сили|докладати значні зусиль
L	267	прикладені вами зусилля
M	267	PRYKLADATY_ZUSYLLYA	2	0	23	Other	Правильно: <suggestion>докладені вами сили</suggestion>, <suggestion>докладені вами зусилля</suggestion>	докладені вами сили|докладені вами зусилля
L	268	ніяких душевних зусиль не прикладати
M	268	UPPERCASE_SENTENCE_START		0	6	Other	Це речення не починається з великої літери.	Ніяких
M	268	PRYKLADATY_ZUSYLLYA	3	16	36	Other	Правильно: <suggestion>сили не докладати</suggestion>, <suggestion>зусиль не докладати</suggestion>	сили не докладати|зусиль не докладати
L	269	вони розбили великий намет
M	269	UPPERCASE_SENTENCE_START		0	4	Other	Це речення не починається з великої літери.	Вони
M	269	ROZBYVATY_NAMET	1	5	12	Other	Правильно: <suggestion>ставити</suggestion>, <suggestion>напинати</suggestion>, <suggestion>натягувати</suggestion>	ставити|напинати|натягувати
L	270	вони поставили великий намет
M	270	UPPERCASE_SENTENCE_START		0	4	Other	Це речення не починається з великої літери.	Вони
L	271	вони розбили табір
M	271	UPPERCASE_SENTENCE_START		0	4	Other	Це речення не починається з великої літери.	Вони
M	271	ROZBYVATY_NAMET	2	5	18	Other	Правильно: <suggestion>таборитися</suggestion>, <suggestion>отаборитися</suggestion>, <suggestion>ставати табором</suggestion>	таборитися|отаборитися|ставати табором
L	272	вони розбили швидко табір
M	272	UPPERCASE_SENTENCE_START		0	4	Other	Це речення не починається з великої літери.	Вони
M	272	ROZBYVATY_NAMET	2	5	25	Other	Правильно: <suggestion>таборитися швидко</suggestion>, <suggestion>отаборитися швидко</suggestion>, <suggestion>ставати швидко табором</suggestion>	таборитися швидко|отаборитися швидко|ставати швидко табором
L	273	вони стали табором
M	273	UPPERCASE_SENTENCE_START		0	4	Other	Це речення не починається з великої літери.	Вони
L	274	вони розбили великий парк
M	274	UPPERCASE_SENTENCE_START		0	4	Other	Це речення не починається з великої літери.	Вони
M	274	ROZBYVATY_NAMET	3	5	12	Other	Правильно: <suggestion>посадити</suggestion>	посадити
L	275	вони посадили великий парк
M	275	UPPERCASE_SENTENCE_START		0	4	Other	Це речення не починається з великої літери.	Вони
L	276	Ми піднімаємо тост за нові успіхи
M	276	PIDNIMATY_TOST	1	3	13	Other	Правильно: <suggestion>підносити</suggestion>, <suggestion>піднести</suggestion>	підносити|піднести
L	277	Ми підносимо тост за нові успіхи
L	278	Таке підняття тосту надає більшої урочистості.
M	278	PIDNIMATY_TOST	2	5	13	Other	Правильно: <suggestion>піднесення</suggestion>	піднесення
L	279	Перший тост піднімаємо за нові успіхи.
M	279	PIDNIMATY_TOST	3	12	22	Other	Правильно: <suggestion>підносити</suggestion>, <suggestion>піднести</suggestion>	підносити|піднести
L	280	Певний виняток складають ліві.
M	280	SKLADATY_STANOVYTY	1	7	24	Other	Правильно: <suggestion>виняток становлять</suggestion>	виняток становлять|винятком є
L	281	Це складає виняток.
M	281	SKLADATY_STANOVYTY	2	3	18	Other	Правильно: <suggestion>становить виняток</suggestion>	становить виняток|є винятком
L	282	Це складає єдиний виняток.
M	282	SKLADATY_STANOVYTY	2	3	25	Other	Правильно: <suggestion>становить єдиний виняток</suggestion>	становить єдиний виняток|є єдиним винятком
L	283	встигаємо наверстати прогаяне
M	283	UPPERCASE_SENTENCE_START		0	9	Other	Це речення не починається з великої літери.	Встигаємо
M	283	NAVERSTUVATY	1	10	20	Other	Правильно: <suggestion>надолужувати</suggestion>, <suggestion>навертати</suggestion>, <suggestion>наганяти</suggestion>, <suggestion>натягати</suggestion>	надолужувати|навертати|наганяти|натягати
L	284	наверстувати упущене
M	284	NAVERSTUVATY	2	0	20	Other	Правильно: <suggestion>надолужити згаяне</suggestion>	надолужити згаяне
L	285	встигаємо надолужити прогаяне
M	285	UPPERCASE_SENTENCE_START		0	9	Other	Це речення не починається з великої літери.	Встигаємо
L	286	Щоб наздогнати упущене, їхав уночі
M	286	NAVERSTUVATY	2	4	22	Other	Правильно: <suggestion>надолужити згаяне</suggestion>	надолужити згаяне
L	287	вона знущалася над ним
M	287	UPPERCASE_SENTENCE_START		0	4	Other	Це речення не починається з великої літери.	Вона
M	287	ZNUSCHATYSIA_NAD	1	15	18	Other	Правильно: <suggestion>з (кого/чого)</suggestion>	з (кого/чого)
L	288	вона знущалася з нього
M	288	UPPERCASE_SENTENCE_START		0	4	Other	Це речення не починається з великої літери.	Вона
L	289	вона правила бал
M	289	UPPERCASE_SENTENCE_START		0	4	Other	Це речення не починається з великої літери.	Вона
M	289	PRAVYTY_BAL	1	5	16	Other	Правильно: <suggestion>заправляти балом</suggestion>	заправляти балом
L	290	вона правила балом
M	290	UPPERCASE_SENTENCE_START		0	4	Other	Це речення не починається з великої літери.	Вона
M	290	PRAVYTY_BAL	1	5	18	Other	Правильно: <suggestion>заправляти балом</suggestion>	заправляти балом
L	291	І балом правила саме вона.
M	291	PRAVYTY_BAL	2	2	15	Other	Правильно: <suggestion>балом заправляти</suggestion>	балом заправляти
L	292	І бал править беззаконня.
M	292	PRAVYTY_BAL	2	2	13	Other	Правильно: <suggestion>балом заправляти</suggestion>	балом заправляти
L	293	виключили з числа свят
M	293	VYKLYUCHATY_Z_CHYSLA	1	0	17	Other	Правильно: <suggestion>вилучити з</suggestion>	вилучити з
L	294	вилучили зі свят
M	294	UPPERCASE_SENTENCE_START		0	8	Other	Це речення не починається з великої літери.	Вилучили
L	295	з числа переговірників виключили всіх інших
M	295	VYKLYUCHATY_Z_CHYSLA	2	0	32	Other	Правильно: <suggestion>з переговірників вилучити</suggestion>	з переговірників вилучити
L	296	з числа котрих виключили всіх інших
M	296	VYKLYUCHATY_Z_CHYSLA	2	0	24	Other	Правильно: <suggestion>з котрих вилучити</suggestion>	з котрих вилучити
L	297	виключив світло
M	297	vyklyuchaty_svitlo	1	0	15	Other	Правильно: <suggestion>вимикати</suggestion>	вимикати|вимкнути
L	298	виключити пункт
M	298	UPPERCASE_SENTENCE_START		0	9	Other	Це речення не починається з великої літери.	Виключити
L	299	виключилося світло
M	299	vyklyuchaty_svitlo	2	0	18	Other	Правильно: <suggestion>вимикатися</suggestion>	вимикатися|вимкнутися
L	300	виключити пункт
M	300	UPPERCASE_SENTENCE_START		0	9	Other	Це речення не починається з великої літери.	Виключити
L	301	виражати бажання допомогти
M	301	vyrazhaty_vs_syvlovlyuvaty	1	0	8	Other	Правильно: <suggestion>висловлювати</suggestion>	висловлювати|висловити
L	302	такого бажання не виражав
M	302	UPPERCASE_SENTENCE_START		0	6	Other	Це речення не починається з великої літери.	Такого
M	302	vyrazhaty_vs_syvlovlyuvaty	2	18	25	Other	Правильно: <suggestion>висловлювати</suggestion>	висловлювати|висловити
L	303	необхідно притримуватися нейтралітету
M	303	UPPERCASE_SENTENCE_START		0	9	Other	Це речення не починається з великої літери.	Необхідно
M	303	PRYTRYMUVATYSIA	1	10	24	Other	Правильно: <suggestion>дотримуватися</suggestion>, <suggestion>триматися</suggestion>	дотримуватися|триматися
L	304	притримуватися за бильця
M	304	UPPERCASE_SENTENCE_START		0	14	Other	Це речення не починається з великої літери.	Притримуватися
L	305	притримувалися кошти
M	305	UPPERCASE_SENTENCE_START		0	14	Other	Це речення не починається з великої літери.	Притримувалися
L	306	притримувалися стін
M	306	UPPERCASE_SENTENCE_START		0	14	Other	Це речення не починається з великої літери.	Притримувалися
L	307	подібної думки притримувався і президент
M	307	UPPERCASE_SENTENCE_START		0	8	Other	Це речення не починається з великої літери.	Подібної
M	307	PRYTRYMUVATYSIA	2	15	28	Other	Правильно: <suggestion>дотримуватися</suggestion>, <suggestion>триматися</suggestion>	дотримуватися|триматися
L	308	подібної думки ніколи не притримувався і президент
M	308	UPPERCASE_SENTENCE_START		0	8	Other	Це речення не починається з великої літери.	Подібної
M	308	PRYTRYMUVATYSIA	2	25	38	Other	Правильно: <suggestion>дотримуватися</suggestion>, <suggestion>триматися</suggestion>	дотримуватися|триматися
L	309	подібної думки дотримувався і президент
M	309	UPPERCASE_SENTENCE_START		0	8	Other	Це речення не починається з великої літери.	Подібної
L	310	хочеться також відмітити
M	310	UPPERCASE_SENTENCE_START		0	8	Other	Це речення не починається з великої літери.	Хочеться
M	310	HOTITY_VIDMITYTY	1	15	24	Other	Правильно: <suggestion>зазначити</suggestion>	зазначити
L	311	відмітити час початку
M	311	UPPERCASE_SENTENCE_START		0	9	Other	Це речення не починається з великої літери.	Відмітити
L	312	хочеться також зазначити
M	312	UPPERCASE_SENTENCE_START		0	8	Other	Це речення не починається з великої літери.	Хочеться
L	313	закон було відмінено
M	313	UPPERCASE_SENTENCE_START		0	5	Other	Це речення не починається з великої літери.	Закон
M	313	VIDMINYTY_VS_SKASUVATY	1	11	20	Other	Правильно: <suggestion>скасовувати</suggestion>, <suggestion>касувати</suggestion>, <suggestion>зносити</suggestion>, <suggestion>анулювати</suggestion>	скасовувати|касувати|зносити|анулювати
L	314	відмінили збори
M	314	VIDMINYTY_VS_SKASUVATY	1	0	9	Other	Правильно: <suggestion>скасовувати</suggestion>, <suggestion>касувати</suggestion>, <suggestion>зносити</suggestion>, <suggestion>анулювати</suggestion>	скасовувати|касувати|зносити|анулювати
L	315	відміняються податки
M	315	VIDMINYTY_VS_SKASUVATY	1	0	12	Other	Правильно: <suggestion>скасовувати</suggestion>, <suggestion>касувати</suggestion>, <suggestion>зносити</suggestion>, <suggestion>анулювати</suggestion>	скасовувати|касувати|зносити|анулювати
L	316	дієслова відміняються
M	316	UPPERCASE_SENTENCE_START		0	8	Other	Це речення не починається з великої літери.	Дієслова
L	317	прикметник відмінений
M	317	UPPERCASE_SENTENCE_START		0	10	Other	Це речення не починається з великої літери.	Прикметник
L	318	відміною закону
M	318	VIDMINYTY_VS_SKASUVATY	2	0	8	Other	Правильно: <suggestion>скасування</suggestion>, <suggestion>скасовування</suggestion>, <suggestion>касування</suggestion>	скасування|скасовування|касування
L	319	направлені на відміну вчорашніх домовленостей,
M	319	UPPERCASE_SENTENCE_START		0	10	Other	Це речення не починається з великої літери.	Направлені
M	319	VIDMINYTY_VS_SKASUVATY	2	14	21	Other	Правильно: <suggestion>скасування</suggestion>, <suggestion>скасовування</suggestion>, <suggestion>касування</suggestion>	скасування|скасовування|касування
L	320	до першої відміни відносяться
M	320	UPPERCASE_SENTENCE_START		0	2	Other	Це речення не починається з великої літери.	До
L	321	відміна в речення
M	321	UPPERCASE_SENTENCE_START		0	7	Other	Це речення не починається з великої літери.	Відміна
L	322	на відміну від
M	322	UPPERCASE_SENTENCE_START		0	2	Other	Це речення не починається з великої літери.	На
L	323	на відміну, скажімо, від них
M	323	UPPERCASE_SENTENCE_START		0	2	Other	Це речення не починається з великої літери.	На
L	324	на відміну хоча б від Ялти
M	324	UPPERCASE_SENTENCE_START		0	2	Other	Це речення не починається з великої літери.	На
L	325	II відміна
L	326	хіба тільки з тією відміною
M	326	UPPERCASE_SENTENCE_START		0	4	Other	Це речення не починається з великої літери.	Хіба
L	327	Ми почали наводити довідки далі
M	327	NAVODYTY_DOVIDKY	1	10	26	Other	Правильно: <suggestion>дізнаватися</suggestion>, <suggestion>довідуватися</suggestion>	дізнаватися|довідуватися
L	328	А довідки ми наводили довго.
M	328	NAVODYTY_DOVIDKY	2	2	21	Other	Правильно: <suggestion>дізнаватися</suggestion>, <suggestion>довідуватися</suggestion>	дізнаватися|довідуватися
L	329	А довідки люди наводили довго.
M	329	NAVODYTY_DOVIDKY	2	2	23	Other	Правильно: <suggestion>дізнаватися</suggestion>, <suggestion>довідуватися</suggestion>	дізнаватися|довідуватися
L	330	ми знову зіткнулися з фактом
M	330	UPPERCASE_SENTENCE_START		0	2	Other	Це речення не починається з великої літери.	Ми
M	330	STYKATYSIA_Z_FAKTOM	1	9	28	Other	Правильно: <suggestion>подибувати факт</suggestion>, <suggestion>натрапляти на факт</suggestion>	подибувати факт|натрапляти на факт
L	331	ми зіткнулися з труднощами
M	331	UPPERCASE_SENTENCE_START		0	2	Other	Це речення не починається з великої літери.	Ми
M	331	STYKATYSIA_Z_TRUDNOSCHAMY	1	3	26	Other	Правильно: <suggestion>натрапляти на труднощі</suggestion>, <suggestion>поставати перед труднощами</suggestion>	натрапляти на труднощі|поставати перед труднощами
L	332	Того дня з труднощами ми зіткнулися одразу.
M	332	STYKATYSIA_Z_TRUDNOSCHAMY	2	9	35	Other	Правильно: <suggestion>на труднощі натрапляти</suggestion>, <suggestion>перед труднощами поставати</suggestion>	на труднощі натрапляти|перед труднощами поставати
L	333	потерпів нищівну поразку
M	333	poterpity_porazky	1	0	24	Other	Правильно: <suggestion>зазнати нищівної поразки</suggestion>	зазнати нищівної поразки
L	334	потерпів повне фіаско
M	334	poterpity_porazky	1	0	21	Other	Правильно: <suggestion>зазнати повного фіаско</suggestion>	зазнати повного фіаско
L	335	дозволить попередити поширення інфекційних захворювань
M	335	UPPERCASE_SENTENCE_START		0	9	Other	Це речення не починається з великої літери.	Дозволить
M	335	POPEREDZHATY_VS_ZAPOBIHATY	1	10	30	Other	Правильно: <suggestion>запобігати поширенню</suggestion>, <suggestion>запобігати поширенням</suggestion>	запобігати поширенню|запобігати поширенням
L	336	Співробітники СБУ попередили екологічну катастрофу.
M	336	POPEREDZHATY_VS_ZAPOBIHATY	1	18	50	Other	Правильно: <suggestion>запобігати екологічній катастрофі</suggestion>	запобігати екологічній катастрофі
L	337	Попередивши злочин пішли далі.
M	337	POPEREDZHATY_VS_ZAPOBIHATY	1	0	18	Other	Правильно: <suggestion>запобігати злочинові</suggestion>, <suggestion>запобігати злочину</suggestion>	Запобігати злочинові|Запобігати злочину
L	338	попередити біду завжди легше
M	338	POPEREDZHATY_VS_ZAPOBIHATY	1	0	15	Other	Правильно: <suggestion>запобігати біді</suggestion>	запобігати біді
L	339	Вони попередили його про наступ.
L	340	наше видання вже попереджало.
M	340	UPPERCASE_SENTENCE_START		0	4	Other	Це речення не починається з великої літери.	Наше
L	341	А біду попередити завжди легше заздалегідь.
M	341	POPEREDZHATY_VS_ZAPOBIHATY	2	2	17	Other	Правильно: <suggestion>біді запобігати</suggestion>	біді запобігати
L	342	Про всяк випадок попередила колег
L	343	У Міністерстві надзвичайних ситуацій попереджають
L	344	Міське управління з питань надзвичайних ситуацій попереджає
L	345	можна людей в такому випадку не попередити.
M	345	UPPERCASE_SENTENCE_START		0	5	Other	Це речення не починається з великої літери.	Можна
L	346	Вони заключили трирічний договір.
M	346	ZAKLYUCHATY_VS_UKLADADY	1	5	32	Other	Правильно: <suggestion>укладати договір (умову)</suggestion>, <suggestion>умовлятися (домовлятися)</suggestion>	укладати договір (умову)|умовлятися (домовлятися)
L	347	Вони заключили прямі договори.
M	347	ZAKLYUCHATY_VS_UKLADADY	1	5	29	Other	Правильно: <suggestion>укладати договір (умову)</suggestion>, <suggestion>умовлятися (домовлятися)</suggestion>	укладати договір (умову)|умовлятися (домовлятися)
L	348	заключеного трирічного договору.
M	348	ZAKLYUCHATY_VS_UKLADADY	2	0	31	Other	Правильно: <suggestion>укладати договір (умову)</suggestion>, <suggestion>умовлятися (домовлятися)</suggestion>	укладати договір (умову)|умовлятися (домовлятися)
L	349	А договір швидко заключили того ж дня.
M	349	ZAKLYUCHATY_VS_UKLADADY	3	2	26	Other	Правильно: <suggestion>договір (умову) укладати</suggestion>, <suggestion>умовлятися (домовлятися)</suggestion>	договір (умову) укладати|умовлятися (домовлятися)
L	350	ще включила в себе й сором’язливість
M	350	UPPERCASE_SENTENCE_START		0	2	Other	Це речення не починається з великої літери.	Ще
M	350	VKLYUCHATY_VS_MISTYTY	1	3	18	Other	Правильно: <suggestion>містити</suggestion>, <suggestion>мати (в собі)</suggestion>, <suggestion>охоплювати</suggestion>	містити|мати (в собі)|охоплювати
L	351	давно вже включене у всесвітню спадщину людства
M	351	UPPERCASE_SENTENCE_START		0	5	Other	Це речення не починається з великої літери.	Давно
L	352	що може в себе включати.
M	352	UPPERCASE_SENTENCE_START		0	2	Other	Це речення не починається з великої літери.	Що
M	352	VKLYUCHATY_VS_MISTYTY	2	8	23	Other	Правильно: <suggestion>містити</suggestion>, <suggestion>(в собі) мати</suggestion>, <suggestion>охоплювати</suggestion>	містити|(в собі) мати|охоплювати
L	353	газета теж принесла вибачення.
M	353	UPPERCASE_SENTENCE_START		0	6	Other	Це речення не починається з великої літери.	Газета
M	353	PRYNOSYTY_VYBACHENNIA	1	11	29	Other	Правильно: <suggestion>перепрошувати</suggestion>	перепрошувати|просити вибачення
L	354	принесу глибокі вибачення.
M	354	PRYNOSYTY_VYBACHENNIA	1	0	25	Other	Правильно: <suggestion>перепрошувати</suggestion>	перепрошувати|просити вибачення
L	355	не приносити вибачень.
M	355	UPPERCASE_SENTENCE_START		0	2	Other	Це речення не починається з великої літери.	Не
M	355	PRYNOSYTY_VYBACHENNIA	1	3	21	Other	Правильно: <suggestion>перепрошувати</suggestion>	перепрошувати|просити вибачення
L	356	газета теж вибачень не принесла.
M	356	UPPERCASE_SENTENCE_START		0	6	Other	Це речення не починається з великої літери.	Газета
M	356	PRYNOSYTY_VYBACHENNIA	2	11	31	Other	Правильно: <suggestion>перепрошувати</suggestion>	перепрошувати|просити вибачення
L	357	... спричинить за собою зовсім іншу ланцюгову реакцію…
M	357	SPRYCHYNYTY_ZA_SOBOYU	1	4	23	Other	Правильно: <suggestion>спричинить</suggestion>, <suggestion>призводити до чого</suggestion>	спричинить|призводити до чого
L	358	він погладив штани.
M	358	UPPERCASE_SENTENCE_START		0	3	Other	Це речення не починається з великої літери.	Він
M	358	gladyty_prasuvaty	1	4	12	Other	Правильно: <suggestion>прасувати</suggestion>	прасувати|попрасувати|випрасувати
L	359	гладили постільну білизну.
M	359	gladyty_prasuvaty	1	0	7	Other	Правильно: <suggestion>прасувати</suggestion>	прасувати|попрасувати|випрасувати
L	360	він одяг би швидко не погладив.
M	360	UPPERCASE_SENTENCE_START		0	3	Other	Це речення не починається з великої літери.	Він
M	360	gladyty_prasuvaty	2	22	30	Other	Правильно: <suggestion>прасувати</suggestion>	прасувати|попрасувати|випрасувати
L	361	його погладжена сорочку.
M	361	UPPERCASE_SENTENCE_START		0	4	Other	Це речення не починається з великої літери.	Його
M	361	UK_ADJ_NOUN_INFLECTION_AGREEMENT		5	23	Other	Потенційна помилка: прикметник не узгоджений з іменником: "погладжена": [ж.р.: називний] і "сорочку": [ж.р.: знахідний]	погладжена сорочка|погладжену сорочку
L	362	на гладильну дошку.
M	362	UPPERCASE_SENTENCE_START		0	2	Other	Це речення не починається з великої літери.	На
M	362	gladyty_prasuvaty	4	3	12	Other	Правильно: <suggestion>прасувальний</suggestion>	прасувальний
L	363	Це теж тримаємо в умі
M	363	TRYMATY_V_UMI	1	7	21	Other	Краще: <suggestion>пам'ятати</suggestion>, <suggestion>тримати в пам'яті</suggestion>	пам'ятати|тримати в пам'яті
L	364	І хватить гулять.
M	364	hvatyt_vs_vystachyt	1	2	9	Other	Правильно: <suggestion>вистачить</suggestion>	вистачить|досить|годі
M	364	verb_short	1	10	16	Hint	Ця дієслівна форма обмежена усним та поетичним мовленням.	гуляти
L	365	йому хватило й того.
M	365	UPPERCASE_SENTENCE_START		0	4	Other	Це речення не починається з великої літери.	Йому
M	365	hvatyt_vs_vystachyt	1	5	12	Other	Правильно: <suggestion>вистачить</suggestion>	вистачить|досить|годі
L	366	він вніс вклад.
M	366	UPPERCASE_SENTENCE_START		0	3	Other	Це речення не починається з великої літери.	Він
M	366	vnosyty_vklad	1	4	14	Other	Правильно: <suggestion>(з)робити внесок</suggestion>	(з)робити внесок
L	367	він вніс значний вклад.
M	367	UPPERCASE_SENTENCE_START		0	3	Other	Це речення не починається з великої літери.	Він
M	367	vnosyty_vklad	1	4	22	Other	Правильно: <suggestion>(з)робити значний внесок</suggestion>	(з)робити значний внесок
L	368	все валилося з рук.
M	368	UPPERCASE_SENTENCE_START		0	3	Other	Це речення не починається з великої літери.	Все
M	368	valytysia_z_ruk	1	4	18	Other	Правильно: <suggestion>падати з рук</suggestion>	падати з рук|не триматися рук
L	369	покінчив з собою
M	369	pokinchyty_z_soboyu	1	0	16	Other	Краще: <suggestion>заподіяти собі смерть</suggestion>	заподіяти собі смерть|накласти на себе руки
L	370	він всім мішав працювати
M	370	UPPERCASE_SENTENCE_START		0	3	Other	Це речення не починається з великої літери.	Він
M	370	MISHATY_VS_ZAVAZHATY	1	9	14	Other	Правильно: <suggestion>заважати</suggestion>	заважати|перебивати|перешкоджати
L	371	він всім мішав йому працювати
M	371	UPPERCASE_SENTENCE_START		0	3	Other	Це речення не починається з великої літери.	Він
M	371	MISHATY_VS_ZAVAZHATY	1	9	14	Other	Правильно: <suggestion>заважати</suggestion>	заважати|перебивати|перешкоджати
L	372	він всім мішав би йому працювати
M	372	UPPERCASE_SENTENCE_START		0	3	Other	Це речення не починається з великої літери.	Він
M	372	MISHATY_VS_ZAVAZHATY	1	9	14	Other	Правильно: <suggestion>заважати</suggestion>	заважати|перебивати|перешкоджати
L	373	він всім працювати не мішало
M	373	UPPERCASE_SENTENCE_START		0	3	Other	Це речення не починається з великої літери.	Він
M	373	MISHATY_VS_ZAVAZHATY	2	22	28	Other	Правильно: <suggestion>заважати</suggestion>	заважати|перебивати|перешкоджати
L	374	продовжувати мішати поки не зійде
M	374	UPPERCASE_SENTENCE_START		0	12	Other	Це речення не починається з великої літери.	Продовжувати
L	375	А якщо тобі повезло і ти ухопив живого
M	375	povezlo_vs_poschastylo	1	12	19	Other	Замість безособової форми «повезло» варто писати <suggestion>пощастило</suggestion>, <suggestion>поталанило</suggestion>, <suggestion>пофортунило</suggestion>	пощастило|поталанило|пофортунило
L	376	він відклав цю справу в довгий ящик.
M	376	UPPERCASE_SENTENCE_START		0	3	Other	Це речення не починається з великої літери.	Він
M	376	v_dovgyi_yaschyk	1	22	35	Other	Краще: <suggestion>на безвік</suggestion>	на безвік|на безрік|до нових віників
L	377	вона знаходить можливим соціалістичний переворот
M	377	UPPERCASE_SENTENCE_START		0	4	Other	Це речення не починається з великої літери.	Вона
M	377	nahodyty_mozhlyvym	1	5	23	Other	Правильно: <suggestion>вважати за можливе</suggestion>, <suggestion>визнавати за можливе</suggestion>	вважати за можливе|визнавати за можливе
L	378	що конгрес не знаходить потрібним такий підхід
M	378	UPPERCASE_SENTENCE_START		0	2	Other	Це речення не починається з великої літери.	Що
M	378	nahodyty_mozhlyvym	2	14	33	Other	Правильно: <suggestion>вважати за потрібне</suggestion>, <suggestion>визнавати за потрібне</suggestion>	вважати за потрібне|визнавати за потрібне
L	379	він виду не подав
M	379	UPPERCASE_SENTENCE_START		0	3	Other	Це речення не починається з великої літери.	Він
M	379	ne_podaty_vydu	1	4	17	Other	Правильно: <suggestion>знаку не подати</suggestion>	знаку не подати
L	380	він не подав виду
M	380	UPPERCASE_SENTENCE_START		0	3	Other	Це речення не починається з великої літери.	Він
M	380	ne_podaty_vydu	2	4	17	Other	Правильно: <suggestion>не подати знаку</suggestion>	не подати знаку
L	381	він вийшов з положення
M	381	UPPERCASE_SENTENCE_START		0	3	Other	Це речення не починається з великої літери.	Він
M	381	vyity_z_polozhennya	1	11	22	Other	Правильно: <suggestion>зі становища</suggestion>	зі становища
L	382	постійно відволікав увагу
M	382	UPPERCASE_SENTENCE_START		0	8	Other	Це речення не починається з великої літери.	Постійно
M	382	vidvolikaty_uvagu	1	9	19	Other	Правильно: <suggestion>відвертати</suggestion>	відвертати
L	383	постійно відволікав мою увагу
M	383	UPPERCASE_SENTENCE_START		0	8	Other	Це речення не починається з великої літери.	Постійно
M	383	vidvolikaty_uvagu	1	9	19	Other	Правильно: <suggestion>відвертати</suggestion>	відвертати
L	384	відносився до більшості
M	384	vidnosytysia	1	0	23	Other	Правильно: <suggestion>належати до більшості</suggestion>	належати до більшості|належати більшості|ставитися до більшості
L	385	відносився до роботи недбало
M	385	vidnosytysia	1	0	20	Other	Правильно: <suggestion>належати до роботи</suggestion>	належати до роботи|належати роботі|ставитися до роботи
L	386	відносяться до другої половини
M	386	vidnosytysia	1	0	30	Other	Правильно: <suggestion>належати до другої половини</suggestion>	належати до другої половини|належати другій половині|ставитися до другої половини
L	387	відносився до Ксені
M	387	UPPERCASE_SENTENCE_START		0	10	Other	Це речення не починається з великої літери.	Відносився
L	388	відносилися до мене
M	388	UPPERCASE_SENTENCE_START		0	11	Other	Це речення не починається з великої літери.	Відносилися
L	389	відносилися до них
M	389	UPPERCASE_SENTENCE_START		0	11	Other	Це речення не починається з великої літери.	Відносилися
L	390	відносився критично
M	390	vidnosytysia	2	0	19	Other	Правильно: <suggestion>ставитися критично</suggestion>	ставитися критично
L	391	сюди відносяться також інші категорії
M	391	UPPERCASE_SENTENCE_START		0	4	Other	Це речення не починається з великої літери.	Сюди
L	392	відноситься головно до ...
M	392	UPPERCASE_SENTENCE_START		0	11	Other	Це речення не починається з великої літери.	Відноситься
L	393	відносився з прохолодою
M	393	vidnosytysia	3	0	23	Other	Правильно: <suggestion>ставитися з прохолодою</suggestion>	ставитися з прохолодою
L	394	правда була на його стороні
M	394	UPPERCASE_SENTENCE_START		0	6	Other	Це речення не починається з великої літери.	Правда
M	394	buty_na_storoni	1	7	27	Other	Правильно: <suggestion>була на його боці</suggestion>	була на його боці|тримати його сторону
L	395	була на внутрішній стороні
M	395	UPPERCASE_SENTENCE_START		0	4	Other	Це речення не починається з великої літери.	Була
L	396	бралося в основу
M	396	braty_za_osnovu	1	0	16	Other	Правильно: <suggestion>бралося за основу</suggestion>	бралося за основу
L	397	вжили серйозні міри
M	397	vzhyvaty_miry	1	0	19	Other	Правильно: <suggestion>вжили серйозних заходів</suggestion>	вжили серйозних заходів
L	398	радіолокатор вибув зі строю
M	398	UPPERCASE_SENTENCE_START		0	12	Other	Це речення не починається з великої літери.	Радіолокатор
M	398	vyvesty_zi_stroyu	1	19	27	Other	Для неістот потрібно писати: <suggestion>з ладу</suggestion>	з ладу
L	399	вивели зі строю на деякий час
M	399	UPPERCASE_SENTENCE_START		0	6	Other	Це речення не починається з великої літери.	Вивели
M	399	vyvesty_zi_stroyu	2	7	15	Other	Для неістот потрібно писати: <suggestion>з ладу</suggestion>	з ладу
L	400	вийде зі строю радіолокатор
M	400	UPPERCASE_SENTENCE_START		0	5	Other	Це речення не починається з великої літери.	Вийде
M	400	vyvesty_zi_stroyu	3	6	14	Other	Для неістот потрібно писати: <suggestion>з ладу</suggestion>	з ладу
L	401	після виходу зі строю пускової установки
M	401	UPPERCASE_SENTENCE_START		0	5	Other	Це речення не починається з великої літери.	Після
M	401	vyvesty_zi_stroyu	4	13	21	Other	Для неістот потрібно писати: <suggestion>з ладу</suggestion>	з ладу
L	402	Ми губимо час.
M	402	gubyty_chas	1	3	9	Other	Правильно: <suggestion>гаяти</suggestion>	гаяти
L	403	Питається, що робити.
M	403	pyayetsia	1	0	9	Other	Дієслово питатися в українській мові стоїть завжди в особовій формі	Постає питання|От питання|Спитати б
L	404	і, питається, що робити.
M	404	UPPERCASE_SENTENCE_START		0	1	Other	Це речення не починається з великої літери.	І
M	404	pyayetsia	2	3	12	Other	Дієслово питатися в українській мові стоїть завжди в особовій формі	постає питання|от питання|спитати б
L	405	хто це зробив, питається.
M	405	UPPERCASE_SENTENCE_START		0	3	Other	Це речення не починається з великої літери.	Хто
M	405	pyayetsia	3	15	24	Other	Дієслово питатися в українській мові стоїть завжди в особовій формі	постає питання|от питання|спитати б
L	406	Держався в стороні
M	406	derzhatysia_v_storoni	1	9	18	Other	Правильно: <suggestion>осторонь</suggestion>	осторонь
L	407	Триматися в стороні
M	407	derzhatysia_v_storoni	1	10	19	Other	Правильно: <suggestion>осторонь</suggestion>	осторонь
L	408	Він це зробив лише для виду.
M	408	dlya_vydu	1	19	27	Other	Правильно: <suggestion>для (ради, задля) годиться</suggestion>, <suggestion>про людське око (про людські очі)</suggestion>.	для (ради, задля) годиться|про людське око (про людські очі)
L	409	От тільки для виду спорту.
L	410	тільки диву давався.
M	410	UPPERCASE_SENTENCE_START		0	6	Other	Це речення не починається з великої літери.	Тільки
M	410	dyvu_davatysia	1	7	19	Other	Правильно: <suggestion>(дивом) дивуватися</suggestion>.	(дивом) дивуватися|здивуватися
L	411	тільки допустив помилку.
M	411	UPPERCASE_SENTENCE_START		0	6	Other	Це речення не починається з великої літери.	Тільки
M	411	dopustyty_pomykly	1	7	23	Other	Правильно: <suggestion>припуститися помилки</suggestion>.	припуститися помилки
L	412	тільки допустив велику помилку.
M	412	UPPERCASE_SENTENCE_START		0	6	Other	Це речення не починається з великої літери.	Тільки
M	412	dopustyty_pomykly	1	7	30	Other	Правильно: <suggestion>припуститися великої помилки</suggestion>.	припуститися великої помилки
L	413	намітив орієнтири
M	413	namityty_orientyry	1	0	7	Other	Правильно: <suggestion>накреслювати</suggestion>.	накреслювати|накреслити
L	414	він вішав локшину на вуха усім
M	414	UPPERCASE_SENTENCE_START		0	3	Other	Це речення не починається з великої літери.	Він
M	414	vishaty_lapshu	1	4	25	Other	Правильно: <suggestion>замилювати очі</suggestion>.	замилювати очі|обманювати|дурити|водити за носа
L	415	він вішав йому лапшу на вуха
M	415	UPPERCASE_SENTENCE_START		0	3	Other	Це речення не починається з великої літери.	Він
M	415	vishaty_lapshu	1	4	28	Other	Правильно: <suggestion>замилювати очі</suggestion>.	замилювати очі|обманювати|дурити|водити за носа
L	416	він вішав лапшу йому на вуха
M	416	UPPERCASE_SENTENCE_START		0	3	Other	Це речення не починається з великої літери.	Він
M	416	vishaty_lapshu	1	4	28	Other	Правильно: <suggestion>замилювати очі</suggestion>.	замилювати очі|обманювати|дурити|водити за носа
L	417	проживати по вулиці Ушакова.
M	417	prozhyvaty_po_vuluci	1	0	19	Other	Краще: <suggestion>мешкати за адресою</suggestion>	мешкати за адресою|проживати на вулиці
L	418	заставляв їсти сир
M	418	zastavliyaty	1	0	9	Other	Правильно: <suggestion>примушувати</suggestion>	примушувати|примусити
L	419	заставивши все меблями
M	419	UPPERCASE_SENTENCE_START		0	10	Other	Це речення не починається з великої літери.	Заставивши
L	420	приступив до роботи.
M	420	prystupyty_do_roboty	1	0	9	Other	Краще: <suggestion>стати</suggestion>	стати|ставати|братися|узятися
L	421	приступив до розгляду
M	421	prystupyty_do_roboty	2	0	21	Other	На позначення початку процесу краще сказати: <suggestion>розпочинати розгляд</suggestion>	розпочинати розгляд|починати розгляд|братися до розгляду|узятися до розгляду
L	422	приступило до розгортання
M	422	prystupyty_do_roboty	2	0	25	Other	На позначення початку процесу краще сказати: <suggestion>розпочинати розгортання</suggestion>	розпочинати розгортання|починати розгортання|братися до розгортання|узятися до розгортання
L	423	приступили до того
M	423	UPPERCASE_SENTENCE_START		0	10	Other	Це речення не починається з великої літери.	Приступили
L	424	приступили до дверей
M	424	UPPERCASE_SENTENCE_START		0	10	Other	Це речення не починається з великої літери.	Приступили
L	425	приступив до Єремії
M	425	UPPERCASE_SENTENCE_START		0	9	Other	Це речення не починається з великої літери.	Приступив
L	426	машина забуксирувала в піску.
M	426	UPPERCASE_SENTENCE_START		0	6	Other	Це речення не починається з великої літери.	Машина
M	426	zabuskyruvaty	1	7	20	Other	Це слово правильне стосовно застосування буксира, але хибне стосовно ситуації прокручування колесами в піску. Правильно: <suggestion>забуксувала</suggestion>	забуксувала
L	427	його лишили прав.
M	427	UPPERCASE_SENTENCE_START		0	4	Other	Це речення не починається з великої літери.	Його
M	427	UK_VERB_NOUN_INFLECTION_AGREEMENT		5	16	Other	Не узгоджено дієслово з іменником: "лишили" (вимагає: знахідний, орудний, давальний) і "прав" (мн.: родовий)	лишили правам|лишили правами|лишили права
L	428	лишити Ізраїлю
M	428	UPPERCASE_SENTENCE_START		0	6	Other	Це речення не починається з великої літери.	Лишити
L	429	не лишає часу ні на що
M	429	UPPERCASE_SENTENCE_START		0	2	Other	Це речення не починається з великої літери.	Не
L	430	лишали частку заробленого
M	430	UPPERCASE_SENTENCE_START		0	6	Other	Це речення не починається з великої літери.	Лишали
L	431	скільки лишити чайових
M	431	UPPERCASE_SENTENCE_START		0	7	Other	Це речення не починається з великої літери.	Скільки
L	432	лишаємо хвилин на 15–20
M	432	UPPERCASE_SENTENCE_START		0	7	Other	Це речення не починається з великої літери.	Лишаємо
L	433	вирішив лишити метрів дитячої літератури у спокої
M	433	UPPERCASE_SENTENCE_START		0	7	Other	Це речення не починається з великої літери.	Вирішив
M	433	lyshaty	2	8	14	Other	Замість »лишати (кого) чого» краще вживати «позбавляти»	позбавляти|відбирати
L	434	на якому свої сліди лишили різні народи
M	434	UPPERCASE_SENTENCE_START		0	2	Other	Це речення не починається з великої літери.	На
L	435	лишили його прав.
M	435	lyshaty	2	0	6	Other	Замість »лишати (кого) чого» краще вживати «позбавляти»	позбавляти|відбирати
L	436	лишили людей добробуту.
M	436	lyshaty	2	0	6	Other	Замість »лишати (кого) чого» краще вживати «позбавляти»	позбавляти|відбирати
L	437	лишило мене спокою.
M	437	lyshaty	2	0	6	Other	Замість »лишати (кого) чого» краще вживати «позбавляти»	позбавляти|відбирати
L	438	не лишає йому часу ні на що
M	438	UPPERCASE_SENTENCE_START		0	2	Other	Це речення не починається з великої літери.	Не
L	439	лишали частку заробленого
M	439	UPPERCASE_SENTENCE_START		0	6	Other	Це речення не починається з великої літери.	Лишали
L	440	Він взяв шарикову ручку
M	440	sharykova_ruchka	1	9	17	Other	Правильно: <suggestion>кулькова</suggestion>	кулькова
L	441	в любому випадку
M	441	vypadok_vs_raz	2	0	16	Other	Краще: <suggestion>в кожному разі</suggestion>	в кожному разі|в кожнім разі|в усякім разі
L	442	Любого метелика можна впіймати
M	442	LYUBYI_ADJ	2	0	6	Other	Правильно: <suggestion>будь-який</suggestion>, <suggestion>перший кращий</suggestion>, <suggestion>усякий</suggestion>, <suggestion>кожний</suggestion>, часом також <suggestion>аби-який</suggestion>.	Будь-який|Перший кращий|Усякий|Кожний|Аби-який
L	443	Будь-якого метелика можна впіймати
L	444	А оце, любий друже, вже серйозно
L	445	Любий серцю портрет
L	446	Свого любого сина
L	447	Відіслати своє любе чадо
L	448	Прийдуть любі друзі
L	449	Принесла Люба метелика
L	450	Люба Григорович
L	451	Не любий він мені
L	452	Не любий Василь мені
L	453	Не побачу я вже більше наших любих гір.
L	454	таке йому любе те гойдання.
M	454	UPPERCASE_SENTENCE_START		0	4	Other	Це речення не починається з великої літери.	Таке
L	455	дорогі та любі діти
M	455	UPPERCASE_SENTENCE_START		0	6	Other	Це речення не починається з великої літери.	Дорогі
L	456	Люба лисиця впіймає зайця
M	456	LYUBYI_ADJ	3	0	4	Other	Правильно: <suggestion>будь-який</suggestion>, <suggestion>перший кращий</suggestion>, <suggestion>усякий</suggestion>, <suggestion>кожний</suggestion>, часом також <suggestion>аби-який</suggestion>.	Будь-який|Перший кращий|Усякий|Кожний|Аби-який
L	457	Принесла Люба метелика
L	458	Люба Григорович
L	459	Люба сестро і дружино
L	460	Люба щось там понабріхувала
L	461	Балкони завішані нижньою білизною.
M	461	NYZHNIA_BILYZNA	1	17	33	Other	Правильно: <suggestion>спідньою білизною</suggestion>	спідньою білизною
L	462	в командну строку.
M	462	UPPERCASE_SENTENCE_START		0	1	Other	Це речення не починається з великої літери.	В
M	462	UK_ADJ_NOUN_INFLECTION_AGREEMENT		2	17	Other	Потенційна помилка: прикметник не узгоджений з іменником: "командну": [ж.р.: знахідний] і "строку": [ч.р.: родовий, давальний, місцевий]. Можливо, пропущено прийменник на/в/у...?	командного строку|командному строку|команднім строку
L	463	довгу строку.
M	463	UK_ADJ_NOUN_INFLECTION_AGREEMENT		0	12	Other	Потенційна помилка: прикметник не узгоджений з іменником: "довгу": [ж.р.: знахідний] і "строку": [ч.р.: родовий, давальний, місцевий]. Можливо, пропущено прийменник на/в/у...?	довгого строку|довгому строку|довгім строку
L	464	Я ніколи не встигаю прочитати біжучий рядок на електронних рекламах.
M	464	BIZHUCHYI_RIADOK	1	30	37	Other	Правильно: <suggestion>рухомий</suggestion>	рухомий
L	465	Я ніколи не встигаю прочитати рухомий рядок.
L	466	Квиток дійсний до грудня
M	466	DIYSNYI_DO	1	7	14	Other	Правильно: <suggestion>чинний</suggestion> до	чинний
L	467	Квиток чинний до грудня
L	468	з такою підмоченою репутацією
M	468	UPPERCASE_SENTENCE_START		0	1	Other	Це речення не починається з великої літери.	З
M	468	PIDMOCHENA_REPUTACIA	1	8	18	Other	Правильно: <suggestion>щербатий</suggestion>, <suggestion>сумнівний</suggestion>, <suggestion>підупалий</suggestion>	щербатий|сумнівний|підупалий
L	469	з такою щербатою славою
M	469	UPPERCASE_SENTENCE_START		0	1	Other	Це речення не починається з великої літери.	З
L	470	Він таки підмочив репутацію.
M	470	PIDMOCHENA_REPUTACIA	2	9	17	Other	Правильно: <suggestion>зганьбити</suggestion>, <suggestion>заплямувати</suggestion>, <suggestion>втратити</suggestion>	зганьбити|заплямувати|втратити
L	471	Він таки підмочив свою репутацію.
M	471	PIDMOCHENA_REPUTACIA	2	9	17	Other	Правильно: <suggestion>зганьбити</suggestion>, <suggestion>заплямувати</suggestion>, <suggestion>втратити</suggestion>	зганьбити|заплямувати|втратити
L	472	Він таки підмочив йому репутацію.
M	472	PIDMOCHENA_REPUTACIA	2	9	17	Other	Правильно: <suggestion>зганьбити</suggestion>, <suggestion>заплямувати</suggestion>, <suggestion>втратити</suggestion>	зганьбити|заплямувати|втратити
L	473	грецького горіха
M	473	HRECKY_HORIKH	1	0	16	Other	Правильно: <suggestion>волоський горіх</suggestion>	волоський горіх
L	474	волоського горіха
M	474	UPPERCASE_SENTENCE_START		0	10	Other	Це речення не починається з великої літери.	Волоського
L	475	що в подальшому стало підставою
M	475	UPPERCASE_SENTENCE_START		0	2	Other	Це речення не починається з великої літери.	Що
M	475	V_PODALSHOMU	1	3	15	Other	Краще: <suggestion>надалі</suggestion>	надалі
L	476	а в подальшому машина працювала бездоганно
M	476	UPPERCASE_SENTENCE_START		0	1	Other	Це речення не починається з великої літери.	А
M	476	V_PODALSHOMU	1	2	14	Other	Краще: <suggestion>надалі</suggestion>	надалі
L	477	а у подальшому НБУ
M	477	UPPERCASE_SENTENCE_START		0	1	Other	Це речення не починається з великої літери.	А
M	477	V_PODALSHOMU	1	2	14	Other	Краще: <suggestion>надалі</suggestion>	надалі
L	478	У подальшому її впровадили в країнах Латинської Америки
M	478	V_PODALSHOMU	1	0	12	Other	Краще: <suggestion>надалі</suggestion>	Надалі
L	479	в подальшому розвитку
M	479	UPPERCASE_SENTENCE_START		0	1	Other	Це речення не починається з великої літери.	В
L	480	що надалі стало підставою
M	480	UPPERCASE_SENTENCE_START		0	2	Other	Це речення не починається з великої літери.	Що
L	481	і в цілях пропаганди
M	481	UPPERCASE_SENTENCE_START		0	1	Other	Це речення не починається з великої літери.	І
M	481	v_cilyah	1	2	9	Other	Краще: <suggestion>для</suggestion>	для|щоб (з інфінітивом)
L	482	також в цілях приховати
M	482	UPPERCASE_SENTENCE_START		0	5	Other	Це речення не починається з великої літери.	Також
L	483	і сходу заявляє
M	483	UPPERCASE_SENTENCE_START		0	1	Other	Це речення не починається з великої літери.	І
M	483	skhodu_bad	1	2	7	Other	Правильно: <suggestion>спрожогу</suggestion>	спрожогу|з наскоку
L	484	жителів сходу
M	484	UPPERCASE_SENTENCE_START		0	7	Other	Це речення не починається з великої літери.	Жителів
L	485	так і Сходу розуміють
M	485	UPPERCASE_SENTENCE_START		0	3	Other	Це речення не починається з великої літери.	Так
L	486	що є невід'ємною частиною концертів
M	486	UPPERCASE_SENTENCE_START		0	2	Other	Це речення не починається з великої літери.	Що
M	486	NEVIDYEMNYI	1	5	16	Other	«Невід'ємний» є коректним лише в математичному контексті, в інших контекстах варто вживати:	невіддільна (частина/ознака)|неодмінна (умова)|невідчужні (права)|невідійманий|невіднятний|невідокремний|невідбірний|невідбираний|невідмінний|невідкличний|невідлучний|невилучний|невідривний|обов'язковий|необхідний
L	487	тільки для цілих невід'ємних чисел
M	487	UPPERCASE_SENTENCE_START		0	6	Other	Це речення не починається з великої літери.	Тільки
L	488	вилитий живий Йозеф Швейк
M	488	VYLYTYI_VS_VYKAPANYI	1	0	7	Other	Краще: <suggestion>викапаний</suggestion>	викапаний
L	489	вилитий я у молодості
M	489	VYLYTYI_VS_VYKAPANYI	1	0	7	Other	Краще: <suggestion>викапаний</suggestion>	викапаний
L	490	вилитий у бронзі
M	490	UPPERCASE_SENTENCE_START		0	7	Other	Це речення не починається з великої літери.	Вилитий
L	491	вилитий бруд
M	491	UPPERCASE_SENTENCE_START		0	7	Other	Це речення не починається з великої літери.	Вилитий
L	492	як вилитий
M	492	UPPERCASE_SENTENCE_START		0	2	Other	Це речення не починається з великої літери.	Як
M	492	VYLYTYI_VS_VYKAPANYI	2	3	10	Other	Краще: <suggestion>викапаний</suggestion>	викапаний
L	493	як викапаний
M	493	UPPERCASE_SENTENCE_START		0	2	Other	Це речення не починається з великої літери.	Як
L	494	В той роковий день.
M	494	ROKOVYI_FATALNYI	1	6	13	Other	Краще: <suggestion>фатальний</suggestion>	фатальний|нещасний|судний
L	495	Він стане роковим.
M	495	ROKOVYI_FATALNYI	2	10	17	Other	Краще: <suggestion>фатальним</suggestion>	фатальним|нещасним|судним
L	496	В так називаний парадоксальний ефект.
M	496	TAK_NAZYVANYI	1	2	15	Other	Правильно: <suggestion>так званий</suggestion>	так званий
L	497	А в другий раз не полізуть.
M	497	v_drugy_raz	1	2	14	Other	Краще: <suggestion>іншим разом</suggestion>	іншим разом|вдруге
L	498	в третій раз
M	498	v_drugy_raz	2	0	12	Other	Краще поміняти на конструкцію: першого (другого тощо) разу, вперше (вдруге тощо), перший (другий тощо) раз...	
L	499	в четвертий раз
M	499	v_drugy_raz	2	0	15	Other	Краще поміняти на конструкцію: першого (другого тощо) разу, вперше (вдруге тощо), перший (другий тощо) раз...	
L	500	в тисячу раз важче
M	500	UPPERCASE_SENTENCE_START		0	1	Other	Це речення не починається з великої літери.	В
L	501	Він є гідний для наслідування.
M	501	gidnyi_dlya	1	6	29	Other	Правильно: <suggestion>гідний наслідування</suggestion>	гідний наслідування
L	502	Він є достойний для похвали.
M	502	gidnyi_dlya	1	6	27	Other	Правильно: <suggestion>достойний похвали</suggestion>	достойний похвали
L	503	Надав беззаперечні докази.
M	503	bezzaperechni_dokazy	1	6	18	Other	Краще: <suggestion>неспростовні</suggestion>	неспростовні
L	504	силіконова долина
M	504	SYLICONOVA_DOLYNA	1	0	10	Other	Правильно: <suggestion>кремнієва</suggestion>	кремнієва
L	505	про яку силіконову долину йде мова
M	505	UPPERCASE_SENTENCE_START		0	3	Other	Це речення не починається з великої літери.	Про
M	505	SYLICONOVA_DOLYNA	1	8	18	Other	Правильно: <suggestion>кремнієву</suggestion>	кремнієву
L	506	силіконовому долина
M	506	UK_ADJ_NOUN_INFLECTION_AGREEMENT		0	19	Other	Потенційна помилка: прикметник не узгоджений з іменником: "силіконовому": [ч.р.: давальний, місцевий, с.р.: давальний, місцевий] і "долина": [ж.р.: називний]	силіконова долина
L	507	бути підопитним кроликом
M	507	UPPERCASE_SENTENCE_START		0	4	Other	Це речення не починається з великої літери.	Бути
M	507	PIDOPYTNYI_KROLYK	1	5	24	Other	Правильно: <suggestion>піддослідним кроликом</suggestion>	піддослідним кроликом|лабораторний пацюк
L	508	такого остаточного принципу
M	508	UPPERCASE_SENTENCE_START		0	6	Other	Це речення не починається з великої літери.	Такого
M	508	OSTATOCHNYI_PRYNCYP	1	7	27	Other	Правильно: <suggestion>залишкового принципу</suggestion>	залишкового принципу
L	509	з великою удільною вагою
M	509	UPPERCASE_SENTENCE_START		0	1	Other	Це речення не починається з великої літери.	З
M	509	udilnyi_vs_pytomyi	1	10	18	Other	Правильно: <suggestion>питомою</suggestion>	питомою
L	510	на Дальній Схід подалися.
M	510	UPPERCASE_SENTENCE_START		0	2	Other	Це речення не починається з великої літери.	На
M	510	dalniy_skhid	1	3	15	Other	Правильно: <suggestion>Далекий Схід</suggestion>	Далекий Схід
L	511	властивий для нього
M	511	vlastyvyi_dlia	1	0	19	Other	Правильно: <suggestion>властивий йому</suggestion>	властивий йому
L	512	властивий для міст
M	512	vlastyvyi_dlia	1	0	18	Other	Правильно: <suggestion>властивий мостам</suggestion>, <suggestion>властивий містам</suggestion>	властивий мостам|властивий містам
L	513	ведучої організації
M	513	veduchyi	1	0	7	Other	Правильно: <suggestion>провідної</suggestion>	провідної
L	514	така глупа дівчинка.
M	514	UPPERCASE_SENTENCE_START		0	4	Other	Це речення не починається з великої літери.	Така
M	514	glupyi	1	5	10	Other	Правильно: <suggestion>дурний</suggestion>	дурний|безголовий|дурноголовий
L	515	глупої ночі
M	515	UPPERCASE_SENTENCE_START		0	6	Other	Це речення не починається з великої літери.	Глупої
L	516	корінного зуба
M	516	korinnyi_zub	1	0	9	Other	Правильно: <suggestion>кутній</suggestion>.	кутній
L	517	лікуючого лікаря
M	517	likuyichyi_likar	1	0	9	Other	Правильно: <suggestion>особистий</suggestion>.	особистий|закріплений
L	518	сплячого на океані
M	518	adp_actv_imperf	1	0	8	Other	Активні дієприкметники не властиві українській мові.	що спить
L	519	контролюючим органом.
M	519	kontrolyuyuchyi_organ	1	0	20	Other	Правильно: <suggestion>органом контролю</suggestion>	органом контролю
L	520	на тлі постійно діючого вулкану.
M	520	UPPERCASE_SENTENCE_START		0	2	Other	Це речення не починається з великої літери.	На
M	520	postiyno_diyuchyi	1	7	23	Other	Правильно: <suggestion>постійного</suggestion>	постійного|постійно чинного|постійно активного
L	521	текучості кадрів
M	521	tekuchist_vs_plynnist	1	0	9	Other	Правильно: <suggestion>плинність</suggestion>	плинність
L	522	версія про отруєння Моцарта набула гласності.
M	522	UPPERCASE_SENTENCE_START		0	6	Other	Це речення не починається з великої літери.	Версія
M	522	glasnist_vs_rozgolos	1	28	44	Other	Правильно: <suggestion>набула розголосу</suggestion>	набула розголосу
L	523	версія про отруєння Моцарта набула широкої гласності.
M	523	UPPERCASE_SENTENCE_START		0	6	Other	Це речення не починається з великої літери.	Версія
M	523	glasnist_vs_rozgolos	1	28	52	Other	Правильно: <suggestion>набула широкої розголосу</suggestion>	набула широкої розголосу
L	524	Завдяки гласності.
L	525	версія про отруєння Моцарта гласності не набула.
M	525	UPPERCASE_SENTENCE_START		0	6	Other	Це речення не починається з великої літери.	Версія
M	525	glasnist_vs_rozgolos	2	28	47	Other	Правильно: <suggestion>розголосу не набула</suggestion>	розголосу не набула
L	526	коли фінансові документи компанії стали набутком гласності.
M	526	UPPERCASE_SENTENCE_START		0	4	Other	Це речення не починається з великої літери.	Коли
M	526	glasnist_vs_rozgolos	3	40	58	Other	Правильно: <suggestion>набувати розголосу</suggestion>.	набувати розголосу
L	527	Завдяки гласності.
L	528	розхідної частини.
M	528	rozhidna_chatyna	1	0	9	Other	Приавльно: <suggestion>видаткової</suggestion>	видаткової
L	529	і присудили вищу міру покарання.
M	529	UPPERCASE_SENTENCE_START		0	1	Other	Це речення не починається з великої літери.	І
M	529	vyscha_mira_pokarannya	1	12	31	Other	Краще: <suggestion>найвища міра покарання</suggestion>, <suggestion>найвища кара</suggestion>	найвища міра покарання|найвища кара
L	530	Нема необхідності щось робити
M	530	neobidnist_vs_potreba	1	0	17	Other	Правильно: <suggestion>нема потреби</suggestion>.	Нема потреби
L	531	Нема потреби щось робити
L	532	Не було необхідності щось робити
M	532	neobidnist_vs_potreba	2	3	20	Other	Правильно: <suggestion>було потреби</suggestion>.	було потреби
L	533	Нема потреби щось робити
L	534	Не мав необхідності щось робити
M	534	neobidnist_vs_potreba	3	3	19	Other	Правильно: <suggestion>мав потреби</suggestion>.	мав потреби
L	535	Нема потреби щось робити
L	536	по необхідності щось робити
M	536	neobidnist_vs_potreba	4	0	15	Other	Правильно: <suggestion>з потреби</suggestion>.	з потреби
L	537	З потреби щось робити
L	538	Збори скликаються в міру необхідності
M	538	neobidnist_vs_potreba	5	18	37	Other	Правильно: <suggestion>за потреби</suggestion>, <suggestion>як до потреби</suggestion>, <suggestion>в міру потреби</suggestion>, <suggestion>при потребі</suggestion>	за потреби|як до потреби|в міру потреби|при потребі
L	539	збори скликаються за потреби
M	539	UPPERCASE_SENTENCE_START		0	5	Other	Це речення не починається з великої літери.	Збори
L	540	за гострої необхідності
M	540	UPPERCASE_SENTENCE_START		0	2	Other	Це речення не починається з великої літери.	За
M	540	neobidnist_vs_potreba	6	11	23	Other	Правильно: <suggestion>потреба</suggestion>.	потреба
L	541	за гострої потреби
M	541	UPPERCASE_SENTENCE_START		0	2	Other	Це речення не починається з великої літери.	За
L	542	10 речей першої необхідності
M	542	neobidnist_vs_potreba	7	9	28	Other	Правильно: <suggestion>першої потреби</suggestion>, <suggestion>найпершої потреби</suggestion>	першої потреби|найпершої потреби
L	543	по мірі потреби щось робити
M	543	neobidnist_vs_potreba	8	0	15	Other	Правильно: <suggestion>з потреби</suggestion>, <suggestion>як буде потреба</suggestion>.	з потреби|як буде потреба
L	544	З потреби щось робити
L	545	Стріляють один другого.
M	545	ODYN_DRUGOGO	1	10	22	Other	Правильно: <suggestion>один одного</suggestion>	один одного
L	546	один другому допомагають.
M	546	ODYN_DRUGOGO	1	0	12	Other	Правильно: <suggestion>один одному</suggestion>	один одному
L	547	одна другій допомагають.
M	547	ODYN_DRUGOGO	1	0	11	Other	Правильно: <suggestion>одна одній</suggestion>	одна одній
L	548	Один одному допомагають.
L	549	один коло другого
M	549	ODYN_DRUGOGO	2	0	17	Other	Правильно: <suggestion>один коло одного</suggestion>	один коло одного
L	550	одне коло другого
M	550	ODYN_DRUGOGO	2	0	17	Other	Правильно: <suggestion>одне коло одного</suggestion>	одне коло одного
L	551	один на другий
M	551	ODYN_DRUGOGO	2	0	14	Other	Правильно: <suggestion>один на один</suggestion>	один на один
L	552	одні за другі
M	552	ODYN_DRUGOGO	2	0	13	Other	Правильно: <suggestion>одні за одні</suggestion>	одні за одні
L	553	Один одному допомагають.
L	554	Представники різних рас і народів по-різному реагують на один і той же препарат
L	555	Одну й ту ж можу носити півроку
M	555	ALT_SPELLING	1	24	31	Other	Слово, написане не за чинним правописом	
L	556	Конституція також передбачає випадки, коли один і той самий закон повинен бути підтриманий Верховною Радою та народом
L	557	Якщо потрібно з кимось порадитись, то це треба робити один на один.
M	557	ODYN_NA_ODYM	1	54	66	Other	Вираз "один на один" не характерний українській мові. Варто вживати <suggestion>сам на сам</suggestion>, <suggestion>віч-на-віч</suggestion>, <suggestion>сам один</suggestion>	сам на сам|віч-на-віч|сам один
L	558	Ми лишилися один на один зі своїми викликами.
M	558	ODYN_NA_ODYM	1	12	24	Other	Вираз "один на один" не характерний українській мові. Варто вживати <suggestion>сам на сам</suggestion>, <suggestion>віч-на-віч</suggestion>, <suggestion>сам один</suggestion>	сам на сам|віч-на-віч|сам один
L	559	Сам на сам із ринком
L	560	Накладений один на один.
L	561	Нанизуються один на один.
L	562	один час
M	562	ODYN_CHAS	1	0	8	Other	Вираз "один час" в контексті "один час було..." не характерний українській мові. Варто вживати <suggestion>свого часу</suggestion>, <suggestion>певний час</suggestion>, <suggestion>деякий час</suggestion>	свого часу|певний час|деякий час
L	563	Питаннях шлюбу, один час намагалася "приборкати" римська католицька церква
M	563	ODYN_CHAS	1	16	24	Other	Вираз "один час" в контексті "один час було..." не характерний українській мові. Варто вживати <suggestion>свого часу</suggestion>, <suggestion>певний час</suggestion>, <suggestion>деякий час</suggestion>	свого часу|певний час|деякий час
L	564	Багато людей в одному місці й в один час
L	565	І всі до єдиного
M	565	VSI_DO_YEDYNOHO	1	9	16	Other	Правильно: <suggestion>одного</suggestion>	одного|геть усі|чисто всі|всі до ноги
L	566	І всіх до єдиного
M	566	VSI_DO_YEDYNOHO	1	10	17	Other	Правильно: <suggestion>одного</suggestion>	одного|геть усі|чисто всі|всі до ноги
L	567	Оголошено було повістку денну.
M	567	povistka_dnya	1	15	29	Other	Правильно: <suggestion>порядок денний</suggestion>	порядок денний
L	568	внести до порядку дня.
M	568	UPPERCASE_SENTENCE_START		0	6	Other	Це речення не починається з великої літери.	Внести
M	568	povistka_dnya	2	10	21	Other	Правильно: <suggestion>порядку денного</suggestion>	порядку денного
L	569	внести на порядок дня.
M	569	UPPERCASE_SENTENCE_START		0	6	Other	Це речення не починається з великої літери.	Внести
M	569	povistka_dnya	2	10	21	Other	Правильно: <suggestion>порядок денний</suggestion>	порядок денний
L	570	на повістці дня.
M	570	UPPERCASE_SENTENCE_START		0	2	Other	Це речення не починається з великої літери.	На
M	570	povistka_dnya	2	3	15	Other	Правильно: <suggestion>порядкові денному</suggestion>, <suggestion>порядкові деннім</suggestion>, <suggestion>порядку денному</suggestion>, <suggestion>порядку деннім</suggestion>	порядкові денному|порядкові деннім|порядку денному|порядку деннім
L	571	Доля іноземного капіталу в банках України скорочується.
M	571	DOLYA_VS_CHASTKA	1	0	4	Other	Правильно: <suggestion>частка</suggestion>	Частка
L	572	Відносна доля споживання все більше і більше скорочується.
M	572	DOLYA_VS_CHASTKA	1	9	13	Other	Правильно: <suggestion>частка</suggestion>	частка
L	573	Доля людини – це її життєвий шлях від зачаття до вироку Страшного Суду після смерті.
L	574	Збільшується доля промислових підприємств у виробництві валового національного продукту.
M	574	DOLYA_VS_CHASTKA	2	13	17	Other	Правильно: <suggestion>частка</suggestion>	частка
L	575	Значна доля теплового випромінювання утримується парниковими газами.
M	575	DOLYA_VS_CHASTKA	2	7	11	Other	Правильно: <suggestion>частка</suggestion>	частка
L	576	циганська доля.
M	576	UPPERCASE_SENTENCE_START		0	9	Other	Це речення не починається з великої літери.	Циганська
L	577	Палата общин
M	577	PALATA_OBSCHYN	1	7	12	Other	Правильно: <suggestion>громад</suggestion>	громад
L	578	Палата громад
L	579	Екзаменаційний квиток
M	579	BILET_KVYTOK	1	15	21	Other	Правильно: <suggestion>білет</suggestion>	білет
L	580	Екзаменаційний білет
L	581	Квиток лотереї
M	581	BILET_KVYTOK	2	0	6	Other	Правильно: <suggestion>білет</suggestion>	Білет
L	582	Квиток грошової лотереї
M	582	BILET_KVYTOK	2	0	6	Other	Правильно: <suggestion>білет</suggestion>	Білет
L	583	Білет грошової лотереї
L	584	Проїзний білет
M	584	BILET_KVYTOK	3	9	14	Other	Правильно: <suggestion>квиток</suggestion>	квиток
L	585	Проїзний квиток
L	586	Білет на автобус
M	586	BILET_KVYTOK	4	0	5	Other	Правильно: <suggestion>квиток</suggestion>	Квиток
L	587	Квиток на автобус
L	588	Білет в музей
M	588	BILET_KVYTOK	5	0	5	Other	Правильно: <suggestion>квиток</suggestion>	Квиток
L	589	Білет до музею
M	589	BILET_KVYTOK	6	0	5	Other	Правильно: <suggestion>квиток</suggestion>	Квиток
L	590	Білет до місцевого театру
M	590	BILET_KVYTOK	6	0	5	Other	Правильно: <suggestion>квиток</suggestion>	Квиток
L	591	Білет до Києва
M	591	BILET_KVYTOK	7	0	5	Other	Правильно: <suggestion>квиток</suggestion>	Квиток
L	592	приніс білет до друзів
M	592	UPPERCASE_SENTENCE_START		0	6	Other	Це речення не починається з великої літери.	Приніс
L	593	білетної каси
M	593	BILET_KVYTOK	8	0	8	Other	Правильно: <suggestion>квитковий</suggestion>	квитковий
L	594	В сучасних областях науки.
M	594	OBLAST_VS_GALUZ	1	11	19	Other	Правильно: <suggestion>галузь</suggestion>, <suggestion>сфера</suggestion>, <suggestion>царина</suggestion>	галузь|сфера|царина
L	595	В західних областях України
L	596	здаючи виручку на зміну
M	596	UPPERCASE_SENTENCE_START		0	6	Other	Це речення не починається з великої літери.	Здаючи
M	596	VYRUCHKA	1	7	14	Other	Краще: <suggestion>виторг</suggestion>, <suggestion>уторгування</suggestion>	виторг|уторгування
L	597	здаючи виторг на зміну
M	597	UPPERCASE_SENTENCE_START		0	6	Other	Це речення не починається з великої літери.	Здаючи
L	598	на виручку прийшли друзі
M	598	UPPERCASE_SENTENCE_START		0	2	Other	Це речення не починається з великої літери.	На
L	599	було виручено 944,5 мільйона
M	599	UPPERCASE_SENTENCE_START		0	4	Other	Це речення не починається з великої літери.	Було
M	599	VYRUCHKA	2	5	13	Other	У значенні «одержувати гроші від продажу» правильно: <suggestion>вторговано</suggestion>	вторговано|(вторговувати)
L	600	і виручив три мільйони
M	600	UPPERCASE_SENTENCE_START		0	1	Other	Це речення не починається з великої літери.	І
M	600	VYRUCHKA	2	2	9	Other	У значенні «одержувати гроші від продажу» правильно: <suggestion>вторгував</suggestion>	вторгував|(вторговувати)
L	601	виручив двох друзів
M	601	UPPERCASE_SENTENCE_START		0	7	Other	Це речення не починається з великої літери.	Виручив
L	602	виручив багатьох
M	602	UPPERCASE_SENTENCE_START		0	7	Other	Це речення не починається з великої літери.	Виручив
L	603	Велике, дуже велике спасибі вам
M	603	VELYKE_SPASYBI	1	13	27	Other	Правильно: <suggestion>дуже дякую</suggestion>, <suggestion>красно дякую</suggestion>, <suggestion>спасибі</suggestion>	дуже дякую|красно дякую|спасибі
L	604	Велике, дуже велике вам спасибі
M	604	VELYKE_SPASYBI	1	13	31	Other	Правильно: <suggestion>дуже вам дякую</suggestion>, <suggestion>красно вам дякую</suggestion>, <suggestion>спасибі вам</suggestion>	дуже вам дякую|красно вам дякую|спасибі вам
L	605	дивимося пряме включення
M	605	UPPERCASE_SENTENCE_START		0	8	Other	Це речення не починається з великої літери.	Дивимося
M	605	PRYAME_VKLYUCHENNIA	1	9	24	Other	Правильно: <suggestion>пряма трансляція</suggestion>, <suggestion>жива трансляція</suggestion>, <suggestion>наживо</suggestion>	пряма трансляція|жива трансляція|наживо
L	606	дивимося пряму трансляцію
M	606	UPPERCASE_SENTENCE_START		0	8	Other	Це речення не починається з великої літери.	Дивимося
L	607	про допуск справи до провадження у Верховному Суді
M	607	UPPERCASE_SENTENCE_START		0	3	Other	Це речення не починається з великої літери.	Про
M	607	SPRAVA_DO_PROVADZHENNIA	1	21	32	Other	Правильно: <suggestion>судочинства</suggestion>	судочинства
L	608	про допуск справи до судочинства у Верховному Суді
M	608	UPPERCASE_SENTENCE_START		0	3	Other	Це речення не починається з великої літери.	Про
L	609	характер текучого середовища
M	609	UPPERCASE_SENTENCE_START		0	8	Other	Це речення не починається з великої літери.	Характер
M	609	TEKUCHE_SEREDOVYSCHE	1	9	28	Other	Правильно: <suggestion>плин</suggestion>	плин
L	610	характер плину
M	610	UPPERCASE_SENTENCE_START		0	8	Other	Це речення не починається з великої літери.	Характер
L	611	оточуючого середовища
M	611	otochuyuche_seredovysche	1	0	21	Other	Правильно: <suggestion>довкілля</suggestion>	довкілля
L	612	Якість продуктів харчування.
M	612	PRODUCT_KHARCHUVANNIA	1	7	27	Other	Правильно: <suggestion>харчі</suggestion>, <suggestion>харчові продукти</suggestion>, <suggestion>харчовина</suggestion>	харчі|харчові продукти|харчовина
L	613	Якість харчових продуктів.
L	614	Розрізняють вроджені і набуті пороки серця
M	614	EUPHONY_CONJ_I_Y	3	21	22	Hint	Після голосної зі звуком і/и варто писати й або та: вроджені <suggestion>й</suggestion> набуті, вроджені <suggestion>та</suggestion> набуті	й|та
M	614	POROK_SERCIA	1	30	42	Other	Правильно: <suggestion>вада серця</suggestion>, <suggestion>серцева вада</suggestion>	вада серця|серцева вада
L	615	вади серця
M	615	UPPERCASE_SENTENCE_START		0	4	Other	Це речення не починається з великої літери.	Вади
L	616	Чому грудна дитина плаче
M	616	HRUDNI_DITY	1	5	18	Other	Правильно: <suggestion>немовля</suggestion>, <suggestion>пригрудне дитя</suggestion>, <suggestion>пригрудча</suggestion>	немовля|пригрудне дитя|пригрудча
L	617	Чому грудні діти плачуть
M	617	HRUDNI_DITY	1	5	16	Other	Правильно: <suggestion>немовля</suggestion>, <suggestion>пригрудне дитя</suggestion>, <suggestion>пригрудча</suggestion>	немовля|пригрудне дитя|пригрудча
L	618	він лежав на смертному одрі.
M	618	UPPERCASE_SENTENCE_START		0	3	Other	Це речення не починається з великої літери.	Він
M	618	archaism	1	23	27	Hint	Це слово або форма є застарілою, архаїчною або діалектною.	
L	619	і нарешті цвях сезону
M	619	UPPERCASE_SENTENCE_START		0	1	Other	Це речення не починається з великої літери.	І
M	619	CVIAH_PROGRAMY	1	10	14	Other	Правильно: <suggestion>окраса</suggestion>	окраса|родзинка
L	620	і нарешті цвях цього вечора
M	620	UPPERCASE_SENTENCE_START		0	1	Other	Це речення не починається з великої літери.	І
M	620	CVIAH_PROGRAMY	1	10	14	Other	Правильно: <suggestion>окраса</suggestion>	окраса|родзинка
L	621	забити цвях
M	621	UPPERCASE_SENTENCE_START		0	6	Other	Це речення не починається з великої літери.	Забити
L	622	я до одурі щаслива
M	622	UPPERCASE_SENTENCE_START		0	1	Other	Це речення не починається з великої літери.	Я
M	622	DO_ODURI	1	5	10	Other	Правильно: <suggestion>нестями</suggestion>, <suggestion>зануди</suggestion>, <suggestion>одуріння</suggestion>, <suggestion>упаду</suggestion>	нестями|зануди|одуріння|упаду
L	623	я до одуріння щаслива
M	623	UPPERCASE_SENTENCE_START		0	1	Other	Це речення не починається з великої літери.	Я
L	624	в кінцевому рахунку він лишився ні з чим
M	624	V_KINCEVOMU_RAHUNKU	1	0	19	Other	Правильно: <suggestion>кінець кінцем</suggestion>, <suggestion>зрештою</suggestion>, <suggestion>у кінцевому (в остаточному) результаті (підсумку)</suggestion>, <suggestion>у загальному підсумку</suggestion>	кінець кінцем|зрештою|у кінцевому (в остаточному) результаті (підсумку)|у загальному підсумку
L	625	в кінцевому підсумку він лишився ні з чим
M	625	UPPERCASE_SENTENCE_START		0	1	Other	Це речення не починається з великої літери.	В
L	626	в кінці-кінців я здався
M	626	V_KINCI_KINCIV	1	0	14	Other	Правильно: <suggestion>кінець кінцем</suggestion>, <suggestion>зрештою</suggestion>, <suggestion>врешті</suggestion>	кінець кінцем|зрештою|врешті
L	627	в кінці кінців я здався
M	627	V_KINCI_KINCIV	2	0	14	Other	Правильно: <suggestion>кінець кінцем</suggestion>, <suggestion>зрештою</suggestion>, <suggestion>врешті</suggestion>	кінець кінцем|зрештою|врешті
L	628	кінець кінців я здався
M	628	V_KINCI_KINCIV	3	0	13	Other	Правильно: <suggestion>кінець кінцем</suggestion>, <suggestion>зрештою</suggestion>, <suggestion>врешті</suggestion>	кінець кінцем|зрештою|врешті
L	629	з приводу дачі їм хабара він лишився ні з чим
M	629	UPPERCASE_SENTENCE_START		0	1	Other	Це речення не починається з великої літери.	З
M	629	DACHA_VS_DAVANNIA	1	10	24	Other	Правильно: <suggestion>надання їм хабара</suggestion>	надання їм хабара|давання їм хабара|їм хабара
L	630	З приводу дачі великого хабара.
M	630	DACHA_VS_DAVANNIA	1	10	30	Other	Правильно: <suggestion>надання великого хабара</suggestion>	надання великого хабара|давання великого хабара|великого хабара
L	631	З приводу дачі йому великого хабара.
M	631	DACHA_VS_DAVANNIA	1	10	35	Other	Правильно: <suggestion>надання йому великого хабара</suggestion>	надання йому великого хабара|давання йому великого хабара|йому великого хабара
L	632	на генеральській дачі
M	632	UPPERCASE_SENTENCE_START		0	2	Other	Це речення не починається з великої літери.	На
L	633	у нього лопнуло терпіння
M	633	UPPERCASE_SENTENCE_START		0	1	Other	Це речення не починається з великої літери.	У
M	633	LOPNULO_TERPINNIA	1	8	24	Other	Правильно: <suggestion>урвався терпець</suggestion>	урвався терпець
L	634	і лопнуло його терпіння
M	634	UPPERCASE_SENTENCE_START		0	1	Other	Це речення не починається з великої літери.	І
M	634	LOPNULO_TERPINNIA	1	2	23	Other	Правильно: <suggestion>урвався його терпець</suggestion>	урвався його терпець
L	635	у нього урвався терпець
M	635	UPPERCASE_SENTENCE_START		0	1	Other	Це речення не починається з великої літери.	У
L	636	терпіння лопнуло
M	636	LOPNULO_TERPINNIA	2	0	16	Other	Правильно: <suggestion>терпець урвався</suggestion>	терпець урвався
L	637	терпіння б не лопнуло
M	637	LOPNULO_TERPINNIA	2	0	21	Other	Правильно: <suggestion>терпець б не урвався</suggestion>	терпець б не урвався
L	638	у нього терпець урвався
M	638	UPPERCASE_SENTENCE_START		0	1	Other	Це речення не починається з великої літери.	У
L	639	купив у розстрочку
M	639	UPPERCASE_SENTENCE_START		0	5	Other	Це речення не починається з великої літери.	Купив
M	639	v_rozstrochky	1	6	18	Other	Правильно: <suggestion>на виплат</suggestion>	на виплат
L	640	А як на рахунок багатих прихильників?
M	640	na_rahunok	1	2	15	Other	Правильно: <suggestion>як щодо</suggestion>	як щодо
L	641	А на рахунок цього він мав свою думку
M	641	na_rahunok	2	2	18	Other	Правильно: <suggestion>шодо цього</suggestion>, <suggestion>стосовно цього</suggestion>	шодо цього|стосовно цього
L	642	на рахунок цього фонду
M	642	UPPERCASE_SENTENCE_START		0	2	Other	Це речення не починається з великої літери.	На
L	643	за свій рахунок
M	643	za_rahunok	1	0	15	Other	Правильно: <suggestion>своїм коштом</suggestion>	своїм коштом
L	644	за їхній рахунок
M	644	za_rahunok	1	0	16	Other	Правильно: <suggestion>їхнім коштом</suggestion>	їхнім коштом
L	645	за її рахунок
M	645	za_rahunok	1	0	13	Other	Правильно: <suggestion>її коштом</suggestion>	її коштом
L	646	за власний рахунок
M	646	za_rahunok	1	0	18	Other	Правильно: <suggestion>власним коштом</suggestion>	власним коштом
L	647	за рахунок держави
M	647	za_rahunok	2	0	10	Other	Краще: <suggestion>коштом</suggestion>, <suggestion>шляхом</suggestion>, <suggestion>користуючись з</suggestion>, <suggestion>ким/чим</suggestion>, <suggestion>внаслідок</suggestion>	коштом|шляхом|користуючись з|ким/чим|внаслідок|завдяки
L	648	за рахунок коштів
M	648	za_rahunok	2	0	10	Other	Краще: <suggestion>коштом</suggestion>, <suggestion>шляхом</suggestion>, <suggestion>користуючись з</suggestion>, <suggestion>ким/чим</suggestion>, <suggestion>внаслідок</suggestion>	коштом|шляхом|користуючись з|ким/чим|внаслідок|завдяки
L	649	за рахунок бюджетних коштів
M	649	za_rahunok	2	0	10	Other	Краще: <suggestion>коштом</suggestion>, <suggestion>шляхом</suggestion>, <suggestion>користуючись з</suggestion>, <suggestion>ким/чим</suggestion>, <suggestion>внаслідок</suggestion>	коштом|шляхом|користуючись з|ким/чим|внаслідок|завдяки
L	650	за рахунок субвенції
M	650	za_rahunok	2	0	10	Other	Краще: <suggestion>коштом</suggestion>, <suggestion>шляхом</suggestion>, <suggestion>користуючись з</suggestion>, <suggestion>ким/чим</suggestion>, <suggestion>внаслідок</suggestion>	коштом|шляхом|користуючись з|ким/чим|внаслідок|завдяки
L	651	Він по крайній мірі не втопився?
M	651	po_kryainiy_miri	1	4	19	Other	Правильно: <suggestion>принаймні</suggestion>	принаймні|хоча б|бодай|у всякому разі
L	652	насильно милим не будеш.
M	652	nasylno_mylym_ne_budesh	1	0	23	Other	Правильно: <suggestion>на милування нема силування</suggestion>	на милування нема силування|силою не бути милою
L	653	зберігання та переробки продукції рослинництва
M	653	UPPERCASE_SENTENCE_START		0	10	Other	Це речення не починається з великої літери.	Зберігання
M	653	OVKA_FOR_PROCESS	1	14	23	Other	Не рекомендовано вживати суфікс -обка на позначення процесу	перероблювання|перероблення
L	654	Фахівець із нафтопереробки.
M	654	OVKA_FOR_PROCESS	1	12	26	Other	Не рекомендовано вживати суфікс -обка на позначення процесу	перероблювання|перероблення
L	655	Переробкою нафти займається інша фірма.
M	655	OVKA_FOR_PROCESS	1	0	10	Other	Не рекомендовано вживати суфікс -обка на позначення процесу	Перероблюванням|Переробленням
L	656	своєрідні переробки пісень
M	656	UPPERCASE_SENTENCE_START		0	9	Other	Це речення не починається з великої літери.	Своєрідні
L	657	цикл упаковки
M	657	UPPERCASE_SENTENCE_START		0	4	Other	Це речення не починається з великої літери.	Цикл
M	657	OVKA_FOR_PROCESS	2	5	13	Other	На позначення процесу краще вживати суфікс -ування, також на позначення предмета інколи вживають суфікс: -овання	пакування|упакування|паковання
L	658	заводської упаковки
M	658	UPPERCASE_SENTENCE_START		0	10	Other	Це речення не починається з великої літери.	Заводської
L	659	дві упаковки
M	659	UPPERCASE_SENTENCE_START		0	3	Other	Це речення не починається з великої літери.	Дві
L	660	складати в упаковку
M	660	UPPERCASE_SENTENCE_START		0	8	Other	Це речення не починається з великої літери.	Складати
L	661	тару і упаковку
M	661	UPPERCASE_SENTENCE_START		0	4	Other	Це речення не починається з великої літери.	Тару
M	661	EUPHONY_CONJ_I_Y	2	5	6	Hint	Між двома голосними варто писати й: тару <suggestion>й</suggestion> упаковку, тару <suggestion>та</suggestion> упаковку	й|та
L	662	зберігання та упаковка продукції рослинництва
M	662	UPPERCASE_SENTENCE_START		0	10	Other	Це речення не починається з великої літери.	Зберігання
M	662	OVKA_FOR_PROCESS	3	14	22	Other	На позначення процесу краще вживати суфікс -ування, також на позначення предмета інколи вживають суфікс: -овання	пакування|упакування|паковання
L	663	заводської упаковки
M	663	UPPERCASE_SENTENCE_START		0	10	Other	Це речення не починається з великої літери.	Заводської
L	664	дві упаковки
M	664	UPPERCASE_SENTENCE_START		0	3	Other	Це речення не починається з великої літери.	Дві
L	665	складати в упаковку
M	665	UPPERCASE_SENTENCE_START		0	8	Other	Це речення не починається з великої літери.	Складати
L	666	тару і упаковку
M	666	UPPERCASE_SENTENCE_START		0	4	Other	Це речення не починається з великої літери.	Тару
M	666	EUPHONY_CONJ_I_Y	2	5	6	Hint	Між двома голосними варто писати й: тару <suggestion>й</suggestion> упаковку, тару <suggestion>та</suggestion> упаковку	й|та
L	667	касета для переноски мін.
M	667	UPPERCASE_SENTENCE_START		0	6	Other	Це речення не починається з великої літери.	Касета
M	667	perenoska	1	11	20	Other	Правильно: <suggestion>перенесення</suggestion>	перенесення
L	668	переноску притягнемо
M	668	UPPERCASE_SENTENCE_START		0	9	Other	Це речення не починається з великої літери.	Переноску
L	669	Великої ємності українського ринку карток.
M	669	YEMNIST_VS_MISTKIST	1	8	15	Other	Правильно: <suggestion>місткості</suggestion>	місткості
L	670	ємність акумулятора.
M	670	UK_SIMPLE_REPLACE_SOFT		0	7	Other	«ємність» — нерекомендоване слово, кращий варіант: місткість.	місткість
L	671	збільшує ємність звичайної іонно-літієвої батареї.
M	671	UPPERCASE_SENTENCE_START		0	8	Other	Це речення не починається з великої літери.	Збільшує
M	671	UK_SIMPLE_REPLACE_SOFT		9	16	Other	«ємність» — нерекомендоване слово, кращий варіант: місткість.	місткість
L	672	Високої енергоємності економіки.
M	672	YEMNIST_VS_MISTKIST	2	8	21	Other	Правильно: <suggestion>енергомісткості</suggestion>	енергомісткості
L	673	мають на чужині види на проживання.
M	673	UPPERCASE_SENTENCE_START		0	5	Other	Це речення не починається з великої літери.	Мають
M	673	VYD_VS_VYGLYAD	1	16	20	Other	Правильно: <suggestion>посвідка</suggestion>	посвідка
L	674	Цього року в нас добрі види на врожай.
M	674	VYD_VS_VYGLYAD	2	23	27	Other	Краще: <suggestion>сподіванки</suggestion>, <suggestion>перспективи</suggestion>	сподіванки|перспективи
L	675	Про неймовірні види на Землю з космосу написано і сказано немало.
M	675	VYD_VS_VYGLYAD	3	15	19	Other	Краще: <suggestion>краєвид</suggestion>, <suggestion>вигляд</suggestion>	краєвид|вигляд
L	676	В ранньому дитинстві мав певні види на бокс.
M	676	VYD_VS_VYGLYAD	4	31	35	Other	Краще: <suggestion>наміри</suggestion>, <suggestion>плани</suggestion>, <suggestion>сподівання</suggestion>, <suggestion>перспективи</suggestion>	наміри|плани|сподівання|перспективи|накинути оком
L	677	Кум мав на цінного агента серйозні види.
M	677	VYD_VS_VYGLYAD	5	35	39	Other	Краще: <suggestion>наміри</suggestion>, <suggestion>плани</suggestion>, <suggestion>сподівання</suggestion>, <suggestion>перспективи</suggestion>	наміри|плани|сподівання|перспективи|накинути оком
L	678	нині види на нього маємо зовсім непогані.
M	678	UPPERCASE_SENTENCE_START		0	4	Other	Це речення не починається з великої літери.	Нині
M	678	VYD_VS_VYGLYAD	6	5	9	Other	Краще: <suggestion>наміри</suggestion>, <suggestion>плани</suggestion>, <suggestion>сподівання</suggestion>, <suggestion>перспективи</suggestion>	наміри|плани|сподівання|перспективи|накинути оком
L	679	Він зробив це для вигляду.
M	679	VYD_VS_VYGLYAD	7	14	25	Other	Краще: <suggestion>про (людське) око</suggestion>	про (людське) око|про людські очі|для годиться
L	680	Не роби вигляд, немов не розумієш.
M	680	VYD_VS_VYGLYAD	8	3	14	Other	Краще: <suggestion>удавай</suggestion>	удавай
L	681	Він зробив вигляд, немов не розуміє.
M	681	VYD_VS_VYGLYAD	9	4	17	Other	Краще: <suggestion>удав</suggestion>	удав
L	682	Завжди був на виду.
M	682	VYD_VS_VYGLYAD	10	11	18	Other	Краще: <suggestion>на видноті</suggestion>	на видноті|перед очима|на оці
L	683	За вимогою пасажира
M	683	ZA_VYMOGOYU	1	0	10	Other	Правильно: <suggestion>на вимогу</suggestion>	На вимогу
L	684	На вимогу пасажира
L	685	Піти за білими грибами.
M	685	ZA_HRYBAMY	1	5	22	Other	Якщо йдеться про мету руху, вживаємо прийменник «по»	по білі гриби
L	686	Піти за грибами.
M	686	ZA_HRYBAMY	1	5	15	Other	Якщо йдеться про мету руху, вживаємо прийменник «по»	по гриби
L	687	Піти по гриби.
L	688	стояти у черзі за хлібом
M	688	UPPERCASE_SENTENCE_START		0	6	Other	Це речення не починається з великої літери.	Стояти
L	689	За суттю
M	689	ZA_SUTTYU	1	0	8	Other	Правильно: <suggestion>по суті</suggestion>	По суті
L	690	По суті
L	691	За тими ж причинами він не зміг прийти.
M	691	ZA_TYMY_ZH_PRYCHYNAMY	1	0	19	Other	Це калькування російського сталого словосполучення. Ви мали на увазі <suggestion>через ті самі причини</suggestion>?	Через ті самі причини
L	692	Через ті самі причини він не зміг прийти.
L	693	зі скотного двора.
M	693	UPPERCASE_SENTENCE_START		0	2	Other	Це речення не починається з великої літери.	Зі
M	693	skotnyi_dvir	1	3	17	Other	Правильно: <suggestion>обора</suggestion>	обора|загін|загорода
L	694	В його честь назвали шпиталь
M	694	V_CHEST_KOGO	1	0	1	Other	Правильно: <suggestion>на</suggestion> чиюсь честь	На
L	695	В їхню честь влаштували бенкет
M	695	V_CHEST_KOGO	1	0	1	Other	Правильно: <suggestion>на</suggestion> чиюсь честь	На
L	696	На його честь назвали шпиталь
L	697	В честь Амосова назвали шпиталь
M	697	V_CHEST_KOGO	2	0	1	Other	Правильно: <suggestion>на</suggestion> честь когось	На
L	698	На честь Амосова назвали шпиталь
L	699	блукав без цілі.
M	699	UPPERCASE_SENTENCE_START		0	6	Other	Це речення не починається з великої літери.	Блукав
M	699	bez_cili	1	11	15	Other	Правильно: <suggestion>мети</suggestion>	мети
L	700	без коливань.
M	700	UPPERCASE_SENTENCE_START		0	3	Other	Це речення не починається з великої літери.	Без
M	700	kolyvannya_vagannya	1	4	12	Other	Коли йдеться про сумніви, нерішучість, говоримо: <suggestion>вагань</suggestion>	вагань
L	701	30 коливань
L	702	стрибнув не коливаючись.
M	702	UPPERCASE_SENTENCE_START		0	8	Other	Це речення не починається з великої літери.	Стрибнув
M	702	kolyvannya_vagannya	2	12	23	Other	Коли йдеться про сумніви, нерішучість, говоримо: <suggestion>вагаючись</suggestion>	вагаючись
L	703	коливаючись на вітру
M	703	UPPERCASE_SENTENCE_START		0	11	Other	Це речення не починається з великої літери.	Коливаючись
L	704	він коливався.
M	704	UPPERCASE_SENTENCE_START		0	3	Other	Це речення не починається з великої літери.	Він
M	704	kolyvannya_vagannya	3	4	13	Other	Коли йдеться про сумніви, нерішучість, говоримо: <suggestion>вагатися</suggestion>	вагатися
L	705	Ігор коливався.
M	705	kolyvannya_vagannya	3	5	14	Other	Коли йдеться про сумніви, нерішучість, говоримо: <suggestion>вагатися</suggestion>	вагатися
L	706	я коливався між одни й іншим
M	706	UPPERCASE_SENTENCE_START		0	1	Other	Це речення не починається з великої літери.	Я
M	706	MORFOLOGIK_RULE_UK_UA		16	20	UnknownWord	Знайдено потенційну орфографічну помилку.	один|одна|одне|одним|одну|одно|одні|одній|одних|оди|Овни|Одай|Одри|Окни|Осни|дони|охни
L	707	гойдалка коливалася
M	707	UPPERCASE_SENTENCE_START		0	8	Other	Це речення не починається з великої літери.	Гойдалка
L	708	вони коливалися в діапазоні
M	708	UPPERCASE_SENTENCE_START		0	4	Other	Це речення не починається з великої літери.	Вони
L	709	вони коливалися в значному діапазоні
M	709	UPPERCASE_SENTENCE_START		0	4	Other	Це речення не починається з великої літери.	Вони
L	710	над нею коливалися
M	710	UPPERCASE_SENTENCE_START		0	3	Other	Це речення не починається з великої літери.	Над
L	711	голова коливалася
M	711	UPPERCASE_SENTENCE_START		0	6	Other	Це речення не починається з великої літери.	Голова
L	712	Він має статус юридичного лиця.
M	712	LYCE_OSOBA	1	15	30	Other	Правильно: <suggestion>юридичної особа</suggestion>	юридичної особа
L	713	Це слово - виключення з правила.
M	713	vykliychennia_vs_vyniatok	1	11	31	Other	Неточно вжите слово. Ви мали на увазі <suggestion>виняток з правила</suggestion>?	виняток з правила
L	714	Це слово - виняток з правила.
L	715	в порядку винятку
M	715	v_poriadku	1	0	17	Other	Правильно: <suggestion>як виняток</suggestion>	як виняток
L	716	в порядку зменшення
M	716	v_poriadku	2	0	19	Other	Правильно: <suggestion>за зменшенням</suggestion>	за зменшенням
L	717	і збити з толку
M	717	UPPERCASE_SENTENCE_START		0	1	Other	Це речення не починається з великої літери.	І
M	717	TOLK	1	2	15	Other	Правильно: <suggestion>спантеличувати</suggestion>	спантеличувати|збивати з пантелику|збивати з плиту (з пливу)|забивати баки|затуркувати
L	718	і збив усіх з толку
M	718	UPPERCASE_SENTENCE_START		0	1	Other	Це речення не починається з великої літери.	І
M	718	TOLK	1	2	19	Other	Правильно: <suggestion>спантеличувати усіх</suggestion>	спантеличувати усіх|збивати усіх з пантелику|збивати усіх з плиту (з пливу)|забивати усім баки|затуркувати усіх
L	719	Він збився б швидко з толку.
M	719	TOLK	2	4	27	Other	Правильно: <suggestion>спантеличуватися б швидко</suggestion>	спантеличуватися б швидко|збиватися б швидко з пантелику|збиватися б швидко з плиту (з пливу)|затуркуватися б швидко
L	720	Він збив її з толку.
M	720	TOLK	1	4	19	Other	Правильно: <suggestion>спантеличувати її</suggestion>	спантеличувати її|збивати її з пантелику|збивати її з плиту (з пливу)|забивати їй баки|затуркувати її
L	721	Він її спантеличив
L	722	багато і без толку говорять
M	722	UPPERCASE_SENTENCE_START		0	6	Other	Це речення не починається з великої літери.	Багато
M	722	TOLK	4	9	18	Other	Правильно: <suggestion>без пуття</suggestion>	без пуття|без ладу|безглуздо|по-дурному
L	723	але що толку його тут шукати?
M	723	UPPERCASE_SENTENCE_START		0	3	Other	Це речення не починається з великої літери.	Але
M	723	TOLK	5	4	12	Other	Правильно: <suggestion>який сенс</suggestion>	який сенс|що пуття|що користі
L	724	зрозуміли, що толку не буде
M	724	UPPERCASE_SENTENCE_START		0	9	Other	Це речення не починається з великої літери.	Зрозуміли
M	724	TOLK	5	11	19	Other	Правильно: <suggestion>який сенс</suggestion>	який сенс|що пуття|що користі
L	725	він все робить з толком
M	725	UPPERCASE_SENTENCE_START		0	3	Other	Це речення не починається з великої літери.	Він
M	725	TOLK	6	15	23	Other	Правильно: <suggestion>з розумом</suggestion>	з розумом|розумно|розсудливо|до пуття|до діла|до ладу
L	726	і поговорити сьогодні толком не дадуть
M	726	UPPERCASE_SENTENCE_START		0	1	Other	Це речення не починається з великої літери.	І
M	726	TOLK	7	22	28	Other	Правильно: <suggestion>до ладу</suggestion>	до ладу|до пуття|як треба|як належить|докладно|ладом|доладно|до діла
L	727	він все робить з толком
M	727	UPPERCASE_SENTENCE_START		0	3	Other	Це речення не починається з великої літери.	Він
M	727	TOLK	6	15	23	Other	Правильно: <suggestion>з розумом</suggestion>	з розумом|розумно|розсудливо|до пуття|до діла|до ладу
L	728	не можу я взяти в толк, про що говорять
M	728	UPPERCASE_SENTENCE_START		0	2	Other	Це речення не починається з великої літери.	Не
M	728	TOLK	8	10	22	Other	Правильно: <suggestion>добрати розуму</suggestion>	добрати розуму|зрозуміти|збагнути|уторопати
L	729	не можу я взяти це в толк
M	729	UPPERCASE_SENTENCE_START		0	2	Other	Це речення не починається з великої літери.	Не
M	729	TOLK	8	10	25	Other	Правильно: <suggestion>добрати розуму</suggestion>	добрати розуму|зрозуміти це|збагнути це|уторопати це
L	730	селяни знали толк
M	730	UPPERCASE_SENTENCE_START		0	6	Other	Це речення не починається з великої літери.	Селяни
M	730	TOLK	9	7	17	Other	Правильно: <suggestion>розумітися</suggestion>	розумітися
L	731	селяни знали в цьому толк
M	731	UPPERCASE_SENTENCE_START		0	6	Other	Це речення не починається з великої літери.	Селяни
M	731	TOLK	10	7	25	Other	Правильно: <suggestion>розумітися на цьому</suggestion>	розумітися на цьому
L	732	селяни знали в курчатах толк
M	732	UPPERCASE_SENTENCE_START		0	6	Other	Це речення не починається з великої літери.	Селяни
M	732	TOLK	10	7	28	Other	Правильно: <suggestion>розумітися на курчатах</suggestion>	розумітися на курчатах
L	733	не факт, що вийде толк
M	733	UPPERCASE_SENTENCE_START		0	2	Other	Це речення не починається з великої літери.	Не
M	733	TOLK	11	12	22	Other	Правильно: <suggestion>будуть люди</suggestion>	будуть люди|буде пуття
L	734	не факт, що буде з нього толк
M	734	UPPERCASE_SENTENCE_START		0	2	Other	Це речення не починається з великої літери.	Не
M	734	TOLK	11	12	29	Other	Правильно: <suggestion>будуть люди</suggestion>	будуть люди|буде пуття
L	735	полити рослинним маслом.
M	735	UPPERCASE_SENTENCE_START		0	6	Other	Це речення не починається з великої літери.	Полити
M	735	MASLO	1	7	23	Other	Правильно: <suggestion>рослинним олією</suggestion>, <suggestion>рослинною олією</suggestion>	рослинним олією|рослинною олією
L	736	взяти пальмове масло.
M	736	UPPERCASE_SENTENCE_START		0	5	Other	Це речення не починається з великої літери.	Взяти
M	736	MASLO	1	6	20	Other	Правильно: <suggestion>пальмова олію</suggestion>, <suggestion>пальмову олію</suggestion>	пальмова олію|пальмову олію
L	737	проти оливкового масла.
M	737	UPPERCASE_SENTENCE_START		0	5	Other	Це речення не починається з великої літери.	Проти
M	737	MASLO	1	6	22	Other	Правильно: <suggestion>оливкової олії</suggestion>	оливкової олії
L	738	про ефірні масла.
M	738	UPPERCASE_SENTENCE_START		0	3	Other	Це речення не починається з великої літери.	Про
M	738	MASLO	1	4	16	Other	Правильно: <suggestion>ефірні олії</suggestion>	ефірні олії
L	739	з рослинних масел.
M	739	UPPERCASE_SENTENCE_START		0	1	Other	Це речення не починається з великої літери.	З
M	739	MASLO	1	2	17	Other	Правильно: <suggestion>рослинних олій</suggestion>	рослинних олій
L	740	залити машинним маслом.
M	740	UPPERCASE_SENTENCE_START		0	6	Other	Це речення не починається з великої літери.	Залити
M	740	MASLO	2	7	22	Other	Правильно: <suggestion>машинною оливою</suggestion>	машинною оливою|машинним мастилом
L	741	немає машинної олії.
M	741	UPPERCASE_SENTENCE_START		0	5	Other	Це речення не починається з великої літери.	Немає
M	741	MASLO	2	6	19	Other	Правильно: <suggestion>машинної оливи</suggestion>	машинної оливи|машинного мастила
L	742	сивушним маслом.
M	742	MASLO	3	0	15	Other	Правильно: <suggestion>сивушною оливою</suggestion>	сивушною оливою|сивушним спиртом
L	743	О, диви, божа корівка
M	743	bozha_korivka	1	9	21	Other	Правильно: <suggestion>сонечко</suggestion>	сонечко
L	744	я підійшов до божої корівки
M	744	UPPERCASE_SENTENCE_START		0	1	Other	Це речення не починається з великої літери.	Я
M	744	bozha_korivka	1	14	27	Other	Правильно: <suggestion>сонечка</suggestion>	сонечка
L	745	серії Великого шолому.
M	745	UPPERCASE_SENTENCE_START		0	5	Other	Це речення не починається з великої літери.	Серії
M	745	velykyi_sholom	1	15	21	Other	Назва походить від англійського картярського терміна grand slam - укр. великий шлем.	шлему
L	746	тримав авіаційні шлеми.
M	746	UPPERCASE_SENTENCE_START		0	6	Other	Це речення не починається з великої літери.	Тримав
M	746	shlem_vs_sholom	1	17	22	Other	Для позначення головного убору потрібно вживати <suggestion>шоломи</suggestion>	шоломи
L	747	мав великий шлем.
M	747	UPPERCASE_SENTENCE_START		0	3	Other	Це речення не починається з великої літери.	Мав
M	747	shlem_vs_sholom	1	12	16	Other	Для позначення головного убору потрібно вживати <suggestion>шолом</suggestion>	шолом
L	748	серії «шлему».
M	748	UPPERCASE_SENTENCE_START		0	5	Other	Це речення не починається з великої літери.	Серії
L	749	виграв Великий шлем.
M	749	UPPERCASE_SENTENCE_START		0	6	Other	Це речення не починається з великої літери.	Виграв
L	750	чесний поступок
M	750	UK_ADJ_NOUN_INFLECTION_AGREEMENT		0	15	Other	Потенційна помилка: прикметник не узгоджений з іменником: "чесний": [ч.р.: називний, знахідний (неіст.), кличний] і "поступок": [мн.: родовий]	чесних поступок
L	751	своїм поступком
M	751	UPPERCASE_SENTENCE_START		0	5	Other	Це речення не починається з великої літери.	Своїм
M	751	postupok	1	6	15	Other	Правильно: <suggestion>вчинок</suggestion>	вчинок
L	752	не було серйозних поступок
M	752	UPPERCASE_SENTENCE_START		0	2	Other	Це речення не починається з великої літери.	Не
L	753	українець по крові й духу
M	753	brat_po_krovi	1	0	25	Other	Правильно: <suggestion>українець кровно (кревно) й духовно</suggestion>	українець кровно (кревно) й духовно
L	754	чужих по крові дітей
M	754	brat_po_krovi	2	0	14	Other	Правильно: <suggestion>кровно (кревно) чужих</suggestion>	кровно (кревно) чужих
L	755	брати по крові
M	755	brat_po_krovi	3	0	14	Other	Правильно: <suggestion>кровний (кревний) брати</suggestion>	кровний (кревний) брати
L	756	Сестри по крові
M	756	brat_po_krovi	3	0	15	Other	Правильно: <suggestion>кровний (кревний) Сестри</suggestion>	Кровний (кревний) Сестри
L	757	діагностика по крові
M	757	UPPERCASE_SENTENCE_START		0	11	Other	Це речення не починається з великої літери.	Діагностика
L	758	виступив по темі злочинності.
M	758	UPPERCASE_SENTENCE_START		0	8	Other	Це речення не починається з великої літери.	Виступив
M	758	PO_VS_NA	1	9	16	Other	Правильно: <suggestion>на тему</suggestion>	на тему
L	759	такого відтоку капіталу.
M	759	UPPERCASE_SENTENCE_START		0	6	Other	Це речення не починається з великої літери.	Такого
M	759	vidtik_kapitalu	1	7	14	Other	Правильно: <suggestion>відплив</suggestion>.	відплив
L	760	і накладеним платежем.
M	760	UPPERCASE_SENTENCE_START		0	1	Other	Це речення не починається з великої літери.	І
M	760	nakladenyi_platizh	1	2	21	Other	Правильно: <suggestion>післяплата</suggestion>	післяплата
L	761	бакалійної лавки
M	761	UPPERCASE_SENTENCE_START		0	10	Other	Це речення не починається з великої літери.	Бакалійної
M	761	LAVKA	1	11	16	Other	Правильно: <suggestion>крамниці</suggestion>	крамниці
L	762	паркова лавка
M	762	UPPERCASE_SENTENCE_START		0	7	Other	Це речення не починається з великої літери.	Паркова
L	763	до лавки з товаром
M	763	UPPERCASE_SENTENCE_START		0	2	Other	Це речення не починається з великої літери.	До
M	763	LAVKA	2	3	8	Other	Правильно: <suggestion>крамниці</suggestion>	крамниці
L	764	паркова лавка
M	764	UPPERCASE_SENTENCE_START		0	7	Other	Це речення не починається з великої літери.	Паркова
L	765	потрапив у безнадійне положення
M	765	UPPERCASE_SENTENCE_START		0	8	Other	Це речення не починається з великої літери.	Потрапив
M	765	beznadiyne_polozhennya	1	22	31	Other	Правильно: <suggestion>становище</suggestion>	становище
L	766	стояли у витоків
M	766	UPPERCASE_SENTENCE_START		0	6	Other	Це речення не починається з великої літери.	Стояли
M	766	vytoky_vs_dzherela	1	9	16	Other	У значенні «початок» правильно: <suggestion>джерел</suggestion>	джерел|початків
L	767	витоки природного газу
M	767	UPPERCASE_SENTENCE_START		0	6	Other	Це речення не починається з великої літери.	Витоки
L	768	попередні витоки
M	768	UPPERCASE_SENTENCE_START		0	9	Other	Це речення не починається з великої літери.	Попередні
L	769	витоки стаються
M	769	UPPERCASE_SENTENCE_START		0	6	Other	Це речення не починається з великої літери.	Витоки
L	770	4 694 витоків
L	771	потрапив у порохову діжку.
M	771	UPPERCASE_SENTENCE_START		0	8	Other	Це речення не починається з великої літери.	Потрапив
M	771	porohova_dizhka	1	20	25	Other	Правильно: <suggestion>бочку</suggestion>	бочку
L	772	трансформувало образ життя.
M	772	UPPERCASE_SENTENCE_START		0	14	Other	Це речення не починається з великої літери.	Трансформувало
M	772	obraz_zhyttya	1	15	20	Other	Правильно: <suggestion>спосіб</suggestion>	спосіб
L	773	такого образу життя.
M	773	UPPERCASE_SENTENCE_START		0	6	Other	Це речення не починається з великої літери.	Такого
M	773	obraz_zhyttya	1	7	13	Other	Правильно: <suggestion>способу</suggestion>	способу
L	774	посилати на убій.
M	774	UPPERCASE_SENTENCE_START		0	8	Other	Це речення не починається з великої літери.	Посилати
M	774	na_ubiy	1	9	16	Other	Правильно: <suggestion>на заріз</suggestion>	на заріз
L	775	мені стало не по собі.
M	775	UPPERCASE_SENTENCE_START		0	4	Other	Це речення не починається з великої літери.	Мені
M	775	NE_PO_SOBI	1	11	21	Other	Правильно: <suggestion>ніяково</suggestion>	ніяково|незручно|моторошно|недобре|зле|ні в сих, ні в тих
L	776	він спробував на авось
M	776	UPPERCASE_SENTENCE_START		0	3	Other	Це речення не починається з великої літери.	Він
M	776	na_avos	1	14	22	Other	Правильно: <suggestion>навмання</suggestion>	навмання|на галай|на дастьбі(г)|на відчай|на щастя
L	777	він був у бігах
M	777	UPPERCASE_SENTENCE_START		0	3	Other	Це речення не починається з великої літери.	Він
M	777	V_BIGAH	1	8	15	Other	Правильно: <suggestion>на втіках</suggestion>, <suggestion>в мандрах</suggestion>	на втіках|в мандрах
L	778	Між тим робітники погодилися взяти...
M	778	mizh_tym_vs_tym_chasom	1	0	7	Other	Правильно: <suggestion>тим часом</suggestion>	Тим часом|Проте
L	779	Між тим, що вони говорять, і тим, що роблять, зяє величезна прірва.
L	780	Прочитати від корки до корки
M	780	VID_KORKY_DO_KORKY	1	10	28	Other	Правильно: <suggestion>від дошки до дошки</suggestion>, <suggestion>від палітурки до палітурки</suggestion>, <suggestion>від а до я</suggestion>, <suggestion>від аза до іжиці</suggestion>, <suggestion>від краю до краю</suggestion>, <suggestion>від початку до кінця</suggestion>	від дошки до дошки|від палітурки до палітурки|від а до я|від аза до іжиці|від краю до краю|від початку до кінця
L	781	Прочитати від а до я
M	781	comma_before_but	1	10	15	Other	Відсутня кома перед сполучником	від, а
L	782	Всі від мала до велика.
M	782	VID_MALA_DO_VELYKA	1	4	22	Other	Правильно: <suggestion>від малого до великого (до старого)</suggestion>, <suggestion>мале й велике</suggestion>, <suggestion>мале й старе</suggestion>, <suggestion>малі й старі</suggestion>	від малого до великого (до старого)|мале й велике|мале й старе|малі й старі
L	783	ходили слухи.
M	783	UPPERCASE_SENTENCE_START		0	6	Other	Це речення не починається з великої літери.	Ходили
M	783	slukh_bad_2	1	7	12	Other	Правильно: <suggestion>чутка</suggestion>	чутка|поголоска|поголос|поголосок|поговір
L	784	пустили слух.
M	784	UPPERCASE_SENTENCE_START		0	7	Other	Це речення не починається з великої літери.	Пустили
M	784	slukh_bad_2	1	8	12	Other	Правильно: <suggestion>чутка</suggestion>	чутка|поголоска|поголос|поголосок|поговір
L	785	Шлях — без малого чотири тисячі кілометрів.
M	785	BEZ_MALOGO	1	7	17	Other	У значенні «трохи не, ледве не» краще: <suggestion>замалим не</suggestion>	замалим не|мало не|трошки не|безмаль (не)|без трошки (не)
L	786	Бракувало без малого одного мільйона.
M	786	BEZ_MALOGO	1	10	20	Other	У значенні «трохи не, ледве не» краще: <suggestion>замалим не</suggestion>	замалим не|мало не|трошки не|безмаль (не)|без трошки (не)
L	787	Зменшилось без малого на дві тисячі.
M	787	BEZ_MALOGO	1	11	21	Other	У значенні «трохи не, ледве не» краще: <suggestion>замалим не</suggestion>	замалим не|мало не|трошки не|безмаль (не)|без трошки (не)
L	788	Зменшилась без малого половина.
M	788	BEZ_MALOGO	1	11	21	Other	У значенні «трохи не, ледве не» краще: <suggestion>замалим не</suggestion>	замалим не|мало не|трошки не|безмаль (не)|без трошки (не)
L	789	Тягнулося без малого 30 років.
M	789	BEZ_MALOGO	1	10	20	Other	У значенні «трохи не, ледве не» краще: <suggestion>замалим не</suggestion>	замалим не|мало не|трошки не|безмаль (не)|без трошки (не)
L	790	скоротився без малого на 10%.
M	790	UPPERCASE_SENTENCE_START		0	10	Other	Це речення не починається з великої літери.	Скоротився
M	790	BEZ_MALOGO	1	11	21	Other	У значенні «трохи не, ледве не» краще: <suggestion>замалим не</suggestion>	замалим не|мало не|трошки не|безмаль (не)|без трошки (не)
L	791	без малого та середнього бізнесу
M	791	UPPERCASE_SENTENCE_START		0	3	Other	Це речення не починається з великої літери.	Без
L	792	без малого бізнесу
M	792	UPPERCASE_SENTENCE_START		0	3	Other	Це речення не починається з великої літери.	Без
L	793	Що за Різдво без малого Кевіна
L	794	каже, що без малого їх значно легше
M	794	UPPERCASE_SENTENCE_START		0	4	Other	Це речення не починається з великої літери.	Каже
L	795	падати в обморок.
M	795	v_obmorok	1	0	16	Other	Правильно: <suggestion>непритомніти</suggestion>	непритомніти|мліти|зомлівати
L	796	вів дивився в оба
M	796	UPPERCASE_SENTENCE_START		0	3	Other	Це речення не починається з великої літери.	Вів
M	796	dyvytysia_v_oba	1	4	17	Other	Правильно: <suggestion>взяти очі в руки</suggestion>	взяти очі в руки|пильнувати|бути на осторозі
L	797	в числі яких
M	797	V_CHYSLI	1	0	7	Other	Правильно: <suggestion>серед</suggestion>, <suggestion>поміж</suggestion>	серед|поміж
L	798	у числі 11 найвпливовіших
M	798	V_CHYSLI	1	0	7	Other	Правильно: <suggestion>серед</suggestion>, <suggestion>поміж</suggestion>	серед|поміж
L	799	у числі двох найкращих
M	799	V_CHYSLI	1	0	7	Other	Правильно: <suggestion>серед</suggestion>, <suggestion>поміж</suggestion>	серед|поміж
L	800	Українці були в числі 15 тис. радянських військовополонених
M	800	V_CHYSLI	1	14	21	Other	Правильно: <suggestion>серед</suggestion>, <suggestion>поміж</suggestion>	серед|поміж
L	801	серед яких
M	801	UPPERCASE_SENTENCE_START		0	5	Other	Це речення не починається з великої літери.	Серед
L	802	у числі 13 є дві цифри
M	802	UPPERCASE_SENTENCE_START		0	1	Other	Це речення не починається з великої літери.	У
L	803	в числі Пі
M	803	UPPERCASE_SENTENCE_START		0	1	Other	Це речення не починається з великої літери.	В
L	804	навіть із числа її знайомих
M	804	UPPERCASE_SENTENCE_START		0	6	Other	Це речення не починається з великої літери.	Навіть
M	804	V_CHYSLI	2	7	15	Other	Правильно: <suggestion>з-поміж</suggestion>	з-поміж
L	805	навіть з числа французьких акторів
M	805	UPPERCASE_SENTENCE_START		0	6	Other	Це речення не починається з великої літери.	Навіть
M	805	V_CHYSLI	2	7	14	Other	Правильно: <suggestion>з-поміж</suggestion>	з-поміж
L	806	з числа 3,5 тис. польських військових
M	806	V_CHYSLI	2	0	7	Other	Правильно: <suggestion>з-поміж</suggestion>	з-поміж
L	807	з числа 33 викреслюємо останню цифру
M	807	UPPERCASE_SENTENCE_START		0	1	Other	Це речення не починається з великої літери.	З
L	808	згоріти заживо
M	808	UPPERCASE_SENTENCE_START		0	7	Other	Це речення не починається з великої літери.	Згоріти
M	808	zazhyvo	1	8	14	Other	«заживо» означає «за життя», правильно: <suggestion>живцем</suggestion>	живцем
L	809	заживо закопаний
M	809	zazhyvo	2	0	6	Other	«заживо» означає «за життя», правильно: <suggestion>живцем</suggestion>	живцем
L	810	пропади ти пропадом
M	810	UPPERCASE_SENTENCE_START		0	7	Other	Це речення не починається з великої літери.	Пропади
M	810	PROPADOM	1	11	19	Other	Правильно: <suggestion>щоб ти зслиз!</suggestion>	щоб ти зслиз!|Бодай ти нагло зслиз!|Нехай тебе лизень лизне (злиже)!|Бодай тебе з корінням вигладило!|Щоб ти приймом пропав!|Нехай за тобою заклекоче!|Щоб ти тямився!
L	811	щоб ти слиз
M	811	UPPERCASE_SENTENCE_START		0	3	Other	Це речення не починається з великої літери.	Щоб
L	812	Тоді він вирішив тряхнути стариною.
M	812	TRYAHNUTY_STARYNOYU	1	17	34	Other	Краще: <suggestion>згадати старовину (давнину)</suggestion>	згадати старовину (давнину)|згадати молоді літа
L	813	виробнича слава України дорогого коштує марганчанам кажучи
M	813	UPPERCASE_SENTENCE_START		0	9	Other	Це речення не починається з великої літери.	Виробнича
M	813	DOROGOGO_KOSHTUVATY	1	24	39	Other	Правильно: <suggestion>дорого обходиться</suggestion>	дорого обходиться
L	814	виробнича слава України дорого обходиться марганчанам
M	814	UPPERCASE_SENTENCE_START		0	9	Other	Це речення не починається з великої літери.	Виробнича
L	815	Він чуть не втопився?
M	815	chut_ne	1	4	11	Other	Правильно: <suggestion>мало не</suggestion>	мало не|трохи не|замалим не|мало-мало не|трохи-трохи не|майже
L	816	І тим не менше він прийшов.
M	816	tym_ne_menshe	1	2	14	Other	Краще: <suggestion>(а) проте</suggestion>	(а) проте|однак (одначе)|а все-таки (все ж таки)|з усім тим
L	817	будь то Челсі чи Арсенал.
M	817	bud_to	1	0	7	Other	Правильно: <suggestion>хай то буде</suggestion>	хай то буде|хай то|хоч ... хоч|... це чи ...
L	818	ставити у вину порушення лише деяких норм
M	818	UPPERCASE_SENTENCE_START		0	7	Other	Це речення не починається з великої літери.	Ставити
M	818	STAVYTY_U_VYNU	1	8	14	Other	Правильно: <suggestion>за провину</suggestion>	за провину
L	819	ставити йому у вину порушення лише деяких норм
M	819	UPPERCASE_SENTENCE_START		0	7	Other	Це речення не починається з великої літери.	Ставити
M	819	STAVYTY_U_VYNU	1	13	19	Other	Правильно: <suggestion>за провину</suggestion>	за провину
L	820	ставити за провину порушення лише деяких норм
M	820	UPPERCASE_SENTENCE_START		0	7	Other	Це речення не починається з великої літери.	Ставити
L	821	Відповідно з накладною.
M	821	VIDPOVIDNO_Z	1	0	12	Other	Ви мали на увазі <suggestion>відповідно до</suggestion>?	Відповідно до
L	822	Відповідно до накладної.
L	823	Відповідно вимогам.
M	823	VIDPOVIDNO_Z	2	0	18	Other	Ви мали на увазі <suggestion>відповідно до вимог</suggestion>?	Відповідно до вимог
L	824	відповідно до вимог
M	824	UPPERCASE_SENTENCE_START		0	10	Other	Це речення не починається з великої літери.	Відповідно
L	825	У відповідності з накладною.
M	825	VIDPOVIDNO_Z	3	0	17	Other	Ви мали на увазі <suggestion>відповідно до</suggestion>?	Відповідно до|Згідно з|(Повністю) відповідати (чому)
L	826	У повній відповідності з накладною.
M	826	VIDPOVIDNO_Z	3	0	24	Other	Ви мали на увазі <suggestion>відповідно до</suggestion>?	Відповідно до|Згідно з|(Повністю) відповідати (чому)
L	827	А там будь що буде.
M	827	BUD_SCHO_BUDE	1	6	18	Other	Краще: <suggestion>що буде те (то) й буде</suggestion>	що буде те (то) й буде|хай буде, що буде|хай (най) діється (буде), що хоче|де наше не пропадало
L	828	Це є гірше всього.
M	828	girshe_vsyogo	1	5	17	Other	Правильно: <suggestion>найгірше</suggestion>	найгірше|гірше за все|гірше над усе
L	829	Вже гірше нікуди
M	829	girshe_nikudy	1	4	16	Other	Краще: <suggestion>далі нема куди</suggestion>.	далі нема куди|гірше не може бути|гірше не можна
L	830	гірше вже нікуди.
M	830	girshe_nikudy	1	0	16	Other	Краще: <suggestion>далі нема куди</suggestion>.	далі нема куди|гірше не може бути|гірше не можна
L	831	Вже гірше не може бути.
L	832	Гірше вже не можна.
L	833	І побіг без оглядки.
M	833	bez_oglyadki	1	8	19	Other	Краще: <suggestion>не оглядаючись</suggestion>	не оглядаючись|не озираючись|безоглядно
L	834	в виду цього.
M	834	v_vydu_ciogo	1	0	12	Other	Правильно: <suggestion>через це</suggestion>	через це
L	835	володів якостями.
M	835	volodity_jakostiamy	1	0	16	Other	Правильно: <suggestion>мати риси</suggestion>	мати риси
L	836	В якості їжі можна використовувати...
M	836	V_JAKOSTI	1	0	12	Other	Правильно: як хто/що, як кого, за кого/що	Як їжу|Як їжа|За їжу
L	837	В якості їжі можна не пропонувати...
M	837	V_JAKOSTI	1	0	12	Other	Правильно: як хто/що, як кого, за кого/що	Як їжу|Як їжа|За їжу
L	838	в якості їжі можна не сумніватися
M	838	V_JAKOSTI	3	0	12	Other	Правильно: як хто/що, як кого, за кого/що, ким/чим	
L	839	І в якості кого їх викликають на допит.
M	839	V_JAKOSTI	2	2	15	Other	Правильно: як хто/що, як кого, за кого/що, ким/чим	як кого|як хто|за кого|ким
L	840	І в якості чого цей прилад використовують.
M	840	V_JAKOSTI	2	2	15	Other	Правильно: як хто/що, як кого, за кого/що, ким/чим	як що|за що|чим
L	841	використовуючи хризантеми в якості орнаменту.
M	841	UPPERCASE_SENTENCE_START		0	14	Other	Це речення не починається з великої літери.	Використовуючи
M	841	V_JAKOSTI	3	26	44	Other	Правильно: як хто/що, як кого, за кого/що, ким/чим	
L	842	виступає в якості солідної підтримки.
M	842	UPPERCASE_SENTENCE_START		0	8	Other	Це речення не починається з великої літери.	Виступає
M	842	V_JAKOSTI	3	9	36	Other	Правильно: як хто/що, як кого, за кого/що, ким/чим	
L	843	спробувати себе в якості тренера.
M	843	UPPERCASE_SENTENCE_START		0	10	Other	Це речення не починається з великої літери.	Спробувати
M	843	V_JAKOSTI	3	16	32	Other	Правильно: як хто/що, як кого, за кого/що, ким/чим	
L	844	Проходячи в якості справжнього свідка.
M	844	V_JAKOSTI	3	10	37	Other	Правильно: як хто/що, як кого, за кого/що, ким/чим	
L	845	Проходячи в якості справжнього свідка.
M	845	V_JAKOSTI	3	10	37	Other	Правильно: як хто/що, як кого, за кого/що, ким/чим	
L	846	пересвідчитися в якості та безпечності продуктів
M	846	UPPERCASE_SENTENCE_START		0	14	Other	Це речення не починається з великої літери.	Пересвідчитися
L	847	пересвідчитися в якості створюваної руками засуджених Дніпродзержинської колонії продукції
M	847	UPPERCASE_SENTENCE_START		0	14	Other	Це речення не починається з великої літери.	Пересвідчитися
M	847	UK_SIMPLE_REPLACE_RENAMED		54	72	Other	«дніпродзержинський» було перейменовано (2016)	кам'янський
L	848	впевнитися в якості того або іншого товару
M	848	UPPERCASE_SENTENCE_START		0	10	Other	Це речення не починається з великої літери.	Впевнитися
L	849	головна концепція якої полягає в якості надання послуг
M	849	UPPERCASE_SENTENCE_START		0	7	Other	Це речення не починається з великої літери.	Головна
L	850	проблема не в якості тексту
M	850	UPPERCASE_SENTENCE_START		0	8	Other	Це речення не починається з великої літери.	Проблема
L	851	проблема не в якості їхнього антрациту
M	851	UPPERCASE_SENTENCE_START		0	8	Other	Це речення не починається з великої літери.	Проблема
L	852	в складності, і в якості виконування стрибків
M	852	UPPERCASE_SENTENCE_START		0	1	Other	Це речення не починається з великої літери.	В
L	853	так прийнято
M	853	JAK_PRYINIATO	1	0	12	Other	Правильно: <suggestion>так заведено</suggestion>, <suggestion>так ведеться</suggestion>, <suggestion>так робиться</suggestion>, <suggestion>такий звичай</suggestion>, <suggestion>так узвичаєно</suggestion>	так заведено|так ведеться|так робиться|такий звичай|так узвичаєно
L	854	так у нас прийнято
M	854	JAK_PRYINIATO	1	0	18	Other	Правильно: <suggestion>так заведено</suggestion>, <suggestion>так ведеться</suggestion>, <suggestion>так робиться</suggestion>, <suggestion>такий звичай</suggestion>, <suggestion>так узвичаєно</suggestion>	так заведено|так ведеться|так робиться|такий звичай|так узвичаєно
L	855	так у нас було прийнято
M	855	JAK_PRYINIATO	1	0	23	Other	Правильно: <suggestion>так заведено</suggestion>, <suggestion>так ведеться</suggestion>, <suggestion>так робиться</suggestion>, <suggestion>такий звичай</suggestion>, <suggestion>так узвичаєно</suggestion>	так заведено|так ведеться|так робиться|такий звичай|так узвичаєно
L	856	як це прийнято у світі
M	856	JAK_PRYINIATO	1	0	14	Other	Правильно: <suggestion>як заведено</suggestion>, <suggestion>як ведеться</suggestion>, <suggestion>як робиться</suggestion>, <suggestion>такий звичай</suggestion>, <suggestion>як узвичаєно</suggestion>	як заведено|як ведеться|як робиться|такий звичай|як узвичаєно
L	857	як прийнято його називати
M	857	JAK_PRYINIATO	1	0	11	Other	Правильно: <suggestion>як заведено</suggestion>, <suggestion>як ведеться</suggestion>, <suggestion>як робиться</suggestion>, <suggestion>такий звичай</suggestion>, <suggestion>як узвичаєно</suggestion>	як заведено|як ведеться|як робиться|такий звичай|як узвичаєно
L	858	так, як прийнято на фестивалях
M	858	UPPERCASE_SENTENCE_START		0	3	Other	Це речення не починається з великої літери.	Так
M	858	JAK_PRYINIATO	1	5	16	Other	Правильно: <suggestion>як заведено</suggestion>, <suggestion>як ведеться</suggestion>, <suggestion>як робиться</suggestion>, <suggestion>такий звичай</suggestion>, <suggestion>як узвичаєно</suggestion>	як заведено|як ведеться|як робиться|такий звичай|як узвичаєно
L	859	так заведено
M	859	UPPERCASE_SENTENCE_START		0	3	Other	Це речення не починається з великої літери.	Так
L	860	так і не принято
M	860	UPPERCASE_SENTENCE_START		0	3	Other	Це речення не починається з великої літери.	Так
M	860	UK_SIMPLE_REPLACE		9	16	Other	Неправильно написане слово.	прийнято|пойнято|притято|пройнято
L	861	розповісти, як, що прийнято робити.
M	861	UPPERCASE_SENTENCE_START		0	10	Other	Це речення не починається з великої літери.	Розповісти
M	861	JAK_PRYINIATO	2	19	27	Other	Краще: <suggestion>заведено</suggestion>	заведено
L	862	як тільки було прийнято закон
M	862	UPPERCASE_SENTENCE_START		0	2	Other	Це речення не починається з великої літери.	Як
L	863	як наголосив екс-кандидат, прийнято без поради
M	863	UPPERCASE_SENTENCE_START		0	2	Other	Це речення не починається з великої літери.	Як
M	863	ALT_SPELLING	1	13	25	Other	Слово, написане не за чинним правописом	
L	864	як було прийнято цей закон
M	864	UPPERCASE_SENTENCE_START		0	2	Other	Це речення не починається з великої літери.	Як
L	865	Як правило, прийнято ототожнювати
M	865	JAK_PRYINIATO	2	12	20	Other	Краще: <suggestion>заведено</suggestion>	заведено
L	866	Він він себе достойним чином
M	866	UKRAINIAN_WORD_REPEAT_RULE		0	7	Other	Можлива механічна помилка: повторення слова	Він
M	866	DOSTOYNYM_CHYNOM	1	13	28	Other	Правильно: <suggestion>гідно</suggestion>, <suggestion>як слід</suggestion>, <suggestion>як треба</suggestion>, <suggestion>як належить</suggestion>	гідно|як слід|як треба|як належить
L	867	Він поводився гідно
L	868	В деякій мірі
M	868	V_DEYAKIY_MIRI	1	0	13	Other	Правильно: <suggestion>якоюсь (певною) мірою</suggestion>, <suggestion>до якоїсь (певної) міри</suggestion>	Якоюсь (певною) мірою|До якоїсь (певної) міри
L	869	деякою мірою
M	869	UPPERCASE_SENTENCE_START		0	6	Other	Це речення не починається з великої літери.	Деякою
L	870	Збори не відбулися, так як прийшло мало людей.
M	870	TAK_YAK	1	20	26	Other	Правильно: <suggestion>бо</suggestion>, <suggestion>через те, що</suggestion>, <suggestion>тому, що</suggestion>, <suggestion>оскільки</suggestion>	бо|через те, що|тому, що|оскільки|позаяк
L	871	Збори не відбулися тому, що прийшло мало людей.
L	872	Чому економіці до цих пір не вистачає кредитів?
M	872	DO_CYH_PIR	1	15	25	Other	Правильно: <suggestion>досі</suggestion>	досі|дотепер|до цього часу|по цей час
L	873	Чому економіці досі не вистачає кредитів?
L	874	А з цих пір і працюю
M	874	DO_CYH_PIR	2	2	11	Other	Правильно: <suggestion>з цього часу</suggestion>	з цього часу|відтепер|віднині
L	875	А з тих пір і працюю
M	875	DO_CYH_PIR	3	2	11	Other	Правильно: <suggestion>з того часу</suggestion>	з того часу|відтоді|відколи|з тої пори
L	876	Справа в тому, що його немає.
M	876	SPRAVA_V_TOMU	1	0	13	Other	Правильно: <suggestion>річ у тому</suggestion>, <suggestion>річ у тім</suggestion>	Річ у тому|Річ у тім
L	877	Справа не в тому, що його немає.
M	877	SPRAVA_V_TOMU	1	0	16	Other	Правильно: <suggestion>річ не у тому</suggestion>, <suggestion>річ не у тім</suggestion>	Річ не у тому|Річ не у тім
L	878	Річ у тім, що його немає.
L	879	Вони виїхали під видом торговців.
M	879	pid_vydom	1	13	22	Other	Правильно: <suggestion>у вигляді</suggestion>, <suggestion>під виглядом</suggestion>	у вигляді|під виглядом|у постаті|начебто|ніби|видаючи себе за
L	880	Однак у дійсності вона змушена розв’язувати...
M	880	u_diysnostim	1	6	17	Other	Правильно: <suggestion>насправді</suggestion>, <suggestion>на ділі</suggestion>	насправді|на ділі
L	881	він був мертвецьки п'яний.
M	881	UPPERCASE_SENTENCE_START		0	3	Other	Це речення не починається з великої літери.	Він
M	881	mertvecky	1	8	25	Other	Краще: <suggestion>п'яний як ніч</suggestion>	п'яний як ніч|п'яний як чіп|п'яний як зюзя
L	882	пив мертвецьки.
M	882	mertvecky	2	0	14	Other	Краще: <suggestion>пив без просипу</suggestion>	пив без просипу
L	883	мертвецьки пивши.
M	883	mertvecky	3	0	16	Other	Краще: <suggestion>без просипу пивши</suggestion>	без просипу пивши
L	884	ліг пластом.
M	884	UPPERCASE_SENTENCE_START		0	3	Other	Це речення не починається з великої літери.	Ліг
M	884	lezhaty_pastom	1	4	11	Other	Краще: <suggestion>лежма</suggestion>	лежма|крижем|плиском|навзнак
L	885	Однак в крайньому випадку вона змушена буде піти...
M	885	vypadok_vs_raz	1	6	25	Other	Краще: <suggestion>в крайньому разі</suggestion>	в крайньому разі
L	886	Однак в будь-якому випадку вона змушена буде піти...
M	886	vypadok_vs_raz	2	6	26	Other	Краще: <suggestion>в кожному разі</suggestion>	в кожному разі|в кожнім разі|в усякім разі
L	887	Однак в загальному випадку вона змушена буде піти...
M	887	vypadok_vs_raz	3	6	26	Other	Краще: <suggestion>загалом</suggestion>	загалом|взагалі
L	888	в противному випадку вона змушена буде піти...
M	888	vypadok_vs_raz	4	0	20	Other	Краще: <suggestion>інакше</suggestion>	інакше|коли ні|в протилежному разі
L	889	в противному випадку не встигну
M	889	vypadok_vs_raz	5	0	23	Other	Краще: <suggestion>інакше не</suggestion>	інакше не|а то не|в протилежному разі не
L	890	Однак в противному випадку не встигну...
M	890	vypadok_vs_raz	5	6	29	Other	Краще: <suggestion>інакше не</suggestion>	інакше не|а то не|в протилежному разі не
L	891	із-за відсутності
M	891	iz_za	1	0	17	Other	Правильно: <suggestion>через відсутність</suggestion>	через відсутність
L	892	пропустив із-за того, що був п'яний.
M	892	UPPERCASE_SENTENCE_START		0	9	Other	Це речення не починається з великої літери.	Пропустив
M	892	iz_za	2	10	20	Other	Правильно: <suggestion>через те</suggestion>	через те
L	893	пропустив із-за цього гру.
M	893	UPPERCASE_SENTENCE_START		0	9	Other	Це речення не починається з великої літери.	Пропустив
M	893	iz_za	3	10	21	Other	Правильно: <suggestion>через це</suggestion>	через це|через цей
L	894	пропустив із-за тебе.
M	894	UPPERCASE_SENTENCE_START		0	9	Other	Це речення не починається з великої літери.	Пропустив
M	894	iz_za	4	10	20	Other	Правильно: <suggestion>через тебе</suggestion>	через тебе
L	895	виглядав із-за нього
M	895	UPPERCASE_SENTENCE_START		0	8	Other	Це речення не починається з великої літери.	Виглядав
L	896	ніхто з-за нього не виглядав
M	896	UPPERCASE_SENTENCE_START		0	5	Other	Це речення не починається з великої літери.	Ніхто
L	897	із-за нього визирала інша голова
M	897	UPPERCASE_SENTENCE_START		0	5	Other	Це речення не починається з великої літери.	Із-за
L	898	пропустив із-за хвороби.
M	898	UPPERCASE_SENTENCE_START		0	9	Other	Це речення не починається з великої літери.	Пропустив
M	898	iz_za	5	10	23	Other	Правильно: <suggestion>через хворобу</suggestion>	через хворобу
L	899	пропустив із-за певних обставин.
M	899	UPPERCASE_SENTENCE_START		0	9	Other	Це речення не починається з великої літери.	Пропустив
M	899	iz_za	5	10	31	Other	Правильно: <suggestion>через певні обставини</suggestion>	через певні обставини
L	900	На сьогоднішній день банкірів більше ніж дантистів.
M	900	SYOGODNYASHNIY_DEN	1	0	20	Other	Правильно: <suggestion>сьогодні</suggestion>, <suggestion>на сьогодні</suggestion>, <suggestion>нині</suggestion>, <suggestion>тепер</suggestion>	Сьогодні|На сьогодні|Нині|Тепер
L	901	На сьогодні заборгованість становить 10 тис.
L	902	З сьогоднішнього дня їх не годуватимуть.
M	902	SYOGODNYASHNIY_DEN	2	0	20	Other	Правильно: <suggestion>відсьогодні</suggestion>, <suggestion>віднині</suggestion>, <suggestion>відтепер</suggestion>	Відсьогодні|Віднині|Відтепер|Від сьогодні|З нинішнього дня|З цього часу
L	903	Дай Бог вам здоров’я
M	903	DAY_BOG	1	4	7	Other	Краще: <suggestion>Боже</suggestion>	Боже
L	904	Дай Боже вам здоров’я
L	905	і за всією імовірністю...
M	905	UPPERCASE_SENTENCE_START		0	1	Other	Це речення не починається з великої літери.	І
M	905	za_vsiyeiu_imovirnistyu	1	2	22	Other	Краще: <suggestion>найімовірніше</suggestion>, <suggestion>цілком імовірно</suggestion>	найімовірніше|цілком імовірно
L	906	і по всій імовірності...
M	906	UPPERCASE_SENTENCE_START		0	1	Other	Це речення не починається з великої літери.	І
M	906	za_vsiyeiu_imovirnistyu	2	2	21	Other	Краще: <suggestion>найімовірніше</suggestion>, <suggestion>цілком імовірно</suggestion>	найімовірніше|цілком імовірно
L	907	і як би там не було...
M	907	UPPERCASE_SENTENCE_START		0	1	Other	Це речення не починається з великої літери.	І
M	907	jak_by_tam_ne_bulo	1	2	19	Other	Краще: <suggestion>хай там як</suggestion>	хай там як|хай там що|хоч би що там було
L	908	і тут йому прийшла в голову ідея...
M	908	UPPERCASE_SENTENCE_START		0	1	Other	Це речення не починається з великої літери.	І
M	908	pryity_v_golovu	1	11	27	Other	Краще: <suggestion>спасти на думку</suggestion>, <suggestion>спливти на думку</suggestion>	спасти на думку|спливти на думку|збігти на думку|набігти на думку|навернутися на думку
L	909	При порівнянні середніх місячних температур виходить, що найтеплішим місяцем у північній півкулі є липень.
M	909	PRY_PORIVNYANNI	1	0	14	Other	Правильно: <suggestion>як порівняти</suggestion>, <suggestion>порівнюючи</suggestion>, <suggestion>з порівняння</suggestion>	Як порівняти|Порівнюючи|З порівняння
L	910	Як порівняти середні місячні температури виходить, що найтеплішим місяцем у північній півкулі є липень.
L	911	при допомозі дружини
M	911	pry_dopomozi	1	0	12	Other	Правильно: <suggestion>за допомогою</suggestion>, <suggestion>з допомогою</suggestion>	за допомогою|з допомогою
L	912	Потрібно корінним образом міняти систему.
M	912	KORINNYM_OBRAZOM	1	9	25	Other	Краще: <suggestion>в корені</suggestion>	в корені|ґрунтовно|докорінно|зовсім|геть цілком
L	913	Потрібно докорінно міняти систему
L	914	Він любив футбол більш за все.
M	914	BILSH_ZA_VSE	1	17	29	Other	Правильно: <suggestion>найбільше</suggestion>	найбільше|понад усе|над усе|перед усім
L	915	Він любив футбол понад усе.
L	916	Більше всього він любив футбол.
M	916	BILSH_ZA_VSE	2	0	13	Other	Правильно: <suggestion>найбільше</suggestion>	Найбільше|Понад усе|Над усе|Перед усім
L	917	Більш усього він любив футбол.
M	917	BILSH_ZA_VSE	2	0	12	Other	Правильно: <suggestion>найбільше</suggestion>	Найбільше|Понад усе|Над усе|Перед усім
L	918	Більш від усього він любив футбол.
M	918	BILSH_ZA_VSE	2	0	16	Other	Правильно: <suggestion>найбільше</suggestion>	Найбільше|Понад усе|Над усе|Перед усім
L	919	Шухевич знав про це, більше того, він допоміг виробити
M	919	bilshe_togo	1	21	32	Other	Правильно: <suggestion>щобільше</suggestion>	щобільше|ба більше|мало того|на додаток|до того|ще й надто
L	920	мене, чесно кажучи, заскочило, більше того - обурило…
M	920	UPPERCASE_SENTENCE_START		0	4	Other	Це речення не починається з великої літери.	Мене
M	920	bilshe_togo	1	31	42	Other	Правильно: <suggestion>щобільше</suggestion>	щобільше|ба більше|мало того|на додаток|до того|ще й надто
L	921	Більш того, він все знав…
M	921	bilshe_togo	1	0	10	Other	Правильно: <suggestion>щобільше</suggestion>	Щобільше|Ба більше|Мало того|На додаток|До того|Ще й надто
L	922	...процесу в Україні, і не більше того.
M	922	bilshe_togo	2	24	38	Other	Правильно: <suggestion>(і) не більше</suggestion>	(і) не більше|(і) не більш
L	923	щораз більше того самого.
M	923	UPPERCASE_SENTENCE_START		0	5	Other	Це речення не починається з великої літери.	Щораз
L	924	не в стані більше того витримувати фізично
M	924	UPPERCASE_SENTENCE_START		0	2	Other	Це речення не починається з великої літери.	Не
L	925	Піар, статусність і не більше того.
M	925	bilshe_togo	2	20	34	Other	Правильно: <suggestion>(і) не більше</suggestion>	(і) не більше|(і) не більш
L	926	не більше того глечика
M	926	UPPERCASE_SENTENCE_START		0	2	Other	Це речення не починається з великої літери.	Не
L	927	більш ніж досить
M	927	bilshe_nizh_dosyt	1	0	16	Other	Правильно: <suggestion>цілком</suggestion>	цілком|достатньо|аж задосить
L	928	І будь-якою ціною.
M	928	bud_jakoyu_cinoyu	1	2	17	Other	Правильно: <suggestion>за будь-яку ціну</suggestion>	за будь-яку ціну
L	929	Я все рівно туди піду.
M	929	VSE_RIVNO	1	2	11	Other	Це калькування російського сталого словосполучення. Ви мали на увазі <suggestion>все одно</suggestion>?	все одно
L	930	Я все одно туди піду.
L	931	Він виключно рідко про це говорить.
M	931	VYKLYUCHNO_RIDKO	1	4	18	Other	Це калькування російського сталого словосполучення. Ви мали на увазі <suggestion>надзвичайно рідко</suggestion>?	надзвичайно рідко
L	932	Він надзвичайно рідко про це говорить.
L	933	спати під відкритим небом
M	933	UPPERCASE_SENTENCE_START		0	5	Other	Це речення не починається з великої літери.	Спати
M	933	PID_VIDKRYTYM_NEBOM	1	6	25	Other	Правильно: <suggestion>просто неба</suggestion>, <suggestion>під голим небом</suggestion>, <suggestion>надворі</suggestion>	просто неба|під голим небом|надворі
L	934	спати під голим небом
M	934	UPPERCASE_SENTENCE_START		0	5	Other	Це речення не починається з великої літери.	Спати
L	935	ясне діло, він пішов туди
M	935	YASNE_DILO	1	0	9	Other	Правильно: <suggestion>зрозуміла річ</suggestion>, <suggestion>певна річ</suggestion>, <suggestion>зрозуміло</suggestion>	зрозуміла річ|певна річ|зрозуміло
L	936	зрозуміло, він пішов туди
M	936	UPPERCASE_SENTENCE_START		0	9	Other	Це речення не починається з великої літери.	Зрозуміло
L	937	У хворого смокче під ложечкою
M	937	SMOKTATY_PID_LOZHECHKOYU	1	10	29	Other	Правильно: <suggestion>болить під грудьми</suggestion>, <suggestion>тисне під серцем</suggestion>, <suggestion>нудить коло серця</suggestion>, <suggestion>тягне всередині (під грудьми)</suggestion>	болить під грудьми|тисне під серцем|нудить коло серця|тягне всередині (під грудьми)
L	938	у хворого болить під грудьми
M	938	UPPERCASE_SENTENCE_START		0	1	Other	Це речення не починається з великої літери.	У
L	939	Від нічого робити різне в голову лізе
M	939	VID_HICHOGO_ROBYTY	1	0	17	Other	Правильно: <suggestion>знічев'я</suggestion>, <suggestion>аби щось робити</suggestion>, <suggestion>аби скоротати час</suggestion>	Знічев'я|Аби щось робити|Аби скоротати час
L	940	Знічев'я різне в голову лізе
L	941	Він побіг що є сили
M	941	SCHO_YE_DUHU	1	10	19	Other	Правильно: <suggestion>щосили</suggestion>, <suggestion>з усієї сили</suggestion>, <suggestion>щодуху</suggestion>, <suggestion>чимдуж</suggestion>, <suggestion>на всю витягу</suggestion>	щосили|з усієї сили|щодуху|чимдуж|на всю витягу
L	942	Він побіг що є духу
M	942	SCHO_YE_DUHU	1	10	19	Other	Правильно: <suggestion>щосили</suggestion>, <suggestion>з усієї сили</suggestion>, <suggestion>щодуху</suggestion>, <suggestion>чимдуж</suggestion>, <suggestion>на всю витягу</suggestion>	щосили|з усієї сили|щодуху|чимдуж|на всю витягу
L	943	Він побіг щодуху
L	944	Квартира з усіма зручностями
M	944	Z_USIMA_ZRUCHNOSTIAMY	1	9	28	Other	Правильно: <suggestion>з усіма вигодами</suggestion>, <suggestion>комфортабельний</suggestion>	з усіма вигодами|комфортабельний
L	945	Квартира з усіма вигодами
L	946	Напруга порядка 100 вольт
M	946	PORIADKA_NUM	1	8	15	Other	Правильно: <suggestion>близько</suggestion>, <suggestion>коло</suggestion>, <suggestion>приблизно</suggestion>	близько|коло|приблизно
M	946	UK_NUMR_NOUN_INFLECTION_AGREEMENT		16	25	Other	Потенційна помилка: числівник не узгоджений з іменником: "100" вимагає: [мн.: родовий], а далі йде "вольт": [ч.р.: називний, знахідний]	100 вольтів
L	947	Порушення порядка
M	947	MORFOLOGIK_RULE_UK_UA		10	17	UnknownWord	Знайдено потенційну орфографічну помилку.	порядку|порядки|порядна|порядках|Прядка|порядкам|порідка|прядка|по рядка
L	948	І якщо б це відбулося
M	948	jakscho_b	1	2	8	Other	Правильно: <suggestion>якби</suggestion>	якби
L	949	До Івано-Франківська рукою подати — 17 кілометрів
M	949	RUKOYU_PODATY	1	21	33	Other	Правильно: <suggestion>(як) палицею (шапкою, штихом) кинути, докинути</suggestion>	(як) палицею (шапкою, штихом) кинути, докинути|(як) рукою сягнути|тільки що не видно|дуже (зовсім) близько|близенько (близесенько)|от-от за плечима
L	950	До Івано-Франківська шапкою докинути — 17 кілометрів
L	951	Хоча і крутяться, як білка в колесі, але ж не задарма
M	951	BILKA_V_KOLESI	1	21	35	Other	Правильно: <suggestion>муха в окропі</suggestion>	муха в окропі|в'юн в ополонці|в'юн на сковорідці|посолений в'юн|дзига|у колесі|сорока на тину
L	952	Хоча і крутяться, як у колесі, але ж не задарма
L	953	питання стояло ребром
M	953	UPPERCASE_SENTENCE_START		0	7	Other	Це речення не починається з великої літери.	Питання
M	953	STOYATY_REBROM	1	15	21	Other	Правильно: <suggestion>руба</suggestion>	руба
L	954	криза поставила його ребром
M	954	UPPERCASE_SENTENCE_START		0	5	Other	Це речення не починається з великої літери.	Криза
M	954	STOYATY_REBROM	1	21	27	Other	Правильно: <suggestion>руба</suggestion>	руба
L	955	зі зламаним ребром
M	955	UPPERCASE_SENTENCE_START		0	2	Other	Це речення не починається з великої літери.	Зі
L	956	Лікар приймає на дому.
M	956	NA_DOMU	1	14	21	Other	Правильно: <suggestion>(у себе) вдома</suggestion>, <suggestion>дома</suggestion>	(у себе) вдома|дома
L	957	Марія була під стать чоловікові
M	957	PID_STAT	1	11	20	Other	Правильно: <suggestion>до пари</suggestion>	до пари|під пару|до росту|до міри|до ладу|йде (до чогось)|личить|годиться
L	958	По великому рахунку, ніхто не проти
M	958	PO_VELYKOMU_RAHUNKU	1	0	19	Other	Правильно: <suggestion>загалом (кажучи)</suggestion>	Загалом (кажучи)|В цілому|До росту|Підходячи з суворими мірками|Якнайсерйозніше|Якнайсуворіше
L	959	За великим рахунком, ніхто не проти
M	959	PO_VELYKOMU_RAHUNKU	2	0	19	Other	Правильно: <suggestion>загалом (кажучи)</suggestion>	Загалом (кажучи)|В цілому|До росту|Підходячи з суворими мірками|Якнайсерйозніше|Якнайсуворіше
L	960	Штани в обтяжку.
M	960	v_obtyazhku	1	6	15	Other	Правильно: <suggestion>облиплий</suggestion>	облиплий|обтислий|підлипчастий
L	961	так на повному серйозі твердять чиновники Київради
M	961	UPPERCASE_SENTENCE_START		0	3	Other	Це речення не починається з великої літери.	Так
M	961	NA_POVNOMU_SERYOZI	1	4	22	Other	Краще: <suggestion>цілком серйозно</suggestion>	цілком серйозно|з усією серйозністю|без жартів
L	962	так в серйоз твердять чиновники Київради
M	962	UPPERCASE_SENTENCE_START		0	3	Other	Це речення не починається з великої літери.	Так
M	962	NA_POVNOMU_SERYOZI	2	4	12	Other	Краще: <suggestion>серйозно</suggestion>	серйозно|правдиво|(брати) за правду
L	963	поїзд битком набито
M	963	UPPERCASE_SENTENCE_START		0	5	Other	Це речення не починається з великої літери.	Поїзд
M	963	BYTKOM_NABYTO	1	6	19	Other	Правильно: <suggestion>повно-повнісінько</suggestion>, <suggestion>нема де й голці впасти (ніде й голкою штрикнути, й голки не встромиш)</suggestion>, <suggestion>ніде й пальцем ткнути</suggestion>, <suggestion>як києм набито (й києм не протиснеш)</suggestion>, <suggestion>і курці ніде клюнуть</suggestion>	повно-повнісінько|нема де й голці впасти (ніде й голкою штрикнути, й голки не встромиш)|ніде й пальцем ткнути|як києм набито (й києм не протиснеш)|і курці ніде клюнуть
L	964	поїзд напхано
M	964	UPPERCASE_SENTENCE_START		0	5	Other	Це речення не починається з великої літери.	Поїзд
L	965	поїзд битком набитий
M	965	UPPERCASE_SENTENCE_START		0	5	Other	Це речення не починається з великої літери.	Поїзд
M	965	BYTKOM_NABYTO	2	6	20	Other	Правильно: <suggestion>повний-повнісінький</suggestion>, <suggestion>переповнений</suggestion>, <suggestion>як набитий</suggestion>, <suggestion>як натоптаний</suggestion>, <suggestion>напхом (до країв, до верху, до берегів) напханий</suggestion>, <suggestion>повно (щільно) напханий</suggestion>, <suggestion>повний по саму зав'язку</suggestion>, <suggestion>повний ущерть</suggestion>	повний-повнісінький|переповнений|як набитий|як натоптаний|напхом (до країв, до верху, до берегів) напханий|повно (щільно) напханий|повний по саму зав'язку|повний ущерть
L	966	поїзд переповнений
M	966	UPPERCASE_SENTENCE_START		0	5	Other	Це речення не починається з великої літери.	Поїзд
L	967	поїзд битком набився
M	967	UPPERCASE_SENTENCE_START		0	5	Other	Це речення не починається з великої літери.	Поїзд
M	967	BYTKOM_NABYTO	3	6	20	Other	Правильно: <suggestion>напхом напхатися</suggestion>, <suggestion>напхом найти (налізти)</suggestion>, <suggestion>натовпитися</suggestion>	напхом напхатися|напхом найти (налізти)|натовпитися
L	968	поїзд напхом напхано
M	968	UPPERCASE_SENTENCE_START		0	5	Other	Це речення не починається з великої літери.	Поїзд
L	969	по понеділках
M	969	PO_PONEDILKAH	1	0	13	Other	Правильно: <suggestion>понеділками</suggestion>	понеділками|у понеділок|щопонеділка
L	970	по п'ятницях
M	970	PO_PONEDILKAH	1	0	12	Other	Правильно: <suggestion>п'ятницями</suggestion>	п'ятницями|у п'ятницю|щоп'ятниці
L	971	по вихідних
M	971	PO_PONEDILKAH	1	0	11	Other	Правильно: <suggestion>вихідними</suggestion>	вихідними|у вихідний|щовихідного
L	972	щоп'ятниці
L	973	по святах
M	973	PO_PONEDILKAH	2	0	9	Other	Правильно: <suggestion>на свята</suggestion>, <suggestion>у свята</suggestion>, <suggestion>святами</suggestion>	на свята|у свята|святами
L	974	на свята
M	974	UPPERCASE_SENTENCE_START		0	2	Other	Це речення не починається з великої літери.	На
L	975	в 50 хвилинах від
M	975	v_n_hvylynah	1	0	13	Other	Правильно: <suggestion>за 50 хвилин</suggestion>	за 50 хвилин
L	976	в 2 хвилинах від
M	976	v_n_hvylynah	2	0	12	Other	Правильно: <suggestion>за 2 хвилини</suggestion>	за 2 хвилини
L	977	в п'ятнадцяти хвилинах від
M	977	v_n_hvylynah	3	0	22	Other	Замість конструкції в ... кілометрах/хвилинах тощо слід вживати конструкцію за ... кілометри/хвилини	за п'ятнадцять хвилин|за п'ятнадцять хвилини
L	978	в трьох кілометрах від
M	978	v_n_hvylynah	3	0	18	Other	Замість конструкції в ... кілометрах/хвилинах тощо слід вживати конструкцію за ... кілометри/хвилини	за три кілометри|за три кілометрів|за троє кілометри|за троє кілометрів
L	979	уніфікували на манер інших елементів.
M	979	UPPERCASE_SENTENCE_START		0	11	Other	Це речення не починається з великої літери.	Уніфікували
M	979	NA_MANER	1	12	20	Other	Правильно: <suggestion>на манір</suggestion>	на манір|на кшталт|на штиб|на взір|на штиль|кшталтом|штибом|способом|робом|ладом
L	980	уніфікували на німецький манер.
M	980	UPPERCASE_SENTENCE_START		0	11	Other	Це речення не починається з великої літери.	Уніфікували
M	980	NA_MANER	1	12	30	Other	Правильно: <suggestion>на манір</suggestion>	на манір|на кшталт|на штиб|на взір|на штиль|кшталтом|штибом|способом|робом|ладом
L	981	у нетверезому вигляді.
M	981	v_netverezomu_vyglyadi	1	0	21	Other	Правильно: <suggestion>нетверезим</suggestion>	нетверезим|напідпитку|у нетверезому стані
L	982	А адже приємно так...
M	982	A_ADZHE	1	0	6	Other	Правильно: <suggestion>адже</suggestion>	Адже
L	983	але в той же час і складний тиждень
M	983	UPPERCASE_SENTENCE_START		0	3	Other	Це речення не починається з великої літери.	Але
M	983	v_toy_zhe_chas	1	4	16	Other	Краще: <suggestion>водночас</suggestion>	водночас|одночасно|в той самий час|однак|разом з тим|а втім|і все ж
L	984	приблизно в той же час
M	984	UPPERCASE_SENTENCE_START		0	9	Other	Це речення не починається з великої літери.	Приблизно
L	985	і в цей же час впливати на процес реформування науки
M	985	UPPERCASE_SENTENCE_START		0	1	Other	Це речення не починається з великої літери.	І
M	985	v_toy_zhe_chas	2	2	14	Other	Краще: <suggestion>водночас</suggestion>	водночас|одночасно|в той таки час|в той самий час
L	986	приблизно в цей же час
M	986	UPPERCASE_SENTENCE_START		0	9	Other	Це речення не починається з великої літери.	Приблизно
L	987	60 з лишнім відсотків
M	987	UK_ADJ_NOUN_INFLECTION_AGREEMENT		5	21	Other	Потенційна помилка: прикметник не узгоджений з іменником: "лишнім": [ч.р.: орудний, с.р.: орудний, мн.: давальний] і "відсотків": [мн.: родовий]	лишнім відсоткам|лишніх відсотків
L	988	два черевики — пара.
M	988	dva_choboty	1	0	19	Other	Правильно: <suggestion>один одного варт (вартий)</suggestion>	один одного варт (вартий)|обоє рябоє|зустрівся Яким з таким|яке їхало, таке й здибало|яке брело, таке й стріло|одно за вісімнадцять, друге без двох за двадцять
L	989	обидва чоботи пара.
M	989	dva_choboty	1	0	18	Other	Правильно: <suggestion>один одного варт (вартий)</suggestion>	один одного варт (вартий)|обоє рябоє|зустрівся Яким з таким|яке їхало, таке й здибало|яке брело, таке й стріло|одно за вісімнадцять, друге без двох за двадцять
L	990	геть не в силах протистояти.
M	990	UPPERCASE_SENTENCE_START		0	4	Other	Це речення не починається з великої літери.	Геть
M	990	NE_V_SYLAH	1	5	15	Other	Правильно: <suggestion>не мати сили</suggestion>	не мати сили|не мати снаги|несила (кому)|неспромога (кому)|не здужати|не спроможним бути
L	991	геть не по силах йому.
M	991	UPPERCASE_SENTENCE_START		0	4	Other	Це речення не починається з великої літери.	Геть
M	991	PO_VS_OTHER	3	8	16	Other	Правильно: <suggestion>під силу</suggestion>, <suggestion>до снаги</suggestion>, <suggestion>здужає</suggestion>	під силу|до снаги|здужає
L	992	б'ють по силах АТО
M	992	UPPERCASE_SENTENCE_START		0	5	Other	Це речення не починається з великої літери.	Б'ють
M	992	PO_VS_OTHER	3	6	14	Other	Правильно: <suggestion>під силу</suggestion>, <suggestion>до снаги</suggestion>, <suggestion>здужає</suggestion>	під силу|до снаги|здужає
L	993	ударів НАТО по силах Талібану
M	993	UPPERCASE_SENTENCE_START		0	6	Other	Це речення не починається з великої літери.	Ударів
M	993	PO_VS_OTHER	3	12	20	Other	Правильно: <suggestion>під силу</suggestion>, <suggestion>до снаги</suggestion>, <suggestion>здужає</suggestion>	під силу|до снаги|здужає
L	994	Гуляння, розуміється, було не на сухо.
M	994	rozumiyetsa_insert	1	9	20	Other	Правильно: <suggestion>певна річ</suggestion>, <suggestion>звичайно</suggestion>	певна річ|звичайно|звісно|певне
L	995	Він розуміється на таких речах.
L	996	Він «розуміється» на таких речах.
L	997	У нас люди по крайній мірі не голодують
M	997	po_kryainiy_miri	1	11	26	Other	Правильно: <suggestion>принаймні</suggestion>	принаймні|хоча б|бодай|у всякому разі
L	998	Ця цифра буде по крайній мірі удвічі більшою
M	998	po_kryainiy_miri	1	14	29	Other	Правильно: <suggestion>принаймні</suggestion>	принаймні|хоча б|бодай|у всякому разі
L	999	буде по крайній мірі краще
M	999	UPPERCASE_SENTENCE_START		0	4	Other	Це речення не починається з великої літери.	Буде
M	999	po_kryainiy_miri	1	5	20	Other	Правильно: <suggestion>принаймні</suggestion>	принаймні|хоча б|бодай|у всякому разі
L	1000	по крайній мірі десять
M	1000	po_kryainiy_miri	2	0	15	Other	Правильно: <suggestion>щонайменше</suggestion> або <suggestion>принаймні</suggestion>	щонайменше|принаймні|хоча б|бодай
L	1001	Довкола неї було по крайній мірі десять залицяльників
M	1001	po_kryainiy_miri	2	17	32	Other	Правильно: <suggestion>щонайменше</suggestion> або <suggestion>принаймні</suggestion>	щонайменше|принаймні|хоча б|бодай
L	1002	Для повноцінної роботи дільниці там має працювати по крайній мірі 15 - 16 осіб
M	1002	po_kryainiy_miri	2	50	65	Other	Правильно: <suggestion>щонайменше</suggestion> або <suggestion>принаймні</suggestion>	щонайменше|принаймні|хоча б|бодай
L	1003	по мірі потреби
M	1003	neobidnist_vs_potreba	8	0	15	Other	Правильно: <suggestion>з потреби</suggestion>, <suggestion>як буде потреба</suggestion>.	з потреби|як буде потреба
L	1004	оптом і в розницю
M	1004	UK_SIMPLE_REPLACE		0	5	Other	«оптом» - помилкове слово, виправлення: гуртом.	гуртом
M	1004	v_roznycuy	1	8	17	Other	Правильно: <suggestion>уроздріб</suggestion>, <suggestion>вроздріб</suggestion>	уроздріб|вроздріб
L	1005	переказали по безналу
M	1005	UPPERCASE_SENTENCE_START		0	10	Other	Це речення не починається з великої літери.	Переказали
M	1005	po_beznalu	1	11	21	Other	Правильно: <suggestion>безготівкою</suggestion>	безготівкою
L	1006	він був там на підхваті.
M	1006	UPPERCASE_SENTENCE_START		0	3	Other	Це речення не починається з великої літери.	Він
M	1006	na_pidkhvati	1	12	23	Other	Правильно: <suggestion>напохваті</suggestion>	напохваті
L	1007	він став йому в нагоді.
M	1007	UPPERCASE_SENTENCE_START		0	3	Other	Це речення не починається з великої літери.	Він
M	1007	stane_v_nahodi	1	14	22	Other	Правильно: <suggestion>в пригоді</suggestion>	в пригоді
L	1008	тож діло табак!
M	1008	UPPERCASE_SENTENCE_START		0	3	Other	Це речення не починається з великої літери.	Тож
M	1008	dilo_tabak	1	4	14	Other	Правильно: <suggestion>кепська справа</suggestion>	кепська справа
L	1009	між тим як в інших випадках
M	1009	mizh_tym_jak	1	0	10	Other	Правильно: <suggestion>тимчасом як</suggestion>, <suggestion>тоді як</suggestion>	тимчасом як|тоді як
L	1010	зробити з кондачка
M	1010	UPPERCASE_SENTENCE_START		0	7	Other	Це речення не починається з великої літери.	Зробити
M	1010	s_kondachka	1	8	18	Other	Правильно: <suggestion>легковажно</suggestion>	легковажно|легкодумно|поверхово|абияк
L	1011	і без всяких вагань
M	1011	UPPERCASE_SENTENCE_START		0	1	Other	Це речення не починається з великої літери.	І
M	1011	bez_vsiakyh	1	6	12	Other	Правильно: <suggestion>жодних</suggestion>	жодних
L	1012	і без всяких сумнівів
M	1012	UPPERCASE_SENTENCE_START		0	1	Other	Це речення не починається з великої літери.	І
M	1012	bez_sumniviv	1	2	21	Other	Правильно: <suggestion>поза жодними сумнівами</suggestion>	поза жодними сумнівами
L	1013	і без всякого жалю
M	1013	UPPERCASE_SENTENCE_START		0	1	Other	Це речення не починається з великої літери.	І
M	1013	bez_zhalyu	1	6	13	Other	Правильно: <suggestion>безжалісно</suggestion>	безжалісно
L	1014	і у великій степені
M	1014	UPPERCASE_SENTENCE_START		0	1	Other	Це речення не починається з великої літери.	І
M	1014	v_stepeni	1	2	19	Other	Правильно: <suggestion>великою мірою</suggestion>	великою мірою
L	1015	і в багатьох відношеннях
M	1015	UPPERCASE_SENTENCE_START		0	1	Other	Це речення не починається з великої літери.	І
M	1015	v_vidnoshenniah	1	2	24	Other	Правильно: <suggestion>з усіх боків</suggestion>	з усіх боків|з усякого погляду|у всьому
L	1016	набагато сучасніший у всіх відношеннях
M	1016	UPPERCASE_SENTENCE_START		0	8	Other	Це речення не починається з великої літери.	Набагато
M	1016	v_vidnoshenniah	1	20	38	Other	Правильно: <suggestion>з усіх боків</suggestion>	з усіх боків|з усякого погляду|у всьому
L	1017	і в деяких відношеннях
M	1017	UPPERCASE_SENTENCE_START		0	1	Other	Це речення не починається з великої літери.	І
M	1017	v_vidnoshenniah	2	2	22	Other	Правильно: <suggestion>з деяких боків</suggestion>	з деяких боків|з деякого погляду
L	1018	і в екологічному відношенні
M	1018	UPPERCASE_SENTENCE_START		0	1	Other	Це речення не починається з великої літери.	І
M	1018	v_vidnoshenniah	3	2	27	Other	Правильно: <suggestion>з екологічного погляду</suggestion>	з екологічного погляду
L	1019	і в економічному відношенні
M	1019	UPPERCASE_SENTENCE_START		0	1	Other	Це речення не починається з великої літери.	І
M	1019	v_vidnoshenniah	4	2	27	Other	Правильно: <suggestion>в економічному плані</suggestion>	в економічному плані
L	1020	а от у кількісному відношенні.
M	1020	UPPERCASE_SENTENCE_START		0	1	Other	Це речення не починається з великої літери.	А
M	1020	v_vidnoshenniah	5	5	29	Other	Правильно: <suggestion>кількісно</suggestion>	кількісно
L	1021	а іменно
M	1021	a_imenno	1	0	8	Other	Правильно: <suggestion>а саме</suggestion>	а саме
L	1022	а між тим, час спливав
M	1022	a_mizh_tym	1	0	9	Other	Правильно: <suggestion>а тим часом</suggestion>	а тим часом|насправді
L	1023	в поті лиця
M	1023	v_poti_lycia	1	0	11	Other	Правильно: <suggestion>в поті чола</suggestion>	в поті чола
L	1024	в даний момент
M	1024	danyi_moment	1	0	14	Other	Краще: <suggestion>наразі</suggestion>	наразі|в цей момент|в цю хвилину|цієї миті
L	1025	на даний момент
M	1025	danyi_moment	2	0	15	Other	Краще: <suggestion>на цей час</suggestion>	на цей час|на цю мить|на цей момент|зараз|тепер|нині
L	1026	в даний час
M	1026	danyi_moment	3	0	11	Other	Краще: <suggestion>зараз</suggestion>	зараз|тепер|в цей час|нині
L	1027	в даному випадку
M	1027	v_danomu_vypadku	1	0	16	Other	Краще: <suggestion>в такому випадку</suggestion>	в такому випадку|в цьому випадку|в такій ситуації
L	1028	ближчим часом
M	1028	blyzhchym_chason	1	0	13	Other	Краще: <suggestion>незабаром</suggestion>	незабаром|невдовзі|найближчим часом
L	1029	в скорому часі
M	1029	v_skoromu_casi	1	0	14	Other	Краще: <suggestion>незабаром</suggestion>	незабаром|скоро|невдовзі
L	1030	в добру путь
M	1030	v_dobru_put	1	0	12	Other	Краще: <suggestion>щасливої дороги</suggestion>	щасливої дороги
L	1031	удень з вогнем у крамницях не знайдеш
M	1031	vden_z_vognem	1	0	14	Other	Правильно: <suggestion>зі свічкою в руках</suggestion>	зі свічкою в руках|шукай вітра в полі|удень з каганцем
L	1032	несть їм числа
M	1032	nest_chysla	1	0	14	Other	Правильно: <suggestion>нема (немає) ліку їм</suggestion>	нема (немає) ліку їм|без ліку (безліч) них|без ліку (безліч) їх|сила-силенна (сила-силюща, силеча) них|сила-силенна (сила-силюща, силеча) їх
L	1033	будьте добрі
M	1033	budte_dobri	1	0	12	Other	Правильно: <suggestion>будьте ласкаві</suggestion>	будьте ласкаві|коли ваша ласка
L	1034	в лежачому положенні
M	1034	v_lezhachomu_polozhenni	1	0	20	Other	Краще: <suggestion>лежачи</suggestion>	лежачи|в положенні лежачи
L	1035	в стоячому положенні
M	1035	v_lezhachomu_polozhenni	2	0	20	Other	Краще: <suggestion>стоячки</suggestion>	стоячки|навстоячки
L	1036	в найближчий час
M	1036	v_naiblyzhchyi_chas	1	0	16	Other	Краще: <suggestion>незабаром</suggestion>	незабаром|невдовзі|найближчим часом
L	1037	в найближчі дні
M	1037	v_naiblyzhchyi_chas	2	0	15	Other	Краще: <suggestion>найближчими днями</suggestion>	найближчими днями
L	1038	вчора вечором.
M	1038	UPPERCASE_SENTENCE_START		0	5	Other	Це речення не починається з великої літери.	Вчора
M	1038	vechorom	1	6	13	Other	У функції прислівника замість «вечором» треба писати: <suggestion>увечері</suggestion>	увечері|вечора
L	1039	одним вечором.
M	1039	vechorom	1	0	13	Other	У функції прислівника замість «вечором» треба писати: <suggestion>увечері</suggestion>	увечері|одного вечора
L	1040	тікаючи перед вечором
M	1040	UPPERCASE_SENTENCE_START		0	7	Other	Це речення не починається з великої літери.	Тікаючи
L	1041	вечір за вечором
M	1041	UPPERCASE_SENTENCE_START		0	5	Other	Це речення не починається з великої літери.	Вечір
L	1042	керували тим творчим вечором
M	1042	UPPERCASE_SENTENCE_START		0	8	Other	Це речення не починається з великої літери.	Керували
L	1043	насолоджувався осіннім вечором
M	1043	UPPERCASE_SENTENCE_START		0	14	Other	Це речення не починається з великої літери.	Насолоджувався
L	1044	загинув по п'яні.
M	1044	UPPERCASE_SENTENCE_START		0	7	Other	Це речення не починається з великої літери.	Загинув
M	1044	po_pyani	1	8	16	Other	Правильно: <suggestion>по п'яному</suggestion>	по п'яному|напідпитку|з п'яних очей
L	1045	а раптом він прийде до нас.
M	1045	a_raptom	1	0	8	Other	Правильно: <suggestion>а що як</suggestion>	а що як|ану (ж)
L	1046	в такому роді
M	1046	v_takomu_rodi	1	0	13	Other	Правильно: <suggestion>щось подібне</suggestion>	щось подібне|щось таке|в такому ключі
L	1047	Адже в такому роді занять
L	1048	Вона закінчила школу два роки тому назад.
M	1048	tomu_nazad	1	30	40	Other	Правильно: <suggestion>тому</suggestion>.	тому
L	1049	Вона зробила це вже декілька тижнів тому назад.
M	1049	tomu_nazad	1	36	46	Other	Правильно: <suggestion>тому</suggestion>.	тому
L	1050	Вона закінчила школу рік тому назад.
M	1050	tomu_nazad	2	21	35	Other	Правильно: <suggestion>торік</suggestion>, <suggestion>рік тому</suggestion>.	торік|рік тому
L	1051	де не візьмись прийшов він.
M	1051	de_ne_vizmys	1	0	14	Other	Правильно: <suggestion>де не взявся</suggestion>	де не взявся|де взявся|аж ось і|коли це|звідкись (не знати звідки, казна-звідки) узявся
L	1052	і вправі не поїхати
M	1052	UPPERCASE_SENTENCE_START		0	1	Other	Це речення не починається з великої літери.	І
M	1052	vpravi_verb	1	2	8	Other	Правильно: <suggestion>мати право</suggestion>, <suggestion>могти</suggestion>	мати право|могти
L	1053	поглядав з опаскою.
M	1053	UPPERCASE_SENTENCE_START		0	8	Other	Це речення не починається з великої літери.	Поглядав
M	1053	z_opaskoyu	1	9	18	Other	Правильно: <suggestion>з побоюванням</suggestion>	з побоюванням|з острахом|бережко
L	1054	Вона б їла шоколад до безкінечності.
M	1054	do_bezkinechnosti	1	19	35	Other	Правильно: <suggestion>нескінченно</suggestion>	нескінченно|без кінця|без краю|без кінця-краю|(матем.) до нескінченності
L	1055	Він добрий по натурі.
M	1055	po_naturi	1	11	20	Other	Краще: <suggestion>з природи (натури)</suggestion>	з природи (натури)|на вдачу (натуру)|(доброї тощо) вдачі|зроду|природою|натурою
L	1056	Додай собі цукор за смаком.
M	1056	za_smakom	1	17	26	Other	Правильно: <suggestion>(собі) до смаку</suggestion>.	(собі) до смаку|на (свій) смак|до свого смаку|на смак|(нагадувати тощо) смаком
L	1057	Додай собі цукор за власним смаком.
M	1057	za_smakom	1	17	34	Other	Правильно: <suggestion>(собі) до смаку</suggestion>.	(собі) до смаку|на (свій) смак|до свого смаку|на смак|(нагадувати тощо) смаком
L	1058	повністю йдуть за смаком глядача
M	1058	UPPERCASE_SENTENCE_START		0	8	Other	Це речення не починається з великої літери.	Повністю
L	1059	налий йому за шиворот.
M	1059	UPPERCASE_SENTENCE_START		0	5	Other	Це речення не починається з великої літери.	Налий
M	1059	za_shyvorot	1	11	21	Other	Правильно: <suggestion>за шкірку</suggestion>.	за шкірку
L	1060	пішли в обнімку.
M	1060	UPPERCASE_SENTENCE_START		0	5	Other	Це речення не починається з великої літери.	Пішли
M	1060	v_obnimku	1	6	15	Other	Правильно: <suggestion>обійнявшись</suggestion>.	обійнявшись
L	1061	другими словами, вона це зробила.
M	1061	drygymy_slovamy	1	0	15	Other	Правильно: <suggestion>інакше кажучи</suggestion>.	інакше кажучи|іншими словами
L	1062	в самий раз
M	1062	v_samyi_raz	1	0	11	Other	Правильно: <suggestion>як раз</suggestion>.	як раз
L	1063	і з ходу випалив
M	1063	UPPERCASE_SENTENCE_START		0	1	Other	Це речення не починається з великої літери.	І
M	1063	z_hodu	1	2	8	Other	Краще: <suggestion>спрожогу</suggestion>	спрожогу|з наскоку
L	1064	і при вигляді цього
M	1064	UPPERCASE_SENTENCE_START		0	1	Other	Це речення не починається з великої літери.	І
M	1064	pry_vyhlyadi	1	2	13	Other	Правильно: <suggestion>бачучи</suggestion>, <suggestion>побачивши</suggestion>	бачучи|побачивши
L	1065	на вскидку оцінив
M	1065	na_vskydku	1	0	10	Other	Правильно: <suggestion>на око</suggestion>	на око|на вигляд|(про стрільбу) навскидь
L	1066	на авось
M	1066	na_avos	1	0	8	Other	Правильно: <suggestion>навмання</suggestion>	навмання|на галай|на дастьбі(г)|на відчай|на щастя
L	1067	за промовчанням
M	1067	za_promovchannyam	1	0	15	Other	Краще: <suggestion>типово</suggestion>	типово
L	1068	на ніч дивлячись
M	1068	na_nich_dyvlyachys	1	0	16	Other	Краще: <suggestion>проти ночі</suggestion>	проти ночі
L	1069	наніч дивлячись
M	1069	na_nich_dyvlyachys	2	0	15	Other	Краще: <suggestion>проти ночі</suggestion>	проти ночі
L	1070	А шепотом казали.
M	1070	shepotom	1	2	9	Other	Правильно: <suggestion>пошепки</suggestion>	пошепки|навпошепки
L	1071	вимовляв шепотом.
M	1071	shepotom	2	0	16	Other	Правильно: <suggestion>вишепочувати</suggestion>	вишепочувати
L	1072	від усієї душі
M	1072	vid_usiyei_dushi	1	0	14	Other	Правильно: <suggestion>з усього серця</suggestion>	з усього серця|з щирого серця
L	1073	розбили на голову.
M	1073	UPPERCASE_SENTENCE_START		0	7	Other	Це речення не починається з великої літери.	Розбили
M	1073	na_golovy	1	8	17	Other	Можливо ви мали на увазі: <suggestion>ущент</suggestion>, <suggestion>дощенту</suggestion>, <suggestion>упень</suggestion>?	ущент|дощенту|упень
L	1074	розбили його на голову.
M	1074	UPPERCASE_SENTENCE_START		0	7	Other	Це речення не починається з великої літери.	Розбили
M	1074	na_golovy	1	13	22	Other	Можливо ви мали на увазі: <suggestion>ущент</suggestion>, <suggestion>дощенту</suggestion>, <suggestion>упень</suggestion>?	ущент|дощенту|упень
L	1075	і на голову розбитого.
M	1075	UPPERCASE_SENTENCE_START		0	1	Other	Це речення не починається з великої літери.	І
M	1075	na_golovy	2	2	11	Other	Можливо ви мали на увазі: <suggestion>ущент</suggestion>, <suggestion>дощенту</suggestion>, <suggestion>упень</suggestion>?	ущент|дощенту|упень
L	1076	по причині бідності
M	1076	PO_VS_CHEREZ	1	0	10	Other	Замість «по» тут краще вживати «через», «з»	через причину|з причини
L	1077	по технічним причинам
M	1077	PO_VS_CHEREZ	2	0	21	Other	Замість «по» тут краще вживати «через», «з»: <suggestion>через технічні причини</suggestion>	через технічні причини|з технічних причин
L	1078	по такій причині
M	1078	PO_VS_CHEREZ	2	0	16	Other	Замість «по» тут краще вживати «через», «з»: <suggestion>через таку причину</suggestion>	через таку причину|з такої причини
L	1079	по одній причині.
M	1079	PO_VS_CHEREZ	2	0	16	Other	Замість «по» тут краще вживати «через», «з»: <suggestion>через одну причину</suggestion>	через одну причину|з одної причини|з однієї причини
L	1080	по двом причинам.
M	1080	PO_VS_CHEREZ	2	0	16	Other	Замість «по» тут краще вживати «через», «з»: <suggestion>через два причини</suggestion>, <suggestion>через двох причини</suggestion>, <suggestion>через двоє причини</suggestion>, <suggestion>через дві причини</suggestion>	через два причини|через двох причини|через двоє причини|через дві причини|з двох причин
L	1081	по багатьох причинах.
M	1081	PO_VS_CHEREZ	2	0	20	Other	Замість «по» тут краще вживати «через», «з»: <suggestion>через багато причини</suggestion>, <suggestion>через багатьох причини</suggestion>	через багато причини|через багатьох причини|з багатьох причин
L	1082	через технічні причини
M	1082	UPPERCASE_SENTENCE_START		0	5	Other	Це речення не починається з великої літери.	Через
L	1083	поговорити по душам
M	1083	UPPERCASE_SENTENCE_START		0	10	Other	Це речення не починається з великої літери.	Поговорити
M	1083	PO_VS_OTHER	1	11	19	Other	Правильно: <suggestion>щиро</suggestion>, <suggestion>відверто</suggestion>, <suggestion>по щирості</suggestion>	щиро|відверто|по щирості
L	1084	поговорити відверто
M	1084	UPPERCASE_SENTENCE_START		0	10	Other	Це речення не починається з великої літери.	Поговорити
L	1085	по відношенню до роботи
M	1085	PO_VS_OTHER	2	0	16	Other	Правильно: <suggestion>стосовно</suggestion>, <suggestion>щодо</suggestion>, <suggestion>до</suggestion>, <suggestion>проти</suggestion>	стосовно|щодо|до|проти
L	1086	стосовно роботи
M	1086	UPPERCASE_SENTENCE_START		0	8	Other	Це речення не починається з великої літери.	Стосовно
L	1087	не по силах
M	1087	UPPERCASE_SENTENCE_START		0	2	Other	Це речення не починається з великої літери.	Не
M	1087	PO_VS_OTHER	3	3	11	Other	Правильно: <suggestion>під силу</suggestion>, <suggestion>до снаги</suggestion>, <suggestion>здужає</suggestion>	під силу|до снаги|здужає
L	1088	не під силу
M	1088	UPPERCASE_SENTENCE_START		0	2	Other	Це речення не починається з великої літери.	Не
L	1089	по всьому видно
M	1089	PO_VS_Z	1	0	15	Other	Правильно: <suggestion>з усього видно</suggestion>	з усього видно
L	1090	з усього видно
M	1090	UPPERCASE_SENTENCE_START		0	1	Other	Це речення не починається з великої літери.	З
L	1091	по всякому поводу
M	1091	PO_VS_Z	2	0	17	Other	Правильно: <suggestion>будь з якого приводу</suggestion>, <suggestion>будь з якої причини</suggestion>, <suggestion>будь з чого</suggestion>, <suggestion>аби з чого</suggestion>	будь з якого приводу|будь з якої причини|будь з чого|аби з чого
L	1092	будь з якого приводу
M	1092	UPPERCASE_SENTENCE_START		0	4	Other	Це речення не починається з великої літери.	Будь
L	1093	по досвіду
M	1093	PO_VS_Z	3	0	10	Other	Правильно: <suggestion>з досвіду</suggestion>	з досвіду
L	1094	по своєму досвіду
M	1094	PO_VS_Z	3	0	17	Other	Правильно: <suggestion>з досвіду</suggestion>	з досвіду
L	1095	з досвіду
M	1095	UPPERCASE_SENTENCE_START		0	1	Other	Це речення не починається з великої літери.	З
L	1096	курси по підготовці
M	1096	UPPERCASE_SENTENCE_START		0	5	Other	Це речення не починається з великої літери.	Курси
M	1096	PO_VS_Z	4	6	19	Other	Правильно: <suggestion>з підготовки</suggestion>	з підготовки|щодо підготовки|підготовки
L	1097	міністерство по охороні
M	1097	UPPERCASE_SENTENCE_START		0	12	Other	Це речення не починається з великої літери.	Міністерство
M	1097	PO_VS_Z	4	13	23	Other	Правильно: <suggestion>з охорони</suggestion>	з охорони|щодо охорони|охорони
L	1098	завдання по математиці
M	1098	UPPERCASE_SENTENCE_START		0	8	Other	Це речення не починається з великої літери.	Завдання
M	1098	PO_VS_Z	5	9	22	Other	Правильно: <suggestion>з математики</suggestion>	з математики
L	1099	завдання з математики
M	1099	UPPERCASE_SENTENCE_START		0	8	Other	Це речення не починається з великої літери.	Завдання
L	1100	по його словах
M	1100	PO_VS_Z	6	0	14	Other	Правильно: <suggestion>з таких слів</suggestion>, <suggestion>як (хтось) сказав</suggestion>	з таких слів|як (хтось) сказав
L	1101	як він сказав
M	1101	UPPERCASE_SENTENCE_START		0	2	Other	Це речення не починається з великої літери.	Як
L	1102	По тих словах він пішов додому
L	1103	заходи по відродженню
M	1103	UPPERCASE_SENTENCE_START		0	6	Other	Це речення не починається з великої літери.	Заходи
M	1103	PO_VS_Z	7	7	21	Other	Правильно: <suggestion>з відродження</suggestion>, <suggestion>щодо відродження</suggestion>	з відродження|щодо відродження
L	1104	заходи з відродження
M	1104	UPPERCASE_SENTENCE_START		0	6	Other	Це речення не починається з великої літери.	Заходи
L	1105	по вашій милості
M	1105	PO_VS_Z	8	0	16	Other	Правильно: <suggestion>з вашої ласки</suggestion>	з вашої ласки
L	1106	по милості царя
M	1106	PO_VS_Z	8	0	10	Other	Правильно: <suggestion>з ласки</suggestion>	з ласки
L	1107	з вашої ласки
M	1107	UPPERCASE_SENTENCE_START		0	1	Other	Це речення не починається з великої літери.	З
L	1108	по ліву сторону
M	1108	PO_VS_Z	9	0	15	Other	Правильно: <suggestion>ліворуч</suggestion>, <suggestion>зліва</suggestion>, <suggestion>з лівого боку</suggestion>, <suggestion>по ліву руку</suggestion>	ліворуч|зліва|з лівого боку|по ліву руку
L	1109	ліворуч
L	1110	по праву сторону
M	1110	PO_VS_Z	10	0	16	Other	Правильно: <suggestion>праворуч</suggestion>, <suggestion>справа</suggestion>, <suggestion>з правого боку</suggestion>, <suggestion>по праву руку</suggestion>	праворуч|справа|з правого боку|по праву руку
L	1111	праворуч
L	1112	судячи по реакції
M	1112	UPPERCASE_SENTENCE_START		0	6	Other	Це речення не починається з великої літери.	Судячи
M	1112	PO_VS_Z	11	7	9	Other	Правильно: <suggestion>з</suggestion>	з
L	1113	судячи по ньому
M	1113	UPPERCASE_SENTENCE_START		0	6	Other	Це речення не починається з великої літери.	Судячи
L	1114	конференція по питанню рівності
M	1114	UPPERCASE_SENTENCE_START		0	11	Other	Це речення не починається з великої літери.	Конференція
M	1114	PO_VS_Z	12	12	22	Other	Правильно: <suggestion>з питання</suggestion>	з питання|у справах
L	1115	оцінювати по справах.
M	1115	UPPERCASE_SENTENCE_START		0	9	Other	Це речення не починається з великої літери.	Оцінювати
M	1115	PO_VS_Z	13	10	20	Other	Правильно: <suggestion>за справами</suggestion>	за справами
L	1116	оцінити по 600 грн.
M	1116	UPPERCASE_SENTENCE_START		0	7	Other	Це речення не починається з великої літери.	Оцінити
L	1117	прийшов по справах контори
M	1117	UPPERCASE_SENTENCE_START		0	7	Other	Це речення не починається з великої літери.	Прийшов
M	1117	PO_VS_Z	14	8	18	Other	Правильно: <suggestion>у справах</suggestion>	у справах
L	1118	видно по справах
M	1118	UPPERCASE_SENTENCE_START		0	5	Other	Це речення не починається з великої літери.	Видно
L	1119	судити можна по справах
M	1119	UPPERCASE_SENTENCE_START		0	6	Other	Це речення не починається з великої літери.	Судити
L	1120	проходив по справі
M	1120	UPPERCASE_SENTENCE_START		0	8	Other	Це речення не починається з великої літери.	Проходив
L	1121	витрати по пошуку нового персоналу
M	1121	UPPERCASE_SENTENCE_START		0	7	Other	Це речення не починається з великої літери.	Витрати
M	1121	PO_VS_Z	15	8	17	Other	Правильно: <suggestion>з пошуку</suggestion>	з пошуку|для пошуку
L	1122	голосування по виборах
M	1122	UPPERCASE_SENTENCE_START		0	11	Other	Це речення не починається з великої літери.	Голосування
M	1122	PO_VS_Z	16	12	22	Other	Правильно: <suggestion>з виборів</suggestion>	з виборів|щодо виборів
L	1123	зробили це по незнанню
M	1123	UPPERCASE_SENTENCE_START		0	7	Other	Це речення не починається з великої літери.	Зробили
M	1123	PO_VS_Z	17	11	22	Other	Правильно: <suggestion>через незнання</suggestion>	через незнання|не знаючи|знезнавки
L	1124	зробили це по необачності
M	1124	UPPERCASE_SENTENCE_START		0	7	Other	Це речення не починається з великої літери.	Зробили
M	1124	PO_VS_Z	18	11	25	Other	Правильно: <suggestion>з необачності</suggestion>	з необачності|через необачність|з необачки
L	1125	зробили це по неуважності
M	1125	UPPERCASE_SENTENCE_START		0	7	Other	Це речення не починається з великої літери.	Зробили
M	1125	PO_VS_Z	19	11	25	Other	Правильно: <suggestion>з неуважності</suggestion>	з неуважності|через неуважність
L	1126	30 градусів по Цельсію
M	1126	PO_VS_ZA	1	12	22	Other	Правильно: <suggestion>за Цельсієм</suggestion>, <suggestion>за Фаренгейтом</suggestion>	за Цельсієм|за Фаренгейтом
L	1127	30 градусів за Цельсієм
L	1128	Закінчив політехніку по спеціальності
M	1128	PO_VS_ZA	2	21	37	Other	Правильно: <suggestion>за спеціальністю</suggestion>	за спеціальністю
L	1129	Закінчив політехніку за спеціальністю
L	1130	і по таких мірках
M	1130	UPPERCASE_SENTENCE_START		0	1	Other	Це речення не починається з великої літери.	І
M	1130	PO_VS_ZA	3	2	17	Other	Правильно: <suggestion>за такими мірками</suggestion>	за такими мірками
L	1131	і по таких правилах
M	1131	UPPERCASE_SENTENCE_START		0	1	Other	Це речення не починається з великої літери.	І
M	1131	PO_VS_ZA	4	2	19	Other	Правильно: <suggestion>за такими правилами</suggestion>	за такими правилами
L	1132	по сумісництву
M	1132	PO_VS_ZA	5	0	14	Other	Правильно: <suggestion>за сумісництвом</suggestion>	за сумісництвом
L	1133	за сумісництвом
M	1133	UPPERCASE_SENTENCE_START		0	2	Other	Це речення не починається з великої літери.	За
L	1134	по наказу
M	1134	PO_VS_ZA	6	0	9	Other	Правильно: <suggestion>за наказом</suggestion>, <suggestion>з наказу</suggestion>	за наказом|з наказу
L	1135	за наказом
M	1135	UPPERCASE_SENTENCE_START		0	2	Other	Це речення не починається з великої літери.	За
L	1136	по формі
M	1136	PO_VS_ZA	7	0	8	Other	Правильно: <suggestion>за формою</suggestion>	за формою
L	1137	за формою
M	1137	UPPERCASE_SENTENCE_START		0	2	Other	Це речення не починається з великої літери.	За
L	1138	по ціні
M	1138	PO_VS_ZA	8	0	7	Other	Правильно: <suggestion>за ціною</suggestion>	за ціною
L	1139	бити по цінах
M	1139	UPPERCASE_SENTENCE_START		0	4	Other	Це речення не починається з великої літери.	Бити
L	1140	за ціною
M	1140	UPPERCASE_SENTENCE_START		0	2	Other	Це речення не починається з великої літери.	За
L	1141	по вказівці
M	1141	PO_VS_ZA	9	0	11	Other	Правильно: <suggestion>з наказу</suggestion>, <suggestion>за вказівкою</suggestion>	з наказу|за вказівкою
L	1142	за вказівкою
M	1142	UPPERCASE_SENTENCE_START		0	2	Other	Це речення не починається з великої літери.	За
L	1143	по кількості
M	1143	PO_VS_ZA	10	0	12	Other	Правильно: <suggestion>за кількістю</suggestion>, <suggestion>кількістю</suggestion>, <suggestion>числом</suggestion>	за кількістю|кількістю|числом
L	1144	план по кількості
M	1144	UPPERCASE_SENTENCE_START		0	4	Other	Це речення не починається з великої літери.	План
M	1144	PO_VS_ZA	11	5	17	Other	Правильно: <suggestion>кількостей</suggestion>, <suggestion>кількости</suggestion>, <suggestion>кількості</suggestion>, <suggestion>з кількостей</suggestion>, <suggestion>з кількости</suggestion>, <suggestion>з кількості</suggestion>	кількостей|кількости|кількості|з кількостей|з кількости|з кількості
L	1145	план по доходах
M	1145	UPPERCASE_SENTENCE_START		0	4	Other	Це речення не починається з великої літери.	План
M	1145	PO_VS_ZA	11	5	15	Other	Правильно: <suggestion>доходів</suggestion>, <suggestion>з доходів</suggestion>	доходів|з доходів
L	1146	план по повній ліквідації
M	1146	UPPERCASE_SENTENCE_START		0	4	Other	Це речення не починається з великої літери.	План
M	1146	PO_VS_ZA	11	5	25	Other	Правильно: <suggestion>повної ліквідацій</suggestion>, <suggestion>повної ліквідації</suggestion>, <suggestion>з повної ліквідацій</suggestion>, <suggestion>з повної ліквідації</suggestion>	повної ліквідацій|повної ліквідації|з повної ліквідацій|з повної ліквідації
L	1147	план повної ліквідації
M	1147	UPPERCASE_SENTENCE_START		0	4	Other	Це речення не починається з великої літери.	План
L	1148	по домовленості
M	1148	PO_VS_ZA	12	0	15	Other	Правильно: <suggestion>за домовленістю</suggestion>, <suggestion>згідно з домовленістю</suggestion>	за домовленістю|згідно з домовленістю
L	1149	за домовленістю
M	1149	UPPERCASE_SENTENCE_START		0	2	Other	Це речення не починається з великої літери.	За
L	1150	по результатах
M	1150	PO_VS_ZA	13	0	14	Other	Правильно: <suggestion>за результатами</suggestion>, <suggestion>з наслідків</suggestion>	за результатами|з наслідків
L	1151	за результатами
M	1151	UPPERCASE_SENTENCE_START		0	2	Other	Це речення не починається з великої літери.	За
L	1152	по спостереженню
M	1152	PO_VS_ZA	14	0	16	Other	Правильно: <suggestion>як спостережено</suggestion>, <suggestion>за спостереженням</suggestion>	як спостережено|за спостереженням
L	1153	за спостереженням
M	1153	UPPERCASE_SENTENCE_START		0	2	Other	Це речення не починається з великої літери.	За
L	1154	все робити по порядку
M	1154	UPPERCASE_SENTENCE_START		0	3	Other	Це речення не починається з великої літери.	Все
M	1154	PO_VS_ZA	15	11	21	Other	Правильно: <suggestion>підряд</suggestion>, <suggestion>по черзі</suggestion>, <suggestion>послідовно</suggestion>, <suggestion>за порядком</suggestion>	підряд|по черзі|послідовно|за порядком
L	1155	на порядку
M	1155	UPPERCASE_SENTENCE_START		0	2	Other	Це речення не починається з великої літери.	На
L	1156	по місцю проживання
M	1156	PO_VS_ZA	16	0	8	Other	Правильно: <suggestion>за місцем</suggestion>	за місцем
L	1157	по місцю постійного проживання
M	1157	PO_VS_ZA	16	0	8	Other	Правильно: <suggestion>за місцем</suggestion>	за місцем
L	1158	за місцем проживання
M	1158	UPPERCASE_SENTENCE_START		0	2	Other	Це речення не починається з великої літери.	За
L	1159	По походженню він поляк.
M	1159	PO_VS_ZA	17	0	13	Other	Ви мали на увазі <suggestion>за походженням</suggestion>?	За походженням
L	1160	За походженням він поляк.
L	1161	Працювати по схемі.
M	1161	PO_VS_ZA	18	10	18	Other	Ви мали на увазі <suggestion>за схемою</suggestion>?	за схемою
L	1162	Працювати за схемою.
L	1163	По підсумках роботи.
M	1163	PO_VS_ZA	19	0	12	Other	Ви мали на увазі <suggestion>за підсумками</suggestion>?	За підсумками
L	1164	За підсумками роботи.
L	1165	по сімейних обставинах
M	1165	PO_VS_ZA	20	0	22	Other	Правильно: <suggestion>за сімейних обставин</suggestion>	за сімейних обставин|до сімейних обставин|на сімейні обставини
L	1166	по наслідству
M	1166	PO_VS_U	1	0	13	Other	Правильно: <suggestion>у спадщину</suggestion>, <suggestion>у спадок</suggestion>	у спадщину|у спадок
L	1167	у спадок
M	1167	UPPERCASE_SENTENCE_START		0	1	Other	Це речення не починається з великої літери.	У
L	1168	номер по порядку
M	1168	PO_VS_U	2	0	16	Other	Правильно: <suggestion>порядковий номер</suggestion>, <suggestion>чергове число</suggestion>, <suggestion>номер по черзі</suggestion>	порядковий номер|чергове число|номер по черзі
L	1169	черговий номер
M	1169	UPPERCASE_SENTENCE_START		0	8	Other	Це речення не починається з великої літери.	Черговий
L	1170	По напрямку села.
M	1170	PO_VS_U	3	0	11	Other	Ви мали на увазі <suggestion>у напрямку</suggestion>?	У напрямку
L	1171	У напрямку села.
L	1172	по питаннях
M	1172	PO_VS_U	4	0	11	Other	Правильно: <suggestion>в справах</suggestion>, <suggestion>з питань</suggestion>	в справах|з питань
L	1173	у справах
M	1173	UPPERCASE_SENTENCE_START		0	1	Other	Це речення не починається з великої літери.	У
L	1174	зауваження по
M	1174	PO_VS_DO	1	0	13	Other	Правильно: <suggestion>зауваження до</suggestion>, <suggestion>заувага до</suggestion>	зауваження до|заувага до
L	1175	зауваження до
M	1175	UPPERCASE_SENTENCE_START		0	10	Other	Це речення не починається з великої літери.	Зауваження
L	1176	Мені це по смаку.
M	1176	PO_VS_DO	2	8	16	Other	Ви мали на увазі <suggestion>до смаку</suggestion>?	до смаку|смакувати|засмакувати
L	1177	Мені це до смаку.
L	1178	по проханню
M	1178	PO_VS_NA	1	0	11	Other	Правильно: <suggestion>на прохання</suggestion>	на прохання
L	1179	на прохання
M	1179	UPPERCASE_SENTENCE_START		0	2	Other	Це речення не починається з великої літери.	На
L	1180	отримувати по пошті
M	1180	UPPERCASE_SENTENCE_START		0	10	Other	Це речення не починається з великої літери.	Отримувати
M	1180	PO_VS_NO_PREP	1	11	19	Other	Правильно: <suggestion>поштою</suggestion>	поштою|через пошту
L	1181	звертатися по телефону
M	1181	UPPERCASE_SENTENCE_START		0	10	Other	Це речення не починається з великої літери.	Звертатися
M	1181	PO_VS_NO_PREP	1	11	22	Other	Правильно: <suggestion>телефоном</suggestion>	телефоном|через телефон
L	1182	поштою
L	1183	надсилати по електронній пошті
M	1183	UPPERCASE_SENTENCE_START		0	9	Other	Це речення не починається з великої літери.	Надсилати
M	1183	PO_VS_NO_PREP	2	10	30	Other	Правильно: <suggestion>електронною поштою</suggestion>	електронною поштою|через електронну пошту
L	1184	ширитися по соціальних мережах
M	1184	UPPERCASE_SENTENCE_START		0	8	Other	Це речення не починається з великої літери.	Ширитися
M	1184	PO_VS_NO_PREP	2	9	30	Other	Правильно: <suggestion>соціальними мережами</suggestion>	соціальними мережами|через соціальні мережі
L	1185	електронною поштою
M	1185	UPPERCASE_SENTENCE_START		0	11	Other	Це речення не починається з великої літери.	Електронною
L	1186	йти по вулиці
M	1186	UPPERCASE_SENTENCE_START		0	3	Other	Це речення не починається з великої літери.	Йти
M	1186	PO_VS_NO_PREP	3	4	13	Other	Краще: <suggestion>вулицею</suggestion>	вулицею
L	1187	йдучи по місту
M	1187	UPPERCASE_SENTENCE_START		0	5	Other	Це речення не починається з великої літери.	Йдучи
M	1187	PO_VS_NO_PREP	3	6	14	Other	Краще: <suggestion>містом</suggestion>	містом
L	1188	йти вулицею
M	1188	UPPERCASE_SENTENCE_START		0	3	Other	Це речення не починається з великої літери.	Йти
L	1189	бігти по широкій вулиці
M	1189	UPPERCASE_SENTENCE_START		0	5	Other	Це речення не починається з великої літери.	Бігти
M	1189	PO_VS_NO_PREP	4	6	23	Other	Краще: <suggestion>широкою вулицею</suggestion>	широкою вулицею
L	1190	гуляти по гарному місту
M	1190	UPPERCASE_SENTENCE_START		0	6	Other	Це речення не починається з великої літери.	Гуляти
M	1190	PO_VS_NO_PREP	4	7	23	Other	Краще: <suggestion>гарним містом</suggestion>	гарним містом
L	1191	гуляти по цій дорозі
M	1191	UPPERCASE_SENTENCE_START		0	6	Other	Це речення не починається з великої літери.	Гуляти
M	1191	PO_VS_NO_PREP	4	7	20	Other	Краще: <suggestion>цією дорогою</suggestion>	цією дорогою
L	1192	бігти широкою вулицею
M	1192	UPPERCASE_SENTENCE_START		0	5	Other	Це речення не починається з великої літери.	Бігти
L	1193	по цілих днях
M	1193	PO_VS_NO_PREP	5	0	13	Other	Правильно: <suggestion>цілими днями</suggestion>	цілими днями
L	1194	цілими днями
M	1194	UPPERCASE_SENTENCE_START		0	6	Other	Це речення не починається з великої літери.	Цілими
L	1195	біля п'яти відсотків
M	1195	bilya_num	1	0	10	Other	Правильно: <suggestion>близько п'яти</suggestion>	близько п'яти
L	1196	біля 1 млрд. осіб
M	1196	bilya_num	1	0	6	Other	Правильно: <suggestion>близько 1</suggestion>	близько 1
M	1196	ABBREVIATIONS_WRONG_DOT	2	7	12	Other	Стягнені скорочення пишуться без крапки: <suggestion>млрд</suggestion>	млрд
L	1197	біля $1 млрд.
M	1197	bilya_num	1	0	7	Other	Правильно: <suggestion>близько $1</suggestion>	близько $1
L	1198	біля 1€ млрд. інвестицій
M	1198	bilya_num	1	0	6	Other	Правильно: <suggestion>близько 1</suggestion>	близько 1
M	1198	ABBREVIATIONS_WRONG_DOT	2	8	13	Other	Стягнені скорочення пишуться без крапки: <suggestion>млрд</suggestion>	млрд
L	1199	біля 1%.
M	1199	bilya_num	1	0	6	Other	Правильно: <suggestion>близько 1</suggestion>	близько 1
L	1200	біля одного воза він зупинився
M	1200	UPPERCASE_SENTENCE_START		0	4	Other	Це речення не починається з великої літери.	Біля
L	1201	біля обох воріт
M	1201	UPPERCASE_SENTENCE_START		0	4	Other	Це речення не починається з великої літери.	Біля
L	1202	біля одних дверей
M	1202	UPPERCASE_SENTENCE_START		0	4	Other	Це речення не починається з великої літери.	Біля
L	1203	відстань рівна 0,2 км
M	1203	UPPERCASE_SENTENCE_START		0	8	Other	Це речення не починається з великої літери.	Відстань
M	1203	rivnyi_num	1	9	14	Other	Правильно: <suggestion>дорівнює</suggestion>	дорівнює
L	1204	на рівні 37
M	1204	UPPERCASE_SENTENCE_START		0	2	Other	Це речення не починається з великої літери.	На
L	1205	на державному рівні 23 Липня
M	1205	UPPERCASE_SENTENCE_START		0	2	Other	Це речення не починається з великої літери.	На
L	1206	Їм треба в їхати.
M	1206	PREP_BEFORE_VERB	1	9	16	Other	Прийменник в перед дієсловом <suggestion>їхати</suggestion>	їхати
L	1207	Їм треба в їхати
M	1207	PREP_BEFORE_VERB	1	9	16	Other	Прийменник в перед дієсловом <suggestion>їхати</suggestion>	їхати
L	1208	для будь кого
M	1208	WORDS_WITH_DASH	1	4	13	Other	Це слово пишеться через дефіс: <suggestion>будь-кого</suggestion>	будь-кого
L	1209	програмою з дер жавного управління
M	1209	UPPERCASE_SENTENCE_START		0	9	Other	Це речення не починається з великої літери.	Програмою
M	1209	MORFOLOGIK_RULE_UK_UA		12	23	UnknownWord	Знайдено потенційну орфографічну помилку.	державного|дер жатного|дер жахного|дер живного|дер кавного|дер жав ного
L	1210	Їм треба їхати.
L	1211	Їм треба в'їхати.
L	1212	Просто взяти.
L	1213	Справедливості заради скажемо
L	1214	Справедливості заради хочеться зауважити
L	1215	Просто неба.
L	1216	Це більше задля годиться
L	1217	задля годиться
M	1217	UPPERCASE_SENTENCE_START		0	5	Other	Це речення не починається з великої літери.	Задля
L	1218	не залишається нічого іншого, крім чекати.
M	1218	UPPERCASE_SENTENCE_START		0	2	Other	Це речення не починається з великої літери.	Не
L	1219	Наїхали на Мела Гібсона
L	1220	О покладіть мені квіти
L	1221	кількість захворювань на гепатит В зменшилась у вісім разів.
M	1221	UPPERCASE_SENTENCE_START		0	9	Other	Це речення не починається з великої літери.	Кількість
M	1221	UK_MIXED_ALPHABETS		33	34	Other	Вжито кириличну літеру замість латинської	B
L	1222	О слався, о слався, сміливцю...
L	1223	де о чергується з і
M	1223	UPPERCASE_SENTENCE_START		0	2	Other	Це речення не починається з великої літери.	Де
L	1224	Треба писав.
M	1224	MODAL_WORD	1	6	11	Other	Дієслово після модального слова має йти інфінітивом: <suggestion>писати</suggestion>	писати
L	1225	Треба не писав.
M	1225	MODAL_WORD	1	9	14	Other	Дієслово після модального слова має йти інфінітивом: <suggestion>писати</suggestion>	писати
L	1226	І тому варто сподіваюся, що це спрацює.
M	1226	MODAL_WORD	1	13	23	Other	Дієслово після модального слова має йти інфінітивом: <suggestion>сподіватись</suggestion>, <suggestion>сподіватися</suggestion>	сподіватись|сподіватися
L	1227	розвиватися взагалі більше не треба, варто були тільки галасливо-крикливим і наглим
M	1227	UPPERCASE_SENTENCE_START		0	11	Other	Це речення не починається з великої літери.	Розвиватися
M	1227	MODAL_WORD	1	43	47	Other	Дієслово після модального слова має йти інфінітивом: <suggestion>бути</suggestion>	бути
L	1228	в Україні не повинно залишись жодного жеку.
M	1228	UPPERCASE_SENTENCE_START		0	1	Other	Це речення не починається з великої літери.	В
M	1228	MODAL_WORD	1	21	29	Other	Дієслово після модального слова має йти інфінітивом: <suggestion>залишитись</suggestion>, <suggestion>залишитися</suggestion>	залишитись|залишитися
L	1229	Повинен їхати
L	1230	Йому треба писати
L	1231	Чи варто їм таке писати?
L	1232	Чи варто було їм таке писати?
L	1233	Треба буде таке писати
L	1234	В кого треба видалено.
L	1235	можна буде встояти.
M	1235	UPPERCASE_SENTENCE_START		0	5	Other	Це речення не починається з великої літери.	Можна
L	1236	Комерційний підхід до треб є незрозумілим
L	1237	конгрес повинен був сформулювати
M	1237	UPPERCASE_SENTENCE_START		0	7	Other	Це речення не починається з великої літери.	Конгрес
L	1238	Не можна встоять.
L	1239	Мусять писали.
M	1239	MODAL_WORD	2	7	13	Other	Дієслово після модального слова має йти інфінітивом: <suggestion>писати</suggestion>	писати
L	1240	Маємо не пищали.
M	1240	MODAL_WORD	2	9	15	Other	Дієслово після модального слова має йти інфінітивом: <suggestion>пищати</suggestion>	пищати
L	1241	І тому він має спинилися.
M	1241	MODAL_WORD	2	15	24	Other	Дієслово після модального слова має йти інфінітивом: <suggestion>спинитись</suggestion>, <suggestion>спинитися</suggestion>	спинитись|спинитися
L	1242	Могли відбувалися лише за рахунок надлюдських зусиль.
M	1242	MODAL_WORD	2	6	17	Other	Дієслово після модального слова має йти інфінітивом: <suggestion>відбуватись</suggestion>, <suggestion>відбуватися</suggestion>	відбуватись|відбуватися
M	1242	za_rahunok	2	23	33	Other	Краще: <suggestion>коштом</suggestion>, <suggestion>шляхом</suggestion>, <suggestion>користуючись з</suggestion>, <suggestion>ким/чим</suggestion>, <suggestion>внаслідок</suggestion>	коштом|шляхом|користуючись з|ким/чим|внаслідок|завдяки
L	1243	Свято могло не відбувалося.
M	1243	MODAL_WORD	2	15	26	Other	Дієслово після модального слова має йти інфінітивом: <suggestion>відбуватись</suggestion>, <suggestion>відбуватися</suggestion>	відбуватись|відбуватися
L	1244	Винні мають були покарані
M	1244	MODAL_WORD	2	12	16	Other	Дієслово після модального слова має йти інфінітивом: <suggestion>бути</suggestion>	бути
L	1245	Має їхати
L	1246	чи може мав важливіші справи
M	1246	UPPERCASE_SENTENCE_START		0	2	Other	Це речення не починається з великої літери.	Чи
L	1247	Він як міг уникав спонтанного спілкування.
L	1248	І чим могли допомагали відновлювати.
L	1249	мав був налякати
M	1249	UPPERCASE_SENTENCE_START		0	3	Other	Це речення не починається з великої літери.	Мав
L	1250	мав був додому вертати
M	1250	UPPERCASE_SENTENCE_START		0	3	Other	Це речення не починається з великої літери.	Мав
L	1251	Та мала виявилася неговіркою.
L	1252	Мала не прокинулася навіть тоді
L	1253	Мав було розказати і про свою біду
M	1253	EUPHONY_CONJ_I_Y	3	19	20	Hint	Після голосної зі звуком і/и варто писати й або та: розказати <suggestion>й</suggestion> про, розказати <suggestion>та</suggestion> про	й|та
L	1254	дівчата, що мали були утікати
M	1254	UPPERCASE_SENTENCE_START		0	7	Other	Це речення не починається з великої літери.	Дівчата
L	1255	Вони не бажали працювали.
M	1255	MODAL_WORD	3	15	24	Other	Дієслово після модального слова має йти інфінітивом: <suggestion>працювати</suggestion>	працювати
L	1256	Вони благали не стрілятимуть.
M	1256	MODAL_WORD	3	16	28	Other	Дієслово після модального слова має йти інфінітивом: <suggestion>стріляти</suggestion>	стріляти
L	1257	братися не хочуть
M	1257	UPPERCASE_SENTENCE_START		0	7	Other	Це речення не починається з великої літери.	Братися
L	1258	багато старатися не доведеться
M	1258	UPPERCASE_SENTENCE_START		0	6	Other	Це речення не починається з великої літери.	Багато
L	1259	Повинен писатиме.
M	1259	MODAL_WORD	4	8	16	Other	Дієслово після модального слова має йти інфінітивом: <suggestion>писати</suggestion>	писати
L	1260	Повинна не плакатиме.
M	1260	MODAL_WORD	4	11	20	Other	Дієслово після модального слова має йти інфінітивом: <suggestion>плакати</suggestion>	плакати
L	1261	Повинен би був писатиме.
M	1261	MODAL_WORD	4	15	23	Other	Дієслово після модального слова має йти інфінітивом: <suggestion>писати</suggestion>	писати
L	1262	Повинен їхати
L	1263	І вони на всьому готовому живуть.
L	1264	у неї повинна мала бути сестра.
M	1264	UPPERCASE_SENTENCE_START		0	1	Other	Це речення не починається з великої літери.	У
L	1265	Там немає гаражу.
M	1265	nemaye_v_rod	1	10	16	Other	Слово, пов'язане з «немає», має стояти в родовому відмінку	гаража
L	1266	Там немає жодного графіку.
M	1266	UK_ADJ_NOUN_INFLECTION_AGREEMENT		10	25	Other	Потенційна помилка: прикметник не узгоджений з іменником: "жодного": [ч.р.: родовий, знахідний (іст.), с.р.: родовий] і "графіку": [ч.р.: давальний, ж.р.: знахідний]. Можливо, вжито невнормований родовий відмінок ч.р. з закінченням -у/-ю замість -а/-я (така тенденція є в сучасній мові)?	жодного графіка|жодному графіку|жодну графіку
L	1267	немає чим відвернути увагу
M	1267	UPPERCASE_SENTENCE_START		0	5	Other	Це речення не починається з великої літери.	Немає
L	1268	значить білка немає та імунна система
M	1268	UPPERCASE_SENTENCE_START		0	7	Other	Це речення не починається з великої літери.	Значить
L	1269	його немає другу добу
M	1269	UPPERCASE_SENTENCE_START		0	4	Other	Це речення не починається з великої літери.	Його
L	1270	немає перед ким
M	1270	UPPERCASE_SENTENCE_START		0	5	Other	Це речення не починається з великої літери.	Немає
L	1271	немає Сергію виходу
M	1271	UPPERCASE_SENTENCE_START		0	5	Other	Це речення не починається з великої літери.	Немає
L	1272	Такого предмету немає.
M	1272	UK_ADJ_NOUN_INFLECTION_AGREEMENT		0	15	Other	Потенційна помилка: прикметник не узгоджений з іменником: "Такого": [ч.р.: родовий, знахідний (іст.), с.р.: родовий] і "предмету": [ч.р.: давальний]. Можливо, вжито невнормований родовий відмінок ч.р. з закінченням -у/-ю замість -а/-я (така тенденція є в сучасній мові)?	Такого предмета|такому предмету
L	1273	рейсів на кубу немає
M	1273	UPPERCASE_SENTENCE_START		0	6	Other	Це речення не починається з великої літери.	Рейсів
L	1274	комітету немає резону сподіватися
M	1274	UPPERCASE_SENTENCE_START		0	8	Other	Це речення не починається з великої літери.	Комітету
L	1275	що комітету немає кому довірити
M	1275	UPPERCASE_SENTENCE_START		0	2	Other	Це речення не починається з великої літери.	Що
L	1276	У найповнішому медичному довіднику немає такої хвороби
L	1277	І так воно зафіксовано в законі.
M	1277	VONO_IMPERF	1	6	22	Other	Неправильна конструкція (наз. відм + безос. форма дієслова)	його зафіксовано|воно зафіксоване
L	1278	І так воно не пов'язано з подією.
M	1278	VONO_IMPERF	1	6	23	Other	Неправильна конструкція (наз. відм + безос. форма дієслова)	його не пов'язано|воно не пов'язане
L	1279	воно приховано існувало багато років
M	1279	UPPERCASE_SENTENCE_START		0	4	Other	Це речення не починається з великої літери.	Воно
L	1280	І воно тимчасово відкладено.
M	1280	VONO_IMPERF	2	2	27	Other	Неправильна конструкція (наз. відм + безос. форма дієслова)	його тимчасово відкладено|воно тимчасово відкладене
L	1281	воно приховано існувало багато років
M	1281	UPPERCASE_SENTENCE_START		0	4	Other	Це речення не починається з великої літери.	Воно
L	1282	А решта зафіксовано в законі.
M	1282	VONO_IMPERF	3	2	19	Other	Неправильна конструкція (наз. відм. + безос. форма дієслова)	решту зафіксовано|решта зафіксована
L	1283	все решта зафіксовано
M	1283	UPPERCASE_SENTENCE_START		0	3	Other	Це речення не починається з великої літери.	Все
L	1284	А решта зафіксовано в законі.
M	1284	VONO_IMPERF	3	2	19	Other	Неправильна конструкція (наз. відм. + безос. форма дієслова)	решту зафіксовано|решта зафіксована
L	1285	А решта швиденько зафіксовано в законі.
M	1285	VONO_IMPERF	4	2	29	Other	Неправильна конструкція (наз. відм + безос. форма дієслова)	решту швиденько зафіксовано|решта швиденько зафіксована
L	1286	все решта зафіксовано
M	1286	UPPERCASE_SENTENCE_START		0	3	Other	Це речення не починається з великої літери.	Все
L	1287	запитався дозволу
M	1287	zapytaty_dozvolu	1	0	9	Other	Правильно: <suggestion>спитався</suggestion>	спитався
L	1288	І він пред'явив позов.
M	1288	predyavlyaty	1	6	15	Other	Правильно: <suggestion>подавати</suggestion>	подавати|вчиняти
L	1289	І він пред'являв би новий позов.
M	1289	predyavlyaty	1	6	16	Other	Правильно: <suggestion>подавати</suggestion>	подавати|вчиняти
L	1290	І він пред'явив посвідчення.
M	1290	predyavlyaty	2	6	15	Other	Правильно: <suggestion>показувати</suggestion>	показувати
L	1291	І він пред'являв би нові посвідчення.
M	1291	predyavlyaty	2	6	16	Other	Правильно: <suggestion>показувати</suggestion>	показувати
L	1292	І він пред'явив претензії.
M	1292	predyavlyaty	3	6	15	Other	Правильно: <suggestion>заявляти</suggestion>	заявляти|мати
L	1293	І він пред'являв би нові претензії.
M	1293	predyavlyaty	3	6	16	Other	Правильно: <suggestion>заявляти</suggestion>	заявляти|мати
L	1294	І він пред'явив вимогу.
M	1294	predyavlyaty	4	6	15	Other	Правильно: <suggestion>ставити</suggestion>	ставити
L	1295	І він пред'явив нові звинувачення.
M	1295	predyavlyaty	4	6	15	Other	Правильно: <suggestion>ставити</suggestion>	ставити
L	1296	І він пред'являв би нові вимоги.
M	1296	predyavlyaty	4	6	16	Other	Правильно: <suggestion>ставити</suggestion>	ставити
L	1297	Джонні Депп вирішив одружитися на Ембер Херд
M	1297	ODRUZHYTYSIA_NA	1	31	33	Other	Правильно: одружитися <suggestion>з</suggestion> кимсь	з
L	1298	Джонні Депп вирішив одружитися з Ембер Херд
L	1299	«ДТ» дякує компанію «ИнтВестДистрибьюшн».
M	1299	UK_VERB_NOUN_INFLECTION_AGREEMENT		5	19	Other	Не узгоджено дієслово з іменником: "дякує" (вимагає: орудний, давальний) і "компанію" (ж.р.: знахідний)	дякує компанії|дякує компанією
M	1299	MORFOLOGIK_RULE_UK_UA		21	39	UnknownWord	Знайдено потенційну орфографічну помилку.	
L	1300	Ми дякуватимемо директора компанії.
M	1300	UK_VERB_NOUN_INFLECTION_AGREEMENT		3	25	Other	Не узгоджено дієслово з іменником: "дякуватимемо" (вимагає: орудний, давальний) і "директора" (ч.р.: родовий, знахідний)	дякуватимемо директорові|дякуватимемо директору|дякуватимемо директором
L	1301	Дякую мільйон разів
L	1302	Дякував сотий раз
L	1303	Він подякував тим, хто опікувався мною.
L	1304	і подякував козак дівчині.
M	1304	UPPERCASE_SENTENCE_START		0	1	Other	Це речення не починається з великої літери.	І
L	1305	І подякувати слід незалежно від того
L	1306	Уряду дякує холдинг.
L	1307	Україні дякували іноземні уряди
L	1308	Саме «діркам» мають дякувати шахтарські селища регіону
L	1309	Подякувала мати за науку
L	1310	подякувала його сестру
M	1310	UPPERCASE_SENTENCE_START		0	10	Other	Це речення не починається з великої літери.	Подякувала
L	1311	Будемо дякувати його.
L	1312	подякувала його сестру.
M	1312	UPPERCASE_SENTENCE_START		0	10	Other	Це речення не починається з великої літери.	Подякувала
L	1313	Будемо дякувати його сміливість.
L	1314	Подякувати його треба.
M	1314	UK_VERB_NOUN_INFLECTION_AGREEMENT		0	15	Other	Не узгоджено дієслово з іменником: "Подякувати" (вимагає: орудний, давальний) і "його" (ч.р.: родовий, знахідний, с.р.: родовий, знахідний)	Подякувати йому|Подякувати ним
L	1315	Будемо дякувати його.
L	1316	подякувала його.
M	1316	UPPERCASE_SENTENCE_START		0	10	Other	Це речення не починається з великої літери.	Подякувала
L	1317	подякувати його треба.
M	1317	UK_VERB_NOUN_INFLECTION_AGREEMENT		0	15	Other	Не узгоджено дієслово з іменником: "подякувати" (вимагає: орудний, давальний) і "його" (ч.р.: родовий, знахідний, с.р.: родовий, знахідний)	подякувати йому|подякувати ним
L	1318	подякувати його вдруге.
M	1318	UPPERCASE_SENTENCE_START		0	10	Other	Це речення не починається з великої літери.	Подякувати
L	1319	Будемо дякувати його сестру.
L	1320	вибачати хлопця.
M	1320	vybachaty_kogo	1	0	15	Other	Правильно: <suggestion>вибачати хлопцеві</suggestion>, <suggestion>вибачати хлопцю</suggestion>	вибачати хлопцеві|вибачати хлопцю
L	1321	вибачати того хлопця.
M	1321	vybachaty_kogo	1	0	20	Other	Правильно: <suggestion>вибачати тому хлопцеві</suggestion>, <suggestion>вибачати тому хлопцю</suggestion>	вибачати тому хлопцеві|вибачати тому хлопцю
L	1322	пробачили дівчину.
M	1322	vybachaty_kogo	1	0	17	Other	Правильно: <suggestion>пробачили дівчині</suggestion>	пробачили дівчині
L	1323	пробачили учнів.
M	1323	vybachaty_kogo	1	0	15	Other	Правильно: <suggestion>пробачили учням</suggestion>	пробачили учням
L	1324	пробачили дівчатко.
M	1324	vybachaty_kogo	1	0	18	Other	Правильно: <suggestion>пробачили дівчаткові</suggestion>, <suggestion>пробачили дівчатку</suggestion>	пробачили дівчаткові|пробачили дівчатку
L	1325	пробачили своїх батьків.
M	1325	vybachaty_kogo	1	0	23	Other	Правильно: <suggestion>пробачили своїм батькам</suggestion>	пробачили своїм батькам
L	1326	вибачити все йому
M	1326	UPPERCASE_SENTENCE_START		0	8	Other	Це речення не починається з великої літери.	Вибачити
L	1327	навчати математиці.
M	1327	UPPERCASE_SENTENCE_START		0	7	Other	Це речення не починається з великої літери.	Навчати
M	1327	NAVCHATY_CHOGO	1	8	18	Other	Навчати чого	
L	1328	навчати елементарній математиці.
M	1328	UPPERCASE_SENTENCE_START		0	7	Other	Це речення не починається з великої літери.	Навчати
M	1328	NAVCHATY_CHOGO	1	8	31	Other	Навчати чого	
L	1329	навчати учнів елементарній математиці.
M	1329	UPPERCASE_SENTENCE_START		0	7	Other	Це речення не починається з великої літери.	Навчати
M	1329	NAVCHATY_CHOGO	1	14	37	Other	Навчати чого	
L	1330	навчати їх елементарній математиці
M	1330	UPPERCASE_SENTENCE_START		0	7	Other	Це речення не починається з великої літери.	Навчати
M	1330	NAVCHATY_CHOGO	1	11	34	Other	Навчати чого	
L	1331	навчати цьому виду спорту.
M	1331	UPPERCASE_SENTENCE_START		0	7	Other	Це речення не починається з великої літери.	Навчати
M	1331	NAVCHATY_CHOGO	1	8	13	Other	Навчати чого	
L	1332	навчали улюбленому заняттю.
M	1332	UPPERCASE_SENTENCE_START		0	7	Other	Це речення не починається з великої літери.	Навчали
M	1332	NAVCHATY_CHOGO	1	8	26	Other	Навчати чого	
L	1333	навчити всьому.
M	1333	UK_VERB_NOUN_INFLECTION_AGREEMENT		0	14	Other	Не узгоджено дієслово з іменником: "навчити" (вимагає: інфінітив, знахідний, родовий, орудний) і "всьому" (ч.р.: давальний, місцевий, с.р.: давальний, давальний, місцевий, місцевий)	навчити всім|навчити всього|навчити все
L	1334	навчали необхідним навикам.
M	1334	UPPERCASE_SENTENCE_START		0	7	Other	Це речення не починається з великої літери.	Навчали
M	1334	NAVCHATY_CHOGO	1	8	26	Other	Навчати чого	
L	1335	Вас хтось навчив цим рухам?
M	1335	NAVCHATY_CHOGO	1	17	26	Other	Навчати чого	
L	1336	навчають незнайомим словам.
M	1336	UPPERCASE_SENTENCE_START		0	8	Other	Це речення не починається з великої літери.	Навчають
M	1336	NAVCHATY_CHOGO	1	9	26	Other	Навчати чого	
L	1337	навчати математики.
M	1337	UPPERCASE_SENTENCE_START		0	7	Other	Це речення не починається з великої літери.	Навчати
L	1338	навчати елементарної математики.
M	1338	UPPERCASE_SENTENCE_START		0	7	Other	Це речення не починається з великої літери.	Навчати
L	1339	навчати фаху.
M	1339	UPPERCASE_SENTENCE_START		0	7	Other	Це речення не починається з великої літери.	Навчати
L	1340	навчати їх.
M	1340	UPPERCASE_SENTENCE_START		0	7	Other	Це речення не починається з великої літери.	Навчати
L	1341	навчило її нікому не вірити.
M	1341	UPPERCASE_SENTENCE_START		0	7	Other	Це речення не починається з великої літери.	Навчило
L	1342	Чого навчила вас ця поразка?
L	1343	якого мене навчили друзі.
M	1343	UPPERCASE_SENTENCE_START		0	5	Other	Це речення не починається з великої літери.	Якого
L	1344	Цьому мав би навчити попередній досвід.
L	1345	якої їх навчив їхній лідер,
M	1345	UPPERCASE_SENTENCE_START		0	4	Other	Це речення не починається з великої літери.	Якої
L	1346	Мене навчили головному — бачити кінцеву мету
M	1346	UK_VERB_NOUN_INFLECTION_AGREEMENT		5	22	Other	Не узгоджено дієслово з іменником: "навчили" (вимагає: інфінітив, знахідний, родовий, орудний) і "головному" (ч.р.: давальний, с.р.: давальний, давальний)	навчили головним|навчили головного|навчили головне
L	1347	навчити дітей елементарному й прищепити любов
M	1347	UPPERCASE_SENTENCE_START		0	7	Other	Це речення не починається з великої літери.	Навчити
M	1347	NAVCHATY_CHOGO	2	14	27	Other	Навчати чого	
L	1348	навчити дітей тому, що любов...
M	1348	UPPERCASE_SENTENCE_START		0	7	Other	Це речення не починається з великої літери.	Навчити
M	1348	NAVCHATY_CHOGO	2	14	18	Other	Навчати чого	
L	1349	а він навчив її,
M	1349	UPPERCASE_SENTENCE_START		0	1	Other	Це речення не починається з великої літери.	А
L	1350	навчають її іноземним мовам.
M	1350	UPPERCASE_SENTENCE_START		0	8	Other	Це речення не починається з великої літери.	Навчають
M	1350	NAVCHATY_CHOGO	3	12	27	Other	Навчати чого	
L	1351	навчити їх здоровому способу життя.
M	1351	UPPERCASE_SENTENCE_START		0	7	Other	Це речення не починається з великої літери.	Навчити
M	1351	NAVCHATY_CHOGO	3	11	28	Other	Навчати чого	
L	1352	навчають її живопису.
M	1352	UPPERCASE_SENTENCE_START		0	8	Other	Це речення не починається з великої літери.	Навчають
L	1353	навчатися математиці.
M	1353	UK_VERB_NOUN_INFLECTION_AGREEMENT		0	20	Other	Не узгоджено дієслово з іменником: "навчатися" (вимагає: інфінітив, родовий, орудний) і "математиці" (ж.р.: давальний, місцевий)	навчатися математикою|навчатися математики
L	1354	навчатися елементарній математиці.
M	1354	NAVCHATY_CHOGO	4	10	33	Other	Навчатися чого	
L	1355	навчатися цьому виду спорту.
M	1355	UK_VERB_NOUN_INFLECTION_AGREEMENT		0	15	Other	Не узгоджено дієслово з іменником: "навчатися" (вимагає: інфінітив, родовий, орудний) і "цьому" (ч.р.: давальний, місцевий, с.р.: давальний, давальний, місцевий, місцевий)	навчатися цим|навчатися цього
L	1356	навчалися улюбленому заняттю.
M	1356	UK_VERB_NOUN_INFLECTION_AGREEMENT		0	20	Other	Не узгоджено дієслово з іменником: "навчалися" (вимагає: інфінітив, родовий, орудний) і "улюбленому" (ч.р.: давальний, місцевий, с.р.: давальний, місцевий)	навчалися улюбленим|навчалися улюбленого
L	1357	навчитися всьому.
M	1357	UK_VERB_NOUN_INFLECTION_AGREEMENT		0	16	Other	Не узгоджено дієслово з іменником: "навчитися" (вимагає: інфінітив, родовий, орудний) і "всьому" (ч.р.: давальний, місцевий, с.р.: давальний, давальний, місцевий, місцевий)	навчитися всім|навчитися всього
L	1358	навчитися цій екзотиці.
M	1358	UK_VERB_NOUN_INFLECTION_AGREEMENT		0	13	Other	Не узгоджено дієслово з іменником: "навчитися" (вимагає: інфінітив, родовий, орудний) і "цій" (ж.р.: давальний, місцевий)	навчитися цією|навчитися цієї
L	1359	не навчилися нічому.
M	1359	UPPERCASE_SENTENCE_START		0	2	Other	Це речення не починається з великої літери.	Не
M	1359	NAVCHATY_CHOGO	4	13	19	Other	Навчатися чого	
L	1360	не навчилися дечому.
M	1360	UPPERCASE_SENTENCE_START		0	2	Other	Це речення не починається з великої літери.	Не
M	1360	UK_VERB_NOUN_INFLECTION_AGREEMENT		3	19	Other	Не узгоджено дієслово з іменником: "навчилися" (вимагає: інфінітив, родовий, орудний) і "дечому" (с.р.: давальний, місцевий)	навчилися дечим|навчилися дечого
L	1361	навчитись тим технологіям.
M	1361	UPPERCASE_SENTENCE_START		0	9	Other	Це речення не починається з великої літери.	Навчитись
M	1361	NAVCHATY_CHOGO	4	10	25	Other	Навчатися чого	
L	1362	навчилися високим стандартам життя
M	1362	UPPERCASE_SENTENCE_START		0	9	Other	Це речення не починається з великої літери.	Навчилися
M	1362	NAVCHATY_CHOGO	4	10	28	Other	Навчатися чого	
L	1363	навчитись східним танцям.
M	1363	UPPERCASE_SENTENCE_START		0	9	Other	Це речення не починається з великої літери.	Навчитись
M	1363	NAVCHATY_CHOGO	4	10	24	Other	Навчатися чого	
L	1364	навчилася бойовим мистецтвам.
M	1364	UPPERCASE_SENTENCE_START		0	9	Other	Це речення не починається з великої літери.	Навчилася
M	1364	NAVCHATY_CHOGO	4	10	28	Other	Навчатися чого	
L	1365	Мир нехай навчається добру.
M	1365	UK_VERB_NOUN_INFLECTION_AGREEMENT		10	26	Other	Не узгоджено дієслово з іменником: "навчається" (вимагає: інфінітив, родовий, орудний) і "добру" (ж.р.: знахідний, с.р.: давальний)	навчається доброю|навчається доброї|навчається добром|навчається добра
L	1366	навчилася багатьом речам.
M	1366	UK_VERB_NOUN_INFLECTION_AGREEMENT		0	18	Other	Не узгоджено дієслово з іменником: "навчилася" (вимагає: інфінітив, родовий, орудний) і "багатьом" (мн.: давальний)	навчилася багатьма|навчилася багатьома|навчилася багатьох
L	1367	навчаються професійному співу діти.
M	1367	UK_VERB_NOUN_INFLECTION_AGREEMENT		0	23	Other	Не узгоджено дієслово з іменником: "навчаються" (вимагає: інфінітив, родовий, орудний) і "професійному" (ч.р.: давальний, місцевий, с.р.: давальний, місцевий)	навчаються професійним|навчаються професійного
L	1368	уперто навчається спокійному подружньому коханню,
M	1368	UPPERCASE_SENTENCE_START		0	6	Other	Це речення не починається з великої літери.	Уперто
M	1368	NAVCHATY_CHOGO	4	18	48	Other	Навчатися чого	
L	1369	якій навчалися художній майстерності у цій школі
M	1369	UPPERCASE_SENTENCE_START		0	4	Other	Це речення не починається з великої літери.	Якій
M	1369	NAVCHATY_CHOGO	4	15	36	Other	Навчатися чого	
L	1370	навчатися менеджменту.
M	1370	UPPERCASE_SENTENCE_START		0	9	Other	Це речення не починається з великої літери.	Навчатися
L	1371	вони навчалися далі, обираючи собі професію
M	1371	UPPERCASE_SENTENCE_START		0	4	Other	Це речення не починається з великої літери.	Вони
L	1372	Куди піти навчатись ентузіастам із фотоапаратами.
L	1373	навчалися індійці.
M	1373	UPPERCASE_SENTENCE_START		0	9	Other	Це речення не починається з великої літери.	Навчалися
L	1374	навчаються китайці.
M	1374	UPPERCASE_SENTENCE_START		0	10	Other	Це речення не починається з великої літери.	Навчаються
L	1375	навчатися досі
M	1375	UPPERCASE_SENTENCE_START		0	9	Other	Це речення не починається з великої літери.	Навчатися
L	1376	навчилася нікому не вірити.
M	1376	UPPERCASE_SENTENCE_START		0	9	Other	Це речення не починається з великої літери.	Навчилася
L	1377	Але довго навчатися йому не довелося.
L	1378	навчатися власним коштом.
M	1378	UPPERCASE_SENTENCE_START		0	9	Other	Це речення не починається з великої літери.	Навчатися
L	1379	не маючи можливості навчатися самому.
M	1379	UPPERCASE_SENTENCE_START		0	2	Other	Це речення не починається з великої літери.	Не
L	1380	доведеться таки навчитися цим провокаціям протистояти.
M	1380	UPPERCASE_SENTENCE_START		0	10	Other	Це речення не починається з великої літери.	Доведеться
L	1381	там теж навчаються тисячі студентів, які потім...
M	1381	UPPERCASE_SENTENCE_START		0	3	Other	Це речення не починається з великої літери.	Там
L	1382	навчитися самій робити хліб
M	1382	UPPERCASE_SENTENCE_START		0	9	Other	Це речення не починається з великої літери.	Навчитися
L	1383	тут навчалася півтора року.
M	1383	UPPERCASE_SENTENCE_START		0	3	Other	Це речення не починається з великої літери.	Тут
L	1384	навчання математиці.
M	1384	UPPERCASE_SENTENCE_START		0	8	Other	Це речення не починається з великої літери.	Навчання
M	1384	NAVCHATY_CHOGO	5	9	19	Other	Навчати чого	
L	1385	навчання іноземним мовам.
M	1385	UPPERCASE_SENTENCE_START		0	8	Other	Це речення не починається з великої літери.	Навчання
M	1385	NAVCHATY_CHOGO	5	9	24	Other	Навчати чого	
L	1386	навчання персоналу
M	1386	UPPERCASE_SENTENCE_START		0	8	Other	Це речення не починається з великої літери.	Навчання
L	1387	Він хворіє ангіною
M	1387	HVORITY_CHYM	1	11	18	Other	Хворіти вимагає конструкції з «на»	на ангіну
L	1388	Він хворіє страшною ангіною
M	1388	HVORITY_CHYM	1	11	27	Other	Хворіти вимагає конструкції з «на»	на страшну ангіну
L	1389	хворітиме нею на відстані.
M	1389	UPPERCASE_SENTENCE_START		0	9	Other	Це речення не починається з великої літери.	Хворітиме
M	1389	HVORITY_CHYM	1	10	13	Other	Хворіти вимагає конструкції з «на»	на неї|на її
L	1390	хворітиме чимсь дивним.
M	1390	UPPERCASE_SENTENCE_START		0	9	Other	Це речення не починається з великої літери.	Хворітиме
M	1390	HVORITY_CHYM	1	10	15	Other	Хворіти вимагає конструкції з «на»	на щось
L	1391	хворіючи собою.
M	1391	UPPERCASE_SENTENCE_START		0	8	Other	Це речення не починається з великої літери.	Хворіючи
M	1391	HVORITY_CHYM	1	9	14	Other	Хворіти вимагає конструкції з «на»	на себе
L	1392	тяжко хворіла пані Анка
M	1392	UPPERCASE_SENTENCE_START		0	5	Other	Це речення не починається з великої літери.	Тяжко
L	1393	Він хворіє на ангіну
L	1394	Він не захворів дивом
L	1395	Той, хто захворів маленьким.
L	1396	зазнати поразку.
M	1396	UK_VERB_NOUN_INFLECTION_AGREEMENT		0	15	Other	Не узгоджено дієслово з іменником: "зазнати" (вимагає: родовий) і "поразку" (ж.р.: знахідний)	зазнати поразки
L	1397	завдав нищівну поразку.
M	1397	zaznaty_porazku	1	7	22	Other	Правильно: <suggestion>нищівної поразки</suggestion>	нищівної поразки
L	1398	завдав йому нищівну поразку.
M	1398	UPPERCASE_SENTENCE_START		0	6	Other	Це речення не починається з великої літери.	Завдав
M	1398	zaznaty_porazku	1	12	27	Other	Правильно: <suggestion>нищівної поразки</suggestion>	нищівної поразки
L	1399	дві десятих відсотки
M	1399	UPPERCASE_SENTENCE_START		0	3	Other	Це речення не починається з великої літери.	Дві
M	1399	consistency_numeric_fractional	1	4	11	Other	Хоча чинний правопис пропонує у дробовому числівнику після два, три, чотири писати: третіх, десятих, сотих, логічніше мало би бути: треті, десяті, соті…	десяті
M	1399	CONSISTENCY_NOUN_NUMERIC_FRACTIONAL	1	12	20	Other	Після дробового числівника іменник має стояти в родовому відмінку однини	відсотка
L	1400	дві третіх відсотки
M	1400	UPPERCASE_SENTENCE_START		0	3	Other	Це речення не починається з великої літери.	Дві
M	1400	consistency_numeric_fractional	1	4	10	Other	Хоча чинний правопис пропонує у дробовому числівнику після два, три, чотири писати: третіх, десятих, сотих, логічніше мало би бути: треті, десяті, соті…	треті
M	1400	CONSISTENCY_NOUN_NUMERIC_FRACTIONAL	1	11	19	Other	Після дробового числівника іменник має стояти в родовому відмінку однини	відсотка
L	1401	три четверті відсотки
M	1401	UPPERCASE_SENTENCE_START		0	3	Other	Це речення не починається з великої літери.	Три
M	1401	consistency_numeric_fractional_2019	1	4	12	Other	Хоча логічніше мало би бути: треті, десяті, соті…, чинний правопис пропонує у дробовому числівнику після два, три, чотири писати: третіх, десятих, сотих,…	четвертих
M	1401	CONSISTENCY_NOUN_NUMERIC_FRACTIONAL	1	13	21	Other	Після дробового числівника іменник має стояти в родовому відмінку однини	відсотка
L	1402	дві десяті відсотка
M	1402	UK_NUMR_NOUN_INFLECTION_AGREEMENT		0	19	Other	Потенційна помилка: числівник не узгоджений з іменником: "дві" вимагає: [мн.: називний], а далі йде "відсотка": [ч.р.: родовий]	дві десяті відсотки
L	1403	через десяті руки
M	1403	UPPERCASE_SENTENCE_START		0	5	Other	Це речення не починається з великої літери.	Через
L	1404	дві третіх країн-членів
M	1404	UPPERCASE_SENTENCE_START		0	3	Other	Це речення не починається з великої літери.	Дві
M	1404	consistency_numeric_fractional	1	4	10	Other	Хоча чинний правопис пропонує у дробовому числівнику після два, три, чотири писати: третіх, десятих, сотих, логічніше мало би бути: треті, десяті, соті…	треті
L	1405	дві десяті мм
M	1405	UPPERCASE_SENTENCE_START		0	3	Other	Це речення не починається з великої літери.	Дві
M	1405	consistency_numeric_fractional_2019	1	4	10	Other	Хоча логічніше мало би бути: треті, десяті, соті…, чинний правопис пропонує у дробовому числівнику після два, три, чотири писати: третіх, десятих, сотих,…	десятих
L	1406	три чверті місць
M	1406	UPPERCASE_SENTENCE_START		0	3	Other	Це речення не починається з великої літери.	Три
L	1407	три чверті їх слухати неможливо
M	1407	UPPERCASE_SENTENCE_START		0	3	Other	Це речення не починається з великої літери.	Три
L	1408	на три чверті він ними був заповнений
M	1408	UPPERCASE_SENTENCE_START		0	2	Other	Це речення не починається з великої літери.	На
L	1409	три чверті громадян
M	1409	UPPERCASE_SENTENCE_START		0	3	Other	Це речення не починається з великої літери.	Три
L	1410	усі три чверті гра була рівною
M	1410	UPPERCASE_SENTENCE_START		0	3	Other	Це речення не починається з великої літери.	Усі
L	1411	два десятих класи
M	1411	UPPERCASE_SENTENCE_START		0	3	Other	Це речення не починається з великої літери.	Два
L	1412	заради цих двох сотих треба дуже багато попрацювати
M	1412	UPPERCASE_SENTENCE_START		0	6	Other	Це речення не починається з великої літери.	Заради
L	1413	два десятих відсотки
M	1413	CONSISTENCY_NOUN_NUMERIC_FRACTIONAL	2	0	3	Other	Десяті, соті, тисячні тощо — жіночого роду	дві
M	1413	CONSISTENCY_NOUN_NUMERIC_FRACTIONAL	1	12	20	Other	Після дробового числівника іменник має стояти в родовому відмінку однини	відсотка
L	1414	два третіх метра
M	1414	CONSISTENCY_NOUN_NUMERIC_FRACTIONAL	2	0	3	Other	Десяті, соті, тисячні тощо — жіночого роду	дві
L	1415	заради цих двох сотих треба дуже багато попрацювати
M	1415	UPPERCASE_SENTENCE_START		0	6	Other	Це речення не починається з великої літери.	Заради
L	1416	не вистачило дві десятих секунди
M	1416	UPPERCASE_SENTENCE_START		0	2	Other	Це речення не починається з великої літери.	Не
M	1416	consistency_numeric_fractional	1	17	24	Other	Хоча чинний правопис пропонує у дробовому числівнику після два, три, чотири писати: третіх, десятих, сотих, логічніше мало би бути: треті, десяті, соті…	десяті
L	1417	півтора сотих секунди
M	1417	CONSISTENCY_NOUN_NUMERIC_FRACTIONAL	3	0	7	Other	Десяті, соті, тисячні тощо — жіночого роду	півтори
L	1418	не вистачило півтора метра
M	1418	UPPERCASE_SENTENCE_START		0	2	Other	Це речення не починається з великої літери.	Не
L	1419	дві десятих
M	1419	UPPERCASE_SENTENCE_START		0	3	Other	Це речення не починається з великої літери.	Дві
M	1419	consistency_numeric_fractional	1	4	11	Other	Хоча чинний правопис пропонує у дробовому числівнику після два, три, чотири писати: третіх, десятих, сотих, логічніше мало би бути: треті, десяті, соті…	десяті
L	1420	три сотих
M	1420	UPPERCASE_SENTENCE_START		0	3	Other	Це речення не починається з великої літери.	Три
M	1420	consistency_numeric_fractional	1	4	9	Other	Хоча чинний правопис пропонує у дробовому числівнику після два, три, чотири писати: третіх, десятих, сотих, логічніше мало би бути: треті, десяті, соті…	соті
L	1421	дві десяті
M	1421	UPPERCASE_SENTENCE_START		0	3	Other	Це речення не починається з великої літери.	Дві
M	1421	consistency_numeric_fractional_2019	1	4	10	Other	Хоча логічніше мало би бути: треті, десяті, соті…, чинний правопис пропонує у дробовому числівнику після два, три, чотири писати: третіх, десятих, сотих,…	десятих
L	1422	три соті
M	1422	UPPERCASE_SENTENCE_START		0	3	Other	Це речення не починається з великої літери.	Три
M	1422	consistency_numeric_fractional_2019	1	4	8	Other	Хоча логічніше мало би бути: треті, десяті, соті…, чинний правопис пропонує у дробовому числівнику після два, три, чотири писати: третіх, десятих, сотих,…	сотих
L	1423	271 депутатів проголосували
M	1423	CONSISTENCY_NOUN_NUMERIC_WHOLE	1	4	13	Other	Після числівника, що закінчується на 1, іменник має стояти в однині	
L	1424	1 271 депутатів проголосували
M	1424	CONSISTENCY_NOUN_NUMERIC_WHOLE	1	6	15	Other	Після числівника, що закінчується на 1, іменник має стояти в однині	
L	1425	всього 441 рази.
M	1425	UPPERCASE_SENTENCE_START		0	6	Other	Це речення не починається з великої літери.	Всього
M	1425	CONSISTENCY_NOUN_NUMERIC_WHOLE	1	11	15	Other	Після числівника, що закінчується на 1, іменник має стояти в однині	
L	1426	10931 глядачів.
M	1426	CONSISTENCY_NOUN_NUMERIC_WHOLE	1	6	14	Other	Після числівника, що закінчується на 1, іменник має стояти в однині	
L	1427	11 депутатів проголосували
L	1428	на тлі претендента 001 доходи великої родини
M	1428	UPPERCASE_SENTENCE_START		0	2	Other	Це речення не починається з великої літери.	На
L	1429	27 депутатів проголосували
L	1430	проти 441 зараз.
M	1430	UPPERCASE_SENTENCE_START		0	5	Other	Це речення не починається з великої літери.	Проти
L	1431	залишилася 781 тонна пестицидів.
M	1431	UPPERCASE_SENTENCE_START		0	10	Other	Це речення не починається з великої літери.	Залишилася
L	1432	В 1999-2001 рр. він був секретарем.
L	1433	В 604-562 або 561 рр. до н.е.
L	1434	Про знеструмлення будинків 10 та 101 нас не повідомили.
L	1435	Два раза прочитав.
M	1435	UK_NUMR_NOUN_INFLECTION_AGREEMENT		0	8	Other	Потенційна помилка: числівник не узгоджений з іменником: "Два" вимагає: [мн.: називний], а далі йде "раза": [ч.р.: родовий]	Два рази
L	1436	1,5 раза.
L	1437	раза півтора-два
M	1437	UPPERCASE_SENTENCE_START		0	4	Other	Це речення не починається з великої літери.	Раза
L	1438	у 2,3–2,5 раза
M	1438	UPPERCASE_SENTENCE_START		0	1	Other	Це речення не починається з великої літери.	У
L	1439	2,5–5 раза
L	1440	Юсуф Раза Гілані
M	1440	MORFOLOGIK_RULE_UK_UA		10	16	UnknownWord	Знайдено потенційну орфографічну помилку.	Мілані|Ілані|Білані|Вілані|Галані|Голані|Гіларі|Ділані|Гі лані
L	1441	два з половиною раза
M	1441	UK_NUMR_NOUN_INFLECTION_AGREEMENT		0	20	Other	Потенційна помилка: числівник не узгоджений з іменником: "два" вимагає: [мн.: називний], а далі йде "раза": [ч.р.: родовий]	два з половиною рази
L	1442	розчин білку.
M	1442	UPPERCASE_SENTENCE_START		0	6	Other	Це речення не починається з великої літери.	Розчин
M	1442	token_agreement_noun_noun	1	7	12	Other	Можливо, має бути р.в.: <suggestion>білка</suggestion>?	білка
L	1443	здавання об'єкту.
M	1443	UPPERCASE_SENTENCE_START		0	8	Other	Це речення не починається з великої літери.	Здавання
M	1443	token_agreement_noun_noun	1	9	16	Other	Можливо, має бути р.в.: <suggestion>об'єкта</suggestion>?	об'єкта
L	1444	сказати суду
M	1444	UPPERCASE_SENTENCE_START		0	7	Other	Це речення не починається з великої літери.	Сказати
L	1445	кожному клаптику.
M	1445	UPPERCASE_SENTENCE_START		0	7	Other	Це речення не починається з великої літери.	Кожному
L	1446	тягли за собою кару.
M	1446	UPPERCASE_SENTENCE_START		0	5	Other	Це речення не починається з великої літери.	Тягли
L	1447	Андрію Садовому
L	1448	не дати раду
M	1448	UPPERCASE_SENTENCE_START		0	2	Other	Це речення не починається з великої літери.	Не
L	1449	сонцю золотому
M	1449	UPPERCASE_SENTENCE_START		0	5	Other	Це речення не починається з великої літери.	Сонцю
L	1450	Героя України провіднику
L	1451	за поразку беру
M	1451	UPPERCASE_SENTENCE_START		0	2	Other	Це речення не починається з великої літери.	За
L	1452	пану директору
M	1452	UPPERCASE_SENTENCE_START		0	4	Other	Це речення не починається з великої літери.	Пану
L	1453	висловив догану Вальтеру
M	1453	UPPERCASE_SENTENCE_START		0	8	Other	Це речення не починається з великої літери.	Висловив
L	1454	за цей злочин кару смертю
M	1454	UPPERCASE_SENTENCE_START		0	2	Other	Це речення не починається з великої літери.	За
L	1455	На китайській мові.
M	1455	NA_TAKIY_MOVI	1	0	18	Other	Правильно: <suggestion>китайською мовою</suggestion>	Китайською мовою
L	1456	на одній мові.
M	1456	NA_TAKIY_MOVI	1	0	13	Other	Правильно: <suggestion>одною мовою</suggestion>, <suggestion>однією мовою</suggestion>	одною мовою|однією мовою
L	1457	в українській мові
M	1457	UPPERCASE_SENTENCE_START		0	1	Other	Це речення не починається з великої літери.	В
L	1458	давати заробляти росіянам на українській мові
M	1458	UPPERCASE_SENTENCE_START		0	6	Other	Це речення не починається з великої літери.	Давати
L	1459	котрий розуміється на їхній мові
M	1459	UPPERCASE_SENTENCE_START		0	6	Other	Це речення не починається з великої літери.	Котрий
L	1460	У прийнятті рішення, на якій мові зупинитися
L	1461	говорив на англійській.
M	1461	UPPERCASE_SENTENCE_START		0	7	Other	Це речення не починається з великої літери.	Говорив
M	1461	NA_TAKIY_MOVI	2	8	22	Other	Правильно: <suggestion>англійською</suggestion>	англійською
L	1462	в українській
M	1462	UPPERCASE_SENTENCE_START		0	1	Other	Це речення не починається з великої літери.	В
L	1463	ґрунтується на німецькій
M	1463	UPPERCASE_SENTENCE_START		0	11	Other	Це речення не починається з великої літери.	Ґрунтується
L	1464	на українській військовій базі
M	1464	UPPERCASE_SENTENCE_START		0	2	Other	Це речення не починається з великої літери.	На
L	1465	на українській же військовій базі
M	1465	UPPERCASE_SENTENCE_START		0	2	Other	Це речення не починається з великої літери.	На
L	1466	Говорили на мові майя.
M	1466	NA_TAKIY_MOVI	3	9	21	Other	Правильно: <suggestion>мовою майя</suggestion>	мовою майя
L	1467	Говорили на мові зулуських племен.
M	1467	NA_TAKIY_MOVI	3	9	26	Other	Правильно: <suggestion>мовою зулуських</suggestion>	мовою зулуських
L	1468	Говорили на двох мовах.
M	1468	NA_TAKIY_MOVI	4	9	22	Other	Правильно: <suggestion>двома мовами</suggestion>	двома мовами
L	1469	на Україні
M	1469	na_ukraini	1	0	2	Other	Згідно з чинною нормою пишемо "в Україні", однак у фольклорних і давніших літературних творах з історичних причин вживали "на Україні".	в
L	1470	пів першої приїхав і він
M	1470	TIME	1	0	10	Other	Правильно: <suggestion>(о) пів на першу</suggestion>	(о) пів на першу|(о) пів до першої
L	1471	пів на першу приїхав і він
M	1471	UPPERCASE_SENTENCE_START		0	3	Other	Це речення не починається з великої літери.	Пів
L	1472	аж у третій годині ночі
M	1472	UPPERCASE_SENTENCE_START		0	2	Other	Це речення не починається з великої літери.	Аж
M	1472	TIME	2	3	4	Other	Правильно: <suggestion>о</suggestion>	о
L	1473	аж у третій ранку
M	1473	UPPERCASE_SENTENCE_START		0	2	Other	Це речення не починається з великої літери.	Аж
M	1473	TIME	2	3	4	Other	Правильно: <suggestion>о</suggestion>	о
L	1474	аж о третій годині ночі
M	1474	UPPERCASE_SENTENCE_START		0	2	Other	Це речення не починається з великої літери.	Аж
L	1475	аж у 10-й годині ночі
M	1475	UPPERCASE_SENTENCE_START		0	2	Other	Це речення не починається з великої літери.	Аж
M	1475	TIME	3	3	4	Other	Правильно: <suggestion>о</suggestion>	о
L	1476	аж у 10-й ранку
M	1476	UPPERCASE_SENTENCE_START		0	2	Other	Це речення не починається з великої літери.	Аж
M	1476	TIME	3	3	4	Other	Правильно: <suggestion>о</suggestion>	о
L	1477	аж о 5-ій годині ночі
M	1477	UPPERCASE_SENTENCE_START		0	2	Other	Це речення не починається з великої літери.	Аж
M	1477	numr_suffix_recommend	2	5	9	Other	Якщо порядковий числівник закінчується на приголосний або на йотований ю, ї, пишемо тільки останню букву, а інакше - дві останні.	5-й
L	1478	аж у вісім годин ночі
M	1478	UPPERCASE_SENTENCE_START		0	2	Other	Це речення не починається з великої літери.	Аж
M	1478	TIME	4	3	16	Other	Правильно: <suggestion>о ... годині</suggestion>	о ... годині
L	1479	процедура вилилася в шість годин
M	1479	UPPERCASE_SENTENCE_START		0	9	Other	Це речення не починається з великої літери.	Процедура
L	1480	матимемо різницю з Європою аж у дві години
M	1480	UPPERCASE_SENTENCE_START		0	8	Other	Це речення не починається з великої літери.	Матимемо
L	1481	хронометраж стрічки в чотири години
M	1481	UPPERCASE_SENTENCE_START		0	11	Other	Це речення не починається з великої літери.	Хронометраж
L	1482	не можна у дві години фільму втиснути
M	1482	UPPERCASE_SENTENCE_START		0	2	Other	Це речення не починається з великої літери.	Не
L	1483	почнеться в 17:00 за місцевим часом
M	1483	UPPERCASE_SENTENCE_START		0	9	Other	Це речення не починається з великої літери.	Почнеться
M	1483	TIME	5	10	17	Other	Правильно: <suggestion>о 17:00</suggestion>	о 17:00
L	1484	з рахунком 22:33
M	1484	UPPERCASE_SENTENCE_START		0	1	Other	Це речення не починається з великої літери.	З
L	1485	в п'ять годин двадцять п'ять хвилин
M	1485	TIME	6	0	35	Other	Правильно: <suggestion>о п'ять годині двадцять п'ять хвилин</suggestion>	о п'ять годині двадцять п'ять хвилин|п'ять годин до двадцять
L	1486	п'ять хвилин на дев'яту
M	1486	UPPERCASE_SENTENCE_START		0	5	Other	Це речення не починається з великої літери.	П'ять
L	1487	о першій годині двадцятій хвилині
M	1487	UPPERCASE_SENTENCE_START		0	1	Other	Це речення не починається з великої літери.	О
M	1487	TIME	7	16	33	Other	Правильно: <suggestion>…надцять хвилин</suggestion>	…надцять хвилин
L	1488	о першій годині тридцять п'ятій хвилині
M	1488	UPPERCASE_SENTENCE_START		0	1	Other	Це речення не починається з великої літери.	О
M	1488	TIME	7	16	39	Other	Правильно: <suggestion>…надцять хвилин</suggestion>	…надцять хвилин
L	1489	о першій годині двадцять п'ять хвилин
M	1489	UPPERCASE_SENTENCE_START		0	1	Other	Це речення не починається з великої літери.	О
L	1490	о 10-й годині двадцять п'ятій хвилині
M	1490	UPPERCASE_SENTENCE_START		0	1	Other	Це речення не починається з великої літери.	О
M	1490	TIME	8	14	37	Other	Правильно: <suggestion>…надцять хвилин</suggestion>	…надцять хвилин
L	1491	о 10-й годині двадцять п'ять хвилин
M	1491	UPPERCASE_SENTENCE_START		0	1	Other	Це речення не починається з великої літери.	О
L	1492	без десяти третя
M	1492	TIME	9	0	16	Other	Правильною є конструкція за + числівник у знахідному відмінку	за десять третя|десять до третьої
L	1493	без двадцяти хвилин третя
M	1493	TIME	9	0	25	Other	Правильною є конструкція за + числівник у знахідному відмінку	за двадцять хвилин третя|двадцять хвилин до третьої
L	1494	за десять хвилин третя
M	1494	UPPERCASE_SENTENCE_START		0	2	Other	Це речення не починається з великої літери.	За
L	1495	п'ять хвилин третьої
M	1495	UPPERCASE_SENTENCE_START		0	5	Other	Це речення не починається з великої літери.	П'ять
M	1495	TIME	10	13	20	Other	Правильно: <suggestion>по [третій - 1 година]</suggestion>	по [третій - 1 година]|на третю
L	1496	5 хвилин дев'ятої
M	1496	TIME	10	9	17	Other	Правильно: <suggestion>по [дев'ятій - 1 година]</suggestion>	по [дев'ятій - 1 година]|на дев'яту
L	1497	двадцять п'ять хвилин сьомої
M	1497	UPPERCASE_SENTENCE_START		0	8	Other	Це речення не починається з великої літери.	Двадцять
M	1497	TIME	10	22	28	Other	Правильно: <suggestion>по [сьомій - 1 година]</suggestion>	по [сьомій - 1 година]|на сьому
L	1498	п'ять хвилин по восьмій
M	1498	UPPERCASE_SENTENCE_START		0	5	Other	Це речення не починається з великої літери.	П'ять
L	1499	п'ять хвилин на дев'яту
M	1499	UPPERCASE_SENTENCE_START		0	5	Other	Це речення не починається з великої літери.	П'ять
L	1500	11 хвилин другої половини зустрічі
L	1501	11 хвилин сьомої частини
L	1502	ще в 2010 року
M	1502	UPPERCASE_SENTENCE_START		0	2	Other	Це речення не починається з великої літери.	Ще
M	1502	U_YEAR	1	3	14	Other	Правильно: <suggestion>в 2010 році</suggestion>	в 2010 році|2010 року
L	1503	в 60-х роках
M	1503	UPPERCASE_SENTENCE_START		0	1	Other	Це речення не починається з великої літери.	В
L	1504	в моєму житі
M	1504	UPPERCASE_SENTENCE_START		0	1	Other	Це речення не починається з великої літери.	В
M	1504	u_svoyemu_zhyti	1	8	12	Other	Можливо: <suggestion>житті</suggestion>?	житті
L	1505	згідно статуту
M	1505	UPPERCASE_SENTENCE_START		0	6	Other	Це речення не починається з великої літери.	Згідно
M	1505	zgidno_z	1	7	14	Other	Згідно з чим	з статутом
L	1506	згідно теперішніх умов
M	1506	UPPERCASE_SENTENCE_START		0	6	Other	Це речення не починається з великої літери.	Згідно
M	1506	zgidno_z	1	7	17	Other	Згідно з чим	з теперішніми
L	1507	згідно яких
M	1507	UPPERCASE_SENTENCE_START		0	6	Other	Це речення не починається з великої літери.	Згідно
M	1507	zgidno_z	1	7	11	Other	Згідно з чим	з якими
L	1508	згідно зі статутом
M	1508	UPPERCASE_SENTENCE_START		0	6	Other	Це речення не починається з великої літери.	Згідно
L	1509	згідно з правилом
M	1509	UPPERCASE_SENTENCE_START		0	6	Other	Це речення не починається з великої літери.	Згідно
L	1510	згідно за статутом
M	1510	UPPERCASE_SENTENCE_START		0	6	Other	Це речення не починається з великої літери.	Згідно
M	1510	zgidno_z	2	7	18	Other	Згідно з чим	з статутом
L	1511	згідно до правила
M	1511	UPPERCASE_SENTENCE_START		0	6	Other	Це речення не починається з великої літери.	Згідно
M	1511	zgidno_z	2	7	17	Other	Згідно з чим	з правилом
L	1512	завідувача відділом
M	1512	UPPERCASE_SENTENCE_START		0	10	Other	Це речення не починається з великої літери.	Завідувача
M	1512	ZAVIDUVACH	1	11	19	Other	Завідувач(ка) чого	відділу
L	1513	зав відділом
M	1513	UPPERCASE_SENTENCE_START		0	3	Other	Це речення не починається з великої літери.	Зав
M	1513	ZAVIDUVACH	1	4	12	Other	Завідувач(ка) чого	відділу
L	1514	зав. відділом
M	1514	UPPERCASE_SENTENCE_START		0	4	Other	Це речення не починається з великої літери.	Зав.
M	1514	ZAVIDUVACH	1	5	13	Other	Завідувач(ка) чого	відділу
L	1515	завідувачки сьомим відділом
M	1515	UPPERCASE_SENTENCE_START		0	11	Other	Це речення не починається з великої літери.	Завідувачки
M	1515	ZAVIDUVACH	1	12	27	Other	Завідувач(ка) чого	сьомого відділу
L	1516	завідувачем ним же створеної
M	1516	UPPERCASE_SENTENCE_START		0	11	Other	Це речення не починається з великої літери.	Завідувачем
L	1517	Кіностудія ім. Довженко.
M	1517	IMENI_MALE_LAST_NAME	1	15	23	Other	Чоловіче прізвище відмінюється	Довженка
L	1518	Бульвар Тараса Шевченко
M	1518	INFLECTION_MALE_LAST_NAME	1	15	23	Other	Чоловіче прізвище відмінюється разом з іменем	
L	1519	прийшов до Андрія Громико секретар.
M	1519	UPPERCASE_SENTENCE_START		0	7	Other	Це речення не починається з великої літери.	Прийшов
M	1519	INFLECTION_MALE_LAST_NAME	1	18	25	Other	Чоловіче прізвище відмінюється разом з іменем	
L	1520	прийшов до Петра Порошенко секретар.
M	1520	UPPERCASE_SENTENCE_START		0	7	Other	Це речення не починається з великої літери.	Прийшов
M	1520	INFLECTION_MALE_LAST_NAME	1	17	26	Other	Чоловіче прізвище відмінюється разом з іменем	
L	1521	Прийшов Тарас Шевченко
L	1522	Картина Жені Шевченко
L	1523	Тому Путін цілком здатен...
L	1524	Ніколи Ковтуненко не був паном
L	1525	У Києві Шлемкевич працював секретарем
L	1526	Ну, будь здоровий, Семене Гурко!
L	1527	агент Сергія Шандор Варга
M	1527	UPPERCASE_SENTENCE_START		0	5	Other	Це речення не починається з великої літери.	Агент
L	1528	Син Павла Мартин теж став бурмистром
L	1529	після смерті короля Данила Галич почав утрачати свою велич
M	1529	UPPERCASE_SENTENCE_START		0	5	Other	Це речення не починається з великої літери.	Після
L	1530	...на Донеччину Московського Патріарха Кирила Янукович ходив за ним по п’ятах
L	1531	спитав у отця Харитона Казанцев
M	1531	UPPERCASE_SENTENCE_START		0	6	Other	Це речення не починається з великої літери.	Спитав
L	1532	у соборі Святого Петра Ющенко
M	1532	UPPERCASE_SENTENCE_START		0	1	Other	Це речення не починається з великої літери.	У
L	1533	Подружжю Наталі та Сергія Гедзь судилося вписати свої імена...
L	1534	виготовлені Людмилою і Мирославом Куць
M	1534	UPPERCASE_SENTENCE_START		0	11	Other	Це речення не починається з великої літери.	Виготовлені
L	1535	Людмили та Юрія Миськів
L	1536	Владика Ґудзяк
L	1537	Подружжя Обама.
M	1537	PLURAL_LAST_NAME	1	9	14	Other	Після «подружжя» прізвище має стояти в родовому відмінку множини	Обам
L	1538	Подружжя Кличко.
M	1538	PLURAL_LAST_NAME	1	9	15	Other	Після «подружжя» прізвище має стояти в родовому відмінку множини	Кличків
L	1539	Подружжя Бушів.
L	1540	Подружжя Роше.
L	1541	подружжя Цвігун і Ковальчука
M	1541	UPPERCASE_SENTENCE_START		0	8	Other	Це речення не починається з великої літери.	Подружжя
L	1542	Брати Кличко.
M	1542	PLURAL_LAST_NAME	2	6	12	Other	Після «брати́» прізвище має стояти в множині	
L	1543	Брати Грімм.
M	1543	PLURAL_LAST_NAME	2	6	11	Other	Після «брати́» прізвище має стояти в множині	
L	1544	Брати Люм'єр.
M	1544	PLURAL_LAST_NAME	2	6	12	Other	Після «брати́» прізвище має стояти в множині	
L	1545	Братів Кличко.
M	1545	PLURAL_LAST_NAME	2	7	13	Other	Після «брати́» прізвище має стояти в множині	
L	1546	Брати Єременко.
M	1546	PLURAL_LAST_NAME	2	6	14	Other	Після «брати́» прізвище має стояти в множині	
L	1547	Брати Капранови.
L	1548	Брати Меладзе.
L	1549	брати Франк і Рональд
M	1549	UPPERCASE_SENTENCE_START		0	5	Other	Це речення не починається з великої літери.	Брати
L	1550	Самий найкращий.
M	1550	SAMYI_WITH_ADJ	1	0	15	Other	Замість «самий» + прикметник найвищого ступеня треба вживати якнай-, щонай-	Якнайкращий|Щонайкращий|Щоякнайкращий
L	1551	Сама найгірша.
M	1551	SAMYI_WITH_ADJ	1	0	13	Other	Замість «самий» + прикметник найвищого ступеня треба вживати якнай-, щонай-	Якнайгірша|Щонайгірша|Щоякнайгірша
L	1552	самий перший
M	1552	SAMYI_WITH_ADJ	6	0	12	Other	Замість «самий перший» треба вживати найвищий ступінь: <suggestion>найперший</suggestion>	найперший
L	1553	повторювати те саме щонайменше нудно
M	1553	UPPERCASE_SENTENCE_START		0	11	Other	Це речення не починається з великої літери.	Повторювати
L	1554	і, що саме найцікавіше,
M	1554	UPPERCASE_SENTENCE_START		0	1	Other	Це речення не починається з великої літери.	І
L	1555	і куди саме найоптимальніше їхати
M	1555	UPPERCASE_SENTENCE_START		0	1	Other	Це речення не починається з великої літери.	І
M	1555	UK_SIMPLE_REPLACE_SOFT		12	27	Other	«найоптимальніше» — нерекомендоване слово, кращий варіант: оптимальний, найкращий.	оптимальний|найкращий
L	1556	вирішують, як саме найкраще заохотити
M	1556	UPPERCASE_SENTENCE_START		0	9	Other	Це речення не починається з великої літери.	Вирішують
L	1557	Не можу сказати, де саме найкраще сприймали
L	1558	— на ту саму найчисельнішу фракцію
L	1559	увімкніть радіо на той самий найтихіший рівень гучності
M	1559	UPPERCASE_SENTENCE_START		0	9	Other	Це речення не починається з великої літери.	Увімкніть
L	1560	Йдеться про той самий найдешевший рослинний жир
L	1561	до самого великого князя
M	1561	UPPERCASE_SENTENCE_START		0	2	Other	Це речення не починається з великої літери.	До
L	1562	Самий кращий.
M	1562	SAMYI_WITH_ADJ	2	0	12	Other	Замість «самий» + прикметник треба вживати найвищий ступінь	Найкращий
L	1563	Сама гірша.
M	1563	SAMYI_WITH_ADJ	2	0	10	Other	Замість «самий» + прикметник треба вживати найвищий ступінь	Найгірша
L	1564	Сама прийшла
L	1565	Саме кращий
L	1566	в ту саму світлу кімнату
M	1566	UPPERCASE_SENTENCE_START		0	1	Other	Це речення не починається з великої літери.	В
L	1567	Йдеться про той самий дешевший рослинний жир
L	1568	і куди саме оптимальніше їхати
M	1568	UPPERCASE_SENTENCE_START		0	1	Other	Це речення не починається з великої літери.	І
M	1568	UK_SIMPLE_REPLACE_SOFT		12	24	Other	«оптимальніше» — нерекомендоване слово, кращий варіант: кращий.	кращий
L	1569	вирішують, як саме краще заохотити
M	1569	UPPERCASE_SENTENCE_START		0	9	Other	Це речення не починається з великої літери.	Вирішують
L	1570	Не можу сказати, де саме краще сприймали
L	1571	ті ж самі вищі суди вирішать, що та чи інша справа
M	1571	UPPERCASE_SENTENCE_START		0	2	Other	Це речення не починається з великої літери.	Ті
L	1572	Самий найкращий
M	1572	SAMYI_WITH_ADJ	1	0	15	Other	Замість «самий» + прикметник найвищого ступеня треба вживати якнай-, щонай-	Якнайкращий|Щонайкращий|Щоякнайкращий
L	1573	Самий добрий
M	1573	SAMYI_WITH_ADJ	3	0	12	Other	Замість «самий» + прикметник треба вживати найвищий ступінь	
L	1574	Самий добрий.
M	1574	SAMYI_WITH_ADJ	3	0	12	Other	Замість «самий» + прикметник треба вживати найвищий ступінь	
L	1575	Він — самий сильний.
M	1575	SAMYI_WITH_ADJ	3	6	19	Other	Замість «самий» + прикметник треба вживати найвищий ступінь	
L	1576	Він — самий задоволений.
M	1576	SAMYI_WITH_ADJ	3	6	23	Other	Замість «самий» + прикметник треба вживати найвищий ступінь	
L	1577	це самий безвідповідальний документ.
M	1577	UPPERCASE_SENTENCE_START		0	2	Other	Це речення не починається з великої літери.	Це
M	1577	SAMYI_WITH_ADJ	3	3	26	Other	Замість «самий» + прикметник треба вживати найвищий ступінь	
L	1578	це самий креативний міністр.
M	1578	UPPERCASE_SENTENCE_START		0	2	Other	Це речення не починається з великої літери.	Це
M	1578	SAMYI_WITH_ADJ	3	3	19	Other	Замість «самий» + прикметник треба вживати найвищий ступінь	
L	1579	Самий цвіт
L	1580	Саме такий
L	1581	той самий страшний сон
M	1581	UPPERCASE_SENTENCE_START		0	3	Other	Це речення не починається з великої літери.	Той
L	1582	лише самих економічних санкцій
M	1582	UPPERCASE_SENTENCE_START		0	4	Other	Це речення не починається з великої літери.	Лише
L	1583	і куди саме добре поїхати
M	1583	UPPERCASE_SENTENCE_START		0	1	Other	Це речення не починається з великої літери.	І
L	1584	вирішують, як саме заохотити
M	1584	UPPERCASE_SENTENCE_START		0	9	Other	Це речення не починається з великої літери.	Вирішують
L	1585	де саме смачно поїсти
M	1585	UPPERCASE_SENTENCE_START		0	2	Other	Це речення не починається з великої літери.	Де
L	1586	та й самі хворі
M	1586	UPPERCASE_SENTENCE_START		0	2	Other	Це речення не починається з великої літери.	Та
L	1587	активність самих учених, які
M	1587	UPPERCASE_SENTENCE_START		0	10	Other	Це речення не починається з великої літери.	Активність
L	1588	у скільки обійдеться цей самий гарантований контроль
M	1588	UPPERCASE_SENTENCE_START		0	1	Other	Це речення не починається з великої літери.	У
L	1589	докласти такий же самий хороший підзаконний акт
M	1589	UPPERCASE_SENTENCE_START		0	8	Other	Це речення не починається з великої літери.	Докласти
L	1590	самим вищим навчальним закладом
M	1590	SAMYI_WITH_ADJ	2	0	11	Other	Замість «самий» + прикметник треба вживати найвищий ступінь	найвищим
L	1591	Самий найкращий
M	1591	SAMYI_WITH_ADJ	1	0	15	Other	Замість «самий» + прикметник найвищого ступеня треба вживати якнай-, щонай-	Якнайкращий|Щонайкращий|Щоякнайкращий
L	1592	Самий кращий
M	1592	SAMYI_WITH_ADJ	2	0	12	Other	Замість «самий» + прикметник треба вживати найвищий ступінь	Найкращий
L	1593	Саме краще, що в нас є.
M	1593	SAMYI_WITH_ADJ	2	0	10	Other	Замість «самий» + прикметник треба вживати найвищий ступінь	Найкраще
L	1594	Сама краща, яка в нас є.
M	1594	SAMYI_WITH_ADJ	2	0	10	Other	Замість «самий» + прикметник треба вживати найвищий ступінь	Найкраща
L	1595	суцільнозерновий хліб, посипаний насінням, такий самий малий.
M	1595	MORFOLOGIK_RULE_UK_UA		0	16	UnknownWord	Знайдено потенційну орфографічну помилку.	Суцільно зерновий
L	1596	і самий цвіт, що знайти його важко
M	1596	UPPERCASE_SENTENCE_START		0	1	Other	Це речення не починається з великої літери.	І
L	1597	Той самий учений, що описав
L	1598	і самих хворих, які нібито не дотримувалися
M	1598	UPPERCASE_SENTENCE_START		0	1	Other	Це речення не починається з великої літери.	І
L	1599	ті ж самі вищі суди вирішать, що та чи інша справа
M	1599	UPPERCASE_SENTENCE_START		0	2	Other	Це речення не починається з великої літери.	Ті
L	1600	Саме краще — ливарний цех.
M	1600	SAMYI_WITH_ADJ	2	0	10	Other	Замість «самий» + прикметник треба вживати найвищий ступінь	Найкраще
L	1601	Самий цвіт —
L	1602	Сама прийшла — сама пішла
L	1603	Саме такий — зелений.
L	1604	Саме вони — партизани, були початком.
L	1605	голова ради обирається на п'ять років, а сама рада — на чотири
M	1605	UPPERCASE_SENTENCE_START		0	6	Other	Це речення не починається з великої літери.	Голова
L	1606	Самий перший.
M	1606	SAMYI_WITH_ADJ	6	0	12	Other	Замість «самий перший» треба вживати найвищий ступінь: <suggestion>найперший</suggestion>	Найперший
L	1607	самі першими втікали
M	1607	UPPERCASE_SENTENCE_START		0	4	Other	Це речення не починається з великої літери.	Самі
L	1608	Та сама Перша кінна армія
L	1609	На самому Першому Національному пояснили
L	1610	Кіно — чи не кращий інструмент
M	1610	kraschiy_vs_naikraschiy_with_ne	1	13	19	Other	Коли мається на увазі найвищий ступінь порівняння, слід вживати <suggestion>найкращий</suggestion>	найкращий
L	1611	... була далеко не кращим способом...
M	1611	kraschiy_vs_naikraschiy_with_ne	1	19	25	Other	Коли мається на увазі найвищий ступінь порівняння, слід вживати <suggestion>найкращий</suggestion>	найкращий
L	1612	був не кращий, ніж сталінський
M	1612	UPPERCASE_SENTENCE_START		0	3	Other	Це речення не починається з великої літери.	Був
L	1613	Гітлерівський режим нічим не кращий сталінського
L	1614	Він — не кращий і не гірший
L	1615	на мою думку, далеко не кращий за них.
M	1615	UPPERCASE_SENTENCE_START		0	2	Other	Це речення не починається з великої літери.	На
L	1616	І чи не краще було б зробити інакше.
L	1617	Виявився чи не кращим, ніж цього року.
L	1618	блокування — не кращий варіант
M	1618	UPPERCASE_SENTENCE_START		0	10	Other	Це речення не починається з великої літери.	Блокування
M	1618	kraschiy_vs_naikraschiy_with_ne	2	16	22	Other	Коли мається на увазі найвищий ступінь порівняння, слід вживати <suggestion>найкращий</suggestion>	найкращий
L	1619	Зараз не кращий період для прийняття важливих рішень.
M	1619	kraschiy_vs_naikraschiy_with_ne	2	9	15	Other	Коли мається на увазі найвищий ступінь порівняння, слід вживати <suggestion>найкращий</suggestion>	найкращий
L	1620	Він — не кращий і не гірший
L	1621	Це був не кращий матч Роналдо
M	1621	kraschiy_vs_naikraschiy_with_ne	3	10	16	Other	Коли мається на увазі найвищий ступінь порівняння, слід вживати <suggestion>найкращий</suggestion>	найкращий
L	1622	був не кращий, ніж сталінський
M	1622	UPPERCASE_SENTENCE_START		0	3	Other	Це речення не починається з великої літери.	Був
L	1623	був не кращим і не гіршим
M	1623	UPPERCASE_SENTENCE_START		0	3	Other	Це речення не починається з великої літери.	Був
L	1624	Зараз не кращий час починати справу.
M	1624	kraschiy_vs_naikraschiy_with_ne	2	9	15	Other	Коли мається на увазі найвищий ступінь порівняння, слід вживати <suggestion>найкращий</suggestion>	найкращий
L	1625	кращий з людей
M	1625	kraschiy_vs_naikraschiy_without_ne	1	0	6	Other	Коли мається на увазі найвищий ступінь порівняння, слід вживати <suggestion>найкращий</suggestion>	найкращий
L	1626	кращий із світів
M	1626	kraschiy_vs_naikraschiy_without_ne	1	0	6	Other	Коли мається на увазі найвищий ступінь порівняння, слід вживати <suggestion>найкращий</suggestion>	найкращий
M	1626	EUPHONY_PREP_Z_IZ_ZI	3	7	9	Hint	Перед сполученням приголосних із початковим свистячим або шиплячим пишемо: <suggestion>зі</suggestion>	зі
L	1627	кращий із кращих
M	1627	kraschiy_vs_naikraschiy_without_ne	1	0	6	Other	Коли мається на увазі найвищий ступінь порівняння, слід вживати <suggestion>найкращий</suggestion>	найкращий
L	1628	серед жінок кращий результат
M	1628	UPPERCASE_SENTENCE_START		0	5	Other	Це речення не починається з великої літери.	Серед
M	1628	kraschiy_vs_naikraschiy_without_ne	2	12	18	Other	Коли мається на увазі найвищий ступінь порівняння, слід вживати <suggestion>найкращий</suggestion>	найкращий
L	1629	який із них кращий, який дешевший
M	1629	UPPERCASE_SENTENCE_START		0	4	Other	Це речення не починається з великої літери.	Який
L	1630	який із них кращий і дешевший
M	1630	UPPERCASE_SENTENCE_START		0	4	Other	Це речення не починається з великої літери.	Який
L	1631	один із кращих блогерів
M	1631	UPPERCASE_SENTENCE_START		0	4	Other	Це речення не починається з великої літери.	Один
M	1631	kraschiy_vs_naikraschiy_without_ne	3	8	14	Other	Коли мається на увазі найвищий ступінь порівняння, слід вживати <suggestion>найкращих</suggestion>	найкращих
L	1632	вибирають із кращих
M	1632	UPPERCASE_SENTENCE_START		0	9	Other	Це речення не починається з великої літери.	Вибирають
L	1633	за кращий короткий сценарій
M	1633	UPPERCASE_SENTENCE_START		0	2	Other	Це речення не починається з великої літери.	За
M	1633	kraschiy_vs_naikraschiy_without_ne	4	3	9	Other	Коли мається на увазі найвищий ступінь порівняння, слід вживати <suggestion>найкращий</suggestion>	найкращий
L	1634	як кращий виконавець
M	1634	UPPERCASE_SENTENCE_START		0	2	Other	Це речення не починається з великої літери.	Як
M	1634	kraschiy_vs_naikraschiy_without_ne	4	3	9	Other	Коли мається на увазі найвищий ступінь порівняння, слід вживати <suggestion>найкращий</suggestion>	найкращий
L	1635	розраховувати на кращий результат
M	1635	UPPERCASE_SENTENCE_START		0	13	Other	Це речення не починається з великої літери.	Розраховувати
L	1636	за кращий город, за багатше князівство
M	1636	UPPERCASE_SENTENCE_START		0	2	Other	Це речення не починається з великої літери.	За
L	1637	конкурс на кращий фільм
M	1637	UPPERCASE_SENTENCE_START		0	7	Other	Це речення не починається з великої літери.	Конкурс
M	1637	kraschiy_vs_naikraschiy_without_ne	5	11	17	Other	Коли мається на увазі найвищий ступінь порівняння, слід вживати <suggestion>найкращий</suggestion>	найкращий
L	1638	організовує конкурси: на кращий твір про гімназію
M	1638	UPPERCASE_SENTENCE_START		0	11	Other	Це речення не починається з великої літери.	Організовує
M	1638	kraschiy_vs_naikraschiy_without_ne	5	25	31	Other	Коли мається на увазі найвищий ступінь порівняння, слід вживати <suggestion>найкращий</suggestion>	найкращий
L	1639	Сергій Стаховський — кращий тенісист
M	1639	kraschiy_vs_naikraschiy_without_ne	6	21	27	Other	Коли мається на увазі найвищий ступінь порівняння, слід вживати <suggestion>найкращий</suggestion>	найкращий
L	1640	книжка - кращий подарунок
M	1640	UPPERCASE_SENTENCE_START		0	6	Other	Це речення не починається з великої літери.	Книжка
M	1640	kraschiy_vs_naikraschiy_without_ne	6	9	15	Other	Коли мається на увазі найвищий ступінь порівняння, слід вживати <suggestion>найкращий</suggestion>	найкращий
L	1641	собака - кращий друг людини
M	1641	UPPERCASE_SENTENCE_START		0	6	Other	Це речення не починається з великої літери.	Собака
M	1641	kraschiy_vs_naikraschiy_without_ne	6	9	15	Other	Коли мається на увазі найвищий ступінь порівняння, слід вживати <suggestion>найкращий</suggestion>	найкращий
L	1642	якийсь інший світ – кращий світ, вільніший
M	1642	UPPERCASE_SENTENCE_START		0	6	Other	Це речення не починається з великої літери.	Якийсь
L	1643	там кращий поет революції
M	1643	UPPERCASE_SENTENCE_START		0	3	Other	Це речення не починається з великої літери.	Там
M	1643	kraschiy_vs_naikraschiy_without_ne	7	4	10	Other	Коли мається на увазі найвищий ступінь порівняння, слід вживати <suggestion>найкращий</suggestion>	найкращий
L	1644	спочатку кращий голеадор чемпіонату
M	1644	UPPERCASE_SENTENCE_START		0	8	Other	Це речення не починається з великої літери.	Спочатку
M	1644	kraschiy_vs_naikraschiy_without_ne	7	9	15	Other	Коли мається на увазі найвищий ступінь порівняння, слід вживати <suggestion>найкращий</suggestion>	найкращий
L	1645	кращий гравець цього матчу
M	1645	kraschiy_vs_naikraschiy_without_ne	7	0	6	Other	Коли мається на увазі найвищий ступінь порівняння, слід вживати <suggestion>найкращий</suggestion>	найкращий
L	1646	значно кращий гравець команди
M	1646	UPPERCASE_SENTENCE_START		0	6	Other	Це речення не починається з великої літери.	Значно
L	1647	куди кращий гравець команди
M	1647	UPPERCASE_SENTENCE_START		0	4	Other	Це речення не починається з великої літери.	Куди
L	1648	кращий стан здоров'я
M	1648	UPPERCASE_SENTENCE_START		0	6	Other	Це речення не починається з великої літери.	Кращий
L	1649	розвернути в кращий бік життя
M	1649	UPPERCASE_SENTENCE_START		0	10	Other	Це речення не починається з великої літери.	Розвернути
L	1650	забезпечити для себе кращий розподіл ресурсів
M	1650	UPPERCASE_SENTENCE_START		0	11	Other	Це речення не починається з великої літери.	Забезпечити
L	1651	швидший і кращий розвиток економіки
M	1651	UPPERCASE_SENTENCE_START		0	7	Other	Це речення не починається з великої літери.	Швидший
L	1652	«кращий оперний спектакль року»
M	1652	kraschiy_vs_naikraschiy_without_ne	8	1	7	Other	Коли мається на увазі найвищий ступінь порівняння, слід вживати <suggestion>найкращий</suggestion>	найкращий
L	1653	«кращий господар року»
M	1653	kraschiy_vs_naikraschiy_without_ne	8	1	7	Other	Коли мається на увазі найвищий ступінь порівняння, слід вживати <suggestion>найкращий</suggestion>	найкращий
L	1654	кращий стан здоров'я
M	1654	UPPERCASE_SENTENCE_START		0	6	Other	Це речення не починається з великої літери.	Кращий
L	1655	кращий час сезону
M	1655	kraschiy_vs_naikraschiy_without_ne	9	0	6	Other	Коли мається на увазі найвищий ступінь порівняння, слід вживати <suggestion>найкращий</suggestion>	найкращий
L	1656	кращий документальний фільм року
M	1656	kraschiy_vs_naikraschiy_without_ne	9	0	6	Other	Коли мається на увазі найвищий ступінь порівняння, слід вживати <suggestion>найкращий</suggestion>	найкращий
L	1657	кращий фестиваль Європи
M	1657	kraschiy_vs_naikraschiy_without_ne	9	0	6	Other	Коли мається на увазі найвищий ступінь порівняння, слід вживати <suggestion>найкращий</suggestion>	найкращий
L	1658	розвернути в кращий бік життя
M	1658	UPPERCASE_SENTENCE_START		0	10	Other	Це речення не починається з великої літери.	Розвернути
L	1659	забезпечити для себе кращий розподіл ресурсів
M	1659	UPPERCASE_SENTENCE_START		0	11	Other	Це речення не починається з великої літери.	Забезпечити
L	1660	швидший і кращий розвиток економіки
M	1660	UPPERCASE_SENTENCE_START		0	7	Other	Це речення не починається з великої літери.	Швидший
L	1661	кращий захисник в Україні
M	1661	kraschiy_vs_naikraschiy_without_ne	10	0	6	Other	Коли мається на увазі найвищий ступінь порівняння, слід вживати <suggestion>найкращий</suggestion>	найкращий
L	1662	розвернути в кращий бік на сході
M	1662	UPPERCASE_SENTENCE_START		0	10	Other	Це речення не починається з великої літери.	Розвернути
L	1663	кращий матч у сезоні
M	1663	kraschiy_vs_naikraschiy_without_ne	11	0	6	Other	Коли мається на увазі найвищий ступінь порівняння, слід вживати <suggestion>найкращий</suggestion>	найкращий
L	1664	кращий проект у сфері
M	1664	kraschiy_vs_naikraschiy_without_ne	11	0	6	Other	Коли мається на увазі найвищий ступінь порівняння, слід вживати <suggestion>найкращий</suggestion>	найкращий
M	1664	ALT_SPELLING	1	7	13	Other	Слово, написане не за чинним правописом	
L	1665	кращий кооператив у області
M	1665	kraschiy_vs_naikraschiy_without_ne	11	0	6	Other	Коли мається на увазі найвищий ступінь порівняння, слід вживати <suggestion>найкращий</suggestion>	найкращий
L	1666	має куди кращий ресурс на всіх рівнях
M	1666	UPPERCASE_SENTENCE_START		0	3	Other	Це речення не починається з великої літери.	Має
L	1667	розвернути в кращий бік на сході
M	1667	UPPERCASE_SENTENCE_START		0	10	Other	Це речення не починається з великої літери.	Розвернути
L	1668	жодних змін у кращий бік у ставленні
M	1668	UPPERCASE_SENTENCE_START		0	6	Other	Це речення не починається з великої літери.	Жодних
L	1669	поширюючи кращий досвід у межах двосторонньої
M	1669	UPPERCASE_SENTENCE_START		0	9	Other	Це речення не починається з великої літери.	Поширюючи
L	1670	але кращий результат у відсотках
M	1670	UPPERCASE_SENTENCE_START		0	3	Other	Це речення не починається з великої літери.	Але
L	1671	Важко уявити собі кращий момент у житті
L	1672	Попри кращий розвиток в Україні чоловічого баскетболу
L	1673	наш кращий друг людини - собака
M	1673	UPPERCASE_SENTENCE_START		0	3	Other	Це речення не починається з великої літери.	Наш
M	1673	kraschiy_vs_naikraschiy_without_ne	7	4	10	Other	Коли мається на увазі найвищий ступінь порівняння, слід вживати <suggestion>найкращий</suggestion>	найкращий
L	1674	натомість кращий бомбардир чемпіонату
M	1674	UPPERCASE_SENTENCE_START		0	9	Other	Це речення не починається з великої літери.	Натомість
M	1674	kraschiy_vs_naikraschiy_without_ne	7	10	16	Other	Коли мається на увазі найвищий ступінь порівняння, слід вживати <suggestion>найкращий</suggestion>	найкращий
L	1675	і кращий український бомбардир
M	1675	UPPERCASE_SENTENCE_START		0	1	Other	Це речення не починається з великої літери.	І
M	1675	kraschiy_vs_naikraschiy_without_ne	12	2	8	Other	Коли мається на увазі найвищий ступінь порівняння, слід вживати <suggestion>найкращий</suggestion>	найкращий
L	1676	і кращі учні
M	1676	UPPERCASE_SENTENCE_START		0	1	Other	Це речення не починається з великої літери.	І
M	1676	kraschiy_vs_naikraschiy_without_ne	12	2	7	Other	Коли мається на увазі найвищий ступінь порівняння, слід вживати <suggestion>найкращий</suggestion>	найкращий
L	1677	спираючись на кращий світовий досвід
M	1677	UPPERCASE_SENTENCE_START		0	10	Other	Це речення не починається з великої літери.	Спираючись
M	1677	kraschiy_vs_naikraschiy_without_ne	13	14	20	Other	Коли мається на увазі найвищий ступінь порівняння, слід вживати <suggestion>найкращий</suggestion>	найкращий
L	1678	наш кращий друг людини - собака
M	1678	UPPERCASE_SENTENCE_START		0	3	Other	Це речення не починається з великої літери.	Наш
M	1678	kraschiy_vs_naikraschiy_without_ne	7	4	10	Other	Коли мається на увазі найвищий ступінь порівняння, слід вживати <suggestion>найкращий</suggestion>	найкращий
L	1679	кращий захист - це напад
M	1679	kraschiy_vs_naikraschiy_without_ne	15	0	6	Other	Коли мається на увазі найвищий ступінь порівняння, слід вживати <suggestion>найкращий</suggestion>	найкращий
L	1680	це — кращий тому доказ
M	1680	UPPERCASE_SENTENCE_START		0	2	Other	Це речення не починається з великої літери.	Це
M	1680	kraschiy_vs_naikraschiy_without_ne	16	5	11	Other	Коли мається на увазі найвищий ступінь порівняння, слід вживати <suggestion>найкращий</suggestion>	найкращий
L	1681	сильна біль
M	1681	BIL_MASC	1	0	11	Other	Іменник біль - чоловічого роду	сильний біль
L	1682	сильну біль
M	1682	BIL_MASC	1	0	11	Other	Іменник біль - чоловічого роду	сильний біль
L	1683	Стояла біла, як біль, так перелякалася.
L	1684	Лице біллю білували.
L	1685	увесь їхній біль
M	1685	UPPERCASE_SENTENCE_START		0	5	Other	Це речення не починається з великої літери.	Увесь
L	1686	пошибає душу мою болем
M	1686	UPPERCASE_SENTENCE_START		0	7	Other	Це речення не починається з великої літери.	Пошибає
M	1686	UK_ADJ_NOUN_INFLECTION_AGREEMENT		13	22	Other	Потенційна помилка: прикметник не узгоджений з іменником: "мою": [ж.р.: знахідний] і "болем": [ч.р.: орудний]	моїм болем
L	1687	Помітивши гіркоту на стиснутих вустах Арсена та біль у його почервонілих очах
L	1688	можу сама біль втамувати
M	1688	UPPERCASE_SENTENCE_START		0	4	Other	Це речення не починається з великої літери.	Можу
L	1689	Христина Біль
L	1690	Привіт Василь!
M	1690	pryvit_z_klychnym	1	0	13	Other	При звертанні треба вживати кличний відмінок	Привіт, Василю
L	1691	Олено поклич тата.
M	1691	KLYCHNYI_AND_IMPERATIVE	1	0	12	Other	Можливо, пропущена кома після кличного?	Олено, поклич
L	1692	Олено не розлий молоко.
M	1692	KLYCHNYI_AND_IMPERATIVE	1	0	15	Other	Можливо, пропущена кома після кличного?	Олено, не розлий
L	1693	Олена, ходім додому.
M	1693	KLYCHNYI_AND_IMPERATIVE	2	0	12	Other	Можливо, іменник має бути у кличному відмінку?	Олено, ходім
L	1694	Відьмаку, ходім додому.
M	1694	KLYCHNYI_AND_IMPERATIVE	2	0	15	Other	Можливо, іменник має бути у кличному відмінку?	Відьмаче, ходім
L	1695	Настю відправ додому
L	1696	хлопці, ходім
M	1696	UPPERCASE_SENTENCE_START		0	6	Other	Це речення не починається з великої літери.	Хлопці
L	1697	Олі та Віті, ходім
L	1698	... (Conservative Party) конституція, див. Хартія свободи...
L	1699	будь ласка, скажіть мені
M	1699	UPPERCASE_SENTENCE_START		0	4	Other	Це речення не починається з великої літери.	Будь
L	1700	Ваша честь, дивіться.
L	1701	та я феміністка, відчепіться
M	1701	UPPERCASE_SENTENCE_START		0	2	Other	Це речення не починається з великої літери.	Та
L	1702	Я, повірте, навіть не знав
L	1703	Екс-вкладники, готуйтеся до нових черг!
M	1703	ALT_SPELLING	1	0	13	Other	Слово, написане не за чинним правописом	
L	1704	Гей, збирайтеся, панове молодці
L	1705	Христя, знай, озиралася з повозки
L	1706	Яким, вибачте, фанатичним бажанням
L	1707	Іпатій Потій (1541–1613) — ...
L	1708	Дівчина знай опускала туди
L	1709	Чорт забирай!
L	1710	Бобові перетріть крізь сито
L	1711	Рибу з'їж сам
L	1712	Настю відправ додому
L	1713	Приїхав в Сектор Газа в лютому.
M	1713	SEKTOR_GAZA	1	10	21	Other	Правильно: <suggestion>Сектор Гази</suggestion>	Сектор Гази
L	1714	Приїхав в сектор Газа в лютому.
M	1714	SEKTOR_GAZA	1	10	21	Other	Правильно: <suggestion>Сектор Гази</suggestion>	Сектор Гази
L	1715	Приїхав в сектор Гази в лютому.
M	1715	SEKTOR_GAZA	2	10	21	Other	Правильно: <suggestion>Сектор Гази</suggestion>	Сектор Гази
L	1716	приїхали пожежні.
M	1716	UPPERCASE_SENTENCE_START		0	8	Other	Це речення не починається з великої літери.	Приїхали
M	1716	pozhezhni	1	9	16	Other	У значенні іменника правильно вживати <suggestion>пожежники</suggestion>	пожежники
L	1717	пожежні вежі
M	1717	UPPERCASE_SENTENCE_START		0	7	Other	Це речення не починається з великої літери.	Пожежні
L	1718	пожежних випадків
M	1718	UPPERCASE_SENTENCE_START		0	8	Other	Це речення не починається з великої літери.	Пожежних
L	1719	Науковий степінь
M	1719	stypin_vs_stepin	1	9	16	Other	Правильно: <suggestion>ступінь</suggestion>	ступінь
L	1720	Піднесення до степеня
L	1721	Науковий ступінь
L	1722	вчений ступінь
M	1722	vchenyi_stupin	1	0	6	Other	Правильно: <suggestion>науковий</suggestion>	науковий
L	1723	кинути за грати.
M	1723	UPPERCASE_SENTENCE_START		0	6	Other	Це речення не починається з великої літери.	Кинути
M	1723	graty_vs_hraty	1	10	15	Other	Можливо, замість дієслова «грати» тут має бути іменник «ґрати»?	ґрати
L	1724	щоб просто грати
M	1724	UPPERCASE_SENTENCE_START		0	3	Other	Це речення не починається з великої літери.	Щоб
L	1725	щоб добре грати
M	1725	UPPERCASE_SENTENCE_START		0	3	Other	Це речення не починається з великої літери.	Щоб
L	1726	кинути під грати.
M	1726	UPPERCASE_SENTENCE_START		0	6	Other	Це речення не починається з великої літери.	Кинути
M	1726	graty_vs_hraty	2	11	16	Other	Можливо, замість дієслова «грати» тут має бути іменник «ґрати»?	ґрати
L	1727	сидіти за гратами.
M	1727	UPPERCASE_SENTENCE_START		0	6	Other	Це речення не починається з великої літери.	Сидіти
M	1727	graty_vs_hraty	2	10	17	Other	Можливо, замість дієслова «грати» тут має бути іменник «ґрати»?	ґратами
L	1728	щоб просто грати
M	1728	UPPERCASE_SENTENCE_START		0	3	Other	Це речення не починається з великої літери.	Щоб
L	1729	щоб добре грати
M	1729	UPPERCASE_SENTENCE_START		0	3	Other	Це речення не починається з великої літери.	Щоб
L	1730	за залізними гратами.
M	1730	UPPERCASE_SENTENCE_START		0	2	Other	Це речення не починається з великої літери.	За
M	1730	graty_vs_hraty	3	13	20	Other	Можливо, замість дієслова «грати» тут має бути іменник «ґрати»?	ґратами
L	1731	на такому рівні грати
M	1731	UPPERCASE_SENTENCE_START		0	2	Other	Це речення не починається з великої літери.	На
L	1732	поганий поступок.
M	1732	UK_ADJ_NOUN_INFLECTION_AGREEMENT		0	16	Other	Потенційна помилка: прикметник не узгоджений з іменником: "поганий": [ч.р.: називний, знахідний (неіст.), кличний] і "поступок": [мн.: родовий]	поганих поступок
L	1733	Вона виступила з докладом на конференції.
M	1733	doklad_vs_dopovid	1	17	25	Other	Правильно: (коли йдеться про реферат чи виступ) <suggestion>доповідь</suggestion>	доповідь
L	1734	решту доклади своїми
M	1734	UPPERCASE_SENTENCE_START		0	5	Other	Це речення не починається з великої літери.	Решту
L	1735	Ілюстрація до докладу на конференції.
M	1735	doklad_vs_dopovid	2	14	21	Other	Правильно: (коли йдеться про реферат чи виступ) <suggestion>доповідь</suggestion>	доповідь
L	1736	решту доклади своїми
M	1736	UPPERCASE_SENTENCE_START		0	5	Other	Це речення не починається з великої літери.	Решту
L	1737	і залежно він результату
M	1737	UPPERCASE_SENTENCE_START		0	1	Other	Це речення не починається з великої літери.	І
M	1737	nezalezhno_vin	1	10	13	Other	Можливо: <suggestion>від</suggestion>?	від
L	1738	Пам'ятник Франка
M	1738	pamiatnyk_chogo	1	10	16	Other	Правильно: <suggestion>Франкові</suggestion>, <suggestion>Франку</suggestion>	Франкові|Франку
L	1739	пам'ятник Роналду
M	1739	UPPERCASE_SENTENCE_START		0	9	Other	Це речення не починається з великої літери.	Пам'ятник
L	1740	Пам'ятник Івана Франка
M	1740	pamiatnyk_chogo	2	10	22	Other	Правильно: <suggestion>Іванові Франкові</suggestion>, <suggestion>Іванові Франку</suggestion>, <suggestion>Івану Франкові</suggestion>, <suggestion>Івану Франку</suggestion>	Іванові Франкові|Іванові Франку|Івану Франкові|Івану Франку
L	1741	пам'ятник Кріштіану Роналду
M	1741	UPPERCASE_SENTENCE_START		0	9	Other	Це речення не починається з великої літери.	Пам'ятник
L	1742	Це зайняло нам дві неділі
M	1742	NEDILYA_VS_TYZHDEN	1	19	25	Other	Правильно: <suggestion>тижні</suggestion>	тижні
L	1743	Це зайняло нам два тижні.
L	1744	провів одну неділю без внучки
M	1744	UPPERCASE_SENTENCE_START		0	6	Other	Це речення не починається з великої літери.	Провів
L	1745	використати ділянку з якоюсь корисною метою
M	1745	UPPERCASE_SENTENCE_START		0	11	Other	Це речення не починається з великої літери.	Використати
M	1745	KORYSNA_META	1	29	37	Other	Правильно: <suggestion>корисливою</suggestion>	корисливою
L	1746	Є висока вірогідність дощу.
M	1746	VIROGIDNIST_VS_YMOVIRNIST	1	9	21	Other	Правильно: <suggestion>ймовірність</suggestion>	ймовірність
L	1747	Є більше вірогідності дощу.
M	1747	VIROGIDNIST_VS_YMOVIRNIST	1	9	21	Other	Правильно: <suggestion>ймовірність</suggestion>	ймовірність
L	1748	Є висока ймовірність дощу.
L	1749	З вірогідністю 90%.
M	1749	VIROGIDNIST_VS_YMOVIRNIST	2	2	14	Other	Правильно: <suggestion>ймовірністю</suggestion>	ймовірністю
L	1750	Грається з вірогідністю.
L	1751	Це сценарій вірогіднішій.
M	1751	VIROGIDNIST_VS_YMOVIRNIST	3	12	24	Other	Правильно: <suggestion>(най)імовірніший</suggestion>	(най)імовірніший
L	1752	Це найбільш вірогідно.
M	1752	VIROGIDNIST_VS_YMOVIRNIST	4	12	21	Other	Правильно: <suggestion>ймовірно</suggestion>	ймовірно
L	1753	в люту гієну.
M	1753	UPPERCASE_SENTENCE_START		0	1	Other	Це речення не починається з великої літери.	В
M	1753	hiena_heena	1	7	12	Other	Можливо: <suggestion>геєна</suggestion>?	геєна
L	1754	в гієну люту.
M	1754	UPPERCASE_SENTENCE_START		0	1	Other	Це речення не починається з великої літери.	В
M	1754	hiena_heena	1	2	7	Other	Можливо: <suggestion>геєна</suggestion>?	геєна
L	1755	сміх геєни.
M	1755	UPPERCASE_SENTENCE_START		0	4	Other	Це речення не починається з великої літери.	Сміх
M	1755	hiena_heena	3	5	10	Other	Можливо: <suggestion>гієна</suggestion>?	гієна
L	1756	геєна сміється.
M	1756	hiena_heena	4	0	5	Other	Можливо: <suggestion>гієна</suggestion>?	гієна
L	1757	вибирали представників.
M	1757	vybraty_predstavnyka	1	0	8	Other	Правильно: <suggestion>обрати</suggestion>.	обрати|обирати
L	1758	Поверталися на висхідну позицію.
M	1758	VYSHIDNYI_VYHIDNYI	1	15	23	Other	Ви мали на увазі: <suggestion>вихідний</suggestion>?	вихідний
L	1759	Заробив 7 млн гривен.
M	1759	HRYVNA_HRYVNIA	1	14	20	Other	На позначення грошової одиниці вживаємо: <suggestion>гривень</suggestion>	гривень
L	1760	девальвація гривні
M	1760	UPPERCASE_SENTENCE_START		0	11	Other	Це речення не починається з великої літери.	Девальвація
L	1761	На шиї він мав золоту гривну, на пальцях – золоті персні
L	1762	«гривна» — це давня нашийна прикраса.
M	1762	UPPERCASE_SENTENCE_START		1	7	Other	Це речення не починається з великої літери.	Гривна
L	1763	зниклих безвісті.
M	1763	UPPERCASE_SENTENCE_START		0	7	Other	Це речення не починається з великої літери.	Зниклих
M	1763	BEZVISTI_VS_BEZVISTY	1	8	16	Other	Правильно: <suggestion>безвісти</suggestion>	безвісти
L	1764	пропали безвісті.
M	1764	UPPERCASE_SENTENCE_START		0	7	Other	Це речення не починається з великої літери.	Пропали
M	1764	BEZVISTI_VS_BEZVISTY	1	8	16	Other	Правильно: <suggestion>безвісти</suggestion>	безвісти
L	1765	безвісті зникли.
M	1765	BEZVISTI_VS_BEZVISTY	2	0	8	Other	Правильно: <suggestion>безвісти</suggestion>	безвісти
L	1766	зниклих без вісті.
M	1766	UPPERCASE_SENTENCE_START		0	7	Other	Це речення не починається з великої літери.	Зниклих
M	1766	BEZVISTI_VS_BEZVISTY	3	8	17	Other	Правильно: <suggestion>безвісти</suggestion>	безвісти
L	1767	пропали без вісти.
M	1767	UPPERCASE_SENTENCE_START		0	7	Other	Це речення не починається з великої літери.	Пропали
M	1767	bez_visty	1	8	17	Other	Правильно: <suggestion>безвісти</suggestion>	безвісти
L	1768	без вісті зникли.
M	1768	BEZVISTI_VS_BEZVISTY	4	0	9	Other	Правильно: <suggestion>безвісти</suggestion>	безвісти
L	1769	без вісти зникли.
M	1769	bez_visty	1	0	9	Other	Правильно: <suggestion>безвісти</suggestion>	безвісти
L	1770	без вісти
M	1770	bez_visty	1	0	9	Other	Правильно: <suggestion>безвісти</suggestion>	безвісти
L	1771	Агов, на треба цього!
M	1771	na_trebe	1	6	14	Other	Правильно: <suggestion>не треба</suggestion>	не треба
L	1772	він витупає завтра.
M	1772	UPPERCASE_SENTENCE_START		0	3	Other	Це речення не починається з великої літери.	Він
M	1772	vytupaye	1	4	11	Other	Можливо, ви мали на увазі <suggestion>виступає</suggestion>?	виступає
L	1773	з чисельним військом
M	1773	UPPERCASE_SENTENCE_START		0	1	Other	Це речення не починається з великої літери.	З
M	1773	chyselnyi_chyslennyi	1	2	11	Other	Численний — який складається з великої кількості, чисельний — який стосується числа, кількості	численним
L	1774	стає більш чисельним.
M	1774	UPPERCASE_SENTENCE_START		0	4	Other	Це речення не починається з великої літери.	Стає
M	1774	chyselnyi_chyslennyi	2	11	20	Other	Численний — який складається з великої кількості, чисельний — який стосується числа, кількості	численним
L	1775	і численному методу
M	1775	UPPERCASE_SENTENCE_START		0	1	Other	Це речення не починається з великої літери.	І
M	1775	chyselnyi_chyslennyi	3	2	12	Other	Численний — який складається з великої кількості, чисельний — який стосується числа, кількості	числовому|чисельному
L	1776	і численному експерименті
M	1776	UPPERCASE_SENTENCE_START		0	1	Other	Це речення не починається з великої літери.	І
M	1776	chyselnyi_chyslennyi	4	2	12	Other	Численний — який складається з великої кількості, чисельний — який стосується числа, кількості	числовому|чисельному
L	1777	тестували на численних експериментах
M	1777	UPPERCASE_SENTENCE_START		0	9	Other	Це речення не починається з великої літери.	Тестували
L	1778	численні переваги
M	1778	UPPERCASE_SENTENCE_START		0	8	Other	Це речення не починається з великої літери.	Численні
L	1779	отакий непорівнюваний варіант
M	1779	UPPERCASE_SENTENCE_START		0	6	Other	Це речення не починається з великої літери.	Отакий
M	1779	neporivniuvayi	1	7	21	Other	Непорівнюваний має значення "що його не порівнюють" (в момент мовлення). В більшості випадків потрібне слово: <suggestion>непорівнянний</suggestion> "що його неможливо порівняти"	непорівнянний
L	1780	отака непорівнюваність
M	1780	UPPERCASE_SENTENCE_START		0	5	Other	Це речення не починається з великої літери.	Отака
M	1780	neporivniuvayi	2	6	22	Other	Непорівнюваність має значення "що його не порівнюють" (в момент мовлення). В більшості випадків потрібне слово: <suggestion>непорівнянність</suggestion> "неможливість порівняти"	непорівнянність
L	1781	отакий непояснюваний варіант
M	1781	UPPERCASE_SENTENCE_START		0	6	Other	Це речення не починається з великої літери.	Отакий
M	1781	neporivniuvayi	3	7	20	Other	Непояснюваний має значення "що його не пояснюють" (в момент мовлення). В більшості випадків потрібне слово: <suggestion>непоясненний</suggestion> "що його неможливо пояснити"	непоясненний
L	1782	ширина рівняється висоті
M	1782	UPPERCASE_SENTENCE_START		0	6	Other	Це речення не починається з великої літери.	Ширина
M	1782	UK_VERB_NOUN_INFLECTION_AGREEMENT		7	24	Other	Не узгоджено дієслово з іменником: "рівняється" (вимагає: орудний) і "висоті" (ж.р.: давальний, місцевий)	рівняється висотою
L	1783	на подвиги яких варто рівнятися сучасним українцям
M	1783	UPPERCASE_SENTENCE_START		0	2	Other	Це речення не починається з великої літери.	На
L	1784	він відрив двері
M	1784	UPPERCASE_SENTENCE_START		0	3	Other	Це речення не починається з великої літери.	Він
M	1784	vidryvaty_dveri	1	4	10	Other	Можливо: <suggestion>відкрив</suggestion>?	відкрив
L	1785	спортивного кружка
M	1785	UPPERCASE_SENTENCE_START		0	11	Other	Це речення не починається з великої літери.	Спортивного
M	1785	kruzhok	1	12	18	Other	Правильно: <suggestion>гуртка</suggestion>?	гуртка
L	1786	події ХХ віка.
M	1786	UPPERCASE_SENTENCE_START		0	5	Other	Це речення не починається з великої літери.	Події
M	1786	UK_MIXED_ALPHABETS		6	8	Other	Вжито кириличні літери замість латинських на позначення римської цифри	XX
M	1786	vika_viku	1	9	13	Other	Родовий відмінок від «вік» є <suggestion>віку</suggestion>	віку
L	1787	розглядала його віка, губи
M	1787	UPPERCASE_SENTENCE_START		0	10	Other	Це речення не починається з великої літери.	Розглядала
L	1788	на всі віка.
M	1788	UPPERCASE_SENTENCE_START		0	2	Other	Це речення не починається з великої літери.	На
M	1788	vika_viku	2	7	11	Other	Родовий відмінок від «вік» є <suggestion>віку</suggestion>	віку
L	1789	розглядала його віка, губи
M	1789	UPPERCASE_SENTENCE_START		0	10	Other	Це речення не починається з великої літери.	Розглядала
L	1790	хочеш віка збавити.
M	1790	UPPERCASE_SENTENCE_START		0	5	Other	Це речення не починається з великої літери.	Хочеш
M	1790	vika_viku	3	6	10	Other	Родовий відмінок від «вік» є <suggestion>віку</suggestion>	віку
L	1791	розглядала його віка, губи
M	1791	UPPERCASE_SENTENCE_START		0	10	Other	Це речення не починається з великої літери.	Розглядала
L	1792	і незважаючи не це.
M	1792	UPPERCASE_SENTENCE_START		0	1	Other	Це речення не починається з великої літери.	І
M	1792	nezvazhayuchi_ne	1	2	15	Other	Можливо, ви мали на увазі <suggestion>незважаючи на</suggestion>	незважаючи на
M	1792	UK_PREP_NOUN_INFLECTION_AGREEMENT		16	18	Other	Прийменник «незважаючи» вимагає іншого відмінка: , а знайдено: називний, знахідний	це
L	1793	і не зважаючи не це.
M	1793	UPPERCASE_SENTENCE_START		0	1	Other	Це речення не починається з великої літери.	І
M	1793	nezvazhayuchi_ne	2	5	16	Other	Можливо, ви мали на увазі <suggestion>зважаючи на</suggestion>	зважаючи на
L	1794	і зважаючи не ситуацію
M	1794	UPPERCASE_SENTENCE_START		0	1	Other	Це речення не починається з великої літери.	І
M	1794	nezvazhayuchi_ne	3	2	13	Other	Можливо, ви мали на увазі <suggestion>зважаючи на</suggestion>	зважаючи на
L	1795	зважаючи не лише на сучасні проблеми
M	1795	UPPERCASE_SENTENCE_START		0	8	Other	Це речення не починається з великої літери.	Зважаючи
L	1796	працюють винятково на себе.
M	1796	UPPERCASE_SENTENCE_START		0	8	Other	Це речення не починається з великої літери.	Працюють
M	1796	vyniatkovo_vs_vykliuchno	1	9	18	Other	«Винятково» вживаємо переважно в значенні «надзвичайно» (винятково гарна), а в обмежувальному значенні краще вжити інші відповідники	виключно|лише|тільки|суто
L	1797	винятково на політичній основі
M	1797	vyniatkovo_vs_vykliuchno	2	0	9	Other	«Винятково» вживаємо переважно в значенні «надзвичайно» (винятково гарна), а в обмежувальному значенні краще вжити інші відповідники	виключно|лише|тільки|суто
L	1798	він настоював на цьому.
M	1798	UPPERCASE_SENTENCE_START		0	3	Other	Це речення не починається з великої літери.	Він
M	1798	nastoyuvaty_vs_napolyagaty	1	4	13	Other	Можливо неправильно вжито «настоювати» у значенні «наполягати»	наполягати|стояти на|обстоювати що, за чим
L	1799	мікстуру настоювали на інших розчинах.
M	1799	UPPERCASE_SENTENCE_START		0	8	Other	Це речення не починається з великої літери.	Мікстуру
L	1800	ліки він настоював на горілці.
M	1800	UPPERCASE_SENTENCE_START		0	4	Other	Це речення не починається з великої літери.	Ліки
L	1801	ліки він настоював на 0,25 л спирту.
M	1801	UPPERCASE_SENTENCE_START		0	4	Other	Це речення не починається з великої літери.	Ліки
L	1802	він настоював, що все це неправда.
M	1802	UPPERCASE_SENTENCE_START		0	3	Other	Це речення не починається з великої літери.	Він
M	1802	nastoyuvaty_vs_napolyagaty	2	4	13	Other	Можливо неправильно вжито «настоювати» у значенні «наполягати»	наполягати|стояти на|обстоювати що, за чим
L	1803	ліки він настоював на 0,25 л спирту.
M	1803	UPPERCASE_SENTENCE_START		0	4	Other	Це речення не починається з великої літери.	Ліки
L	1804	дав йому свій адрес.
M	1804	UPPERCASE_SENTENCE_START		0	3	Other	Це речення не починається з великої літери.	Дав
M	1804	adres_adresa	1	14	19	Other	Можливо, ви мали на увазі <suggestion>адреса</suggestion>	адреса
L	1805	дав йому свою адресу
M	1805	UPPERCASE_SENTENCE_START		0	3	Other	Це речення не починається з великої літери.	Дав
L	1806	дав йому домашній адрес.
M	1806	UPPERCASE_SENTENCE_START		0	3	Other	Це речення не починається з великої літери.	Дав
M	1806	adres_adresa	2	18	23	Other	Можливо, ви мали на увазі <suggestion>адреса</suggestion>	адреса
L	1807	на домашній адресі.
M	1807	UPPERCASE_SENTENCE_START		0	2	Other	Це речення не починається з великої літери.	На
L	1808	начальник штаба.
M	1808	UPPERCASE_SENTENCE_START		0	9	Other	Це речення не починається з великої літери.	Начальник
M	1808	shtaba_shtab	1	10	15	Other	Р.в. від «штаб» є <suggestion>штабу</suggestion>	штабу
L	1809	залізна штаба
M	1809	UPPERCASE_SENTENCE_START		0	7	Other	Це речення не починається з великої літери.	Залізна
L	1810	штаба дивізії.
M	1810	shtaba_shtab	2	0	5	Other	Р.в. від «штаб» є <suggestion>штабу</suggestion>	штабу
L	1811	залізна штаба
M	1811	UPPERCASE_SENTENCE_START		0	7	Other	Це речення не починається з великої літери.	Залізна
L	1812	депутатського корпуса.
M	1812	UPPERCASE_SENTENCE_START		0	13	Other	Це речення не починається з великої літери.	Депутатського
M	1812	korpusa_korpusu	1	14	21	Other	Р.в. від «корпус» є <suggestion>корпусу</suggestion>	корпусу
L	1813	могутнього корпусу
M	1813	UPPERCASE_SENTENCE_START		0	10	Other	Це речення не починається з великої літери.	Могутнього
L	1814	корпуса університету.
M	1814	korpusa_korpusu	2	0	7	Other	Р.в. від «корпус» є <suggestion>корпусу</suggestion>	корпусу
L	1815	могутнього корпусу
M	1815	UPPERCASE_SENTENCE_START		0	10	Other	Це речення не починається з великої літери.	Могутнього
L	1816	від початка XX ст.
M	1816	UPPERCASE_SENTENCE_START		0	3	Other	Це речення не починається з великої літери.	Від
M	1816	pochatku	1	4	11	Other	Р.в. від «початок» є <suggestion>початку</suggestion>	початку
L	1817	початка кукурудзи
M	1817	UPPERCASE_SENTENCE_START		0	7	Other	Це речення не починається з великої літери.	Початка
L	1818	для особового кладу.
M	1818	UPPERCASE_SENTENCE_START		0	3	Other	Це речення не починається з великої літери.	Для
M	1818	klad_vs_sklad_1	1	14	19	Other	Можливо ви мали на увазі: <suggestion>складу</suggestion>?	складу
L	1819	Великого кладу
M	1819	UK_SIMPLE_REPLACE		9	14	Other	«кладу» - помилкове слово, виправлення: скарб.	скарб
L	1820	до кладу якої мали увійти.
M	1820	UPPERCASE_SENTENCE_START		0	2	Other	Це речення не починається з великої літери.	До
M	1820	klad_vs_sklad_2	1	3	8	Other	Можливо ви мали на увазі: <suggestion>складу</suggestion>?	складу
L	1821	Великого кладу
M	1821	UK_SIMPLE_REPLACE		9	14	Other	«кладу» - помилкове слово, виправлення: скарб.	скарб
L	1822	агарної політики.
M	1822	agarnyi_vs_agrarnyi_1	1	0	7	Other	Можливо ви мали на увазі: <suggestion>аграрної</suggestion>?	аграрної
L	1823	агарного складу
M	1823	UPPERCASE_SENTENCE_START		0	8	Other	Це речення не починається з великої літери.	Агарного
L	1824	куля пройшла на виліт.
M	1824	UPPERCASE_SENTENCE_START		0	4	Other	Це речення не починається з великої літери.	Куля
M	1824	na_vylit_vs_navylit	1	13	21	Other	Може ви мали на увазі <suggestion>навиліт</suggestion>?	навиліт
L	1825	той матч навиліт.
M	1825	UPPERCASE_SENTENCE_START		0	3	Other	Це речення не починається з великої літери.	Той
M	1825	na_vylit_vs_navylit	2	9	16	Other	Може ви мали на увазі <suggestion>на виліт</suggestion>?	на виліт
L	1826	за таких погідних умов.
M	1826	UPPERCASE_SENTENCE_START		0	2	Other	Це речення не починається з великої літери.	За
M	1826	pogodnyi_vs_pogidnyi	1	9	17	Other	Може ви мали на увазі <suggestion>погодних</suggestion>?	погодних
L	1827	мав погодний день.
M	1827	UPPERCASE_SENTENCE_START		0	3	Other	Це речення не починається з великої літери.	Мав
M	1827	pogodnyi_vs_pogidnyi	2	4	12	Other	Може ви мали на увазі <suggestion>погідний</suggestion>?	погідний
L	1828	незважаючи на їхню кількість.
M	1828	UPPERCASE_SENTENCE_START		0	10	Other	Це речення не починається з великої літери.	Незважаючи
M	1828	yih_vs_yiniy	1	14	18	Other	Якщо займенник відповідає на питання «кого/чого», а не «чий», треба вживати: <suggestion>їх</suggestion>	їх
L	1829	в їхньому виконанні
M	1829	UPPERCASE_SENTENCE_START		0	1	Other	Це речення не починається з великої літери.	В
L	1830	на їх організм.
M	1830	UPPERCASE_SENTENCE_START		0	2	Other	Це речення не починається з великої літери.	На
M	1830	yih_vs_yiniy	2	3	5	Other	Якщо «їх» відповідає на питання «чий», а не «кого/чого», треба вживати <suggestion>їхній</suggestion>	їхній
L	1831	на їх загальний обов'язок.
M	1831	UPPERCASE_SENTENCE_START		0	2	Other	Це речення не починається з великої літери.	На
M	1831	yih_vs_yiniy	2	3	5	Other	Якщо «їх» відповідає на питання «чий», а не «кого/чого», треба вживати <suggestion>їхній</suggestion>	їхній
L	1832	відповідатиме їх економічно-соціальним потребам.
M	1832	UPPERCASE_SENTENCE_START		0	13	Other	Це речення не починається з великої літери.	Відповідатиме
M	1832	yih_vs_yiniy	2	14	16	Other	Якщо «їх» відповідає на питання «чий», а не «кого/чого», треба вживати <suggestion>їхній</suggestion>	їхній
L	1833	позбавивши їх життя
M	1833	UPPERCASE_SENTENCE_START		0	10	Other	Це речення не починається з великої літери.	Позбавивши
L	1834	жінка навчає їх англійської мови
M	1834	UPPERCASE_SENTENCE_START		0	5	Other	Це речення не починається з великої літери.	Жінка
L	1835	перекладати їх іншими мовами
M	1835	UPPERCASE_SENTENCE_START		0	11	Other	Це речення не починається з великої літери.	Перекладати
L	1836	позбавити обох їх батьківських прав
M	1836	UPPERCASE_SENTENCE_START		0	9	Other	Це речення не починається з великої літери.	Позбавити
L	1837	низький рівень їх знання поміж українців
M	1837	UPPERCASE_SENTENCE_START		0	7	Other	Це речення не починається з великої літери.	Низький
L	1838	якщо їх цього права позбавити
M	1838	UPPERCASE_SENTENCE_START		0	4	Other	Це речення не починається з великої літери.	Якщо
L	1839	писали їх українською мовою
M	1839	UPPERCASE_SENTENCE_START		0	6	Other	Це речення не починається з великої літери.	Писали
L	1840	механічний привид.
M	1840	UPPERCASE_SENTENCE_START		0	10	Other	Це речення не починається з великої літери.	Механічний
M	1840	pyvyd_vs_pryvid	1	11	17	Other	Може ви мали на увазі <suggestion>привід</suggestion>?	привід
L	1841	дав їм привид.
M	1841	UPPERCASE_SENTENCE_START		0	3	Other	Це речення не починається з великої літери.	Дав
M	1841	pyvyd_vs_pryvid	2	7	13	Other	Може ви мали на увазі <suggestion>привід</suggestion>?	привід
L	1842	дав гарний привид.
M	1842	UPPERCASE_SENTENCE_START		0	3	Other	Це речення не починається з великої літери.	Дав
M	1842	pyvyd_vs_pryvid	1	11	17	Other	Може ви мали на увазі <suggestion>привід</suggestion>?	привід
L	1843	шукав привид для.
M	1843	UPPERCASE_SENTENCE_START		0	5	Other	Це речення не починається з великої літери.	Шукав
M	1843	pyvyd_vs_pryvid	2	6	12	Other	Може ви мали на увазі <suggestion>привід</suggestion>?	привід
L	1844	просто привид втекти додому.
M	1844	UPPERCASE_SENTENCE_START		0	6	Other	Це речення не починається з великої літери.	Просто
M	1844	pyvyd_vs_pryvid	4	7	13	Other	Може ви мали на увазі <suggestion>привід</suggestion>?	привід
L	1845	спритними напоями
M	1845	sprytni_napoi	1	0	17	Other	Можливо ви мали на увазі: <suggestion>спиртними напоями</suggestion>	спиртними напоями
L	1846	покрашенню вже сьогодні
M	1846	pokrashennya	1	0	10	Other	Можливо ви мали на увазі: <suggestion>покращенню</suggestion>	покращенню
L	1847	Це трапилося 31 листопада 2014 р.
M	1847	INVALID_DATE	1	13	25	Other	Місяць листопада має лише 30 днів.	
L	1848	Це трапилося 30 листопада 2014 р.
L	1849	Це трапилося 30 лютого 2014 р.
M	1849	INVALID_DATE	2	13	22	Other	Лютий має 28 днів або 29 днів у переступному році.	
L	1850	Це трапилося 28 лютого 2014 р.
L	1851	Мою поїздку запланували на травень 2014 р.
L	1852	Мою поїздку запланували на травень 20014 р.
M	1852	YEAR_20001	1	27	40	Other	Можливо <suggestion>травень 2014</suggestion>?	травень 2014
L	1853	Конференція відбудеться в понеділок, 7 жовтня 2014 р.
M	1853	DATE_WEEKDAY1	1	26	50	Other	Днем тижня 7 жовтня 2014 є не понеділок, а вівторок.	
L	1854	Конференція відбудеться в понеділок, 7 жов 2014 р.
M	1854	DATE_WEEKDAY1	1	26	47	Other	Днем тижня 7 жов 2014 є не понеділок, а вівторок.	
L	1855	Конференція відбудеться у вівторок, 7 жовтня 2014 р.
L	1856	Конференція відбудеться у вівторок, 7 жов 2014 р.
L	1857	Запитайте, будь ласка у водія.
M	1857	comma_bud_laska	1	11	21	Other	Сполука «будь ласка» виділяється комами (відсутня права кома)	будь ласка,
L	1858	— Будь ласка — миску, ложку й мій хліб!
L	1859	— "Будь ласка"?
L	1860	Запитайте, будь ласка, у водія.
L	1861	Запитайте будь ласка, у водія.
M	1861	comma_bud_laska	2	0	20	Other	Сполука «будь ласка» виділяється комами (відсутня ліва кома)	Запитайте, будь ласка
L	1862	ви хочете, то будь ласка!
M	1862	UPPERCASE_SENTENCE_START		0	2	Other	Це речення не починається з великої літери.	Ви
L	1863	а тут ― будь ласка, відкрилася
M	1863	UPPERCASE_SENTENCE_START		0	1	Other	Це речення не починається з великої літери.	А
L	1864	І, взагалі кажучи хто він такий.
M	1864	comma_vzagali_kazhuchy	1	3	17	Other	Вставні сполуки виділяються комами (відсутня права кома)	взагалі кажучи,
L	1865	Взагалі кажучи — тут все моє
L	1866	І взагалі кажучи, не хочу.
M	1866	comma_vzagali_kazhuchy	2	1	16	Other	Вставні сполуки виділяються комами (відсутня ліва кома)	, взагалі кажучи
L	1867	дуже м'яко кажучи
M	1867	UPPERCASE_SENTENCE_START		0	4	Other	Це речення не починається з великої літери.	Дуже
L	1868	І, на жаль хто він такий.
L	1869	На превеликий жаль для генерала
L	1870	І на превеликий жаль, не хочу.
L	1871	І, поза сумнівом хто він такий.
L	1872	І поза всякими сумнівами, не було.
L	1873	І, з дозволу сказати хто він такий.
M	1873	comma_z_dozvolu_skazaty	1	3	20	Other	Вставні сполуки виділяються комами (відсутня права кома)	з дозволу сказати,
L	1874	І з дозволу сказати, не хочу.
M	1874	comma_z_dozvolu_skazaty	2	1	19	Other	Вставні сполуки виділяються комами (відсутня ліва кома)	, з дозволу сказати
L	1875	І, чорт забирай хто він такий.
M	1875	comma_chort_zabyrai	1	3	15	Other	Вставні сполуки виділяються комами (відсутня права кома)	чорт забирай,
L	1876	І чорт забирай, не хочу.
M	1876	comma_chort_zabyrai	2	1	14	Other	Вставні сполуки виділяються комами (відсутня ліва кома)	, чорт забирай
L	1877	І, так би мовити хто він такий.
M	1877	comma_tak_by_movyty	1	3	16	Other	Коли вжито як вставну сполуку, «так би мовити» відокремлюється комами, однак коли вводить зворот (напр. «так би мовити кишенькових, які …»), то кому ставимо після цілого звороту; (можливо відсутня права кома)	так би мовити,
L	1878	І так би мовити, не хочу.
M	1878	comma_tak_by_movyty	2	1	15	Other	Вставні сполуки виділяються комами (відсутня ліва кома)	, так би мовити
L	1879	І, до речі хто він такий.
L	1880	І, до речі кажучи хто він такий.
L	1881	до Речі Посполитої
M	1881	UPPERCASE_SENTENCE_START		0	2	Other	Це речення не починається з великої літери.	До
L	1882	не до речі
M	1882	UPPERCASE_SENTENCE_START		0	2	Other	Це речення не починається з великої літери.	Не
L	1883	І до речі, не хочу.
L	1884	І, гріх сказати хто він такий.
M	1884	comma_grih_skazaty	1	3	15	Other	Вставні сполуки виділяються комами (відсутня права кома)	гріх сказати,
L	1885	І грішним ділом, подумав.
M	1885	comma_grih_skazaty	2	0	15	Other	Вставні сполуки виділяються комами (відсутня ліва кома)	І, грішним ділом
L	1886	І, грішним ділом, подумав про неї.
L	1887	І, мушу признатися хто він такий.
M	1887	comma_mushu_pryznatysia	1	3	18	Other	Вставні сполуки виділяються комами (відсутня права кома)	мушу признатися,
L	1888	І мушу признатися, подумав.
M	1888	comma_mushu_pryznatysia	2	1	17	Other	Вставні сполуки виділяються комами (відсутня ліва кома)	, мушу признатися
L	1889	Тепер мушу зізнатися, що дозволив
L	1890	І, крий боже хто він такий.
M	1890	comma_kryi_bozhe	1	3	12	Other	Вставні сполуки виділяються комами (відсутня права кома)	крий боже,
L	1891	І крий боже, подумав.
M	1891	comma_kryi_bozhe	2	0	11	Other	Вставні сполуки виділяються комами (відсутня ліва кома)	І, крий боже
L	1892	І, крім того хто він такий.
M	1892	comma_krim_togo	1	3	12	Other	Вставні сполуки виділяються комами (відсутня права кома)	крім того,
L	1893	...у Москві, а крім того закінчив...
L	1894	пройшов все, крім того випадку
M	1894	UPPERCASE_SENTENCE_START		0	7	Other	Це речення не починається з великої літери.	Пройшов
L	1895	але ж крім того, подумав.
M	1895	UPPERCASE_SENTENCE_START		0	3	Other	Це речення не починається з великої літери.	Але
M	1895	comma_krim_togo	2	5	15	Other	Вставні сполуки виділяються комами (відсутня ліва кома)	, крім того
L	1896	все а крім того, подумав.
M	1896	comma_krim_togo	2	3	15	Other	Вставні сполуки виділяються комами (відсутня ліва кома)	, а крім того
L	1897	І, між іншим хто він такий.
M	1897	comma_mizh_inshym	1	3	12	Other	Сполуку «між іншим» зі значенням «до речі» відокремлюємо комами як вставну, а коли її вжито в значенні «побіжно», ком не ставимо. (відсутня права кома)	між іншим,
L	1898	але ж між іншим, подумав.
M	1898	UPPERCASE_SENTENCE_START		0	3	Other	Це речення не починається з великої літери.	Але
M	1898	comma_mizh_inshym	2	5	15	Other	Сполуку «між іншим» зі значенням «до речі» відокремлюємо комами як вставну, а коли її вжито в значенні «побіжно», ком не ставимо. (відсутня ліва кома)	, між іншим
L	1899	леді Айліш, ніби між іншим, зауважила
M	1899	UPPERCASE_SENTENCE_START		0	4	Other	Це речення не починається з великої літери.	Леді
L	1900	інтуїтивно а втім і у будь-який інший спосіб
M	1900	comma_before_but	1	0	12	Other	Відсутня кома перед сполучником	інтуїтивно, а
L	1901	інтуїтивно а втім і у будь-який інший спосіб
M	1901	comma_before_but	1	0	12	Other	Відсутня кома перед сполучником	інтуїтивно, а
L	1902	І, ясна річ все пропало.
M	1902	comma_jasna_rich	1	3	11	Other	Вставні сполуки виділяються комами (відсутня права кома)	ясна річ,
L	1903	І, ясна річ, подумав про неї.
L	1904	І ясна річ, подумав.
M	1904	comma_jasna_rich	2	1	10	Other	Вставні сполуки виділяються комами (відсутня ліва кома)	, ясна річ
L	1905	зовсім не зрозуміла річ
M	1905	UPPERCASE_SENTENCE_START		0	6	Other	Це речення не починається з великої літери.	Зовсім
L	1906	розкіш — не певна річ, яку можна купити
M	1906	UPPERCASE_SENTENCE_START		0	6	Other	Це речення не починається з великої літери.	Розкіш
L	1907	І, звісне діло все пропало.
M	1907	comma_jasna_rich	3	3	14	Other	Вставні сполуки виділяються комами (відсутня права кома)	звісне діло,
L	1908	І ясне діло, подумав.
M	1908	comma_jasna_rich	4	1	11	Other	Вставні сполуки виділяються комами (відсутня ліва кома)	, ясне діло
L	1909	Це, мабуть його водій.
M	1909	comma_insert_words	1	4	15	Other	Вставні слова виділяються комами (відсутня права кома)	мабуть, його
L	1910	Це, мабуть же його водій.
M	1910	comma_insert_words	1	4	18	Other	Вставні слова виділяються комами (відсутня права кома)	мабуть же, його
L	1911	Це, мабуть, його водій.
L	1912	По-третє.
L	1913	Та, мабуть же, й...
L	1914	Бач яка, щоб її правці взяли
L	1915	Це, очевидячки його водій.
M	1915	comma_insert_words	2	4	14	Other	Вставні слова виділяються комами (відсутня права кома), але якщо «очевидячки» стоїть на початку уточнювального або приєднувального звороту, то кома ставиться не після «очевидячки», а після цілого звороту	очевидячки,
L	1916	призначає нового прем’єра. щоправда, у Держдуми
M	1916	UPPERCASE_SENTENCE_START		0	9	Other	Це речення не починається з великої літери.	Призначає
M	1916	comma_insert_words	3	25	35	Other	Вставні слова виділяються комами (відсутня ліва кома)	., щоправда
L	1917	Це мабуть, водій.
M	1917	comma_insert_words	3	0	9	Other	Вставні слова виділяються комами (відсутня ліва кома)	Це, мабуть
L	1918	Мабуть, це водій.
L	1919	Це, мабуть, водій.
L	1920	Але це... мабуть, водій.
L	1921	Розмова з глухими Утім, було би надто
M	1921	BY_B	2	29	31	Hint	Після голосної пишемо <suggestion>б</suggestion>	б
L	1922	-- по-перше фінансово;
M	1922	comma_insert_words	1	3	21	Other	Вставні слова виділяються комами (відсутня права кома)	по-перше, фінансово
L	1923	По-перше, треба його нашпигувати по-друге, запекти.
M	1923	comma_insert_words	4	21	41	Other	Вставні слова виділяються комами (відсутня ліва кома)	нашпигувати, по-друге
L	1924	Це по-перше.
L	1925	• По-перше, ініціатори-конституанти
M	1925	MORFOLOGIK_RULE_UK_UA		12	35	UnknownWord	Знайдено потенційну орфографічну помилку.	
L	1926	• по-перше, ініціатори-конституанти
M	1926	MORFOLOGIK_RULE_UK_UA		12	35	UnknownWord	Знайдено потенційну орфографічну помилку.	
L	1927	(це вже буде по-третє)
L	1928	Тепер по-друге.
L	1929	І лише по-третє —
L	1930	і приміром редакторством чи викладанням.
M	1930	UPPERCASE_SENTENCE_START		0	1	Other	Це речення не починається з великої літери.	І
M	1930	comma_prymirom	2	1	10	Other	Вставні слова виділяються комами (відсутня ліва кома)	, приміром
L	1931	до середини XVII ст. Приміром, в маленьких містах
M	1931	UPPERCASE_SENTENCE_START		0	2	Other	Це речення не починається з великої літери.	До
M	1931	comma_prymirom	2	20	29	Other	Вставні слова виділяються комами (відсутня ліва кома)	, Приміром
L	1932	культурне життя, приміром Варшави, а радше
M	1932	UPPERCASE_SENTENCE_START		0	9	Other	Це речення не починається з великої літери.	Культурне
L	1933	от приміром, подумав.
M	1933	UPPERCASE_SENTENCE_START		0	2	Other	Це речення не починається з великої літери.	От
M	1933	comma_prymirom	2	2	11	Other	Вставні слова виділяються комами (відсутня ліва кома)	, приміром
L	1934	от наприклад, подумав.
M	1934	UPPERCASE_SENTENCE_START		0	2	Other	Це речення не починається з великої літери.	От
M	1934	comma_prymirom	3	2	12	Other	Перед «наприклад» ставимо кому, окрім випадків, коли це слово стоїть у кінці уточнювального звороту («реальні речі, берці наприклад»)	, наприклад
L	1935	реальні речі, берці наприклад
M	1935	UPPERCASE_SENTENCE_START		0	7	Other	Це речення не починається з великої літери.	Реальні
L	1936	і як це не дивно редакторством.
M	1936	UPPERCASE_SENTENCE_START		0	1	Other	Це речення не починається з великої літери.	І
M	1936	comma_jak_ce_ne_dyvno	2	1	16	Other	Вставні конструкції відокремлюємо комами (відсутня ліва кома)	, як це не дивно
L	1937	як не прикро про це казати
M	1937	UPPERCASE_SENTENCE_START		0	2	Other	Це речення не починається з великої літери.	Як
L	1938	як не прикро це усвідомлювати
M	1938	UPPERCASE_SENTENCE_START		0	2	Other	Це речення не починається з великої літери.	Як
L	1939	як це не прикро усвідомлювати
M	1939	UPPERCASE_SENTENCE_START		0	2	Other	Це речення не починається з великої літери.	Як
L	1940	Водночас, як не дивно це звучить, але
M	1940	no_comma_needed_false_insert	7	0	9	Other	«Водночас» не буває вставним словом і комами не відокремлюється (хоча кому можуть диктувати інші конструкції)	Водночас
L	1941	от як це не дивно, прийшов.
M	1941	UPPERCASE_SENTENCE_START		0	2	Other	Це речення не починається з великої літери.	От
M	1941	comma_jak_ce_ne_dyvno	2	2	17	Other	Вставні конструкції відокремлюємо комами (відсутня ліва кома)	, як це не дивно
L	1942	і як на мене непогано.
M	1942	UPPERCASE_SENTENCE_START		0	1	Other	Це речення не починається з великої літери.	І
M	1942	comma_jak_na_mene	2	1	12	Other	Вставні конструкції відокремлюємо комами (відсутня ліва кома)	, як на мене
L	1943	от як на мене, прийшов.
M	1943	UPPERCASE_SENTENCE_START		0	2	Other	Це речення не починається з великої літери.	От
M	1943	comma_jak_na_mene	2	2	13	Other	Вставні конструкції відокремлюємо комами (відсутня ліва кома)	, як на мене
L	1944	і як на біду непогано.
M	1944	UPPERCASE_SENTENCE_START		0	1	Other	Це речення не починається з великої літери.	І
M	1944	comma_jak_na_mene	4	1	12	Other	Вставні конструкції відокремлюємо комами (відсутня ліва кома)	, як на біду
L	1945	от як на біду, прийшов.
M	1945	UPPERCASE_SENTENCE_START		0	2	Other	Це речення не починається з великої літери.	От
M	1945	comma_jak_na_mene	4	2	13	Other	Вставні конструкції відокремлюємо комами (відсутня ліва кома)	, як на біду
L	1946	і на мій погляд непогано.
M	1946	UPPERCASE_SENTENCE_START		0	1	Other	Це речення не починається з великої літери.	І
M	1946	comma_na_miy_pogliad	2	1	15	Other	Коли « на мій погляд» вжито як вставний елемент, його слід відокремити комами (відсутня ліва кома)	, на мій погляд
L	1947	і покладався на його думку найбільше
M	1947	UPPERCASE_SENTENCE_START		0	1	Other	Це речення не починається з великої літери.	І
L	1948	тільки на перший погляд здається
M	1948	UPPERCASE_SENTENCE_START		0	6	Other	Це речення не починається з великої літери.	Тільки
L	1949	от на мій погляд, прийшов.
M	1949	UPPERCASE_SENTENCE_START		0	2	Other	Це речення не починається з великої літери.	От
M	1949	comma_na_miy_pogliad	2	2	16	Other	Коли « на мій погляд» вжито як вставний елемент, його слід відокремити комами (відсутня ліва кома)	, на мій погляд
L	1950	і як на мій погляд
M	1950	UPPERCASE_SENTENCE_START		0	1	Other	Це речення не починається з великої літери.	І
M	1950	comma_na_miy_pogliad	2	1	18	Other	Коли «як на мій погляд» вжито як вставний елемент, його слід відокремити комами (відсутня ліва кома)	, як на мій погляд
L	1951	і на перший погляд непогано.
M	1951	UPPERCASE_SENTENCE_START		0	1	Other	Це речення не починається з великої літери.	І
M	1951	comma_na_miy_pogliad	4	1	18	Other	Вставні слова виділяються комами (відсутня ліва кома)	, на перший погляд
L	1952	от на перший погляд, прийшов.
M	1952	UPPERCASE_SENTENCE_START		0	2	Other	Це речення не починається з великої літери.	От
M	1952	comma_na_miy_pogliad	4	2	19	Other	Вставні слова виділяються комами (відсутня ліва кома)	, на перший погляд
L	1953	і як на перший погляд
M	1953	UPPERCASE_SENTENCE_START		0	1	Other	Це речення не починається з великої літери.	І
M	1953	comma_na_miy_pogliad	4	1	21	Other	Вставні слова виділяються комами (відсутня ліва кома)	, як на перший погляд
L	1954	настільки складна, як здається на перший погляд.
M	1954	UPPERCASE_SENTENCE_START		0	9	Other	Це речення не починається з великої літери.	Настільки
L	1955	Лише на перший погляд в е-уряді людям
M	1955	comma_na_miy_pogliad	3	5	21	Other	Коли «на перший погляд» вжито як вставний елемент, його слід відокремити комами (відсутня права кома)	на перший погляд,
L	1956	і як навмисне погано.
M	1956	UPPERCASE_SENTENCE_START		0	1	Other	Це речення не починається з великої літери.	І
M	1956	comma_jak_navmysno	2	1	13	Other	Коли «і як» вжито» як вставний зворот, він відокремлюється комами (відсутня ліва кома)	, як навмисне
L	1957	як навмисне вбивство
M	1957	UPPERCASE_SENTENCE_START		0	2	Other	Це речення не починається з великої літери.	Як
L	1958	от як навмисне, прийшов.
M	1958	UPPERCASE_SENTENCE_START		0	2	Other	Це речення не починається з великої літери.	От
M	1958	comma_jak_navmysno	2	2	14	Other	Коли «от як» вжито» як вставний зворот, він відокремлюється комами (відсутня ліва кома)	, як навмисне
L	1959	як навмисне вбивство
M	1959	UPPERCASE_SENTENCE_START		0	2	Other	Це речення не починається з великої літери.	Як
L	1960	як навмисне зняття з перегонів
M	1960	UPPERCASE_SENTENCE_START		0	2	Other	Це речення не починається з великої літери.	Як
L	1961	і як відомо цукор містить
M	1961	UPPERCASE_SENTENCE_START		0	1	Other	Це речення не починається з великої літери.	І
M	1961	comma_jak_bachymo	2	1	11	Other	Коли «як відомо» вжито» як вставний зворот, він відокремлюється комами (відсутня ліва кома)	, як відомо
L	1962	як відомо з усіх книжок
M	1962	UPPERCASE_SENTENCE_START		0	2	Other	Це речення не починається з великої літери.	Як
L	1963	як відомо усім літераторам
M	1963	UPPERCASE_SENTENCE_START		0	2	Other	Це речення не починається з великої літери.	Як
L	1964	як бачимо на прикладі
M	1964	UPPERCASE_SENTENCE_START		0	2	Other	Це речення не починається з великої літери.	Як
L	1965	багато з яких, як бачимо нині, збулися
M	1965	UPPERCASE_SENTENCE_START		0	6	Other	Це речення не починається з великої літери.	Багато
L	1966	от як бачимо, прийшов.
M	1966	UPPERCASE_SENTENCE_START		0	2	Other	Це речення не починається з великої літери.	От
M	1966	comma_jak_bachymo	2	2	12	Other	Коли «як бачимо» вжито» як вставний зворот, він відокремлюється комами (відсутня ліва кома)	, як бачимо
L	1967	як навмисне вбивство
M	1967	UPPERCASE_SENTENCE_START		0	2	Other	Це речення не починається з великої літери.	Як
L	1968	і, замість того щоб
M	1968	no_comma_before_zamist	1	0	19	Other	Коли перед «замість того щоб» стоїть сполучник, він переважно не відокремлюється від цього звороту комою	і замість того щоб
L	1969	і, для того щоб
M	1969	no_comma_before_zamist	1	0	15	Other	Коли перед «для того щоб» стоїть сполучник, він переважно не відокремлюється від цього звороту комою	і для того щоб
L	1970	Отже, для того щоб повністю пояснити
M	1970	comma_before_schob	1	14	18	Other	Можливо пропущена кома перед «Щоб»? Перед "щоб" зазвичай ставимо кому, якщо тільки це слово не є частиною нерозривного сполучного засобу, як-от «Для того щоб досягти успіху, треба працювати».	, щоб
L	1971	Вгадав всі літери але не зміг прочитати слово.
M	1971	comma_before_but	1	11	21	Other	Відсутня кома перед сполучником	літери, але
L	1972	між «Спілкою» а другими
M	1972	UPPERCASE_SENTENCE_START		0	3	Other	Це речення не починається з великої літери.	Між
M	1972	comma_before_but	1	12	15	Other	Відсутня кома перед сполучником	», а
L	1973	Вгадав всі літери — але не зміг прочитати слово.
L	1974	почалося щось а ля комедія
M	1974	UPPERCASE_SENTENCE_START		0	8	Other	Це речення не починається з великої літери.	Почалося
L	1975	Якби не одне але
L	1976	я мав надію, що хоча засновники
M	1976	UPPERCASE_SENTENCE_START		0	1	Other	Це речення не починається з великої літери.	Я
L	1977	вахтер мав би хоча запитати
M	1977	UPPERCASE_SENTENCE_START		0	6	Other	Це речення не починається з великої літери.	Вахтер
L	1978	але ж зате матимете
M	1978	UPPERCASE_SENTENCE_START		0	3	Other	Це речення не починається з великої літери.	Але
L	1979	Боже мій! а що буде з матір'ю
L	1980	Всесвіт припинить своє існування, а це неможливо!
L	1981	Всесвіт припинить своє існування! а це неможливо!
L	1982	Всесвіт припинить своє існування!!! а це неможливо!
L	1983	Всесвіт припинить своє існування!.. а це неможливо!
L	1984	переслати на а/с 150 гривень
M	1984	UPPERCASE_SENTENCE_START		0	9	Other	Це речення не починається з великої літери.	Переслати
L	1985	назви мені хоча б одну і я ...
M	1985	UPPERCASE_SENTENCE_START		0	5	Other	Це речення не починається з великої літери.	Назви
L	1986	Росія ж бо велика
L	1987	зажив хоча й скандальної, але слави
M	1987	UPPERCASE_SENTENCE_START		0	5	Other	Це речення не починається з великої літери.	Зажив
L	1988	Іди хоча й повільно
L	1989	не легко а отже з гори легше оборонятися
M	1989	UPPERCASE_SENTENCE_START		0	2	Other	Це речення не починається з великої літери.	Не
M	1989	comma_before_but	1	3	10	Other	Відсутня кома перед сполучником	легко, а
L	1990	гроші а проте дійшли.
M	1990	comma_before_but	1	0	7	Other	Відсутня кома перед сполучником	гроші, а
L	1991	А проте гроші дійшли.
L	1992	гроші однак державні.
M	1992	UPPERCASE_SENTENCE_START		0	5	Other	Це речення не починається з великої літери.	Гроші
M	1992	comma_before_odnak	1	5	11	Other	Якщо «однак» виступає в ролі сполучника, то перед ним ставимо кому, а якщо «однак» виступає вставним словом, то відокремлюємо його комами з обох боків.	, однак|, однак,
L	1993	що для того щоб годувати
M	1993	UPPERCASE_SENTENCE_START		0	2	Other	Це речення не починається з великої літери.	Що
M	1993	comma_before_schob	1	11	15	Other	Можливо пропущена кома перед «Щоб»? Перед "щоб" зазвичай ставимо кому, якщо тільки це слово не є частиною нерозривного сполучного засобу, як-от «Для того щоб досягти успіху, треба працювати».	, щоб
L	1994	не те щоб зовсім
M	1994	UPPERCASE_SENTENCE_START		0	2	Other	Це речення не починається з великої літери.	Не
L	1995	і щоб йому
M	1995	UPPERCASE_SENTENCE_START		0	1	Other	Це речення не починається з великої літери.	І
L	1996	або щоб передав жінкам
M	1996	UPPERCASE_SENTENCE_START		0	3	Other	Це речення не починається з великої літери.	Або
L	1997	вакцинації від гепатиту В. Щоб запобігти
M	1997	UPPERCASE_SENTENCE_START		0	10	Other	Це речення не починається з великої літери.	Вакцинації
M	1997	UK_MIXED_ALPHABETS		24	25	Other	Вжито кириличну літеру замість латинської	B
L	1998	чуттєвим і притому таких, що.
M	1998	UPPERCASE_SENTENCE_START		0	8	Other	Це речення не починається з великої літери.	Чуттєвим
M	1998	comma_before_prytomu	1	8	18	Other	Відсутня кома перед сполучником	, і притому
L	1999	Отже виникає природна реакція.
M	1999	comma_after_otzhe	1	0	4	Other	Відсутня кома після «отже»	Отже,
L	2000	Отже – усе законно.
L	2001	Отже ж, прикрість яка!
L	2002	сталася аварія в результаті чого помер водій.
M	2002	UPPERCASE_SENTENCE_START		0	7	Other	Це речення не починається з великої літери.	Сталася
M	2002	comma_before_v_rezultati_chogo	1	14	32	Other	Відсутня ліва кома	, в результаті чого
L	2003	сталася аварія і в результаті чого помер водій.
M	2003	UPPERCASE_SENTENCE_START		0	7	Other	Це речення не починається з великої літери.	Сталася
M	2003	comma_before_v_rezultati_chogo	1	14	34	Other	Відсутня ліва кома	, і в результаті чого
L	2004	співають усі за винятком Інни.
M	2004	UPPERCASE_SENTENCE_START		0	8	Other	Це речення не починається з великої літери.	Співають
M	2004	comma_before_za_vynyatkom	1	12	24	Other	Відсутня ліва кома	, за винятком
L	2005	і за винятком
M	2005	UPPERCASE_SENTENCE_START		0	1	Other	Це речення не починається з великої літери.	І
L	2006	хіба за винятком
M	2006	UPPERCASE_SENTENCE_START		0	4	Other	Це речення не починається з великої літери.	Хіба
L	2007	у цій провінції, хіба що за винятком ексцесів
M	2007	UPPERCASE_SENTENCE_START		0	1	Other	Це речення не починається з великої літери.	У
L	2008	ніхто, можливо за винятком Луїса
M	2008	UPPERCASE_SENTENCE_START		0	5	Other	Це речення не починається з великої літери.	Ніхто
L	2009	поясність мені завдяки чому пещерна людина...
M	2009	UPPERCASE_SENTENCE_START		0	9	Other	Це речення не починається з великої літери.	Поясність
M	2009	comma_before_zavdyaky_chomu	1	14	27	Other	Відсутня ліва кома	, завдяки чому
M	2009	MORFOLOGIK_RULE_UK_UA		28	35	UnknownWord	Знайдено потенційну орфографічну помилку.	Пещера|печерна|пещена
L	2010	— це метод завдяки якому елементи...
M	2010	comma_before_zavdyaky_chomu	1	10	24	Other	Відсутня ліва кома	, завдяки якому
L	2011	етапі то завдяки чому ви...
M	2011	UPPERCASE_SENTENCE_START		0	5	Other	Це речення не починається з великої літери.	Етапі
M	2011	comma_before_zavdyaky_chomu	1	5	21	Other	Відсутня ліва кома	, то завдяки чому
L	2012	Коли й завдяки яким факторам
L	2013	вчений на ймення Фред.
M	2013	UPPERCASE_SENTENCE_START		0	6	Other	Це речення не починається з великої літери.	Вчений
M	2013	comma_na_ymenniya	1	6	16	Other	Відсутня ліва кома	, на ймення
L	2014	не заслуговує на ім'я людини
M	2014	UPPERCASE_SENTENCE_START		0	2	Other	Це речення не починається з великої літери.	Не
L	2015	достояти до того часу коли прийде підмога...
M	2015	UPPERCASE_SENTENCE_START		0	8	Other	Це речення не починається з великої літери.	Достояти
M	2015	comma_after_do_togo_chasu	1	9	26	Other	Перед «коли» переважно ставиться кома. Але якщо цей зворот вживають як складений сполучник, зокрема на початку речення, комою його не розривають.	до того часу, коли
L	2016	Ситуація стала ще дивніша 1923 року, після того як французький аристократ
M	2016	comma_after_do_togo_chasu	3	37	50	Other	Перед «як» переважно ставимо кому. Але коли цей зворот вживають як складений сполучник, зокрема на початку речення, комою його не розривають.	після того, як
L	2017	працювати в той час як всі сплять...
M	2017	UPPERCASE_SENTENCE_START		0	9	Other	Це речення не починається з великої літери.	Працювати
M	2017	comma_after_do_togo_chasu	2	10	22	Other	Перед «як» переважно ставиться кома. Але коли цей зворот вживають як складений сполучник, зокрема на початку речення, комою його не розривають («Робітники працювали, в той час як керівники відпочивали»).	в той час, як
L	2018	У той час як податкові ставки
L	2019	працювати після того як поїв...
M	2019	UPPERCASE_SENTENCE_START		0	9	Other	Це речення не починається з великої літери.	Працювати
M	2019	comma_after_do_togo_chasu	3	10	23	Other	Перед «як» переважно ставимо кому. Але коли цей зворот вживають як складений сполучник, зокрема на початку речення, комою його не розривають.	після того, як
L	2020	навіть після того як система впала
M	2020	UPPERCASE_SENTENCE_START		0	6	Other	Це речення не починається з великої літери.	Навіть
M	2020	comma_after_do_togo_chasu	4	7	20	Other	Перед «як» переважно ставимо кому. Але коли цей зворот вживають як складений сполучник, комою його не розривають.	після того, як
L	2021	навіть після того як поїв...
M	2021	UPPERCASE_SENTENCE_START		0	6	Other	Це речення не починається з великої літери.	Навіть
M	2021	comma_after_do_togo_chasu	4	7	20	Other	Перед «як» переважно ставимо кому. Але коли цей зворот вживають як складений сполучник, комою його не розривають.	після того, як
L	2022	і не хто інший як Петро
M	2022	UPPERCASE_SENTENCE_START		0	1	Other	Це речення не починається з великої літери.	І
M	2022	comma_ne_khto_inshyi	1	2	17	Other	Пропущено кому перед «як»	не хто інший, як
L	2023	і не що інше як метро
M	2023	UPPERCASE_SENTENCE_START		0	1	Other	Це речення не починається з великої літери.	І
M	2023	comma_ne_khto_inshyi	2	2	15	Other	Пропущено кому перед «як»	не що інше, як
L	2024	не стільки моралі скільки всього іншого.
M	2024	UPPERCASE_SENTENCE_START		0	2	Other	Це речення не починається з великої літери.	Не
M	2024	comma_stilky_skilky	1	17	25	Other	У звороті «стільки ... скільки» перед «скільки» ставиться кома	, скільки
L	2025	не стільки порушення норм моралі скільки всього іншого.
M	2025	UPPERCASE_SENTENCE_START		0	2	Other	Це речення не починається з великої літери.	Не
M	2025	comma_stilky_skilky	1	32	40	Other	У звороті «стільки ... скільки» перед «скільки» ставиться кома	, скільки
L	2026	але вже не стільки і не скільки проти
M	2026	UPPERCASE_SENTENCE_START		0	3	Other	Це речення не починається з великої літери.	Але
M	2026	EUPHONY_CONJ_I_Y	3	19	20	Hint	Після голосної зі звуком і/и варто писати й або та: стільки <suggestion>й</suggestion> не, стільки <suggestion>та</suggestion> не	й|та
L	2027	не так про статус мови як про все інше
M	2027	UPPERCASE_SENTENCE_START		0	2	Other	Це речення не починається з великої літери.	Не
M	2027	comma_ne_tak_yak	1	22	25	Other	У подвійному сполучному засобі «не так ... як», який поєднує однорідні члени речення, перед «як» ставимо кому	, як
L	2028	не так серця (як сказав би Коельо), а
M	2028	UPPERCASE_SENTENCE_START		0	2	Other	Це речення не починається з великої літери.	Не
L	2029	саме як нема так нема
M	2029	UPPERCASE_SENTENCE_START		0	4	Other	Це речення не починається з великої літери.	Саме
M	2029	comma_yak_tak	1	12	16	Other	У звороті «як ... так (і)» перед «так» ставиться кома	, так
L	2030	як ухвалив рішення вбити всіх там так само, як
M	2030	UPPERCASE_SENTENCE_START		0	2	Other	Це речення не починається з великої літери.	Як
M	2030	no_comma_tak_samo_yak	1	33	46	Other	Складений сполучний засіб "так само як" пишемо без коми, однак кому ставимо в конструкціях типу "робити так само, як хтось", де "так само" є обставиною способу дії, до якої можна поставити запитання (робити як? так само). Коли ж "так само як" вжито як сполучний засіб всередині речення, то кому потрібно ставити перед ним.	 так само як|, так само як
L	2031	Не знаю, як довго я так лежав,
L	2032	як ми можемо так жити
M	2032	UPPERCASE_SENTENCE_START		0	2	Other	Це речення не починається з великої літери.	Як
L	2033	як же так?
M	2033	UPPERCASE_SENTENCE_START		0	2	Other	Це речення не починається з великої літери.	Як
L	2034	тоді як Віктор Ющенко вів перемовини зі своїм так званим батьком
M	2034	UPPERCASE_SENTENCE_START		0	4	Other	Це речення не починається з великої літери.	Тоді
L	2035	А тоді, як усе зробиш і станеться саме так, як написано
L	2036	Як зробити так, щоби міліціонер
L	2037	Як полякам так швидко вдалося
L	2038	Як склалось так, що колишній прем’єр-міністр
L	2039	Як ти міг так швидко
L	2040	тільки но він підвівся як його забрали
M	2040	UPPERCASE_SENTENCE_START		0	6	Other	Це речення не починається з великої літери.	Тільки
M	2040	comma_tikly_no_yak	1	22	25	Other	У звороті «тільки но ... як» перед «як» ставиться кома	, як
L	2041	щойно він підвіся як його забрали
M	2041	UPPERCASE_SENTENCE_START		0	5	Other	Це речення не починається з великої літери.	Щойно
M	2041	MORFOLOGIK_RULE_UK_UA		10	17	UnknownWord	Знайдено потенційну орфографічну помилку.	підвівся|підвіс|підвісе|підвіси|підвісу|підвісь|підвісі|підвіс я
M	2041	comma_schoyno_yak	1	17	20	Other	У парному сполучному засобі «щойно ... як», що поєднує частини складного речення, перед «як» ставиться кома	, як
L	2042	чи то він їв чи радіо слухав
M	2042	UPPERCASE_SENTENCE_START		0	2	Other	Це речення не починається з великої літери.	Чи
M	2042	chy_chy	1	12	15	Other	Перед повторюваним сполучником чи ставимо кому	, чи
L	2043	чим швидше тим краще
M	2043	UPPERCASE_SENTENCE_START		0	3	Other	Це речення не починається з великої літери.	Чим
M	2043	comma_chym_tym	1	10	14	Other	У парному сполучному засобі «чим ... тим» перед «тим» ставиться кома	, тим
L	2044	ані синіх ані зелених
M	2044	UPPERCASE_SENTENCE_START		0	3	Other	Це речення не починається з великої літери.	Ані
M	2044	comma_ani_ani	1	9	13	Other	У повторюваному сполучнику «ані ... ані» перед другим (і кожним наступним) «ані» ставиться кома. Виняток — фразеологізми із такою структурою (ні в сих ні в тих тощо).	, ані
L	2045	, ані численні відверті нападки на колег ні в кого не викликали підозр
L	2046	ні туди ні сюди
M	2046	UPPERCASE_SENTENCE_START		0	2	Other	Це речення не починається з великої літери.	Ні
L	2047	ні від кого: ні від МВФ, ні від Росії
M	2047	UPPERCASE_SENTENCE_START		0	2	Other	Це речення не починається з великої літери.	Ні
L	2048	якому ні на кого чи ні на що спертись
M	2048	UPPERCASE_SENTENCE_START		0	5	Other	Це речення не починається з великої літери.	Якому
L	2049	ні кола, ні двора
M	2049	no_comma_ani_ani	1	0	11	Other	У звороті «ні кола ні ...» перед другим «ні» кома не ставиться	ні кола ні
L	2050	ні живий, ні мертвий
M	2050	no_comma_ani_ani	1	0	12	Other	У звороті «ні живий ні ...» перед другим «ні» кома не ставиться	ні живий ні
L	2051	якщо ні те, ні інше неможливо
M	2051	UPPERCASE_SENTENCE_START		0	4	Other	Це речення не починається з великої літери.	Якщо
L	2052	і до того ж, слід вважати...
M	2052	UPPERCASE_SENTENCE_START		0	1	Other	Це речення не починається з великої літери.	І
M	2052	no_right_comma_do_togo_zh	1	2	12	Other	Після цієї сполуки кома не ставиться (хоча кому можуть диктувати інші конструкції)	до того ж
L	2053	і тим часом, слід вважати...
M	2053	UPPERCASE_SENTENCE_START		0	1	Other	Це речення не починається з великої літери.	І
M	2053	no_right_comma_tym_chasom	1	2	12	Other	Після цієї сполуки кома не ставиться (хоча кому можуть диктувати інші конструкції)	тим часом
L	2054	і в тому числі, мінометникам...
M	2054	UPPERCASE_SENTENCE_START		0	1	Other	Це речення не починається з великої літери.	І
M	2054	no_right_comma_v_tomu_chysli	1	2	15	Other	Після цієї сполуки кома не ставиться за винятком інверсійних конструкцій, де вона стоїть в кінці: «Всі громадяни, і ми в тому числі, маємо право…» (також кому можуть диктувати й інші конструкції)	в тому числі
L	2055	почервонів, як рак.
M	2055	no_comma_needed_conj	1	0	18	Other	Зайва кома	почервонів як рак
L	2056	Дощ лив, як з відра.
M	2056	no_comma_needed_conj	2	4	19	Other	У сталих фразеологічних зворотах перед порівняльним сполучником кома не ставиться	лив як з відра
L	2057	і, все ж, не сподобалося
M	2057	UPPERCASE_SENTENCE_START		0	1	Other	Це речення не починається з великої літери.	І
M	2057	no_comma_needed_false_insert	1	1	9	Other	Сполучний засіб «все ж» не буває вставним і комами не відокремлюється (хоча кому можуть диктувати інші конструкції)	 все ж
L	2058	і, тим більше, не сподобалося
M	2058	UPPERCASE_SENTENCE_START		0	1	Other	Це речення не починається з великої літери.	І
M	2058	no_comma_needed_false_insert	2	3	14	Other	Сполучний засіб «тим більше» не буває вставним і комами не відокремлюється (хоча кому можуть диктувати інші конструкції)	тим більше
L	2059	тим більше, що
M	2059	UPPERCASE_SENTENCE_START		0	3	Other	Це речення не починається з великої літери.	Тим
L	2060	і, все-таки, не сподобалося
M	2060	UPPERCASE_SENTENCE_START		0	1	Other	Це речення не починається з великої літери.	І
M	2060	no_comma_needed_false_insert	3	1	12	Other	Слово «все-таки» не буває вставним словом і комами не відокремлюється (хоча кому можуть диктувати інші конструкції)	 все-таки
L	2061	і, принаймні, не сподобалося
M	2061	UPPERCASE_SENTENCE_START		0	1	Other	Це речення не починається з великої літери.	І
M	2061	no_comma_needed_false_insert	4	1	13	Other	Слово «принаймні» не буває вставним словом і комами не відокремлюється (хоча кому можуть диктувати інші конструкції)	 принаймні
L	2062	і все-таки, не сподобалося
M	2062	UPPERCASE_SENTENCE_START		0	1	Other	Це речення не починається з великої літери.	І
M	2062	no_comma_needed_false_insert	5	2	11	Other	Слово «все-таки» не буває вставним словом s комами не відокремлюється (хоча кому можуть диктувати інші конструкції)	все-таки
L	2063	і, натомість, пішли у паб
M	2063	UPPERCASE_SENTENCE_START		0	1	Other	Це речення не починається з великої літери.	І
M	2063	no_comma_needed_false_insert	6	1	13	Other	«натомість» не буває вставним словом і комами не відокремлюється (хоча кому можуть диктувати інші конструкції)	 натомість
L	2064	і натомість, пішли у паб
M	2064	UPPERCASE_SENTENCE_START		0	1	Other	Це речення не починається з великої літери.	І
M	2064	no_comma_needed_false_insert	7	2	12	Other	«натомість» не буває вставним словом і комами не відокремлюється (хоча кому можуть диктувати інші конструкції)	натомість
L	2065	ні в тин, ні в ворота
M	2065	no_comma_ani_ani_2	1	0	12	Other	У звороті «ні в тин ні ...» перед другим «ні» кома не ставиться	ні в тин ні
L	2066	ні з того, ні з сього
M	2066	no_comma_ani_ani_2	2	0	13	Other	У звороті «ні з того ні ...» перед другим «ні» кома не ставиться	ні з того ні
L	2067	ні за що, ні про що
M	2067	no_comma_ani_ani_2	3	0	12	Other	У звороті «ні за що ні ...» перед другим «ні» кома не ставиться	ні за що ні
L	2068	і точнісінько так само як Петро
M	2068	UPPERCASE_SENTENCE_START		0	1	Other	Це речення не починається з великої літери.	І
M	2068	comma_tak_samo_yak	1	14	25	Other	«так, само як» пишемо з комою	так само, як
L	2069	і так само, як Петро
M	2069	UPPERCASE_SENTENCE_START		0	1	Other	Це речення не починається з великої літери.	І
M	2069	no_comma_tak_samo_yak	1	1	14	Other	Складений сполучний засіб "так само як" пишемо без коми, однак кому ставимо в конструкціях типу "робити так само, як хтось", де "так само" є обставиною способу дії, до якої можна поставити запитання (робити як? так само). Коли ж "так само як" вжито як сполучний засіб всередині речення, то кому потрібно ставити перед ним.	 так само як|, так само як
L	2070	і тим часом, як Петро
M	2070	UPPERCASE_SENTENCE_START		0	1	Other	Це речення не починається з великої літери.	І
M	2070	no_comma_tak_samo_yak	2	2	15	Other	Зайва кома перед «як» (кома ставиться лише перед сполукою)	тим часом як
L	2071	і не те, щоб йому це муляло
M	2071	UPPERCASE_SENTENCE_START		0	1	Other	Це речення не починається з великої літери.	І
M	2071	no_comma_ne_te_schob	1	2	12	Other	У парних сполучниках «не те що … а/але », «не те щоб … , а/але/однак» кому ставимо лише перед другою частиною, а перед «що» і «щоб» кома не потрібна. Інколи вживають лише першу частину цих сполучників «Вони не те щоб погані»	не те щоб
L	2072	і кричи , скільки завгодно.
M	2072	UPPERCASE_SENTENCE_START		0	1	Other	Це речення не починається з великої літери.	І
M	2072	no_comma_skilky_zavgodno	1	8	26	Other	У цій сталій сполуці кома перед «скільки» не ставиться: 	 скільки завгодно
L	2073	, за традицією, ...
M	2073	no_comma_za_tradiciyeyu	1	0	15	Other	Фраза «за традицією» вствною не є і комами не виділяється	 за традицією
L	2074	За традицією, ...
M	2074	no_comma_za_tradiciyeyu	2	0	13	Other	Фраза «За традицією» вствною не є і комами не виділяється	За традицією
L	2075	і більш, ніж 20%
M	2075	UPPERCASE_SENTENCE_START		0	1	Other	Це речення не починається з великої літери.	І
M	2075	no_comma_bilsh_nizh	1	2	12	Other	В конструкції «більш ніж», кома перед «ніж» не ставиться, за винятком випадків, коли є порівняння двох об'єктів і можна поставити запитання «коли?» або «скільки?»	більш ніж
L	2076	я цього досягла,і все
M	2076	UPPERCASE_SENTENCE_START		0	1	Other	Це речення не починається з великої літери.	Я
M	2076	missing_space	1	15	17	Other	Відсутній пробіл після коми	, і
L	2077	я цього досягла, і все
M	2077	UPPERCASE_SENTENCE_START		0	1	Other	Це речення не починається з великої літери.	Я
L	2078	все це - йому.
M	2078	UPPERCASE_SENTENCE_START		0	3	Other	Це речення не починається з великої літери.	Все
L	2079	10 - 10
L	2080	і не хто інший як директор.
M	2080	UPPERCASE_SENTENCE_START		0	1	Other	Це речення не починається з великої літери.	І
M	2080	comma_ne_khto_inshyi	1	2	17	Other	Пропущено кому перед «як»	не хто інший, як
L	2081	і не що інше як вино.
M	2081	UPPERCASE_SENTENCE_START		0	1	Other	Це речення не починається з великої літери.	І
M	2081	comma_ne_khto_inshyi	2	2	15	Other	Пропущено кому перед «як»	не що інше, як
L	2082	і не інакше, як шедеврами
M	2082	UPPERCASE_SENTENCE_START		0	1	Other	Це речення не починається з великої літери.	І
L	2083	і не те, що дуже далеко
M	2083	UPPERCASE_SENTENCE_START		0	1	Other	Це речення не починається з великої літери.	І
L	2084	тільки й розмов, що дуже далеко
M	2084	UPPERCASE_SENTENCE_START		0	6	Other	Це речення не починається з великої літери.	Тільки
L	2085	тільки й того, що дуже далеко
M	2085	UPPERCASE_SENTENCE_START		0	6	Other	Це речення не починається з великої літери.	Тільки
L	2086	якщо побачиш то передай йому.
M	2086	UPPERCASE_SENTENCE_START		0	4	Other	Це речення не починається з великої літери.	Якщо
M	2086	jakscho_to	1	12	15	Other	В звороті «якщо ... то» перед «то» ставимо кому	, то
L	2087	якщо щось, а не то
M	2087	UPPERCASE_SENTENCE_START		0	4	Other	Це речення не починається з великої літери.	Якщо
L	2088	якщо щось трапиться, приходь, то буде швидко
M	2088	UPPERCASE_SENTENCE_START		0	4	Other	Це речення не починається з великої літери.	Якщо
L	2089	якщо ... то ...
M	2089	UPPERCASE_SENTENCE_START		0	4	Other	Це речення не починається з великої літери.	Якщо
L	2090	якщо чи то він чи то вона
M	2090	UPPERCASE_SENTENCE_START		0	4	Other	Це речення не починається з великої літери.	Якщо
M	2090	chy_chy	1	14	17	Other	Перед повторюваним сполучником чи ставимо кому	, чи
L	2091	якщо вона рухається то вперед, то назад
M	2091	UPPERCASE_SENTENCE_START		0	4	Other	Це речення не починається з великої літери.	Якщо
L	2092	якщо ж то був він
M	2092	UPPERCASE_SENTENCE_START		0	4	Other	Це речення не починається з великої літери.	Якщо
L	2093	сині, зелені, тощо.
M	2093	UPPERCASE_SENTENCE_START		0	4	Other	Це речення не починається з великої літери.	Сині
M	2093	no_comma_toscho	1	12	18	Other	Перед словом «тощо», що вказує на неповноту переліку або продовження кому не ставимо.	 тощо
L	2094	спізнився тому що проспав.
M	2094	UPPERCASE_SENTENCE_START		0	9	Other	Це речення не починається з великої літери.	Спізнився
M	2094	comma_tomuscho	1	9	17	Other	Якщо «тому що» можна замінити на «бо», кому ставимо перед «тому що». Якщо ж така заміна неможлива, але можна поставити запитання до слова «тому», кома має стояти після «тому».	, тому що|тому, що
L	2095	спізнився не тому що проспав, ...
M	2095	UPPERCASE_SENTENCE_START		0	9	Other	Це речення не починається з великої літери.	Спізнився
M	2095	comma_tomuscho	1	12	20	Other	Якщо «тому що» можна замінити на «бо», кому ставимо перед «тому що». Якщо ж така заміна неможлива, але можна поставити запитання до слова «тому», кома має стояти після «тому».	, тому що|тому, що
L	2096	Тому що ми застрягли
L	2097	чи літо чи зима.
M	2097	UPPERCASE_SENTENCE_START		0	2	Other	Це речення не починається з великої літери.	Чи
M	2097	chy_chy	1	7	10	Other	Перед повторюваним сполучником чи ставимо кому	, чи
L	2098	чи холодне літо чи зима.
M	2098	UPPERCASE_SENTENCE_START		0	2	Other	Це речення не починається з великої літери.	Чи
M	2098	chy_chy	1	15	18	Other	Перед повторюваним сполучником чи ставимо кому	, чи
L	2099	чи холодне літо; чи вже прилетіли птахи зима.
M	2099	UPPERCASE_SENTENCE_START		0	2	Other	Це речення не починається з великої літери.	Чи
L	2100	пристав на його думку
M	2100	UPPERCASE_SENTENCE_START		0	7	Other	Це речення не починається з великої літери.	Пристав
L	2101	На мою думку це марнотратство.
M	2101	na_chyyus_dumku	1	0	12	Other	Після вставного звороту має йти кома	На мою думку,
L	2102	Замість того, щоб закликати своїх клієнтів до шоурумів
M	2102	no_comma_compound_conj	1	0	17	Other	Якщо підрядне речення зі складеним сполучником підрядності стоїть перед головним (найчастіше на початку речення), то сполучник комою не розділяється	Замість того щоб
L	2103	Перед тим, як зробити щеплення, фахівці радять проконсультуватися із сімейним лікарем.
M	2103	no_comma_compound_conj	1	0	13	Other	Якщо підрядне речення зі складеним сполучником підрядності стоїть перед головним (найчастіше на початку речення), то сполучник комою не розділяється	Перед тим як
L	2104	У цього овоча напів гіркий присмак.
M	2104	SUBSTANDARD_FORMS	1	8	13	Other	Ця форма не відповідає мовній нормі	
M	2104	SLOVA_Z_NAPIV_RAZOM	1	14	26	Other	Слова з «напів» пишемо разом <suggestion>напівгіркий</suggestion>	напівгіркий
L	2105	Зелений напів вагон
M	2105	SLOVA_Z_NAPIV_RAZOM	1	8	19	Other	Слова з «напів» пишемо разом <suggestion>напіввагон</suggestion>	напіввагон
L	2106	У цього овоча напів-гіркий присмак.
M	2106	SUBSTANDARD_FORMS	1	8	13	Other	Ця форма не відповідає мовній нормі	
M	2106	SLOVA_Z_NAPIV_RAZOM	2	14	26	Other	Слова з «напів» пишемо разом <suggestion>напівгіркий</suggestion>	напівгіркий
L	2107	Зелений напів-вагон
M	2107	SLOVA_Z_NAPIV_RAZOM	2	8	19	Other	Слова з «напів» пишемо разом <suggestion>напіввагон</suggestion>	напіввагон
L	2108	Снігопади паралізували пів Європи.
L	2109	Снігопади паралізували пів Євро́пи.
L	2110	Снігопади паралізували пів-Європи.
M	2110	ALT_SPELLING	1	23	33	Other	Слово, написане не за чинним правописом	
L	2111	З'їсти пів яблука.
L	2112	З'їсти пів'яблука.
M	2112	ALT_SPELLING	1	7	17	Other	Слово, написане не за чинним правописом	
L	2113	Пів їдальні займали столи.
L	2114	Пів'їдальні займали столи.
M	2114	piv_okremo_2019	1	0	11	Other	За правописом 2019 «пів» з іменниками пишемо окремо, якщо це слово не становить єдине поняття	Пів їдальні
L	2115	Вартість квитка – пів юаня.
L	2116	Вартість квитка – пів'юаня.
M	2116	piv_okremo_2019	1	18	26	Other	За правописом 2019 «пів» з іменниками пишемо окремо, якщо це слово не становить єдине поняття	пів юаня
L	2117	об'їздив пів Європи
M	2117	UPPERCASE_SENTENCE_START		0	8	Other	Це речення не починається з великої літери.	Об'їздив
L	2118	з'їв пів'яблука.
M	2118	UPPERCASE_SENTENCE_START		0	4	Other	Це речення не починається з великої літери.	З'їв
M	2118	ALT_SPELLING	1	5	15	Other	Слово, написане не за чинним правописом	
L	2119	з'їв Пів'ящика.
M	2119	UPPERCASE_SENTENCE_START		0	4	Other	Це речення не починається з великої літери.	З'їв
M	2119	ALT_SPELLING	1	5	14	Other	Слово, написане не за чинним правописом	
L	2120	з'їв пів-України.
M	2120	UPPERCASE_SENTENCE_START		0	4	Other	Це речення не починається з великої літери.	З'їв
M	2120	ALT_SPELLING	1	5	16	Other	Слово, написане не за чинним правописом	
L	2121	з'їв пів'Європи.
M	2121	UPPERCASE_SENTENCE_START		0	4	Other	Це речення не починається з великої літери.	З'їв
M	2121	piv_okremo_2019	1	5	15	Other	За правописом 2019 «пів» з іменниками пишемо окремо, якщо це слово не становить єдине поняття	пів Європи
L	2122	пів'ют
L	2123	півколо
L	2124	з'їв півогірка.
M	2124	UPPERCASE_SENTENCE_START		0	4	Other	Це речення не починається з великої літери.	З'їв
M	2124	ALT_SPELLING	1	5	14	Other	Слово, написане не за чинним правописом	
L	2125	цілих півроку.
M	2125	UPPERCASE_SENTENCE_START		0	5	Other	Це речення не починається з великої літери.	Цілих
M	2125	ALT_SPELLING	1	6	13	Other	Слово, написане не за чинним правописом	
L	2126	півколо
L	2127	південноафриканський
L	2128	топ-100.
M	2128	ALT_SPELLING	1	0	7	Other	Слово, написане не за чинним правописом	
L	2129	топ-десять.
M	2129	top_with_num_2019	2	0	10	Other	За правописом 2019 компонент топ- із числівниками не поєднуваний	найкращі десять|найбільші десять
L	2130	Це було давним давно.
M	2130	pryslivnykovi_spoluky_cherez_defis	1	8	20	Other	Правильно: <suggestion>давним-давно</suggestion>	давним-давно
L	2131	це вже навіки віків.
M	2131	UPPERCASE_SENTENCE_START		0	2	Other	Це речення не починається з великої літери.	Це
M	2131	pryslivnykovi_spoluky_cherez_defis	2	7	19	Other	Правильно: <suggestion>навіки-віків</suggestion>	навіки-віків
L	2132	Зустрілися віч на віч.
M	2132	pryslivnykovi_spoluky_cherez_defis	3	11	21	Other	Правильно: <suggestion>віч-на-віч</suggestion>	віч-на-віч
L	2133	Їх було всього на всього троє.
M	2133	pryslivnykovi_spoluky_cherez_defis	4	8	24	Other	Правильно: <suggestion>всього-на-всього</suggestion>	всього-на-всього
L	2134	Їх було всього навсього троє.
M	2134	pryslivnykovi_spoluky_cherez_defis	5	8	23	Other	Правильно: <suggestion>всього-на-всього</suggestion>	всього-на-всього
L	2135	Їх було всього-навсього троє.
M	2135	pryslivnykovi_spoluky_cherez_defis	6	8	23	Other	Правильно: <suggestion>всього-на-всього</suggestion>	всього-на-всього
L	2136	але як не як пішло.
M	2136	UPPERCASE_SENTENCE_START		0	3	Other	Це речення не починається з великої літери.	Але
M	2136	pryslivnykovi_spoluky_cherez_defis	7	4	12	Other	Правильно: <suggestion>як-не-як</suggestion>	як-не-як
L	2137	але де не де пішло.
M	2137	UPPERCASE_SENTENCE_START		0	3	Other	Це речення не починається з великої літери.	Але
M	2137	pryslivnykovi_spoluky_cherez_defis	8	4	12	Other	Правильно: <suggestion>де-не-де</suggestion>	де-не-де
L	2138	але коли не коли працювало.
M	2138	UPPERCASE_SENTENCE_START		0	3	Other	Це речення не починається з великої літери.	Але
M	2138	pryslivnykovi_spoluky_cherez_defis	9	4	16	Other	Правильно: <suggestion>коли-не-коли</suggestion>	коли-не-коли
L	2139	але хоч не хоч зробив.
M	2139	UPPERCASE_SENTENCE_START		0	3	Other	Це речення не починається з великої літери.	Але
M	2139	pryslivnykovi_spoluky_cherez_defis	10	4	14	Other	Правильно: <suggestion>хоч-не-хоч</suggestion>	хоч-не-хоч
L	2140	так з давніх давен повелося.
M	2140	UPPERCASE_SENTENCE_START		0	3	Other	Це речення не починається з великої літери.	Так
M	2140	pryslivnykovi_spoluky_cherez_defis	11	4	18	Other	Правильно: <suggestion>з давніх-давен</suggestion>	з давніх-давен
L	2141	так з діда прадіда повелося.
M	2141	UPPERCASE_SENTENCE_START		0	3	Other	Це речення не починається з великої літери.	Так
M	2141	pryslivnykovi_spoluky_cherez_defis	12	4	18	Other	Правильно: <suggestion>з діда-прадіда</suggestion>	з діда-прадіда
L	2142	і так без кінця краю.
M	2142	UPPERCASE_SENTENCE_START		0	1	Other	Це речення не починається з великої літери.	І
M	2142	pryslivnykovi_spoluky_cherez_defis	13	6	20	Other	Правильно: <suggestion>без кінця-краю</suggestion>	без кінця-краю
L	2143	видавати на гора.
M	2143	UPPERCASE_SENTENCE_START		0	8	Other	Це речення не починається з великої літери.	Видавати
M	2143	pryslivnykovi_spoluky_cherez_defis	14	9	16	Other	Правильно: <suggestion>на-гора</suggestion>	на-гора
L	2144	натякаючи, що на Гора поширюється «аморальність» поведінки Клінтона
M	2144	UPPERCASE_SENTENCE_START		0	9	Other	Це речення не починається з великої літери.	Натякаючи
L	2145	шпарити по латині.
M	2145	UPPERCASE_SENTENCE_START		0	7	Other	Це речення не починається з великої літери.	Шпарити
M	2145	pryslivnykovi_spoluky_cherez_defis	15	8	17	Other	Правильно: <suggestion>по-латині</suggestion>	по-латині
L	2146	поїхав куди небудь.
M	2146	UPPERCASE_SENTENCE_START		0	6	Other	Це речення не починається з великої літери.	Поїхав
M	2146	pryslivnykovi_spoluky_cherez_defis	16	7	18	Other	Правильно: <suggestion>куди-небудь</suggestion>	куди-небудь
L	2147	А отож бо й воно.
M	2147	comma_before_but	1	2	9	Other	Відсутня кома перед сполучником	отож, бо
L	2148	І в нас і будь де.
M	2148	WORDS_WITH_DASH	1	10	17	Other	Це слово пишеться через дефіс: <suggestion>будь-де</suggestion>	будь-де
L	2149	І в нас і в будь якому місці.
M	2149	WORDS_WITH_DASH	1	12	22	Other	Це слово пишеться через дефіс: <suggestion>будь-якому</suggestion>	будь-якому
L	2150	будь що буде
M	2150	BUD_SCHO_BUDE	1	0	12	Other	Краще: <suggestion>що буде те (то) й буде</suggestion>	що буде те (то) й буде|хай буде, що буде|хай (най) діється (буде), що хоче|де наше не пропадало
L	2151	будь як є
M	2151	UPPERCASE_SENTENCE_START		0	4	Other	Це речення не починається з великої літери.	Будь
L	2152	Будь що, а першого вересня
L	2153	І в нас і де будь.
M	2153	WORDS_WITH_DASH	2	10	17	Other	Це слово пишеться через дефіс: <suggestion>де-будь</suggestion>	де-будь
L	2154	Колись ви казали, що будь у вас друге життя...
L	2155	Ви все таки вирішили піддатися спокусі.
M	2155	WORDS_WITH_DASH	3	3	11	Other	Це слово пишеться через дефіс: <suggestion>все-таки</suggestion>	все-таки
L	2156	і пліч о пліч билися зі своїми.
M	2156	UPPERCASE_SENTENCE_START		0	1	Other	Це речення не починається з великої літери.	І
M	2156	WORDS_WITH_DASH	4	2	13	Other	Це слово пишеться через дефіс: <suggestion>пліч-о-пліч</suggestion>	пліч-о-пліч
L	2157	у Нью Йорк.
M	2157	UPPERCASE_SENTENCE_START		0	1	Other	Це речення не починається з великої літери.	У
M	2157	WORDS_WITH_DASH	5	2	10	Other	Це слово пишеться через дефіс: <suggestion>Нью-Йорк</suggestion>	Нью-Йорк
L	2158	де факто.
M	2158	WORDS_WITH_DASH	6	0	8	Other	Це слово пишеться через дефіс: <suggestion>де-факто</suggestion>	де-факто
L	2159	поправка Джексона-Веніка.
M	2159	UPPERCASE_SENTENCE_START		0	8	Other	Це речення не починається з великої літери.	Поправка
M	2159	dva_prizvyscha	1	9	24	Other	Два прізвища пишуться через (довге) тире	Джексона — Веніка
L	2160	бо зна якому
M	2160	skladni_neozhacheni_zaymennyky	1	0	12	Other	Орфографічна помилка	бозна-якому
L	2161	хто зна що
M	2161	skladni_neozhacheni_zaymennyky	1	0	10	Other	Орфографічна помилка	хтозна-що
L	2162	бозна в якому
M	2162	UPPERCASE_SENTENCE_START		0	5	Other	Це речення не починається з великої літери.	Бозна
L	2163	і хтозна, що діятиметься
M	2163	UPPERCASE_SENTENCE_START		0	1	Other	Це речення не починається з великої літери.	І
L	2164	казна якому
M	2164	skladni_neozhacheni_zaymennyky	2	0	11	Other	Орфографічна помилка	казна-якому
L	2165	казна щомісяця одержуватиме
M	2165	UPPERCASE_SENTENCE_START		0	5	Other	Це речення не починається з великої літери.	Казна
L	2166	мульти-валютний обмін.
M	2166	SLOVA_BEZ_DEFISU	1	0	15	Other	Пишеться разом <suggestion>мультивалютний</suggestion>	мультивалютний
L	2167	У цього овоча ультра-гіркий присмак.
M	2167	SUBSTANDARD_FORMS	1	8	13	Other	Ця форма не відповідає мовній нормі	
M	2167	SLOVA_BEZ_DEFISU	1	14	27	Other	Пишеться разом <suggestion>ультрагіркий</suggestion>	ультрагіркий
L	2168	Квазі-смішний жарт.
M	2168	SLOVA_BEZ_DEFISU	1	0	13	Other	Пишеться разом <suggestion>Квазісмішний</suggestion>	Квазісмішний
L	2169	еко-поселення
M	2169	SLOVA_BEZ_DEFISU	1	0	13	Other	Пишеться разом <suggestion>екопоселення</suggestion>	екопоселення
L	2170	яку складають супер-багатії
M	2170	UPPERCASE_SENTENCE_START		0	3	Other	Це речення не починається з великої літери.	Яку
M	2170	SLOVA_BEZ_DEFISU	1	14	27	Other	Пишеться разом <suggestion>супербагатії</suggestion>	супербагатії
L	2171	анти-Забужко
L	2172	мета-2013
M	2172	MORFOLOGIK_RULE_UK_UA		0	9	Other	Потенційна орфографічна помилка	
L	2173	контр-адмірал
M	2173	ALT_SPELLING	1	0	13	Other	Слово, написане не за чинним правописом	
L	2174	на «Супер-нова»
M	2174	UPPERCASE_SENTENCE_START		0	2	Other	Це речення не починається з великої літери.	На
M	2174	UK_SIMPLE_REPLACE		4	14	Other	Неправильно написане слово.	Супернова
L	2175	не багато-не мало
M	2175	UPPERCASE_SENTENCE_START		0	2	Other	Це речення не починається з великої літери.	Не
M	2175	MORFOLOGIK_RULE_UK_UA		3	12	UnknownWord	Знайдено потенційну орфографічну помилку.	Балатоне|багатенне|багатине|багатирне|багатооке|багатоїдне
L	2176	екс Югославія.
M	2176	SLOVA_BEZ_DEFISU	2	0	13	Other	Із власною назвою компонента екс пишеться через дефіс	екс-Югославія
L	2177	супер Нова
M	2177	UPPERCASE_SENTENCE_START		0	5	Other	Це речення не починається з великої літери.	Супер
L	2178	екс капітан
M	2178	UK_MISSING_HYPHEN		0	11	Other	Можливо, зайвий пробіл?	екскапітан
L	2179	Багато-поверховий будинок.
M	2179	SLOVA_BEZ_DEFISU	3	0	17	Other	Пишеться разом <suggestion>Багатоповерховий</suggestion>	Багатоповерховий
L	2180	багато-багато
L	2181	багато-кому
M	2181	UK_SIMPLE_REPLACE		0	11	Other	Неправильно написане слово.	багатоокому
L	2182	мало-багато
M	2182	MORFOLOGIK_RULE_UK_UA		0	11	UnknownWord	Знайдено потенційну орфографічну помилку.	
L	2183	високо-високо
L	2184	мало-не
M	2184	MORFOLOGIK_RULE_UK_UA		0	7	UnknownWord	Знайдено потенційну орфографічну помилку.	
L	2185	село Мало-Янисоль
M	2185	UPPERCASE_SENTENCE_START		0	4	Other	Це речення не починається з великої літери.	Село
M	2185	MORFOLOGIK_RULE_UK_UA		5	17	UnknownWord	Знайдено потенційну орфографічну помилку.	Малоянисоль
L	2186	Високо-Литовськ
M	2186	MORFOLOGIK_RULE_UK_UA		0	15	UnknownWord	Знайдено потенційну орфографічну помилку.	
L	2187	мало-коли
M	2187	MORFOLOGIK_RULE_UK_UA		0	9	UnknownWord	Знайдено потенційну орфографічну помилку.	
L	2188	сприводу подання.
M	2188	spryvodu	1	0	8	Other	<suggestion>з приводу</suggestion>	з приводу
L	2189	диференціялу
M	2189	ALT_SPELLING	1	0	12	Other	Слово, написане не за чинним правописом	
L	2190	ґрантовий
M	2190	ALT_SPELLING	1	0	9	Other	Слово, написане не за чинним правописом	
L	2191	ґра́нтовий
M	2191	ALT_SPELLING	1	0	10	Other	Слово, написане не за чинним правописом	
L	2192	ґра́нтовий.
M	2192	ALT_SPELLING	1	0	10	Other	Слово, написане не за чинним правописом	
L	2193	ґурка
M	2193	ALT_SPELLING	1	0	5	Other	Слово, написане не за чинним правописом	
L	2194	проекту
M	2194	ALT_SPELLING	1	0	7	Other	Слово, написане не за чинним правописом	
L	2195	фойє
M	2195	ALT_SPELLING	1	0	4	Other	Слово, написане не за чинним правописом	
L	2196	Топ-менеджер
M	2196	ALT_SPELLING	1	0	12	Other	Слово, написане не за чинним правописом	
L	2197	проєкту
L	2198	хоче прорости
M	2198	UPPERCASE_SENTENCE_START		0	4	Other	Це речення не починається з великої літери.	Хоче
L	2199	в ролі стюарда
M	2199	UPPERCASE_SENTENCE_START		0	1	Other	Це речення не починається з великої літери.	В
L	2200	віддасиш.
M	2200	SUBSTANDARD_FORMS	1	0	8	Other	Ця форма не відповідає мовній нормі	
L	2201	їсиш.
M	2201	SUBSTANDARD_FORMS	1	0	4	Other	Ця форма не відповідає мовній нормі	
L	2202	розповісиш.
M	2202	SUBSTANDARD_FORMS	1	0	10	Other	Ця форма не відповідає мовній нормі	
L	2203	вивісиш
L	2204	просиш
L	2205	визволи.
M	2205	SUBSTANDARD_FORMS	1	0	7	Other	Ця форма не відповідає мовній нормі	
L	2206	і став роздовбаєм
M	2206	UPPERCASE_SENTENCE_START		0	1	Other	Це речення не починається з великої літери.	І
M	2206	SUBSTANDARD_FORMS	1	7	17	Other	Ця форма не відповідає мовній нормі	
L	2207	гребнем
M	2207	SUBSTANDARD_FORMS	1	0	7	Other	Ця форма не відповідає мовній нормі	
L	2208	Сьогодні підем в кіно.
M	2208	VERB_SUBSTANDARD_FORMS	1	9	14	Other	Форми теп. і майб. ч. на -м(ся) є просторічними. Нормативними є форми на -мо: <suggestion>підемо</suggestion>	підемо
L	2209	Підемо прогуляємся.
M	2209	VERB_SUBSTANDARD_FORMS	1	7	18	Other	Форми теп. і майб. ч. на -м(ся) є просторічними. Нормативними є форми на -мо: <suggestion>прогуляємося</suggestion>	прогуляємося
L	2210	Підем в кіно завтра.
M	2210	VERB_SUBSTANDARD_FORMS	1	0	5	Other	Форми теп. і майб. ч. на -м(ся) є просторічними. Нормативними є форми на -мо: <suggestion>Підемо</suggestion>	Підемо
L	2211	…Скажем їм.
M	2211	VERB_SUBSTANDARD_FORMS	1	1	7	Other	Форми теп. і майб. ч. на -м(ся) є просторічними. Нормативними є форми на -мо: <suggestion>Скажемо</suggestion>	Скажемо
L	2212	прозвали Сергієм Підрахуєм
M	2212	UPPERCASE_SENTENCE_START		0	8	Other	Це речення не починається з великої літери.	Прозвали
L	2213	В.Кукольником, П.Подієм, І.Орлом
M	2213	SUBSTANDARD_FORMS	1	17	23	Other	Ця форма не відповідає мовній нормі	
L	2214	хотять
M	2214	VERB_SUBSTANDARD_FORMS	2	0	6	Other	Ця дієслівна форма є просторічною	хочуть
L	2215	Оглянімося
M	2215	SUBSTANDARD_FORMS	1	0	10	Other	Ця форма не відповідає мовній нормі	
L	2216	щось хотять.
M	2216	UPPERCASE_SENTENCE_START		0	4	Other	Це речення не починається з великої літери.	Щось
M	2216	VERB_SUBSTANDARD_FORMS	2	5	11	Other	Ця дієслівна форма є просторічною	хочуть
L	2217	хтось ходе.
M	2217	UPPERCASE_SENTENCE_START		0	5	Other	Це речення не починається з великої літери.	Хтось
M	2217	VERB_SUBSTANDARD_FORMS	2	6	10	Other	Ця дієслівна форма є просторічною	ходить
L	2218	100 грн. в банк.
M	2218	ABBREVIATIONS_WRONG_DOT	1	4	8	Other	Стягнені скорочення та метричні одиниці пишуться без крапки: <suggestion>грн</suggestion>	грн
L	2219	Двадцять год. їзди.
M	2219	ABBREVIATIONS_WRONG_DOT	1	9	13	Other	Стягнені скорочення та метричні одиниці пишуться без крапки: <suggestion>год</suggestion>	год
L	2220	40 800 грн при комерційній ціні лише 3 400 грн. за одиницю!
M	2220	ABBREVIATIONS_WRONG_DOT	1	43	47	Other	Стягнені скорочення та метричні одиниці пишуться без крапки: <suggestion>грн</suggestion>	грн
L	2221	Двадцять год.
L	2222	12,75 грн.
L	2223	В м. Київ.
L	2224	Прийшов Л. Коцюба.
L	2225	штрафували на 30 тисяч злотих (близько 54 000 грн. – Авт.), конфіскували у нього машину.
M	2225	UPPERCASE_SENTENCE_START		0	10	Other	Це речення не починається з великої літери.	Штрафували
L	2226	населення Землі налічує 257 млн.
M	2226	UPPERCASE_SENTENCE_START		0	9	Other	Це речення не починається з великої літери.	Населення
L	2227	всього 20 млн. осіб.
M	2227	UPPERCASE_SENTENCE_START		0	6	Other	Це речення не починається з великої літери.	Всього
M	2227	ABBREVIATIONS_WRONG_DOT	2	10	14	Other	Стягнені скорочення пишуться без крапки: <suggestion>млн</suggestion>	млн
L	2228	розташовано у смт. Луків.
M	2228	UPPERCASE_SENTENCE_START		0	11	Other	Це речення не починається з великої літери.	Розташовано
M	2228	ABBREVIATIONS_WRONG_DOT	3	14	18	Other	Стягнені скорочення та метричні одиниці пишуться без крапки: <suggestion>смт</suggestion>	смт
L	2229	100 м. дороги.
M	2229	ABBREVIATIONS_WRONG_DOT	4	4	6	Other	Метричні одиниці пишуться без крапки: <suggestion>м</suggestion>	м
L	2230	100 кв. м. дороги.
M	2230	ABBREVIATIONS_WRONG_DOT	4	8	10	Other	Метричні одиниці пишуться без крапки: <suggestion>м</suggestion>	м
L	2231	Останні 100 м.
L	2232	Прийшов М. Гориня.
L	2233	Проїхали м. Львів.
L	2234	Листи надсилайте на адресу: 79026 м. Львів, вул. Володимира Великого
L	2235	70-80 р.р.
M	2235	ABBREVIATIONS_WRONG_DOT	5	6	10	Other	Роки скорочено пишуться <suggestion>рр.</suggestion>	рр.
L	2236	70-80 рр,
M	2236	ABBREVIATIONS_WRONG_DOT	6	6	8	Other	Роки скорочено пишуться <suggestion>рр.</suggestion>	рр.
L	2237	1970-1980 р. р.,
M	2237	ABBREVIATIONS_WRONG_DOT	5	10	15	Other	Роки скорочено пишуться <suggestion>рр.</suggestion>	рр.
L	2238	70–80 р.р.,
M	2238	ABBREVIATIONS_WRONG_DOT	5	6	10	Other	Роки скорочено пишуться <suggestion>рр.</suggestion>	рр.
L	2239	70-80 р р,
M	2239	ABBREVIATIONS_WRONG_DOT	7	6	9	Other	Роки скорочено пишуться <suggestion>рр.</suggestion>	рр.
L	2240	2000-2010 р.,
M	2240	ABBREVIATIONS_WRONG_DOT	7	10	12	Other	Роки скорочено пишуться <suggestion>рр.</suggestion>	рр.
L	2241	77–80 р.,
M	2241	ABBREVIATIONS_WRONG_DOT	7	6	8	Other	Роки скорочено пишуться <suggestion>рр.</suggestion>	рр.
L	2242	79-80 р,
M	2242	ABBREVIATIONS_WRONG_DOT	7	6	7	Other	Роки скорочено пишуться <suggestion>рр.</suggestion>	рр.
L	2243	2005-2006 р.н.
L	2244	1970—1980 р. р.,
M	2244	ABBREVIATIONS_WRONG_DOT	5	10	15	Other	Роки скорочено пишуться <suggestion>рр.</suggestion>	рр.
L	2245	70—80 р.р.,
M	2245	ABBREVIATIONS_WRONG_DOT	5	6	10	Other	Роки скорочено пишуться <suggestion>рр.</suggestion>	рр.
L	2246	70—80 р р,
M	2246	ABBREVIATIONS_WRONG_DOT	8	6	9	Other	Роки скорочено пишуться <suggestion>рр.</suggestion>	рр.
L	2247	70—80 р.,
M	2247	ABBREVIATIONS_WRONG_DOT	8	6	8	Other	Роки скорочено пишуться <suggestion>рр.</suggestion>	рр.
L	2248	№ 268 — 1938 р.
L	2249	2005—2006 р.н.
L	2250	зросла на 50—70 коп/л
M	2250	UPPERCASE_SENTENCE_START		0	6	Other	Це речення не починається з великої літери.	Зросла
M	2250	ABBREVIATIONS_MISSING_DOT	1	16	19	Other	Скорочення з відкиданням літер пишуться з крапкою: <suggestion>коп.</suggestion>	коп.
L	2251	496 грн 75 коп за екземпляр
M	2251	ABBREVIATIONS_MISSING_DOT	1	11	14	Other	Скорочення з відкиданням літер пишуться з крапкою: <suggestion>коп.</suggestion>	коп.
L	2252	штраф у 150 тис гривень
M	2252	UPPERCASE_SENTENCE_START		0	5	Other	Це речення не починається з великої літери.	Штраф
M	2252	ABBREVIATIONS_MISSING_DOT	1	12	15	Other	Скорочення з відкиданням літер пишуться з крапкою: <suggestion>тис.</suggestion>	тис.
L	2253	штраф у 150 тис
M	2253	UPPERCASE_SENTENCE_START		0	5	Other	Це речення не починається з великої літери.	Штраф
M	2253	ABBREVIATIONS_MISSING_DOT	1	12	15	Other	Скорочення з відкиданням літер пишуться з крапкою: <suggestion>тис.</suggestion>	тис.
L	2254	штраф у 150 тис гривень
M	2254	UPPERCASE_SENTENCE_START		0	5	Other	Це речення не починається з великої літери.	Штраф
M	2254	ABBREVIATIONS_MISSING_DOT	1	12	15	Other	Скорочення з відкиданням літер пишуться з крапкою: <suggestion>тис.</suggestion>	тис.
L	2255	це $400 тис.», – розповідає Олег.
M	2255	UPPERCASE_SENTENCE_START		0	2	Other	Це речення не починається з великої літери.	Це
L	2256	це 100 тис…
M	2256	UPPERCASE_SENTENCE_START		0	2	Other	Це речення не починається з великої літери.	Це
L	2257	це 100 тис...
M	2257	UPPERCASE_SENTENCE_START		0	2	Other	Це речення не починається з великої літери.	Це
L	2258	800 гр. м'яса.
M	2258	dot_with_gram_hryven	1	4	7	Other	Грами скорочено пишемо: <suggestion>г</suggestion>; гривні скорочено пишемо <suggestion>грн</suggestion>	г|грн
L	2259	1 000 гр. 80 коп.
M	2259	dot_with_gram_hryven	1	6	9	Other	Грами скорочено пишемо: <suggestion>г</suggestion>; гривні скорочено пишемо <suggestion>грн</suggestion>	г|грн
L	2260	на ул. Городецькій.
M	2260	UPPERCASE_SENTENCE_START		0	2	Other	Це речення не починається з великої літери.	На
M	2260	UL_VS_VUL	1	3	6	Other	Правильно: <suggestion>вул.</suggestion>	вул.
L	2261	вул.
M	2261	UPPERCASE_SENTENCE_START		0	3	Other	Це речення не починається з великої літери.	Вул
L	2262	дав хабара.
M	2262	UPPERCASE_SENTENCE_START		0	3	Other	Це речення не починається з великої літери.	Дав
M	2262	habar_2019	1	4	10	Other	За правописом 2019 хабар відмінюється, як м'яка група	хабаря
L	2263	хабаром.
M	2263	habar_2019	1	0	7	Other	За правописом 2019 хабар відмінюється, як м'яка група	хабарем
L	2264	хабарі
L	2265	десь вітра.
M	2265	UPPERCASE_SENTENCE_START		0	4	Other	Це речення не починається з великої літери.	Десь
M	2265	vitra	1	5	10	Other	За винятком декількох сталих зворотів р.в. від слова «вітер» є <suggestion>вітру</suggestion>	вітру
L	2266	шукав вітра в полі
M	2266	UPPERCASE_SENTENCE_START		0	5	Other	Це речення не починається з великої літери.	Шукав
L	2267	шукай тепер вітра в полі
M	2267	UPPERCASE_SENTENCE_START		0	5	Other	Це речення не починається з великої літери.	Шукай
L	2268	тумана напустив.
M	2268	tumana	1	0	6	Other	У значенні природного явища р.в.<suggestion>туману</suggestion>	туману
L	2269	до тих бабусів-дідусів.
M	2269	UPPERCASE_SENTENCE_START		0	2	Other	Це речення не починається з великої літери.	До
M	2269	BABUSIV	1	7	22	Other	Неправильна форма	бабусь|бабусин
L	2270	Агов, Ігоре!
M	2270	IHOR_VOCATIVE	1	6	11	Other	Правильно: <suggestion>Ігорю</suggestion>	Ігорю
L	2271	поїхав закордон.
M	2271	UPPERCASE_SENTENCE_START		0	6	Other	Це речення не починається з великої літери.	Поїхав
M	2271	zakordon	1	7	15	Other	Можливо ви мали на увазі <suggestion>за кордон</suggestion>?	за кордон
L	2272	взнати про закордон
M	2272	UPPERCASE_SENTENCE_START		0	6	Other	Це речення не починається з великої літери.	Взнати
L	2273	взнати «закордон»
M	2273	UPPERCASE_SENTENCE_START		0	6	Other	Це речення не починається з великої літери.	Взнати
L	2274	далекий «закордон»
M	2274	UPPERCASE_SENTENCE_START		0	7	Other	Це речення не починається з великої літери.	Далекий
L	2275	закордон нам не допоможе
M	2275	UPPERCASE_SENTENCE_START		0	8	Other	Це речення не починається з великої літери.	Закордон
L	2276	А не зате, що вони скоїли
M	2276	za_te	1	5	9	Other	Можливо треба: <suggestion>за те</suggestion>?	за те
L	2277	Цікаво, зате, що вони
L	2278	— Зате, щоправда,
L	2279	отака стрейч плівка.
M	2279	UPPERCASE_SENTENCE_START		0	5	Other	Це речення не починається з великої літери.	Отака
M	2279	stretch_plivka	1	6	19	Other	Правильно: <suggestion>стретч-плівка</suggestion>	стретч-плівка
L	2280	від тепер і до кінця.
M	2280	vid_teper	1	0	9	Other	Відтепер пишеться разом	відтепер
L	2281	буде не переливки.
M	2281	UPPERCASE_SENTENCE_START		0	4	Other	Це речення не починається з великої літери.	Буде
M	2281	ne_perelyvky	1	5	17	Other	Присудкове слово <suggestion>непереливки</suggestion> пишеться разом	непереливки
L	2282	кинути на призволяще.
M	2282	UPPERCASE_SENTENCE_START		0	6	Other	Це речення не починається з великої літери.	Кинути
M	2282	na_pryzvolyasche	1	7	20	Other	<suggestion>напризволяще</suggestion> пишеться разом	напризволяще
L	2283	чим дуж.
M	2283	chym_duzh	1	0	7	Other	<suggestion>чимдуж</suggestion> пишеться разом	чимдуж
L	2284	і не сила терпіти
M	2284	UPPERCASE_SENTENCE_START		0	1	Other	Це речення не починається з великої літери.	І
M	2284	ne_syla	1	2	9	Other	<suggestion>несила</suggestion> перед інфінітивом пишеться разом	несила
L	2285	і не сила було терпіти
M	2285	UPPERCASE_SENTENCE_START		0	1	Other	Це речення не починається з великої літери.	І
M	2285	ne_syla	2	2	9	Other	<suggestion>несила</suggestion> перед інфінітивом пишеться разом	несила
L	2286	в одночас.
M	2286	v_odnochas	1	0	9	Other	«Одночас» пишеться разом	водночас
L	2287	з дата-центру.
M	2287	UPPERCASE_SENTENCE_START		0	1	Other	Це речення не починається з великої літери.	З
M	2287	data_center	1	2	13	Other	Правильно: <suggestion>центру даних</suggestion>	центру даних
L	2288	па його обличчі.
M	2288	pa_vs_na	1	0	2	Other	Можливо тут мав бути прийменник: <suggestion>на</suggestion>?	на
L	2289	танцювальних па
M	2289	UPPERCASE_SENTENCE_START		0	12	Other	Це речення не починається з великої літери.	Танцювальних
L	2290	декілька па,
M	2290	UPPERCASE_SENTENCE_START		0	8	Other	Це речення не починається з великої літери.	Декілька
L	2291	109-110 Па.
L	2292	сесії ПА НАТО
M	2292	UPPERCASE_SENTENCE_START		0	5	Other	Це речення не починається з великої літери.	Сесії
L	2293	На прикінці зробити щеплення.
M	2293	erroneous_space	1	0	11	Other	Зайвий пробіл	Наприкінці
L	2294	вернув ліворуч
M	2294	UPPERCASE_SENTENCE_START		0	6	Other	Це речення не починається з великої літери.	Вернув
L	2295	Бейкер-стрит.
M	2295	DASH_STREET	1	0	12	Other	Чинний правопис передбачає -стріт (також укр. літера і ближча до англ. звука [i:] в слові street)	
L	2296	Канзас-Сіті.
M	2296	DASH_CITY	1	0	11	Other	Чинний правопис передбачає -сіті, однак в мовній практиці поширений також варіант -ситі, адже укр. літера и ближча до англ. звука [ɪ] в слові city	
L	2297	Канзас-Ситі.
M	2297	DASH_CITY	1	0	11	Other	Чинний правопис передбачає -сіті, однак в мовній практиці поширений також варіант -ситі, адже укр. літера и ближча до англ. звука [ɪ] в слові city	
L	2298	Іст-Рівер.
M	2298	DASH_RIVER	1	0	9	Other	Правильно: <suggestion>Іст-Ривер</suggestion>	Іст-Ривер
L	2299	фрілансер.
M	2299	FREE_PREFIX	1	0	9	Other	Чинний правопис (за правилом дев'ятки) передбачає фри- (але українська літера і ближча до англ. звука [i:] в словах на штиб фрілансер)	
L	2300	фрилансер.
M	2300	FREE_PREFIX	1	0	9	Other	Чинний правопис (за правилом дев'ятки) передбачає фри- (але українська літера і ближча до англ. звука [i:] в словах на штиб фрілансер)	
L	2301	електронним чіпом.
M	2301	UPPERCASE_SENTENCE_START		0	11	Other	Це речення не починається з великої літери.	Електронним
M	2301	chip_chyp	1	12	17	Other	За правописом напівпровідниковий пристрій пишеться через «и»: <suggestion>чипом</suggestion>	чипом
L	2302	з чіпом Intel.
M	2302	UPPERCASE_SENTENCE_START		0	1	Other	Це речення не починається з великої літери.	З
M	2302	chip_chyp	2	2	7	Other	За правописом напівпровідниковий пристрій пишеться через «и»: <suggestion>чипом</suggestion>	чипом
L	2303	Мі17
M	2303	DIGITS_AND_LETTERS	1	0	4	Other	Відсутній дефіс або пробіл між словом і числом	Мі-17|Мі 17
L	2304	СО2
M	2304	LATIN_LETTERS_IN_SENTENCE	14	0	3	Other	Потенційна помилка: українські літери замість латинських	CO2
L	2305	абстракція11
M	2305	DIGITS_AND_LETTERS	2	0	12	Other	Відсутній дефіс або пробіл між словом і числом	абстракція 11|абстракція-11
L	2306	"Приват24 для бізнесу"
M	2306	MORFOLOGIK_RULE_UK_UA		1	9	Other	Потенційна орфографічна помилка	
L	2307	Ан32-П
M	2307	MORFOLOGIK_RULE_UK_UA		0	2	UnknownWord	Знайдено потенційну орфографічну помилку.	АН|А|Аж|Ані|Пан|НАН|Ван|Он|АП|Ян|Ар|Ран|АР|АТ|Ат|Сан|Хан|АК|Аня|Жан|РАН|СН|Ах|АМН|АО|АдН|Ин|Кан|МАН|Аз|Ай|Ану|Ас|Чан|АС|АФ|Ган|УАН|Аг|Ау|Лан|Фан|Єн|Іан|АА|АБ|АНБ|АНК|АНУ|АПН|Аа|Айн|Анд|Анн|Ань|Аню|Аун|Бан|ДН|Дан|Ен|ЗН|Ман|ПН|РН|Тан|УН|Юн|Ач
L	2308	А мої1.
M	2308	DIGITS_AND_LETTERS	2	2	6	Other	Відсутній дефіс або пробіл між словом і числом	мої 1|мої-1
L	2309	почали культивувати170 років
M	2309	UPPERCASE_SENTENCE_START		0	6	Other	Це речення не починається з великої літери.	Почали
M	2309	DIGITS_AND_LETTERS	2	7	22	Other	Відсутній дефіс або пробіл між словом і числом	культивувати 170|культивувати-170
L	2310	до1600 ккал
M	2310	DIGITS_AND_LETTERS	2	0	6	Other	Відсутній дефіс або пробіл між словом і числом	до 1600|до-1600
L	2311	на хвилі Євро2012
M	2311	UPPERCASE_SENTENCE_START		0	2	Other	Це речення не починається з великої літери.	На
M	2311	DIGITS_AND_LETTERS	1	9	17	Other	Відсутній дефіс або пробіл між словом і числом	Євро-2012|Євро 2012
L	2312	майже100%.
M	2312	DIGITS_AND_LETTERS	2	0	8	Other	Відсутній дефіс або пробіл між словом і числом	майже 100|майже-100
L	2313	тримаємо12–15 хвилин
M	2313	DIGITS_AND_LETTERS	2	0	13	Other	Відсутній дефіс або пробіл між словом і числом	тримаємо 12–15|тримаємо-12–15
L	2314	20 мм2
L	2315	СО2
M	2315	LATIN_LETTERS_IN_SENTENCE	14	0	3	Other	Потенційна помилка: українські літери замість латинських	CO2
L	2316	ми скористалися службою «Інфо300»
M	2316	UPPERCASE_SENTENCE_START		0	2	Other	Це речення не починається з великої літери.	Ми
M	2316	MORFOLOGIK_RULE_UK_UA		25	32	Other	Потенційна орфографічна помилка	
L	2317	АН4774087
M	2317	MORFOLOGIK_RULE_UK_UA		0	9	Other	Потенційна орфографічна помилка	
L	2318	ТУ4-2441
M	2318	MORFOLOGIK_RULE_UK_UA		0	8	Other	Потенційна орфографічна помилка	
L	2319	в підпункті 14а
M	2319	UPPERCASE_SENTENCE_START		0	1	Other	Це речення не починається з великої літери.	В
M	2319	DIGITS_AND_LETTERS	4	12	15	Other	Відсутній дефіс або пробіл між числом і словом (або пропущена кома після назви вулиці, або вжито тире на позначення мінуса)	14 а|14-а
L	2320	напе1редодні
M	2320	DIGITS_AND_LETTERS	3	0	12	Other	Цифри всередині слова	напередодні|напе 1 редодні
L	2321	40х40х30
M	2321	MORFOLOGIK_RULE_UK_UA		0	8	Other	Потенційна орфографічна помилка	
L	2322	набрав 21відсоток.
M	2322	UPPERCASE_SENTENCE_START		0	6	Other	Це речення не починається з великої літери.	Набрав
M	2322	DIGITS_AND_LETTERS	4	7	17	Other	Відсутній дефіс або пробіл між числом і словом (або пропущена кома після назви вулиці, або вжито тире на позначення мінуса)	21 відсоток|21-відсоток
L	2323	505грн.
M	2323	DIGITS_AND_LETTERS	4	0	6	Other	Відсутній дефіс або пробіл між числом і словом (або пропущена кома після назви вулиці, або вжито тире на позначення мінуса)	505 грн|505-грн
L	2324	5,05грн.
M	2324	DIGITS_AND_LETTERS	4	0	7	Other	Відсутній дефіс або пробіл між числом і словом (або пропущена кома після назви вулиці, або вжито тире на позначення мінуса)	5,05 грн|5,05-грн
L	2325	15 лютого 1989го.
M	2325	DIGITS_AND_LETTERS	4	10	16	Other	Відсутній дефіс або пробіл між числом і словом (або пропущена кома після назви вулиці, або вжито тире на позначення мінуса)	1989 го|1989-го
L	2326	напруги 0,4-10кВ.
M	2326	UPPERCASE_SENTENCE_START		0	7	Other	Це речення не починається з великої літери.	Напруги
M	2326	DIGITS_AND_LETTERS	4	8	16	Other	Відсутній дефіс або пробіл між числом і словом (або пропущена кома після назви вулиці, або вжито тире на позначення мінуса)	0,4-10 кВ|0,4-10-кВ
L	2327	Естафета 4х100 м.
M	2327	MORFOLOGIK_RULE_UK_UA		9	14	Other	Потенційна орфографічна помилка	
L	2328	Грушевського, 9а
M	2328	MORFOLOGIK_RULE_UK_UA		14	16	Other	Потенційна орфографічна помилка	
L	2329	Грушевського, буд. 9а
M	2329	MORFOLOGIK_RULE_UK_UA		19	21	Other	Потенційна орфографічна помилка	
L	2330	14,7оС
M	2330	DEGREES_FOR_C	1	0	6	Other	Можливо, потрібен знак градуса?	14,7°C
L	2331	та ж вулиця, номер 8ж
M	2331	UPPERCASE_SENTENCE_START		0	2	Other	Це речення не починається з великої літери.	Та
M	2331	MORFOLOGIK_RULE_UK_UA		19	21	Other	Потенційна орфографічна помилка	
L	2332	автобусом № 441, 41к
M	2332	UPPERCASE_SENTENCE_START		0	9	Other	Це речення не починається з великої літери.	Автобусом
M	2332	MORFOLOGIK_RULE_UK_UA		17	20	Other	Потенційна орфографічна помилка	
L	2333	Будівля №36а
M	2333	MORFOLOGIK_RULE_UK_UA		9	12	Other	Потенційна орфографічна помилка	
L	2334	у справі № 8/348а
M	2334	UPPERCASE_SENTENCE_START		0	1	Other	Це речення не починається з великої літери.	У
M	2334	MORFOLOGIK_RULE_UK_UA		13	17	Other	Потенційна орфографічна помилка	
L	2335	1С
M	2335	MORFOLOGIK_RULE_UK_UA		0	2	Other	Потенційна орфографічна помилка	
L	2336	23° 27'
L	2337	програма «4М».
M	2337	UPPERCASE_SENTENCE_START		0	8	Other	Це речення не починається з великої літери.	Програма
M	2337	MORFOLOGIK_RULE_UK_UA		10	12	Other	Потенційна орфографічна помилка	
L	2338	від 27 грудня 1978 року за №44у—279 вирок
M	2338	UPPERCASE_SENTENCE_START		0	3	Other	Це речення не починається з великої літери.	Від
M	2338	DASH		28	32	Other	Риска всередині слова. Всередині слова вживайте дефіс, між словами виокремлюйте риску пробілами.	44у — 279
L	2339	З 1981р.
M	2339	DIGITS_AND_LETTERS	5	2	8	Other	Відсутній дефіс або пробіл між числом і словом	1981 р.|1981-р.
L	2340	концерти № 1 Л. Бетховена
M	2340	UPPERCASE_SENTENCE_START		0	8	Other	Це речення не починається з великої літери.	Концерти
L	2341	І 50-тої бригади
M	2341	numr_suffix_recommend	1	2	8	Other	Якщо порядковий числівник закінчується на приголосний або на йотований ю, ї, пишемо тільки останню букву, а інакше - дві останні.	
L	2342	І 50–того класу
M	2342	numr_suffix_pravopys	3	2	9	Other	Згідно з рекомендаціями мовознавців не нарощуємо числівника, якщо він разом із наступним іменником становить назву класу, курсу, групи, студії, каналу тощо	50
L	2343	1-ший поверх.
M	2343	numr_suffix_recommend	1	0	5	Other	Якщо порядковий числівник закінчується на приголосний або на йотований ю, ї, пишемо тільки останню букву, а інакше - дві останні.	
L	2344	у 2-гій Київський гімназії.
M	2344	UPPERCASE_SENTENCE_START		0	1	Other	Це речення не починається з великої літери.	У
M	2344	numr_suffix_recommend	1	2	7	Other	Якщо порядковий числівник закінчується на приголосний або на йотований ю, ї, пишемо тільки останню букву, а інакше - дві останні.	
M	2344	UK_ADJ_NOUN_INFLECTION_AGREEMENT		8	26	Other	Потенційна помилка: прикметник не узгоджений з іменником: "Київський": [ч.р.: називний, знахідний (неіст.)] і "гімназії": [ж.р.: родовий, давальний, місцевий, мн.: називний, знахідний]. Можливо, пропущено прийменник на/в/у...?	київської гімназії|київській гімназії|київські гімназії
L	2345	між 3-тім та 4-м валом
M	2345	UPPERCASE_SENTENCE_START		0	3	Other	Це речення не починається з великої літери.	Між
M	2345	numr_suffix_recommend	1	4	9	Other	Якщо порядковий числівник закінчується на приголосний або на йотований ю, ї, пишемо тільки останню букву, а інакше - дві останні.	
L	2346	між 3-м та 4-тим валом
M	2346	UPPERCASE_SENTENCE_START		0	3	Other	Це речення не починається з великої літери.	Між
M	2346	numr_suffix_recommend	1	11	16	Other	Якщо порядковий числівник закінчується на приголосний або на йотований ю, ї, пишемо тільки останню букву, а інакше - дві останні.	
L	2347	в 70-тих.
M	2347	UPPERCASE_SENTENCE_START		0	1	Other	Це речення не починається з великої літери.	В
M	2347	numr_suffix_recommend	1	2	8	Other	Якщо порядковий числівник закінчується на приголосний або на йотований ю, ї, пишемо тільки останню букву, а інакше - дві останні.	
L	2348	у пункті 3-тьому
M	2348	UPPERCASE_SENTENCE_START		0	1	Other	Це речення не починається з великої літери.	У
M	2348	numr_suffix_recommend	1	9	16	Other	Якщо порядковий числівник закінчується на приголосний або на йотований ю, ї, пишемо тільки останню букву, а інакше - дві останні.	
L	2349	базується 173-тя десантна бригада
M	2349	UPPERCASE_SENTENCE_START		0	9	Other	Це речення не починається з великої літери.	Базується
L	2350	11-та ракетка.
L	2351	між 13-м та 14-им валом
M	2351	UPPERCASE_SENTENCE_START		0	3	Other	Це речення не починається з великої літери.	Між
M	2351	numr_suffix_recommend	2	12	17	Other	Якщо порядковий числівник закінчується на приголосний або на йотований ю, ї, пишемо тільки останню букву, а інакше - дві останні.	14-м
L	2352	7-ма ракетка.
L	2353	11-а ракетка
M	2353	numr_suffix_recommend	3	0	4	Other	Якщо порядковий числівник закінчується на приголосний або на йотований ю, ї, пишемо тільки останню букву, а інакше - дві останні.	11-ша|11-га|11-та|11-ма
L	2354	в 70-х.
M	2354	UPPERCASE_SENTENCE_START		0	1	Other	Це речення не починається з великої літери.	В
L	2355	на 12-му поверсі
M	2355	UPPERCASE_SENTENCE_START		0	2	Other	Це речення не починається з великої літери.	На
L	2356	1990-і
M	2356	numr_suffix_recommend	3	0	6	Other	Якщо порядковий числівник закінчується на приголосний або на йотований ю, ї, пишемо тільки останню букву, а інакше - дві останні.	1990-ші|1990-гі|1990-ті|1990-мі
L	2357	в 1970-их роках
M	2357	UPPERCASE_SENTENCE_START		0	1	Other	Це речення не починається з великої літери.	В
L	2358	І 50-им номером
M	2358	numr_suffix_recommend	2	2	7	Other	Якщо порядковий числівник закінчується на приголосний або на йотований ю, ї, пишемо тільки останню букву, а інакше - дві останні.	50-м
L	2359	По 2002-ий.
M	2359	numr_suffix_recommend	2	3	10	Other	Якщо порядковий числівник закінчується на приголосний або на йотований ю, ї, пишемо тільки останню букву, а інакше - дві останні.	2002-й
L	2360	4-ої ракети.
M	2360	numr_suffix_recommend	2	0	4	Other	Якщо порядковий числівник закінчується на приголосний або на йотований ю, ї, пишемо тільки останню букву, а інакше - дві останні.	4-ї
L	2361	8-ою ракеткою.
M	2361	numr_suffix_recommend	2	0	4	Other	Якщо порядковий числівник закінчується на приголосний або на йотований ю, ї, пишемо тільки останню букву, а інакше - дві останні.	8-ю
L	2362	173-тя десантна бригада
L	2363	11-та ракетка.
L	2364	7-ма ракетка.
L	2365	3-тє місце.
L	2366	3-тя ракета.
L	2367	І 50–а цистерна
M	2367	numr_suffix_recommend	3	2	6	Other	Якщо порядковий числівник закінчується на приголосний або на йотований ю, ї, пишемо тільки останню букву, а інакше - дві останні.	50-ша|50-га|50-та|50-ма
L	2368	1-е місце.
M	2368	numr_suffix_recommend	3	0	3	Other	Якщо порядковий числівник закінчується на приголосний або на йотований ю, ї, пишемо тільки останню букву, а інакше - дві останні.	1-ше|1-ге|1-те|1-ме
L	2369	3-є місце.
M	2369	numr_suffix_recommend	3	0	3	Other	Якщо порядковий числівник закінчується на приголосний або на йотований ю, ї, пишемо тільки останню букву, а інакше - дві останні.	3-шє|3-гє|3-тє|3-мє
L	2370	3-я ракета.
M	2370	numr_suffix_recommend	3	0	3	Other	Якщо порядковий числівник закінчується на приголосний або на йотований ю, ї, пишемо тільки останню букву, а інакше - дві останні.	3-шя|3-гя|3-тя|3-мя
L	2371	173-тя десантна бригада
L	2372	за 13-м валом
M	2372	UPPERCASE_SENTENCE_START		0	2	Other	Це речення не починається з великої літери.	За
L	2373	4-ї ракети.
L	2374	№6-у
L	2375	у пункті 14–а
M	2375	UPPERCASE_SENTENCE_START		0	1	Other	Це речення не починається з великої літери.	У
L	2376	І 3-ю частину
M	2376	numr_suffix_recommend	4	2	5	Other	Якщо порядковий числівник закінчується на приголосний або на йотований ю, ї, пишемо тільки останню букву, а інакше - дві останні.	тю
L	2377	вечорами 125-ю вулицею бродять
M	2377	UPPERCASE_SENTENCE_START		0	8	Other	Це речення не починається з великої літери.	Вечорами
L	2378	вечорами 13-ю вулицею бродять
M	2378	UPPERCASE_SENTENCE_START		0	8	Other	Це речення не починається з великої літери.	Вечорами
L	2379	А не 10-ти класів
M	2379	numr_suffix_pravopys	1	5	10	Other	Це кількісний числівник, а нарощують лише порядкові числівники	10
L	2380	А не 33-ма класами
M	2380	numr_suffix_pravopys	1	5	10	Other	Це кількісний числівник, а нарощують лише порядкові числівники	33
L	2381	на 42-ві позиції
M	2381	UPPERCASE_SENTENCE_START		0	2	Other	Це речення не починається з великої літери.	На
M	2381	numr_suffix_pravopys	1	3	8	Other	Це кількісний числівник, а нарощують лише порядкові числівники	42
L	2382	між 1990-ми і 2000-ми
M	2382	UPPERCASE_SENTENCE_START		0	3	Other	Це речення не починається з великої літери.	Між
M	2382	EUPHONY_CONJ_I_Y	3	12	13	Hint	Після голосної зі звуком і/и варто писати й або та: 1990-ми <suggestion>й</suggestion> 2000-ми, 1990-ми <suggestion>та</suggestion> 2000-ми	й|та
L	2383	38-ма паралель
L	2384	А не 1990-го року
M	2384	numr_suffix_pravopys	2	5	12	Other	За чинним правописом не нарощуємо числівника в позначенні певного року (але нарощуємо, якщо проміжок), століття, тисячоліття як дат, а також сторінки видання	1990
L	2385	А не 33-та сторінка
M	2385	numr_suffix_pravopys	2	5	10	Other	За чинним правописом не нарощуємо числівника в позначенні певного року (але нарощуємо, якщо проміжок), століття, тисячоліття як дат, а також сторінки видання	33
L	2386	з 50-ї сторінки
M	2386	UPPERCASE_SENTENCE_START		0	1	Other	Це речення не починається з великої літери.	З
M	2386	numr_suffix_pravopys	2	2	6	Other	За чинним правописом не нарощуємо числівника в позначенні певного року (але нарощуємо, якщо проміжок), століття, тисячоліття як дат, а також сторінки видання	50
L	2387	1990-го
L	2388	у 20-х роках
M	2388	UPPERCASE_SENTENCE_START		0	1	Other	Це речення не починається з великої літери.	У
L	2389	з 50-х років
M	2389	UPPERCASE_SENTENCE_START		0	1	Other	Це речення не починається з великої літери.	З
L	2390	на 20-му році незалежності
M	2390	UPPERCASE_SENTENCE_START		0	2	Other	Це речення не починається з великої літери.	На
L	2391	87–й рік навчання
L	2392	Зерову йшов 48-й рік
L	2393	Уже 17-й рік там панує режим
L	2394	чи то 4–й, чи 6–й рік до початку нового літочислення
M	2394	UPPERCASE_SENTENCE_START		0	2	Other	Це речення не починається з великої літери.	Чи
L	2395	йшов тоді 29-й рік
M	2395	UPPERCASE_SENTENCE_START		0	4	Other	Це речення не починається з великої літери.	Йшов
L	2396	оголосила 1995-й роком
M	2396	UPPERCASE_SENTENCE_START		0	9	Other	Це речення не починається з великої літери.	Оголосила
L	2397	І 3-го класу
M	2397	numr_suffix_pravopys	3	2	6	Other	Згідно з рекомендаціями мовознавців не нарощуємо числівника, якщо він разом із наступним іменником становить назву класу, курсу, групи, студії, каналу тощо	3
L	2398	А на 2-му курсі
M	2398	numr_suffix_pravopys	3	5	9	Other	Згідно з рекомендаціями мовознавців не нарощуємо числівника, якщо він разом із наступним іменником становить назву класу, курсу, групи, студії, каналу тощо	2
L	2399	з 7-го каналу
M	2399	UPPERCASE_SENTENCE_START		0	1	Other	Це речення не починається з великої літери.	З
M	2399	numr_suffix_pravopys	3	2	6	Other	Згідно з рекомендаціями мовознавців не нарощуємо числівника, якщо він разом із наступним іменником становить назву класу, курсу, групи, студії, каналу тощо	7
L	2400	у 20-х роках
M	2400	UPPERCASE_SENTENCE_START		0	1	Other	Це речення не починається з великої літери.	У
L	2401	У жовтні 1787-го курс становив
L	2402	починаючи з III-го кварталу.
M	2402	UPPERCASE_SENTENCE_START		0	9	Other	Це речення не починається з великої літери.	Починаючи
M	2402	numr_suffix_pravopys	4	12	18	Other	За чинним правописом після римських цифр закінчення не пишемо	III
L	2403	на IX-му з'їзді.
M	2403	UPPERCASE_SENTENCE_START		0	2	Other	Це речення не починається з великої літери.	На
M	2403	numr_suffix_pravopys	4	3	8	Other	За чинним правописом після римських цифр закінчення не пишемо	IX
L	2404	на IX з'їзді.
M	2404	UPPERCASE_SENTENCE_START		0	2	Other	Це речення не починається з великої літери.	На
L	2405	2014 року, a то й раніше.
M	2405	LATIN_LETTERS_IN_SENTENCE	1	11	12	Other	Потенційна помилка: латинська літера замість української	а
L	2406	врахували в 1990 pp.
M	2406	UPPERCASE_SENTENCE_START		0	9	Other	Це речення не починається з великої літери.	Врахували
M	2406	LATIN_LETTERS_IN_SENTENCE	2	17	19	Other	Потенційна помилка: латинські літери замість українських	рр
L	2407	врахували в 90 p.
M	2407	UPPERCASE_SENTENCE_START		0	9	Other	Це речення не починається з великої літери.	Врахували
M	2407	LATIN_LETTERS_IN_SENTENCE	2	15	16	Other	Потенційна помилка: латинські літери замість українських	р
L	2408	врахували в 90 p. р.
M	2408	UPPERCASE_SENTENCE_START		0	9	Other	Це речення не починається з великої літери.	Врахували
M	2408	LATIN_LETTERS_IN_SENTENCE	2	15	16	Other	Потенційна помилка: латинські літери замість українських	р
L	2409	врахували це, i головним героєм.
M	2409	UPPERCASE_SENTENCE_START		0	9	Other	Це речення не починається з великої літери.	Врахували
M	2409	LATIN_LETTERS_IN_SENTENCE	3	14	15	Other	Потенційна помилка: латинська літера замість української	і
L	2410	так i не запрацювала.
M	2410	UPPERCASE_SENTENCE_START		0	3	Other	Це речення не починається з великої літери.	Так
M	2410	LATIN_LETTERS_IN_SENTENCE	3	4	5	Other	Потенційна помилка: латинська літера замість української	і
L	2411	врахували це, В2В-маркетинг.
M	2411	UPPERCASE_SENTENCE_START		0	9	Other	Це речення не починається з великої літери.	Врахували
M	2411	LATIN_LETTERS_IN_SENTENCE	4	14	27	Other	Потенційна помилка: українські літери замість латинських	B2B-маркетинг
L	2412	врахували рівень рН.
M	2412	UPPERCASE_SENTENCE_START		0	9	Other	Це речення не починається з великої літери.	Врахували
M	2412	LATIN_LETTERS_IN_SENTENCE	5	17	19	Other	Потенційна помилка: українські літери замість латинських	pH
L	2413	врахували в ІВМ.
M	2413	UPPERCASE_SENTENCE_START		0	9	Other	Це речення не починається з великої літери.	Врахували
M	2413	LATIN_LETTERS_IN_SENTENCE	6	12	15	Other	Потенційна помилка: українські літери замість латинських	IBM
L	2414	рейс МН-17.
M	2414	UPPERCASE_SENTENCE_START		0	4	Other	Це речення не починається з великої літери.	Рейс
M	2414	LATIN_LETTERS_IN_SENTENCE	7	5	10	Other	Потенційна помилка: українські літери замість латинських	MH-17
L	2415	таке собі АІ-сканування.
M	2415	UPPERCASE_SENTENCE_START		0	4	Other	Це речення не починається з великої літери.	Таке
M	2415	LATIN_LETTERS_IN_SENTENCE	8	10	23	Other	Потенційна помилка: українські літери замість латинських	AI-сканування
L	2416	повідомляє ВВС Україна.
M	2416	UPPERCASE_SENTENCE_START		0	10	Other	Це речення не починається з великої літери.	Повідомляє
M	2416	LATIN_LETTERS_IN_SENTENCE	9	11	14	Other	Потенційна помилка: українські літери замість латинських	BBC|Бі-Бі-Сі
L	2417	повідомляла ВВС-Україна.
M	2417	UPPERCASE_SENTENCE_START		0	11	Other	Це речення не починається з великої літери.	Повідомляла
M	2417	LATIN_LETTERS_IN_SENTENCE	9	12	23	Other	Потенційна помилка: українські літери замість латинських	BBC-Україна|Бі-Бі-Сі-Україна
L	2418	поступив у МІТ.
M	2418	UPPERCASE_SENTENCE_START		0	8	Other	Це речення не починається з великої літери.	Поступив
M	2418	LATIN_LETTERS_IN_SENTENCE	10	11	14	Other	Потенційна помилка: українські літери замість латинських у скороченні	MIT
L	2419	виходить на ІРО.
M	2419	UPPERCASE_SENTENCE_START		0	8	Other	Це речення не починається з великої літери.	Виходить
M	2419	LATIN_LETTERS_IN_SENTENCE	11	12	15	Other	Потенційна помилка: українські літери замість латинських у скороченні	IPO
L	2420	ІР-адреса.
M	2420	LATIN_LETTERS_IN_SENTENCE	12	0	9	Other	Потенційна помилка: українські літери замість латинських	IP-адреса
L	2421	ІР-21
M	2421	MORFOLOGIK_RULE_UK_UA		0	5	Other	Потенційна орфографічна помилка	
L	2422	МАС-адреса.
M	2422	LATIN_LETTERS_IN_SENTENCE	13	0	10	Other	Потенційна помилка: українські літери замість латинських	MAC-адреса
L	2423	рівень СО в крові.
M	2423	UPPERCASE_SENTENCE_START		0	6	Other	Це речення не починається з великої літери.	Рівень
M	2423	LATIN_LETTERS_IN_SENTENCE	14	7	9	Other	Потенційна помилка: українські літери замість латинських	CO
L	2424	рівень СО2 в крові.
M	2424	UPPERCASE_SENTENCE_START		0	6	Other	Це речення не починається з великої літери.	Рівень
M	2424	LATIN_LETTERS_IN_SENTENCE	14	7	10	Other	Потенційна помилка: українські літери замість латинських	CO2
L	2425	готувався до різдва
M	2425	UPPERCASE_SENTENCE_START		0	9	Other	Це речення не починається з великої літери.	Готувався
M	2425	religion_names_caps	1	13	19	Other	За чинним правописом назви свят, культових книг тощо пишемо з великої літери	Різдва
L	2426	по тонкому покрову
M	2426	UPPERCASE_SENTENCE_START		0	2	Other	Це речення не починається з великої літери.	По
L	2427	така затишна господа
M	2427	UPPERCASE_SENTENCE_START		0	4	Other	Це речення не починається з великої літери.	Така
L	2428	нехай господь помагає
M	2428	UPPERCASE_SENTENCE_START		0	5	Other	Це речення не починається з великої літери.	Нехай
L	2429	як написано у біблії
M	2429	UPPERCASE_SENTENCE_START		0	2	Other	Це речення не починається з великої літери.	Як
M	2429	religion_names_caps	2	14	20	Other	За чинним правописом назви культових книг (у конкретному значенні) пишемо з великої літери	Біблії
L	2430	біблія підприємця
M	2430	UPPERCASE_SENTENCE_START		0	6	Other	Це речення не починається з великої літери.	Біблія
L	2431	різних біблій
M	2431	UPPERCASE_SENTENCE_START		0	6	Other	Це речення не починається з великої літери.	Різних
L	2432	зі святого письма
M	2432	UPPERCASE_SENTENCE_START		0	2	Other	Це речення не починається з великої літери.	Зі
M	2432	religion_names_caps	3	3	17	Other	За чинним правописом пишемо з великої літери	Святого Письма
L	2433	святої трійці
M	2433	religion_names_caps	3	0	13	Other	За чинним правописом пишемо з великої літери	Святої Трійці
L	2434	зі старого завіту
M	2434	UPPERCASE_SENTENCE_START		0	2	Other	Це речення не починається з великої літери.	Зі
M	2434	religion_names_caps	4	3	17	Other	За чинним правописом назви культових книг пишемо з великої літери	Старого Завіту
L	2435	від Івана хрестителя
M	2435	UPPERCASE_SENTENCE_START		0	3	Other	Це речення не починається з великої літери.	Від
M	2435	religion_names_caps	5	4	20	Other	За чинним правописом назви апостолів, пророків, святих у християнстві пишемо з великої літери	Івана Хрестителя
L	2436	від Пречистої діви
M	2436	UPPERCASE_SENTENCE_START		0	3	Other	Це речення не починається з великої літери.	Від
M	2436	religion_names_caps	6	4	18	Other	За чинним правописом назви апостолів, пророків, святих у християнстві пишемо з великої літери	Пречистої Діви
L	2437	Українська Православна Церква
M	2437	religion_names_caps	7	0	29	Other	За чинним правописом з великої букви пишемо лише перше слово назв церков	Українська православна церква
L	2438	Вселенський патріарх
M	2438	religion_names_caps	8	0	20	Other	За чинним правописом великі букви вживаємо в повних офіційних найменуваннях найвищих церковних посадових осіб	Вселенський Патріарх
L	2439	Папи римського
M	2439	religion_names_caps	9	0	14	Other	За чинним правописом великі букви вживаємо в повних офіційних найменуваннях найвищих церковних посадових осіб	Папи Римського
L	2440	Володимирського Собору
M	2440	religion_names_caps	10	0	22	Other	За чинним правописом з великої букви пишемо всі слова, крім родових найменувань, у назвах монастирів, церков, ікон	Володимирського собору
L	2441	зими— літа
M	2441	DASH		0	6	Other	Риска всередині слова. Всередині слова вживайте дефіс, між словами виокремлюйте риску пробілами.	зими-літа|зими — літа
L	2442	зими — літа
M	2442	UPPERCASE_SENTENCE_START		0	4	Other	Це речення не починається з великої літери.	Зими
L	2443	3 України.
M	2443	digits_instead_of_letters	1	0	1	Other	Мижливо замість цифри «3» тут мала бути літера <suggestion>З</suggestion>?	З
L	2444	15 кВт/год.
M	2444	KVT_HOD	1	3	10	Other	Правильно: <suggestion>кВт·год</suggestion>	кВт·год
L	2445	15 кВт/г.
M	2445	KVT_HOD	2	3	8	Other	Правильно: <suggestion>кВт·год</suggestion>	кВт·год
L	2446	15 кВт*г.
M	2446	KVT_HOD	3	3	8	Other	Правильно: <suggestion>кВт·год</suggestion>	кВт·год
L	2447	15 кВт∙г.
M	2447	KVT_HOD	3	3	8	Other	Правильно: <suggestion>кВт·год</suggestion>	кВт·год
L	2448	900 тис. км2
L	2449	900 м3
L	2450	20 скм3
M	2450	DIGITS_AND_LETTERS	2	3	7	Other	Відсутній дефіс або пробіл між словом і числом	скм 3|скм-3
L	2451	температура знизиться до 27оC.
M	2451	UPPERCASE_SENTENCE_START		0	11	Other	Це речення не починається з великої літери.	Температура
M	2451	DEGREES_FOR_C	1	25	29	Other	Можливо, потрібен знак градуса?	27°C
L	2452	20 ОС
L	2453	він прим"ятий.
M	2453	UPPERCASE_SENTENCE_START		0	3	Other	Це речення не починається з великої літери.	Він
M	2453	invalid_apostrophe	1	4	13	Other	Можливо вжито неправильний символ апострофа? (рекомендовані варіанти: U+02BC - лінгвістично правильний, U+2019 - типографічний, U+0027 - прямий)	примʼятий|прим’ятий|прим'ятий
L	2454	він прим´ятий.
M	2454	UPPERCASE_SENTENCE_START		0	3	Other	Це речення не починається з великої літери.	Він
M	2454	invalid_apostrophe	1	4	13	Other	Можливо вжито неправильний символ апострофа? (рекомендовані варіанти: U+02BC - лінгвістично правильний, U+2019 - типографічний, U+0027 - прямий)	примʼятий|прим’ятий|прим'ятий
L	2455	там прив”язати.
M	2455	UPPERCASE_SENTENCE_START		0	3	Other	Це речення не починається з великої літери.	Там
M	2455	invalid_apostrophe	1	4	14	Other	Можливо вжито неправильний символ апострофа? (рекомендовані варіанти: U+02BC - лінгвістично правильний, U+2019 - типографічний, U+0027 - прямий)	привʼязати|прив’язати|прив'язати
L	2456	Більш світліший.
M	2456	bilsh_with_adj_compc	1	0	15	Hint	Після «(най)більш» не може стояти порівняльна форма прикметника	
L	2457	все закінчилось більш менш
M	2457	UPPERCASE_SENTENCE_START		0	3	Other	Це речення не починається з великої літери.	Все
L	2458	Серед найбільш цікавіших відповідей.
M	2458	bilsh_with_adj_compc	1	6	24	Hint	Після «(най)більш» не може стояти порівняльна форма прикметника	
L	2459	Менш світліший.
M	2459	mensh_with_adj_compc	1	0	14	Hint	Після «(най)менш» не може стояти порівняльна форма прикметника	
L	2460	Більш багатий.
M	2460	bilsh_with_short_adj	1	0	13	Hint	Рекомендуємо використовувати синтетичну форму, наприклад, вищий, найвищий	
L	2461	Найбільш якісного.
M	2461	bilsh_with_short_adj	1	0	17	Hint	Рекомендуємо використовувати синтетичну форму, наприклад, вищий, найвищий	
L	2462	більше ста.
M	2462	UPPERCASE_SENTENCE_START		0	6	Other	Це речення не починається з великої літери.	Більше
L	2463	більше двох.
M	2463	UPPERCASE_SENTENCE_START		0	6	Other	Це речення не починається з великої літери.	Більше
L	2464	Більше одного
L	2465	цюпка не більше шести кроків вдовж
M	2465	UPPERCASE_SENTENCE_START		0	5	Other	Це речення не починається з великої літери.	Цюпка
L	2466	Більш як 40
L	2467	більше 500.
M	2467	UPPERCASE_SENTENCE_START		0	6	Other	Це речення не починається з великої літери.	Більше
L	2468	більшими 2,000 слів.
M	2468	UPPERCASE_SENTENCE_START		0	8	Other	Це речення не починається з великої літери.	Більшими
L	2469	«Більше 10% людей
M	2469	BILSHE_WITH_TIME_NOUNS	2	1	10	Hint	З числівником замість «більше» краще вживати «понад», або «більше ніж/як»: <suggestion>понад 10</suggestion>	Понад 10|Більш як 10|Більше ніж 10
L	2470	трохи більше $1,5 млрд
M	2470	UPPERCASE_SENTENCE_START		0	5	Other	Це речення не починається з великої літери.	Трохи
M	2470	BILSHE_WITH_TIME_NOUNS	2	6	17	Hint	З числівником замість «більше» краще вживати «понад», або «більше ніж/як»: <suggestion>понад $1,5</suggestion>	понад $1,5|більш як $1,5|більше ніж $1,5
L	2471	Не більше 40
L	2472	Щонайбільше 40
L	2473	Більше галасу
L	2474	Більше одного
L	2475	більше тижня.
M	2475	UPPERCASE_SENTENCE_START		0	6	Other	Це речення не починається з великої літери.	Більше
L	2476	більше хвилини.
M	2476	UPPERCASE_SENTENCE_START		0	6	Other	Це речення не починається з великої літери.	Більше
L	2477	більше доби.
M	2477	UPPERCASE_SENTENCE_START		0	6	Other	Це речення не починається з великої літери.	Більше
L	2478	більше половини.
M	2478	UPPERCASE_SENTENCE_START		0	6	Other	Це речення не починається з великої літери.	Більше
L	2479	більше половині.
M	2479	UPPERCASE_SENTENCE_START		0	6	Other	Це речення не починається з великої літери.	Більше
M	2479	BILSHE_WITH_TIME_NOUNS	4	7	15	Hint	Можливо ви мали на увазі: <suggestion>половини</suggestion>?	половини
L	2480	Більшої половини класу
M	2480	BILSHE_WITH_TIME_NOUNS	5	0	16	Hint	Правильно: <suggestion>більша частина</suggestion>, <suggestion>більш ніж половина</suggestion>	Більша частина|Більш ніж половина
L	2481	Більш ніж половина
L	2482	Більше половини населення
M	2482	BILSHE_WITH_TIME_NOUNS	3	0	15	Hint	З іменником часу/кількості замість «більше» краще вживати «понад», або «ніж/як»: <suggestion>понад половину</suggestion>	Понад половину|Більше як половина|Більше ніж половина
L	2483	Менше одного
L	2484	човен не менше шести кроків вдовж
M	2484	UPPERCASE_SENTENCE_START		0	5	Other	Це речення не починається з великої літери.	Човен
L	2485	менше ста.
M	2485	UPPERCASE_SENTENCE_START		0	5	Other	Це речення не починається з великої літери.	Менше
L	2486	Менш як 40
L	2487	менше 500.
M	2487	UPPERCASE_SENTENCE_START		0	5	Other	Це речення не починається з великої літери.	Менше
L	2488	меншими 2,000 слів.
M	2488	UPPERCASE_SENTENCE_START		0	7	Other	Це речення не починається з великої літери.	Меншими
L	2489	«Менше 10% людей
M	2489	MENSHE_WITH_TIME_NOUNS	2	1	9	Hint	З числівником замість «менше» краще вживати «менше ніж/як»: <suggestion>менш як 10</suggestion>	Менш як 10|Менше ніж 10
L	2490	трохи менше $1,5 млрд
M	2490	UPPERCASE_SENTENCE_START		0	5	Other	Це речення не починається з великої літери.	Трохи
M	2490	MENSHE_WITH_TIME_NOUNS	2	6	16	Hint	З числівником замість «менше» краще вживати «менше ніж/як»: <suggestion>менш як $1,5</suggestion>	менш як $1,5|менше ніж $1,5
L	2491	трохи менше 1,5% млрд
M	2491	UPPERCASE_SENTENCE_START		0	5	Other	Це речення не починається з великої літери.	Трохи
M	2491	MENSHE_WITH_TIME_NOUNS	2	6	15	Hint	З числівником замість «менше» краще вживати «менше ніж/як»: <suggestion>менш як 1,5</suggestion>	менш як 1,5|менше ніж 1,5
L	2492	Не менше 40
L	2493	Щонайменше 40
L	2494	Менше галасу
L	2495	Менше одного
L	2496	менше тижня.
M	2496	UPPERCASE_SENTENCE_START		0	5	Other	Це речення не починається з великої літери.	Менше
L	2497	менше хвилини.
M	2497	UPPERCASE_SENTENCE_START		0	5	Other	Це речення не починається з великої літери.	Менше
L	2498	менше доби.
M	2498	UPPERCASE_SENTENCE_START		0	5	Other	Це речення не починається з великої літери.	Менше
L	2499	він молодше сестри на 3 роки
M	2499	UPPERCASE_SENTENCE_START		0	3	Other	Це речення не починається з великої літери.	Він
M	2499	MOLODSHE_KOHOS	1	4	18	Hint	Правильно: <suggestion>молодший (-а, -е) за сестру</suggestion>	молодший (-а, -е) за сестру|молодший (-а, -е) від сестри|молодший (-а, -е) ніж сестра
L	2500	вона молодше сестри на 3 роки
M	2500	UPPERCASE_SENTENCE_START		0	4	Other	Це речення не починається з великої літери.	Вона
M	2500	MOLODSHE_KOHOS	1	5	19	Hint	Правильно: <suggestion>молодший (-а, -е) за сестру</suggestion>	молодший (-а, -е) за сестру|молодший (-а, -е) від сестри|молодший (-а, -е) ніж сестра
L	2501	він молодше міста на 3 роки
M	2501	UPPERCASE_SENTENCE_START		0	3	Other	Це речення не починається з великої літери.	Він
M	2501	MOLODSHE_KOHOS	1	4	17	Hint	Правильно: <suggestion>молодший (-а, -е) за місто</suggestion>	молодший (-а, -е) за місто|молодший (-а, -е) від міста|молодший (-а, -е) ніж місто
L	2502	молодше покоління
M	2502	UPPERCASE_SENTENCE_START		0	7	Other	Це речення не починається з великої літери.	Молодше
L	2503	молодше п'яти
M	2503	UPPERCASE_SENTENCE_START		0	7	Other	Це речення не починається з великої літери.	Молодше
L	2504	сонце молодше від іншої зорі
M	2504	UPPERCASE_SENTENCE_START		0	5	Other	Це речення не починається з великої літери.	Сонце
L	2505	він молодше ніж сестра на 3 роки
M	2505	UPPERCASE_SENTENCE_START		0	3	Other	Це речення не починається з великої літери.	Він
M	2505	MOLODSHE_KOHOS	2	4	22	Hint	Правильно: <suggestion>молодший/старший (-а, -е) ніж сестра</suggestion>	молодший/старший (-а, -е) ніж сестра
L	2506	місто молодше ніж він
M	2506	UPPERCASE_SENTENCE_START		0	5	Other	Це речення не починається з великої літери.	Місто
L	2507	місто було молодше ніж Олеся
M	2507	UPPERCASE_SENTENCE_START		0	5	Other	Це речення не починається з великої літери.	Місто
L	2508	він молодше від сестри на 3 роки
M	2508	UPPERCASE_SENTENCE_START		0	3	Other	Це речення не починається з великої літери.	Він
M	2508	MOLODSHE_KOHOS	3	4	22	Hint	Правильно: <suggestion>молодший/старший (-а, -е) від сестри</suggestion>	молодший/старший (-а, -е) від сестри
L	2509	вона старше від сестри на 3 роки
M	2509	UPPERCASE_SENTENCE_START		0	4	Other	Це речення не починається з великої літери.	Вона
M	2509	MOLODSHE_KOHOS	3	5	22	Hint	Правильно: <suggestion>молодший/старший (-а, -е) від сестри</suggestion>	молодший/старший (-а, -е) від сестри
L	2510	місто молодше від нього
M	2510	UPPERCASE_SENTENCE_START		0	5	Other	Це речення не починається з великої літери.	Місто
L	2511	місто було молодше від Марії
M	2511	UPPERCASE_SENTENCE_START		0	5	Other	Це речення не починається з великої літери.	Місто
L	2512	покоління, старше від нього
M	2512	UPPERCASE_SENTENCE_START		0	9	Other	Це речення не починається з великої літери.	Покоління
L	2513	він молодше за сестру на 3 роки
M	2513	UPPERCASE_SENTENCE_START		0	3	Other	Це речення не починається з великої літери.	Він
M	2513	MOLODSHE_KOHOS	4	4	21	Hint	Правильно: <suggestion>молодший/старший (-а, -е) за сестру</suggestion>	молодший/старший (-а, -е) за сестру
L	2514	вона старше за брата на 3 роки
M	2514	UPPERCASE_SENTENCE_START		0	4	Other	Це речення не починається з великої літери.	Вона
M	2514	MOLODSHE_KOHOS	4	5	20	Hint	Правильно: <suggestion>молодший/старший (-а, -е) за брата</suggestion>	молодший/старший (-а, -е) за брата
L	2515	місто молодше за нього
M	2515	UPPERCASE_SENTENCE_START		0	5	Other	Це речення не починається з великої літери.	Місто
L	2516	місто було молодше за Олену
M	2516	UPPERCASE_SENTENCE_START		0	5	Other	Це речення не починається з великої літери.	Місто
L	2517	місто значно молодше за нього
M	2517	UPPERCASE_SENTENCE_START		0	5	Other	Це речення не починається з великої літери.	Місто
L	2518	місто мінімум удвічі старше за Донецьк
M	2518	UPPERCASE_SENTENCE_START		0	5	Other	Це речення не починається з великої літери.	Місто
L	2519	він старший сестри на 3 роки
M	2519	UPPERCASE_SENTENCE_START		0	3	Other	Це речення не починається з великої літери.	Він
M	2519	UK_ADJ_NOUN_INFLECTION_AGREEMENT		4	18	Other	Потенційна помилка: прикметник не узгоджений з іменником: "старший": [ч.р.: називний, знахідний (неіст.)] і "сестри": [ж.р.: родовий, мн.: називний]	старшої сестри|старші сестри
L	2520	вона старша сестри на 3 роки
M	2520	UPPERCASE_SENTENCE_START		0	4	Other	Це речення не починається з великої літери.	Вона
M	2520	UK_ADJ_NOUN_INFLECTION_AGREEMENT		5	18	Other	Потенційна помилка: прикметник не узгоджений з іменником: "старша": [ж.р.: називний] і "сестри": [ж.р.: родовий, мн.: називний]	старша сестра|старшої сестри|старші сестри
L	2521	він старший міста на 3 роки
M	2521	UPPERCASE_SENTENCE_START		0	3	Other	Це речення не починається з великої літери.	Він
M	2521	UK_ADJ_NOUN_INFLECTION_AGREEMENT		4	17	Other	Потенційна помилка: прикметник не узгоджений з іменником: "старший": [ч.р.: називний, знахідний (неіст.)] і "міста": [с.р.: родовий, мн.: називний, знахідний]	старшого міста|старші міста
L	2522	він молодший Єви на 3 роки
M	2522	UPPERCASE_SENTENCE_START		0	3	Other	Це речення не починається з великої літери.	Він
M	2522	UK_ADJ_NOUN_INFLECTION_AGREEMENT		4	16	Other	Потенційна помилка: прикметник не узгоджений з іменником: "молодший": [ч.р.: називний, знахідний (неіст.)] і "Єви": [ж.р.: родовий]	молодшої Єви
L	2523	старша сестра
M	2523	UPPERCASE_SENTENCE_START		0	6	Other	Це речення не починається з великої літери.	Старша
L	2524	старша онука
M	2524	UPPERCASE_SENTENCE_START		0	6	Other	Це речення не починається з великої літери.	Старша
L	2525	старший брат
M	2525	UPPERCASE_SENTENCE_START		0	7	Other	Це речення не починається з великої літери.	Старший
L	2526	старший механік
M	2526	UPPERCASE_SENTENCE_START		0	7	Other	Це речення не починається з великої літери.	Старший
L	2527	старші колеги
M	2527	UPPERCASE_SENTENCE_START		0	6	Other	Це речення не починається з великої літери.	Старші
L	2528	старше п'яти
M	2528	UPPERCASE_SENTENCE_START		0	6	Other	Це речення не починається з великої літери.	Старше
L	2529	старший групи
M	2529	UPPERCASE_SENTENCE_START		0	7	Other	Це речення не починається з великої літери.	Старший
L	2530	середня і старша групи
M	2530	UPPERCASE_SENTENCE_START		0	7	Other	Це речення не починається з великої літери.	Середня
L	2531	старший слідчої групи
M	2531	UPPERCASE_SENTENCE_START		0	7	Other	Це речення не починається з великої літери.	Старший
L	2532	молодші Олександр Ірванець, Оксана Луцишина
M	2532	UPPERCASE_SENTENCE_START		0	7	Other	Це речення не починається з великої літери.	Молодші
L	2533	молодший Джимів брат
M	2533	UPPERCASE_SENTENCE_START		0	8	Other	Це речення не починається з великої літери.	Молодший
L	2534	старша його донька
M	2534	UPPERCASE_SENTENCE_START		0	6	Other	Це речення не починається з великої літери.	Старша
L	2535	молодша забрала
M	2535	UPPERCASE_SENTENCE_START		0	7	Other	Це речення не починається з великої літери.	Молодша
L	2536	старший минулого року пішов до школи
M	2536	UPPERCASE_SENTENCE_START		0	7	Other	Це речення не починається з великої літери.	Старший
L	2537	середня та старша сестри
M	2537	UPPERCASE_SENTENCE_START		0	7	Other	Це речення не починається з великої літери.	Середня
L	2538	старше сестри
M	2538	UK_ADJ_NOUN_INFLECTION_AGREEMENT		0	13	Other	Потенційна помилка: прикметник не узгоджений з іменником: "старше": [с.р.: називний, знахідний, кличний] і "сестри": [ж.р.: родовий, мн.: називний, кличний]	старшої сестри|старші сестри
L	2539	старший працездатного віку
M	2539	UPPERCASE_SENTENCE_START		0	7	Other	Це речення не починається з великої літери.	Старший
L	2540	старші його підбадьорювали
M	2540	UPPERCASE_SENTENCE_START		0	6	Other	Це речення не починається з великої літери.	Старші
L	2541	Сталося це у іншій хаті.
M	2541	EUPHONY_PREP_V_U	1	11	12	Hint	Перед нейотованими голосними варто писати в: <suggestion>в</suggestion>	в
L	2542	Сталося це у їхній хаті.
L	2543	У одного з студентів аркуш паперу.
M	2543	EUPHONY_PREP_Z_IZ_ZI	3	9	10	Hint	Перед сполученням приголосних із початковим свистячим або шиплячим пишемо: <suggestion>зі</suggestion>	зі
L	2544	Київська Русь у IX-XIII століттях.
L	2545	У Україні.
M	2545	EUPHONY_PREP_V_U	2	0	1	Hint	Перед у варто писати в: <suggestion>в</suggestion>	В
L	2546	У одного з студентів аркуш паперу.
M	2546	EUPHONY_PREP_Z_IZ_ZI	3	9	10	Hint	Перед сполученням приголосних із початковим свистячим або шиплячим пишемо: <suggestion>зі</suggestion>	зі
L	2547	А в Гвіздці.
M	2547	EUPHONY_PREP_V_U	3	2	3	Hint	Перед словами, що починаються на в, ф або збігом приголосних із в, ф пишемо у: <suggestion>у</suggestion> Гвіздці	у
L	2548	А в Львові.
M	2548	EUPHONY_PREP_V_U	3	2	3	Hint	Перед словами, що починаються на в, ф або збігом приголосних із в, ф пишемо у: <suggestion>у</suggestion> Львові	у
L	2549	парад в зворотному напрямку
M	2549	UPPERCASE_SENTENCE_START		0	5	Other	Це речення не починається з великої літери.	Парад
M	2549	EUPHONY_PREP_V_U	3	6	7	Hint	Перед словами, що починаються на в, ф або збігом приголосних із в, ф пишемо у: <suggestion>у</suggestion> зворотному	у
L	2550	таких ознак в двійнятах
M	2550	UPPERCASE_SENTENCE_START		0	5	Other	Це речення не починається з великої літери.	Таких
M	2550	EUPHONY_PREP_V_U	3	12	13	Hint	Перед словами, що починаються на в, ф або збігом приголосних із в, ф пишемо у: <suggestion>у</suggestion> двійнятах	у
L	2551	В МВС.
L	2552	в XV столітті.
M	2552	UPPERCASE_SENTENCE_START		0	1	Other	Це речення не починається з великої літери.	В
L	2553	А в XX столітті.
M	2553	EUPHONY_PREP_V_U	4	2	3	Hint	Перед словами, що починаються на в, ф або збігом приголосних із в, ф пишемо у: <suggestion>у</suggestion> XX	у
L	2554	А в XX-XXI століттях.
M	2554	EUPHONY_PREP_V_U	4	2	3	Hint	Перед словами, що починаються на в, ф або збігом приголосних із в, ф пишемо у: <suggestion>у</suggestion> XX	у
L	2555	в вівторок.
M	2555	UPPERCASE_SENTENCE_START		0	1	Other	Це речення не починається з великої літери.	В
L	2556	В вольєрі сталася пожежа.
M	2556	EUPHONY_PREP_V_U	5	0	1	Hint	Перед словами, що починаються на в, ф або збігом приголосних із в, ф пишемо у: <suggestion>у</suggestion> вольєрі	У
L	2557	Наприклад, в фанерних будинках.
M	2557	EUPHONY_PREP_V_U	5	11	12	Hint	Перед словами, що починаються на в, ф або збігом приголосних із в, ф пишемо у: <suggestion>у</suggestion> фанерних	у
L	2558	Цей рік в Варшаві.
M	2558	EUPHONY_PREP_V_U	5	8	9	Hint	Перед словами, що починаються на в, ф або збігом приголосних із в, ф пишемо у: <suggestion>у</suggestion> Варшаві	у
L	2559	Сьогодні в Варшаві.
L	2560	перевагу в швидкості
M	2560	UPPERCASE_SENTENCE_START		0	8	Other	Це речення не починається з великої літери.	Перевагу
M	2560	EUPHONY_PREP_V_U	3	9	10	Hint	Перед словами, що починаються на в, ф або збігом приголосних із в, ф пишемо у: <suggestion>у</suggestion> швидкості	у
L	2561	сингулярності в квантовій
M	2561	UPPERCASE_SENTENCE_START		0	13	Other	Це речення не починається з великої літери.	Сингулярності
M	2561	EUPHONY_PREP_V_U	3	14	15	Hint	Перед словами, що починаються на в, ф або збігом приголосних із в, ф пишемо у: <suggestion>у</suggestion> квантовій	у
L	2562	В МВС.
L	2563	в V столітті.
M	2563	UPPERCASE_SENTENCE_START		0	1	Other	Це речення не починається з великої літери.	В
L	2564	Хто і як?
L	2565	Хто й як?
M	2565	EUPHONY_CONJ_I_Y	1	4	5	Hint	Перед й, ї, є, я, ю треба писати і: <suggestion>і</suggestion> як	і
L	2566	Йому й їй?
M	2566	EUPHONY_CONJ_I_Y	1	5	6	Hint	Перед й, ї, є, я, ю треба писати і: <suggestion>і</suggestion> їй	і
L	2567	Марко і Іван.
M	2567	EUPHONY_CONJ_I_Y	2	6	7	Hint	Між двома голосними варто писати й: Марко <suggestion>й</suggestion> Іван, Марко <suggestion>та</suggestion> Іван	й|та
L	2568	2 і 1.
M	2568	EUPHONY_CONJ_I_Y	2	2	3	Hint	Між двома голосними варто писати й: 2 <suggestion>й</suggestion> 1, 2 <suggestion>та</suggestion> 1	й|та
L	2569	увійти і обідати
M	2569	UPPERCASE_SENTENCE_START		0	6	Other	Це речення не починається з великої літери.	Увійти
M	2569	EUPHONY_CONJ_I_Y	2	7	8	Hint	Між двома голосними варто писати й: увійти <suggestion>й</suggestion> обідати, увійти <suggestion>та</suggestion> обідати	й|та
L	2570	Марко й Іван.
L	2571	увійти і обідати
M	2571	UPPERCASE_SENTENCE_START		0	6	Other	Це речення не починається з великої літери.	Увійти
M	2571	EUPHONY_CONJ_I_Y	2	7	8	Hint	Між двома голосними варто писати й: увійти <suggestion>й</suggestion> обідати, увійти <suggestion>та</suggestion> обідати	й|та
L	2572	сісти і їхати
M	2572	UPPERCASE_SENTENCE_START		0	5	Other	Це речення не починається з великої літери.	Сісти
L	2573	українці і євреї
M	2573	UPPERCASE_SENTENCE_START		0	8	Other	Це речення не починається з великої літери.	Українці
L	2574	Потяг з Австрії.
L	2575	Родина із шести осіб.
L	2576	Один із яскравих.
L	2577	Потяг зі Австрії.
M	2577	EUPHONY_PREP_Z_IZ_ZI	1	6	8	Hint	Перед голосною вживаємо з: <suggestion>з</suggestion> Австрії	з
L	2578	Потяг із Австрії.
M	2578	EUPHONY_PREP_Z_IZ_ZI	1	6	8	Hint	Перед голосною вживаємо з: <suggestion>з</suggestion> Австрії	з
L	2579	Із її приходом.
M	2579	EUPHONY_PREP_Z_IZ_ZI	2	0	2	Hint	Після голосної та на початку речення перед приголосною (крім с, ш) вживаємо з: <suggestion>з</suggestion> її	З
L	2580	3 її приходом
L	2581	Зі всієї.
L	2582	Зі старшим.
L	2583	Зі мною.
L	2584	Зі 104 стрічками.
L	2585	зі Львова
M	2585	UPPERCASE_SENTENCE_START		0	2	Other	Це речення не починається з великої літери.	Зі
L	2586	Бере книжку із стола.
M	2586	EUPHONY_PREP_Z_IZ_ZI	3	12	14	Hint	Перед сполученням приголосних із початковим свистячим або шиплячим пишемо: <suggestion>зі</suggestion>	зі
L	2587	Бере книжку з стола.
M	2587	EUPHONY_PREP_Z_IZ_ZI	3	12	13	Hint	Перед сполученням приголосних із початковим свистячим або шиплячим пишемо: <suggestion>зі</suggestion>	зі
L	2588	З 104 інновацій.
M	2588	EUPHONY_PREP_Z_IZ_ZI	3	0	1	Hint	Перед сполученням приголосних із початковим свистячим або шиплячим пишемо: <suggestion>Зі</suggestion>	Зі
L	2589	Бере книжку зі стола.
L	2590	Висновок із цього.
L	2591	Балада зі знаком запитання.
L	2592	Організація з США підкуплена.
L	2593	з Львова
M	2593	UPPERCASE_SENTENCE_START		0	1	Other	Це речення не починається з великої літери.	З
L	2594	О одинадцятій.
M	2594	EUPHONY_PREP_O_OB	1	0	1	Hint	Перед слів на «о» вживаємо об: <suggestion>об</suggestion> одинадцятій	Об
L	2595	Прибуває о 11-й.
M	2595	EUPHONY_PREP_O_OB	1	9	10	Hint	Перед слів на «о» вживаємо об: <suggestion>об</suggestion> 11-й	об
L	2596	О Олівере!
L	2597	прокричав «о боже праведний!»
M	2597	UPPERCASE_SENTENCE_START		0	9	Other	Це речення не починається з великої літери.	Прокричав
L	2598	Гуляй ж усюди.
M	2598	ZHE_ZH	1	6	7	Hint	Після приголосної пишемо <suggestion>же</suggestion>	же
L	2599	Прийди ж сюди.
L	2600	Йди же звідси.
M	2600	ZHE_ZH	2	4	6	Hint	Після голосної пишемо <suggestion>ж</suggestion>	ж
L	2601	Тікай же звідси.
L	2602	Гуляв б усюди.
M	2602	BY_B	1	6	7	Hint	Після приголосної пишемо <suggestion>би</suggestion>	би
L	2603	Гуділи б голосно.
L	2604	їхали би автобусом.
M	2604	UPPERCASE_SENTENCE_START		0	5	Other	Це речення не починається з великої літери.	Їхали
M	2604	BY_B	2	6	8	Hint	Після голосної пишемо <suggestion>б</suggestion>	б
L	2605	Вбила би.
M	2605	BY_B	2	6	8	Hint	Після голосної пишемо <suggestion>б</suggestion>	б
L	2606	Тікав би звідси.
L	2607	Могло би бути.
M	2607	BY_B	3	6	8	Hint	Згідно з чинним правописом, після голосної пишемо <suggestion>б</suggestion>. Однак «би» дозволяє уникати збігу приголосних б та б/п/д/т/к/ґ або двох приголосних.	б
L	2608	Стався би скандал.
M	2608	BY_B	3	7	9	Hint	Згідно з чинним правописом, після голосної пишемо <suggestion>б</suggestion>. Однак «би» дозволяє уникати збігу приголосних б та б/п/д/т/к/ґ або двох приголосних.	б
L	2609	Стався би скандал.
M	2609	BY_B	3	7	9	Hint	Згідно з чинним правописом, після голосної пишемо <suggestion>б</suggestion>. Однак «би» дозволяє уникати збігу приголосних б та б/п/д/т/к/ґ або двох приголосних.	б
L	2610	Могло би бути.
M	2610	BY_B	3	6	8	Hint	Згідно з чинним правописом, після голосної пишемо <suggestion>б</suggestion>. Однак «би» дозволяє уникати збігу приголосних б та б/п/д/т/к/ґ або двох приголосних.	б
L	2611	Перша прем'єра відбулася місяць тому.
M	2611	PLEONAZM	1	0	14	Hint	Надлишковість засобів, що використовуються для передачі змісту. Ви мали на увазі <suggestion>прем'єра</suggestion>?	Прем'єра
L	2612	Прем'єра відбулася місяць тому.
L	2613	На першому прем'єрі висів страшний злочин.
L	2614	Це її перший дебют на сцені.
M	2614	PLEONAZM	2	6	18	Hint	Надлишковість засобів, що використовуються для передачі змісту. Ви мали на увазі <suggestion>дебют</suggestion>?	дебют
L	2615	Це її дебют на сцені.
L	2616	На сьогодні це головний пріоритет.
M	2616	PLEONAZM	3	15	33	Hint	Надлишковість засобів, що використовуються для передачі змісту. Ви мали на увазі <suggestion>пріоритет</suggestion>?	пріоритет
L	2617	На сьогодні це пріоритет.
L	2618	Не треба двічі дублювати цей текст.
M	2618	PLEONAZM	4	9	24	Hint	Знайдено плеоназм, краще: <suggestion>дублювати</suggestion>	дублювати
L	2619	Не треба дублювати цей текст.
L	2620	вільної вакансії
M	2620	UPPERCASE_SENTENCE_START		0	7	Other	Це речення не починається з великої літери.	Вільної
L	2621	вакансію
L	2622	спільної співпраці
M	2622	UPPERCASE_SENTENCE_START		0	8	Other	Це речення не починається з великої літери.	Спільної
L	2623	звільнилася вакансія
M	2623	UPPERCASE_SENTENCE_START		0	11	Other	Це речення не починається з великої літери.	Звільнилася
L	2624	передовий авангард
M	2624	UPPERCASE_SENTENCE_START		0	9	Other	Це речення не починається з великої літери.	Передовий
L	2625	Не треба шукати безкоштовних подарунків.
M	2625	UK_SIMPLE_REPLACE_SOFT		16	28	Other	«безкоштовних» — нерекомендоване слово, кращий варіант: безплатний.	безплатний
L	2626	Не треба шукати головну суть.
M	2626	PLEONAZM	10	16	28	Hint	Знайдено плеоназм, краще: <suggestion>суть</suggestion>	суть
L	2627	Не треба шукати популярний шлягер.
M	2627	PLEONAZM	11	16	33	Hint	Знайдено плеоназм, краще: <suggestion>шлягер</suggestion>	шлягер
L	2628	Не треба акцентувати увагу.
M	2628	PLEONAZM	12	9	26	Hint	Знайдено плеоназм, краще: <suggestion>наголошувати</suggestion>	наголошувати|акцентувати|звернути увагу (на)
L	2629	Великі арсенали зброї.
M	2629	PLEONAZM	13	7	21	Hint	Знайдено плеоназм, краще: <suggestion>арсенали</suggestion>	арсенали|склад зброї
L	2630	Не треба шукати базову основу.
M	2630	PLEONAZM	14	16	29	Hint	Знайдено плеоназм, краще: <suggestion>основу</suggestion>	основу
L	2631	Не треба шукати бестселер продажів.
M	2631	PLEONAZM	15	16	34	Hint	Знайдено плеоназм, краще: <suggestion>бестселер</suggestion>	бестселер
L	2632	зал вибухнув від бурхливих овацій.
M	2632	UPPERCASE_SENTENCE_START		0	3	Other	Це речення не починається з великої літери.	Зал
M	2632	PLEONAZM	16	17	33	Hint	Знайдено плеоназм, краще: <suggestion>овацій</suggestion>	овацій|бурхливих оплесків
L	2633	Не треба шукати великий мегаполіс.
M	2633	PLEONAZM	17	16	33	Hint	Знайдено плеоназм, краще: <suggestion>мегаполіс</suggestion>	мегаполіс
L	2634	Не треба шукати взаємозв'язок між собою.
M	2634	PLEONAZM	18	16	39	Hint	Знайдено плеоназм, краще: <suggestion>взаємозв'язок</suggestion>	взаємозв'язок
L	2635	він відступав назад.
M	2635	UPPERCASE_SENTENCE_START		0	3	Other	Це речення не починається з великої літери.	Він
M	2635	PLEONAZM	19	4	19	Hint	Знайдено плеоназм, краще: <suggestion>відступав</suggestion>	відступав
L	2636	облаштував внутрішній інтер'єр.
M	2636	UPPERCASE_SENTENCE_START		0	10	Other	Це речення не починається з великої літери.	Облаштував
M	2636	PLEONAZM	20	11	30	Hint	Знайдено плеоназм, краще: <suggestion>інтер'єр</suggestion>	інтер'єр
L	2637	він вперше познайомився.
M	2637	UPPERCASE_SENTENCE_START		0	3	Other	Це речення не починається з великої літери.	Він
M	2637	PLEONAZM	21	4	23	Hint	Знайдено плеоназм, краще: <suggestion>познайомився</suggestion>	познайомився|вперше зустрітися
L	2638	він хворів гастритом шлунку.
M	2638	UPPERCASE_SENTENCE_START		0	3	Other	Це речення не починається з великої літери.	Він
M	2638	HVORITY_CHYM	1	11	20	Other	Хворіти вимагає конструкції з «на»	на гастрит
L	2639	був головним лейтмотивом.
M	2639	UPPERCASE_SENTENCE_START		0	3	Other	Це речення не починається з великої літери.	Був
M	2639	PLEONAZM	23	4	24	Hint	Знайдено плеоназм, краще: <suggestion>лейтмотивом</suggestion>	лейтмотивом
L	2640	він демобілізувався з армії.
M	2640	UPPERCASE_SENTENCE_START		0	3	Other	Це речення не починається з великої літери.	Він
M	2640	PLEONAZM	24	4	27	Hint	Знайдено плеоназм, краще: <suggestion>демобілізувався</suggestion>	демобілізувався
L	2641	депіляція волосся.
M	2641	UPPERCASE_SENTENCE_START		0	9	Other	Це речення не починається з великої літери.	Депіляція
L	2642	державного чиновника.
M	2642	UPPERCASE_SENTENCE_START		0	10	Other	Це речення не починається з великої літери.	Державного
L	2643	дивний парадокс.
M	2643	UPPERCASE_SENTENCE_START		0	6	Other	Це речення не починається з великої літери.	Дивний
L	2644	дитячого лікаря-педіатра.
M	2644	UPPERCASE_SENTENCE_START		0	8	Other	Це речення не починається з великої літери.	Дитячого
L	2645	долоні рук.
M	2645	UPPERCASE_SENTENCE_START		0	6	Other	Це речення не починається з великої літери.	Долоні
L	2646	жестикулював руками.
M	2646	UPPERCASE_SENTENCE_START		0	12	Other	Це речення не починається з великої літери.	Жестикулював
L	2647	захисного імунітету.
M	2647	UPPERCASE_SENTENCE_START		0	9	Other	Це речення не починається з великої літери.	Захисного
L	2648	колишній екс-президент.
M	2648	UPPERCASE_SENTENCE_START		0	8	Other	Це речення не починається з великої літери.	Колишній
M	2648	ALT_SPELLING	1	9	22	Other	Слово, написане не за чинним правописом	
L	2649	злітав угору.
M	2649	UPPERCASE_SENTENCE_START		0	6	Other	Це речення не починається з великої літери.	Злітав
L	2650	знижка мінус 10%.
M	2650	UPPERCASE_SENTENCE_START		0	6	Other	Це речення не починається з великої літери.	Знижка
L	2651	кардіограму серця.
M	2651	UPPERCASE_SENTENCE_START		0	11	Other	Це речення не починається з великої літери.	Кардіограму
L	2652	міміку обличчя.
M	2652	UPPERCASE_SENTENCE_START		0	6	Other	Це речення не починається з великої літери.	Міміку
L	2653	місцевий діалект.
M	2653	UPPERCASE_SENTENCE_START		0	8	Other	Це речення не починається з великої літери.	Місцевий
L	2654	місцевий абориген.
M	2654	UPPERCASE_SENTENCE_START		0	8	Other	Це речення не починається з великої літери.	Місцевий
L	2655	моргати очима.
M	2655	UPPERCASE_SENTENCE_START		0	7	Other	Це речення не починається з великої літери.	Моргати
L	2656	наволочка для подушки.
M	2656	UPPERCASE_SENTENCE_START		0	9	Other	Це речення не починається з великої літери.	Наволочка
L	2657	народний фольклор.
M	2657	UPPERCASE_SENTENCE_START		0	8	Other	Це речення не починається з великої літери.	Народний
L	2658	натовп людей.
M	2658	UPPERCASE_SENTENCE_START		0	6	Other	Це речення не починається з великої літери.	Натовп
L	2659	несподіваний сюрприз.
M	2659	UPPERCASE_SENTENCE_START		0	12	Other	Це речення не починається з великої літери.	Несподіваний
L	2660	пам'ятний сувенір.
M	2660	UPPERCASE_SENTENCE_START		0	9	Other	Це речення не починається з великої літери.	Пам'ятний
L	2661	попереднього анонсу.
M	2661	UPPERCASE_SENTENCE_START		0	12	Other	Це речення не починається з великої літери.	Попереднього
L	2662	початкових азів.
M	2662	UPPERCASE_SENTENCE_START		0	10	Other	Це речення не починається з великої літери.	Початкових
L	2663	промислової індустрії.
M	2663	UPPERCASE_SENTENCE_START		0	11	Other	Це речення не починається з великої літери.	Промислової
L	2664	ранкового світанку.
M	2664	UPPERCASE_SENTENCE_START		0	9	Other	Це речення не починається з великої літери.	Ранкового
L	2665	різнобарвні кольори.
M	2665	UPPERCASE_SENTENCE_START		0	11	Other	Це речення не починається з великої літери.	Різнобарвні
L	2666	унікального раритету.
M	2666	UPPERCASE_SENTENCE_START		0	11	Other	Це речення не починається з великої літери.	Унікального
L	2667	швидкісного експресу.
M	2667	UK_ADJ_NOUN_INFLECTION_AGREEMENT		0	20	Other	Потенційна помилка: прикметник не узгоджений з іменником: "швидкісного": [ч.р.: родовий, знахідний (іст.), с.р.: родовий] і "експресу": [ч.р.: давальний, місцевий]. Можливо, вжито невнормований родовий відмінок ч.р. з закінченням -у/-ю замість -а/-я (така тенденція є в сучасній мові)?	швидкісного експреса|швидкісному експресу|швидкіснім експресу
L	2668	юна молодь.
M	2668	UPPERCASE_SENTENCE_START		0	3	Other	Це речення не починається з великої літери.	Юна
L	2669	юний вундеркінд.
M	2669	UPPERCASE_SENTENCE_START		0	4	Other	Це речення не починається з великої літери.	Юний
L	2670	своя власна думка.
M	2670	UPPERCASE_SENTENCE_START		0	4	Other	Це речення не починається з великої літери.	Своя
L	2671	найбільш оптимального.
M	2671	UPPERCASE_SENTENCE_START		0	8	Other	Це речення не починається з великої літери.	Найбільш
L	2672	цінних скарбів.
M	2672	UPPERCASE_SENTENCE_START		0	6	Other	Це речення не починається з великої літери.	Цінних
L	2673	дуже цінних скарбів
M	2673	UPPERCASE_SENTENCE_START		0	4	Other	Це речення не починається з великої літери.	Дуже
L	2674	унікального у своєму роді.
M	2674	UPPERCASE_SENTENCE_START		0	11	Other	Це речення не починається з великої літери.	Унікального
L	2675	тривалий період часу.
M	2675	UPPERCASE_SENTENCE_START		0	8	Other	Це речення не починається з великої літери.	Тривалий
M	2675	PLEONAZM	58	9	20	Hint	Знайдено плеоназм, краще: <suggestion>період</suggestion>	період|час|проміжок часу
L	2676	топчучи ногами.
M	2676	UPPERCASE_SENTENCE_START		0	7	Other	Це речення не починається з великої літери.	Топчучи
L	2677	піднявся угору.
M	2677	UPPERCASE_SENTENCE_START		0	8	Other	Це речення не починається з великої літери.	Піднявся
L	2678	трохи прочинивши.
M	2678	UPPERCASE_SENTENCE_START		0	5	Other	Це речення не починається з великої літери.	Трохи
L	2679	раціону харчування.
M	2679	UPPERCASE_SENTENCE_START		0	7	Other	Це речення не починається з великої літери.	Раціону
L	2680	прейскуранту цін.
M	2680	UPPERCASE_SENTENCE_START		0	12	Other	Це речення не починається з великої літери.	Прейскуранту
L	2681	перспективу на майбутнє.
M	2681	UPPERCASE_SENTENCE_START		0	11	Other	Це речення не починається з великої літери.	Перспективу
L	2682	підстрибнув угору.
M	2682	UPPERCASE_SENTENCE_START		0	11	Other	Це речення не починається з великої літери.	Підстрибнув
L	2683	повернувшись назад.
M	2683	UPPERCASE_SENTENCE_START		0	12	Other	Це речення не починається з великої літери.	Повернувшись
L	2684	у грудні місяці.
M	2684	UPPERCASE_SENTENCE_START		0	1	Other	Це речення не починається з великої літери.	У
L	2685	Виборна кампанія пройшла успішно.
M	2685	vyborchyi_vs_vybornyi	1	0	16	Hint	Близькі за звучанням, але різні за значенням слова. Ви мали на увазі <suggestion>виборча кампанія</suggestion>?	Виборча кампанія
L	2686	Виборча посада визначається голосуванням.
M	2686	vyborchyi_vs_vybornyi	2	0	14	Hint	Близькі за звучанням, але різні за значенням слова. Ви мали на увазі <suggestion>виборна посада</suggestion>?	Виборна посада
L	2687	економічний двигун цієї машини
M	2687	UPPERCASE_SENTENCE_START		0	11	Other	Це речення не починається з великої літери.	Економічний
L	2688	економічну політику
M	2688	UPPERCASE_SENTENCE_START		0	10	Other	Це речення не починається з великої літери.	Економічну
L	2689	став економічним двигуном ціноутворення
M	2689	UPPERCASE_SENTENCE_START		0	4	Other	Це речення не починається з великої літери.	Став
M	2689	ekonomichnyi_vs_ekonomnyi	2	5	16	Hint	Правильно: <suggestion>економним</suggestion>	економним
L	2690	став економічним двигуном великого ціноутворення
M	2690	UPPERCASE_SENTENCE_START		0	4	Other	Це речення не починається з великої літери.	Став
M	2690	ekonomichnyi_vs_ekonomnyi	2	5	16	Hint	Правильно: <suggestion>економним</suggestion>	економним
L	2691	став економічним двигуном всієї країни
M	2691	UPPERCASE_SENTENCE_START		0	4	Other	Це речення не починається з великої літери.	Став
M	2691	ekonomichnyi_vs_ekonomnyi	2	5	16	Hint	Правильно: <suggestion>економним</suggestion>	економним
L	2692	поставили економічний двигун
M	2692	UPPERCASE_SENTENCE_START		0	9	Other	Це речення не починається з великої літери.	Поставили
M	2692	ekonomichnyi_vs_ekonomnyi	2	10	21	Hint	Правильно: <suggestion>економний</suggestion>	економний
L	2693	поставили економний двигун
M	2693	UPPERCASE_SENTENCE_START		0	9	Other	Це речення не починається з великої літери.	Поставили
L	2694	Громадянський транспорт став через снігопад.
M	2694	hromadianskyi_vs_hromadskyi	1	0	13	Hint	На позначення того, що стосується суспільства, громади чи окремого колективу; який відбувається у суспільстві (громаді, колективі) або пов’язаний із суспільно корисною роботою вживаємо <suggestion>громадський</suggestion>?	Громадський
L	2695	Громадський транспорт став через снігопад.
L	2696	Громадянський шлюб: за і проти
M	2696	hromadianskyi_vs_hromadskyi	2	0	13	Hint	Правильно: <suggestion>цивільний</suggestion> шлюб	Цивільний
L	2697	Цивільний шлюб: за і проти
L	2698	Громадський обов'язок.
M	2698	hromadianskyi_vs_hromadskyi	3	0	11	Hint	На позначення того, що стосується громадянина як члена суспільства, а також усього суспільства вживаємо <suggestion>громадянський</suggestion>?	Громадянський
L	2699	металічної руди
M	2699	UPPERCASE_SENTENCE_START		0	10	Other	Це речення не починається з великої літери.	Металічної
L	2700	металевої руди
M	2700	UPPERCASE_SENTENCE_START		0	9	Other	Це речення не починається з великої літери.	Металевої
L	2701	металічного присмаку
M	2701	UPPERCASE_SENTENCE_START		0	11	Other	Це речення не починається з великої літери.	Металічного
L	2702	металевого блиску
M	2702	UPPERCASE_SENTENCE_START		0	10	Other	Це речення не починається з великої літери.	Металевого
L	2703	металічного блиску
M	2703	UPPERCASE_SENTENCE_START		0	11	Other	Це речення не починається з великої літери.	Металічного
L	2704	металевої руди
M	2704	UPPERCASE_SENTENCE_START		0	9	Other	Це речення не починається з великої літери.	Металевої
L	2705	Музичний слух
M	2705	muzychnyi_vs_muzykalnyi	1	0	8	Hint	У значеннях обдарований здатністю точно сприймати музику, відчувати й виконувати музичні твори; мелодійний вживаємо: <suggestion>музикальний</suggestion>	Музикальний
L	2706	Музикального вечора
M	2706	muzychnyi_vs_muzykalnyi	2	0	12	Hint	У значеннях який стосується музики як виду мистецтва; обслуговує потреби осіб, які пов’язані з музикою вживаємо: <suggestion>музичного</suggestion>	Музичного
L	2707	Постанова про індивідуальне жиле будівництво.
M	2707	zhylyi_vs_zhytlovyi	1	28	32	Hint	Близькі за звучанням, але різні за значенням слова. Ви мали на увазі <suggestion>житлове</suggestion>?	житлове
L	2708	Постанова про індивідуальне жилий будинок.
L	2709	шкірний гаман
M	2709	UPPERCASE_SENTENCE_START		0	7	Other	Це речення не починається з великої літери.	Шкірний
L	2710	шкіряна хвороба
M	2710	UPPERCASE_SENTENCE_START		0	7	Other	Це речення не починається з великої літери.	Шкіряна
L	2711	шкіряні та інфекційні хвороби
M	2711	UPPERCASE_SENTENCE_START		0	7	Other	Це речення не починається з великої літери.	Шкіряні
L	2712	річного вокзалу
M	2712	UPPERCASE_SENTENCE_START		0	7	Other	Це речення не починається з великої літери.	Річного
L	2713	річним та морським
M	2713	UPPERCASE_SENTENCE_START		0	6	Other	Це речення не починається з великої літери.	Річним
L	2714	яскравіша зірка
M	2714	UPPERCASE_SENTENCE_START		0	9	Other	Це речення не починається з великої літери.	Яскравіша
M	2714	zirka_vs_zorya	1	10	15	Hint	Правильно: <suggestion>зоря</suggestion>	зоря
L	2715	п'ятикутна зірка
M	2715	UPPERCASE_SENTENCE_START		0	10	Other	Це речення не починається з великої літери.	П'ятикутна
L	2716	яскравіша зоря
M	2716	UPPERCASE_SENTENCE_START		0	9	Other	Це речення не починається з великої літери.	Яскравіша
L	2717	всі елементарні частки
M	2717	UPPERCASE_SENTENCE_START		0	3	Other	Це речення не починається з великої літери.	Всі
M	2717	charstka_vs_chartynka	1	16	22	Hint	Неточно вжите слово. Ви мали на увазі <suggestion>частинка</suggestion>?	частинка
L	2718	всі елементарні частинки
M	2718	UPPERCASE_SENTENCE_START		0	3	Other	Це речення не починається з великої літери.	Всі
L	2719	всі частки майна
M	2719	UPPERCASE_SENTENCE_START		0	3	Other	Це речення не починається з великої літери.	Всі
L	2720	сніжний баба
M	2720	UK_ADJ_NOUN_INFLECTION_AGREEMENT		0	12	Other	Потенційна помилка: прикметник не узгоджений з іменником: "сніжний": [ч.р.: називний, знахідний (неіст.), кличний] і "баба": [ж.р.: називний]	сніжна баба
L	2721	сніжний барс
M	2721	UPPERCASE_SENTENCE_START		0	7	Other	Це речення не починається з великої літери.	Сніжний
L	2722	сніжний подорожник
M	2722	UPPERCASE_SENTENCE_START		0	7	Other	Це речення не починається з великої літери.	Сніжний
L	2723	снігова вершина
M	2723	UPPERCASE_SENTENCE_START		0	7	Other	Це речення не починається з великої літери.	Снігова
L	2724	праслов'янська письменність
M	2724	UPPERCASE_SENTENCE_START		0	14	Other	Це речення не починається з великої літери.	Праслов'янська
M	2724	pysemnist_pysmennist	1	15	27	Hint	У значеннях: система графічних знаків, які вживають для писання в якійсь мові або групі мов; сукупність давніх писемних пам'яток якоїсь мови треба вживати <suggestion>писемність</suggestion>?	писемність
L	2725	графічної письменності
M	2725	UPPERCASE_SENTENCE_START		0	9	Other	Це речення не починається з великої літери.	Графічної
M	2725	pysemnist_pysmennist	1	10	22	Hint	У значеннях: система графічних знаків, які вживають для писання в якійсь мові або групі мов; сукупність давніх писемних пам'яток якоїсь мови треба вживати <suggestion>писемність</suggestion>?	писемність
L	2726	суцільна писемність.
M	2726	UPPERCASE_SENTENCE_START		0	8	Other	Це речення не починається з великої літери.	Суцільна
M	2726	pysemnist_pysmennist	2	9	19	Hint	У значеннях: уміння читати й писати; грамотність треба писати <suggestion>письменність</suggestion>?	письменність
L	2727	Вона веде активний засіб життя.
M	2727	zasib_zhyttya	1	19	30	Hint	Неточно вжите слово. Ви мали на увазі <suggestion>спосіб життя</suggestion>?	спосіб життя
L	2728	Вона веде активний спосіб життя.
L	2729	Погроза вибуху стала причиною евакуювання.
M	2729	pogroza_vybuhu	1	0	14	Hint	Неточно вжите слово. Ви мали на увазі <suggestion>загроза вибуху</suggestion>?	Загроза вибуху
L	2730	Загроза вибуху стала причиною евакуювання.
L	2731	Випиту склянку після їжі.
M	2731	yizha_vs_yida	1	21	24	Hint	Правильно: <suggestion>їда</suggestion>	їда
L	2732	Багато їжі.
L	2733	Випиту склянку 30 хвилин до їжі.
M	2733	yizha_vs_yida	2	28	31	Hint	Правильно: <suggestion>їда</suggestion>	їда
L	2734	Взявся до їжі.
L	2735	першочерговою задачею.
M	2735	UPPERCASE_SENTENCE_START		0	13	Other	Це речення не починається з великої літери.	Першочерговою
M	2735	zadacha_vs_zavdannya	1	14	21	Hint	Завдання – наперед визначений обсяг робіт; питання переважно математичного характеру. Можливо тут правильно: <suggestion>завданням</suggestion>?	завданням
L	2736	першочерговими задачами.
M	2736	UPPERCASE_SENTENCE_START		0	14	Other	Це речення не починається з великої літери.	Першочерговими
M	2736	zadacha_vs_zavdannya	1	15	23	Hint	Завдання – наперед визначений обсяг робіт; питання переважно математичного характеру. Можливо тут правильно: <suggestion>завданнями</suggestion>?	завданнями
L	2737	складною задачею
M	2737	UPPERCASE_SENTENCE_START		0	8	Other	Це речення не починається з великої літери.	Складною
L	2738	задача перед вчителями стоїть непроста.
M	2738	UPPERCASE_SENTENCE_START		0	6	Other	Це речення не починається з великої літери.	Задача
L	2739	задача українського політикуму.
M	2739	UPPERCASE_SENTENCE_START		0	6	Other	Це речення не починається з великої літери.	Задача
L	2740	складною задачею
M	2740	UPPERCASE_SENTENCE_START		0	8	Other	Це речення не починається з великої літери.	Складною
L	2741	до цегляного заводу.
M	2741	UPPERCASE_SENTENCE_START		0	2	Other	Це речення не починається з великої літери.	До
M	2741	ceglovyi_ceglyanyi	1	3	12	Hint	Для «призначений для виробництва цегли» краще: <suggestion>цегельного</suggestion>	цегельного
L	2742	до цегельної стіни.
M	2742	UPPERCASE_SENTENCE_START		0	2	Other	Це речення не починається з великої літери.	До
M	2742	ceglovyi_ceglyanyi	2	3	12	Hint	Для «зроблений з цегли» краще: <suggestion>цегляної</suggestion>	цегляної|цеглової
L	2743	до цегляного кольору.
M	2743	UPPERCASE_SENTENCE_START		0	2	Other	Це речення не починається з великої літери.	До
M	2743	ceglovyi_ceglyanyi	3	3	12	Hint	Для кольору краще: <suggestion>цеглястого</suggestion>	цеглястого|цеглистого
L	2744	Вірний спосіб
M	2744	VIRNYI	1	0	6	Hint	Правильно: <suggestion>надійний</suggestion>	Надійний
L	2745	Вірний джура
L	2746	вірна відповідь
M	2746	UPPERCASE_SENTENCE_START		0	5	Other	Це речення не починається з великої літери.	Вірна
L	2747	Вірна дружина
L	2748	невірна думка
M	2748	UPPERCASE_SENTENCE_START		0	7	Other	Це речення не починається з великої літери.	Невірна
L	2749	відносно того, що означає така реакція
M	2749	UPPERCASE_SENTENCE_START		0	8	Other	Це речення не починається з великої літери.	Відносно
L	2750	Пішов до воєнного училища.
M	2750	VOYENNYI_VS_VIYSKOVY	1	9	17	Hint	У значенні: який стосується війська, військовослужбовця, вживаємо: <suggestion>військового</suggestion>	військового
L	2751	військовий репортаж
M	2751	UPPERCASE_SENTENCE_START		0	10	Other	Це речення не починається з великої літери.	Військовий
L	2752	Наслідки військового стану.
M	2752	VOYENNYI_VS_VIYSKOVY	2	9	20	Hint	У значенні: який стосується війни, вживаємо: <suggestion>воєнного</suggestion>	воєнного
L	2753	військовий аташе
M	2753	UPPERCASE_SENTENCE_START		0	10	Other	Це речення не починається з великої літери.	Військовий
L	2754	російські військові час від часу
M	2754	UPPERCASE_SENTENCE_START		0	9	Other	Це речення не починається з великої літери.	Російські
L	2755	за рідкими винятками
M	2755	UPPERCASE_SENTENCE_START		0	2	Other	Це речення не починається з великої літери.	За
M	2755	ridkyi_vs_ridkisny	1	3	10	Hint	Правильно: <suggestion>рідкісний</suggestion>	рідкісний
L	2756	за рідкими випадками
M	2756	UPPERCASE_SENTENCE_START		0	2	Other	Це речення не починається з великої літери.	За
M	2756	ridkyi_vs_ridkisny	1	3	10	Hint	Правильно: <suggestion>рідкісний</suggestion>	рідкісний
L	2757	за серозними випадками
M	2757	UPPERCASE_SENTENCE_START		0	2	Other	Це речення не починається з великої літери.	За
M	2757	seroznyi_sryoznyi	1	3	12	Hint	Можливо ви мали на увазі: <suggestion>серйозними</suggestion>	серйозними
L	2758	серозного менінгіту
M	2758	UPPERCASE_SENTENCE_START		0	9	Other	Це речення не починається з великої літери.	Серозного
L	2759	отруєння коноплею.
M	2759	UPPERCASE_SENTENCE_START		0	8	Other	Це речення не починається з великої літери.	Отруєння
M	2759	konoplya	1	9	17	Hint	Сучасні словники подають «коноплі» як можнинний іменник.	
L	2760	різні коноплі
M	2760	UPPERCASE_SENTENCE_START		0	5	Other	Це речення не починається з великої літери.	Різні
L	2761	за станом на.
M	2761	UPPERCASE_SENTENCE_START		0	2	Other	Це речення не починається з великої літери.	За
L	2762	братський народ.
M	2762	UPPERCASE_SENTENCE_START		0	9	Other	Це речення не починається з великої літери.	Братський
L	2763	його хресна мати.
M	2763	UPPERCASE_SENTENCE_START		0	4	Other	Це речення не починається з великої літери.	Його
M	2763	khresnyi_khreschenyi	1	5	11	Hint	Правильно: <suggestion>хрещена</suggestion>	хрещена
L	2764	він отримав освіту
M	2764	UPPERCASE_SENTENCE_START		0	3	Other	Це речення не починається з великої літери.	Він
M	2764	oderzhuvaty_zdobuvaty	1	4	11	Hint	Краще: <suggestion>(здобувати)</suggestion>	(здобувати)|здобув
L	2765	освідчений політик
M	2765	UPPERCASE_SENTENCE_START		0	10	Other	Це речення не починається з великої літери.	Освідчений
L	2766	до книжної полиці.
M	2766	UPPERCASE_SENTENCE_START		0	2	Other	Це речення не починається з великої літери.	До
M	2766	knyzhnyi_knyzhkovyi	1	3	10	Hint	Краще: <suggestion>книжкової</suggestion>	книжкової
L	2767	книжкової мови.
M	2767	UPPERCASE_SENTENCE_START		0	9	Other	Це речення не починається з великої літери.	Книжкової
L	2768	до високоякісного палива.
M	2768	UPPERCASE_SENTENCE_START		0	2	Other	Це речення не починається з великої літери.	До
M	2768	palne_vs_palyvo	1	18	24	Hint	Для двигунів краще: <suggestion>пального</suggestion>	пального
L	2769	до природного пального.
M	2769	UPPERCASE_SENTENCE_START		0	2	Other	Це речення не починається з великої літери.	До
M	2769	palne_vs_palyvo	2	14	22	Hint	Для двигунів краще: <suggestion>палива</suggestion>	палива
L	2770	не мала жодної уяви.
M	2770	UPPERCASE_SENTENCE_START		0	2	Other	Це речення не починається з великої літери.	Не
M	2770	uyava_vs_uyavlennya	1	15	19	Hint	У значенні «розуміння», «знання» краще: <suggestion>уявлення</suggestion>	уявлення|розуміння|гадки
L	2771	мала туманну уяву.
M	2771	UPPERCASE_SENTENCE_START		0	4	Other	Це речення не починається з великої літери.	Мала
M	2771	uyava_vs_uyavlennya	2	13	17	Hint	У значенні «розуміння», «знання» краще: <suggestion>уявлення</suggestion>	уявлення|розуміння
L	2772	склала уяву.
M	2772	UPPERCASE_SENTENCE_START		0	6	Other	Це речення не починається з великої літери.	Склала
M	2772	uyava_vs_uyavlennya	3	7	11	Hint	У значенні «розуміння», «знання» краще: <suggestion>уявлення</suggestion>	уявлення
L	2773	він уяви не мав.
M	2773	UPPERCASE_SENTENCE_START		0	3	Other	Це речення не починається з великої літери.	Він
M	2773	uyava_vs_uyavlennya	4	4	8	Hint	У значенні «розуміння», «знання» краще: <suggestion>уявлення</suggestion>	уявлення|гадки|тями
L	2774	мав уяву про це.
M	2774	UPPERCASE_SENTENCE_START		0	3	Other	Це речення не починається з великої літери.	Мав
M	2774	uyava_vs_uyavlennya	5	4	8	Hint	У значенні «розуміння», «знання» краще: <suggestion>уявлення</suggestion>	уявлення
L	2775	Об'єм продукції збільшився вдвічі
M	2775	OBYEM_VS_OBSYAG	1	0	5	Hint	Правильно: <suggestion>обсяг</suggestion>	Обсяг
L	2776	Об'єм двигуна - 3 кубічних дециметри
L	2777	об'єм оперативної пам'яті
M	2777	UPPERCASE_SENTENCE_START		0	5	Other	Це речення не починається з великої літери.	Об'єм
L	2778	Обсяг рідини
M	2778	OBYEM_VS_OBSYAG	3	0	5	Hint	Правильно: <suggestion>об'єм</suggestion>	Об'єм
L	2779	за границю.
M	2779	UPPERCASE_SENTENCE_START		0	2	Other	Це речення не починається з великої літери.	За
M	2779	granycia_kordon	1	3	10	Hint	Краще: <suggestion>кордон</suggestion>	кордон
L	2780	з-за границі.
M	2780	UPPERCASE_SENTENCE_START		0	4	Other	Це речення не починається з великої літери.	З-за
M	2780	granycia_kordon	2	5	12	Hint	Краще: <suggestion>кордону</suggestion>	кордону
L	2781	не знав границь.
M	2781	UPPERCASE_SENTENCE_START		0	2	Other	Це речення не починається з великої літери.	Не
M	2781	granycia_mezha	1	8	15	Hint	Краще: <suggestion>меж</suggestion>	меж
L	2782	проводити границю.
M	2782	UPPERCASE_SENTENCE_START		0	9	Other	Це речення не починається з великої літери.	Проводити
M	2782	granycia_mezha	2	10	17	Hint	Краще: <suggestion>межу</suggestion>	межу
L	2783	виставляв границі.
M	2783	UPPERCASE_SENTENCE_START		0	9	Other	Це речення не починається з великої літери.	Виставляв
M	2783	granycia_mezha	3	10	17	Hint	Краще: <suggestion>межі</suggestion>	межі
L	2784	перейшов всі границі.
M	2784	UPPERCASE_SENTENCE_START		0	8	Other	Це речення не починається з великої літери.	Перейшов
L	2785	вони покланяються бісам
M	2785	UPPERCASE_SENTENCE_START		0	4	Other	Це речення не починається з великої літери.	Вони
M	2785	poklanyatysia	1	5	17	Hint	Часто замість <suggestion>поклонятися</suggestion> помилково пишуть «покланятися»	поклонятися
L	2786	і економічні відношення
M	2786	UPPERCASE_SENTENCE_START		0	1	Other	Це речення не починається з великої літери.	І
M	2786	stosunky_vidnosyny	1	13	23	Hint	Краще: <suggestion>відносини</suggestion>	відносини
L	2787	і романтичні відношення
M	2787	UPPERCASE_SENTENCE_START		0	1	Other	Це речення не починається з великої літери.	І
M	2787	stosunky_vidnosyny	2	13	23	Hint	Краще: <suggestion>стосунки</suggestion>	стосунки
L	2788	і лікарський листок
M	2788	UPPERCASE_SENTENCE_START		0	1	Other	Це речення не починається з великої літери.	І
M	2788	likarsky_likarnyanyi	1	2	12	Hint	Правильно: <suggestion>лікарняний</suggestion>	лікарняний
L	2789	і лікарняна дільниця
M	2789	UPPERCASE_SENTENCE_START		0	1	Other	Це речення не починається з великої літери.	І
M	2789	likarsky_likarnyanyi	2	2	11	Hint	Правильно: <suggestion>лікарський</suggestion>	лікарський
L	2790	і вітряне скло
M	2790	UPPERCASE_SENTENCE_START		0	1	Other	Це речення не починається з великої літери.	І
M	2790	vitrovyi_vitrianyi	1	2	9	Hint	Для «викликаний вітром», «для захисту від вітру» Правильно: <suggestion>вітровий</suggestion>	вітровий
L	2791	і вітрова віспа
M	2791	UPPERCASE_SENTENCE_START		0	1	Other	Це речення не починається з великої літери.	І
M	2791	vitrovyi_vitrianyi	2	2	9	Hint	Правильно: <suggestion>вітряний</suggestion>	вітряний
L	2792	і хутряне виробництво
M	2792	UPPERCASE_SENTENCE_START		0	1	Other	Це речення не починається з великої літери.	І
M	2792	hutrovyi_hutrianyi	1	2	9	Hint	Для «пов'язаний із розведенням/торгівлею звірів» правильно: <suggestion>хутровий</suggestion>	хутровий
L	2793	і хутрова шапка
M	2793	UPPERCASE_SENTENCE_START		0	1	Other	Це речення не починається з великої літери.	І
M	2793	hutrovyi_hutrianyi	2	2	9	Hint	Для «виготовлений із хутра» правильно: <suggestion>хутряний</suggestion>	хутряний
L	2794	обумовив чіткий ефект
M	2794	UPPERCASE_SENTENCE_START		0	8	Other	Це речення не починається з великої літери.	Обумовив
L	2795	обумовив завдання
M	2795	UPPERCASE_SENTENCE_START		0	8	Other	Це речення не починається з великої літери.	Обумовив
L	2796	кольорової сліпоти
M	2796	UPPERCASE_SENTENCE_START		0	10	Other	Це речення не починається з великої літери.	Кольорової
L	2797	особистого складу вчителів
M	2797	UPPERCASE_SENTENCE_START		0	10	Other	Це речення не починається з великої літери.	Особистого
L	2798	показна жорстокість
M	2798	UPPERCASE_SENTENCE_START		0	7	Other	Це речення не починається з великої літери.	Показна
L	2799	показове багатство
M	2799	UPPERCASE_SENTENCE_START		0	8	Other	Це речення не починається з великої літери.	Показове
L	2800	і страсне почуття
M	2800	UPPERCASE_SENTENCE_START		0	1	Other	Це речення не починається з великої літери.	І
M	2800	strasnyi_vs_prystrasnyi	1	2	9	Hint	Поза релігійним контекстом у значенні «сильний», «нестримний» правильно: <suggestion>пристрасне</suggestion>	пристрасне
L	2801	страсного вогню
M	2801	UPPERCASE_SENTENCE_START		0	9	Other	Це речення не починається з великої літери.	Страсного
L	2802	страсної середи
M	2802	UPPERCASE_SENTENCE_START		0	8	Other	Це речення не починається з великої літери.	Страсної
L	2803	страсного — тижня
M	2803	UPPERCASE_SENTENCE_START		0	9	Other	Це речення не починається з великої літери.	Страсного
L	2804	Страсної
L	2805	і всередині 1990-х років
M	2805	UPPERCASE_SENTENCE_START		0	1	Other	Це речення не починається з великої літери.	І
M	2805	useredyni_vs_u_seredyni	1	2	11	Hint	Коли предмет перебуває саме в центральній, середній частині правильно: <suggestion>в середині</suggestion>	в середині
L	2806	і всередині лютого
M	2806	UPPERCASE_SENTENCE_START		0	1	Other	Це речення не починається з великої літери.	І
M	2806	useredyni_vs_u_seredyni	1	2	11	Hint	Коли предмет перебуває саме в центральній, середній частині правильно: <suggestion>в середині</suggestion>	в середині
L	2807	всередині і зовні
M	2807	UPPERCASE_SENTENCE_START		0	9	Other	Це речення не починається з великої літери.	Всередині
M	2807	EUPHONY_CONJ_I_Y	3	10	11	Hint	Після голосної зі звуком і/и варто писати й або та: всередині <suggestion>й</suggestion> зовні, всередині <suggestion>та</suggestion> зовні	й|та
L	2808	і всередині двадцятого століття
M	2808	UPPERCASE_SENTENCE_START		0	1	Other	Це речення не починається з великої літери.	І
M	2808	useredyni_vs_u_seredyni	2	2	11	Hint	Коли предмет перебуває саме в центральній, середній частині правильно: <suggestion>в середині</suggestion>	в середині
L	2809	і всередині бюджетного року
M	2809	UPPERCASE_SENTENCE_START		0	1	Other	Це речення не починається з великої літери.	І
M	2809	useredyni_vs_u_seredyni	2	2	11	Hint	Коли предмет перебуває саме в центральній, середній частині правильно: <suggestion>в середині</suggestion>	в середині
L	2810	всередині списку
M	2810	UPPERCASE_SENTENCE_START		0	9	Other	Це речення не починається з великої літери.	Всередині
L	2811	і в середині мене щось обірвалося
M	2811	UPPERCASE_SENTENCE_START		0	1	Other	Це речення не починається з великої літери.	І
M	2811	useredyni_vs_u_seredyni	3	2	12	Hint	Коли йдеться про «у внутрішній частині» правильно: <suggestion>всередині</suggestion>	всередині
L	2812	і у середині цього суспільства
M	2812	UPPERCASE_SENTENCE_START		0	1	Other	Це речення не починається з великої літери.	І
M	2812	useredyni_vs_u_seredyni	4	2	12	Hint	Коли йдеться про «у внутрішній частині» правильно: <suggestion>всередині</suggestion>	всередині
L	2813	версія про отруєння Моцарта дістала розголосу.
M	2813	UPPERCASE_SENTENCE_START		0	6	Other	Це речення не починається з великої літери.	Версія
M	2813	distavaty_vs_nabovaty	1	28	35	Hint	Краще: <suggestion>набула</suggestion>	набула|(набувати)
L	2814	версія про отруєння Моцарта діставала розголосу.
M	2814	UPPERCASE_SENTENCE_START		0	6	Other	Це речення не починається з великої літери.	Версія
M	2814	distavaty_vs_nabovaty	1	28	37	Hint	Краще: <suggestion>(набути)</suggestion>	(набути)|набувала
L	2815	закатуватиме рукави
M	2815	UK_SIMPLE_REPLACE_SOFT		0	12	Other	«закатуватиме» — нерекомендоване слово, кращий варіант: закачувати, засукувати, закручувати.	закачувати|засукувати|закручувати
L	2816	закатуючи рукави
M	2816	UK_SIMPLE_REPLACE_SOFT		0	9	Other	«закатуючи» — нерекомендоване слово, кращий варіант: закачуючи, засукуючи, закручуючи.	закачуючи|засукуючи|закручуючи
L	2817	закатувати в асфальт
M	2817	UK_SIMPLE_REPLACE_SOFT		0	10	Other	«закатувати» — нерекомендоване слово, кращий варіант: закачувати, засукувати, закручувати.	закачувати|засукувати|закручувати
L	2818	закатувала ковідні гроші в асфальт
M	2818	UK_SIMPLE_REPLACE_SOFT		0	10	Other	«закатувала» — нерекомендоване слово, кращий варіант: закачувати, засукувати, закручувати.	закачувати|засукувати|закручувати
L	2819	закатувала в трилітрові банки
M	2819	UK_SIMPLE_REPLACE_SOFT		0	10	Other	«закатувала» — нерекомендоване слово, кращий варіант: закачувати, засукувати, закручувати.	закачувати|засукувати|закручувати
L	2820	закатувала очі
M	2820	UK_SIMPLE_REPLACE_SOFT		0	10	Other	«закатувала» — нерекомендоване слово, кращий варіант: закачувати, засукувати, закручувати.	закачувати|засукувати|закручувати
L	2821	закатував свої очі
M	2821	UK_SIMPLE_REPLACE_SOFT		0	9	Other	«закатував» — нерекомендоване слово, кращий варіант: закачувати, засукувати, закручувати.	закачувати|засукувати|закручувати
L	2822	я до безтями щаслива
M	2822	UPPERCASE_SENTENCE_START		0	1	Other	Це речення не починається з великої літери.	Я
M	2822	do_beztyamy	1	5	12	Hint	Краще: <suggestion>нестями</suggestion>	нестями
L	2823	до глядачевого залу.
M	2823	UPPERCASE_SENTENCE_START		0	2	Other	Це речення не починається з великої літери.	До
M	2823	glyadachevyi_zal	1	3	14	Hint	Правильно: <suggestion>глядацького</suggestion>	глядацького
L	2824	він приймав у штики.
M	2824	UPPERCASE_SENTENCE_START		0	3	Other	Це речення не починається з великої літери.	Він
M	2824	pryiniaty_v_shtyky	1	12	19	Hint	Краще: <suggestion>у багнети</suggestion>	у багнети|багнетами
L	2825	він приймав це у штики.
M	2825	UPPERCASE_SENTENCE_START		0	3	Other	Це речення не починається з великої літери.	Він
M	2825	pryiniaty_v_shtyky	1	15	22	Hint	Краще: <suggestion>у багнети</suggestion>	у багнети|багнетами
L	2826	він у штики приймав усе
M	2826	UPPERCASE_SENTENCE_START		0	3	Other	Це речення не починається з великої літери.	Він
M	2826	pryiniaty_v_shtyky	2	4	11	Hint	Краще: <suggestion>у багнети</suggestion>	у багнети|багнетами
L	2827	команди переслідують різну мету в чемпіонаті
M	2827	UPPERCASE_SENTENCE_START		0	7	Other	Це речення не починається з великої літери.	Команди
M	2827	PERESLIDUVATY_METU	1	8	31	Hint	Сполука "переслідувати мету" засвідчена в академічному Рос.-укр. словнику (1924-33 рр., ред. А. Кримський і С. Єфремов) і в корпусі ГРАК, але деякі сучасні мовознавці рекомендують вживати натомість "мати на меті", "ставити собі (мати) за мету", які меншою мірою вказують на активне прагнення до мети (на відміну від, наприклад, "змагатися/іти до мети")	мати на меті|ставити собі (мати) за мету
L	2828	команди переслідують одну мету в чемпіонаті
M	2828	UPPERCASE_SENTENCE_START		0	7	Other	Це речення не починається з великої літери.	Команди
M	2828	PERESLIDUVATY_METU	1	8	30	Hint	Сполука "переслідувати мету" засвідчена в академічному Рос.-укр. словнику (1924-33 рр., ред. А. Кримський і С. Єфремов) і в корпусі ГРАК, але деякі сучасні мовознавці рекомендують вживати натомість "мати на меті", "ставити собі (мати) за мету", які меншою мірою вказують на активне прагнення до мети (на відміну від, наприклад, "змагатися/іти до мети")	мати на меті|ставити собі (мати) за мету
L	2829	обов'язкової складової економіки
M	2829	UPPERCASE_SENTENCE_START		0	12	Other	Це речення не починається з великої літери.	Обов'язкової
M	2829	skladova_vs_skladnyk	1	13	22	Hint	Як іменник краще: <suggestion>складник</suggestion>	складник|частина|компонент
L	2830	складова частина
M	2830	UPPERCASE_SENTENCE_START		0	8	Other	Це речення не починається з великої літери.	Складова
L	2831	складовий
L	2832	службовою халатністю
M	2832	UPPERCASE_SENTENCE_START		0	9	Other	Це речення не починається з великої літери.	Службовою
M	2832	khalatnyi_vs_nedbalyi	1	10	20	Hint	Хоча в українському законодавстві вживають «халатний/халатність» правильним варіантом є «недбалий/недбало/недбалість»	недбалістю
L	2833	Халатне відношення
M	2833	khalatnyi_vs_nedbalyi	1	0	7	Hint	Хоча в українському законодавстві вживають «халатний/халатність» правильним варіантом є «недбалий/недбало/недбалість»	Недбале
L	2834	вжили заходи.
M	2834	UPPERCASE_SENTENCE_START		0	5	Other	Це речення не починається з великої літери.	Вжили
M	2834	vzhyvaty_zakhody	1	6	12	Hint	Приавльно: <suggestion>заходів</suggestion>	заходів
L	2835	заходи не вжили.
M	2835	UPPERCASE_SENTENCE_START		0	6	Other	Це речення не починається з великої літери.	Заходи
L	2836	глузували над опонентом.
M	2836	UPPERCASE_SENTENCE_START		0	9	Other	Це речення не починається з великої літери.	Глузували
M	2836	gluzuvaty_nad	1	10	23	Hint	Приавльно: <suggestion>з опонента</suggestion>	з опонента
L	2837	не задавати питання
M	2837	UPPERCASE_SENTENCE_START		0	2	Other	Це речення не починається з великої літери.	Не
M	2837	ZADAVATY_PYTANNIA	1	3	19	Hint	Краще: <suggestion>(по)ставити питання</suggestion>	(по)ставити питання
L	2838	не задавати складних питань
M	2838	UPPERCASE_SENTENCE_START		0	2	Other	Це речення не починається з великої літери.	Не
M	2838	ZADAVATY_PYTANNIA	1	3	27	Hint	Краще: <suggestion>(по)ставити складних питань</suggestion>	(по)ставити складних питань
L	2839	не задавав їм запитань
M	2839	UPPERCASE_SENTENCE_START		0	2	Other	Це речення не починається з великої літери.	Не
M	2839	ZADAVATY_PYTANNIA	1	3	22	Hint	Краще: <suggestion>(по)ставити їм запитань</suggestion>	(по)ставити їм запитань
L	2840	задаватися питанням
M	2840	UPPERCASE_SENTENCE_START		0	10	Other	Це речення не починається з великої літери.	Задаватися
L	2841	ці питання йому задали його ж студенти
M	2841	UPPERCASE_SENTENCE_START		0	2	Other	Це речення не починається з великої літери.	Ці
M	2841	ZADAVATY_PYTANNIA	3	3	22	Hint	Краще: <suggestion>питання йому (по)ставити</suggestion>	питання йому (по)ставити
L	2842	така постановка завдання
M	2842	UPPERCASE_SENTENCE_START		0	4	Other	Це речення не починається з великої літери.	Така
M	2842	ZADAVATY_PYTANNIA	4	5	24	Hint	Краще: <suggestion>формулювання завдання</suggestion>, <suggestion>визначення завдання</suggestion>, <suggestion>встановлення завдання</suggestion>, <suggestion>ставити завдання</suggestion>	формулювання завдання|визначення завдання|встановлення завдання|ставити завдання
L	2843	він підняв це питання одразу.
M	2843	UPPERCASE_SENTENCE_START		0	3	Other	Це речення не починається з великої літери.	Він
M	2843	pidnimaty_pytannya	1	4	21	Hint	Краще: <suggestion>порушувати це питання</suggestion>	порушувати це питання|підносити це питання
L	2844	він не підняв цього питання одразу.
M	2844	UPPERCASE_SENTENCE_START		0	3	Other	Це речення не починається з великої літери.	Він
M	2844	pidnimaty_pytannya	1	7	27	Hint	Краще: <suggestion>порушувати цього питання</suggestion>	порушувати цього питання|підносити цього питання
L	2845	і підняття цього питання...
M	2845	UPPERCASE_SENTENCE_START		0	1	Other	Це речення не починається з великої літери.	І
M	2845	pidnimaty_pytannya	2	2	24	Hint	Краще: <suggestion>порушення цього питання</suggestion>	порушення цього питання|піднесення цього питання
L	2846	і підняте питання...
M	2846	UPPERCASE_SENTENCE_START		0	1	Other	Це речення не починається з великої літери.	І
M	2846	pidnimaty_pytannya	3	2	17	Hint	Краще: <suggestion>порушене питання</suggestion>	порушене питання|піднесене питання
L	2847	коли він займав посаду директора.
M	2847	UPPERCASE_SENTENCE_START		0	4	Other	Це речення не починається з великої літери.	Коли
M	2847	zaimaty_posadu	1	9	15	Hint	Краще: <suggestion>обіймати</suggestion>	обіймати
L	2848	він зарубив собі на носі .
M	2848	UPPERCASE_SENTENCE_START		0	3	Other	Це речення не починається з великої літери.	Він
M	2848	UK_SIMPLE_REPLACE		4	11	Other	Неправильно написане слово.	заробив|загубив|зарубав|Заруби|задубив|зазубив|зарибив|зарубин|зарулив|заручив|зарябив|затрубив
M	2848	COMMA_PARENTHESIS_WHITESPACE		24	26	Other	Не ставте пробіл перед крапкою.	.
L	2849	зарубай собі це на носі .
M	2849	UPPERCASE_SENTENCE_START		0	7	Other	Це речення не починається з великої літери.	Зарубай
M	2849	COMMA_PARENTHESIS_WHITESPACE		23	25	Other	Не ставте пробіл перед крапкою.	.
L	2850	з його точки зору.
M	2850	UPPERCASE_SENTENCE_START		0	1	Other	Це речення не починається з великої літери.	З
M	2850	tochka_zoru	1	7	17	Hint	На думку багатьох українських мовознавців, краще вживати «погляд», «думка»	погляду|думки
L	2851	він сказав це йому в лице.
M	2851	UPPERCASE_SENTENCE_START		0	3	Other	Це речення не починається з великої літери.	Він
M	2851	govoryty_v_lyce	1	19	25	Hint	Правильно: <suggestion>у вічі</suggestion>	у вічі|в живі очі
L	2852	він сказав гірку правду директору в лице.
M	2852	UPPERCASE_SENTENCE_START		0	3	Other	Це речення не починається з великої літери.	Він
M	2852	govoryty_v_lyce	1	34	40	Hint	Правильно: <suggestion>у вічі</suggestion>	у вічі|в живі очі
L	2853	в лице сказати все, що він думає.
M	2853	UPPERCASE_SENTENCE_START		0	1	Other	Це речення не починається з великої літери.	В
L	2854	ставивши собі за ціль узгодити...
M	2854	UPPERCASE_SENTENCE_START		0	8	Other	Це речення не починається з великої літери.	Ставивши
M	2854	sobi_za_cil	1	14	21	Hint	Правильно: <suggestion>за мету</suggestion>	за мету
L	2855	створюється з ціллю прискорення...
M	2855	UPPERCASE_SENTENCE_START		0	11	Other	Це речення не починається з великої літери.	Створюється
M	2855	z_cillu	1	12	19	Hint	Правильно: <suggestion>з метою</suggestion>	з метою|(для того) щоб
L	2856	зблизитися з ціллю
M	2856	UPPERCASE_SENTENCE_START		0	10	Other	Це речення не починається з великої літери.	Зблизитися
L	2857	він вирішив цю проблему просто...
M	2857	UPPERCASE_SENTENCE_START		0	3	Other	Це речення не починається з великої літери.	Він
M	2857	vyrishuvaty_problemu	1	4	23	Hint	Краще: <suggestion>розв'язувати цю проблему</suggestion>	розв'язувати цю проблему|розв'язати цю проблему
L	2858	він вирішив питання...
M	2858	UPPERCASE_SENTENCE_START		0	3	Other	Це речення не починається з великої літери.	Він
M	2858	vyrishuvaty_problemu	1	4	19	Hint	Краще: <suggestion>розв'язувати питання</suggestion>	розв'язувати питання|розв'язати питання
L	2859	а вирішення цієї проблеми непросте...
M	2859	UPPERCASE_SENTENCE_START		0	1	Other	Це речення не починається з великої літери.	А
M	2859	vyrishuvaty_problemu	2	2	25	Hint	Краще: <suggestion>розв'язання цієї проблеми</suggestion>	розв'язання цієї проблеми|розв'язування цієї проблеми
L	2860	а вирішена проблема не пішла...
M	2860	UPPERCASE_SENTENCE_START		0	1	Other	Це речення не починається з великої літери.	А
M	2860	vyrishuvaty_problemu	3	2	19	Hint	Краще: <suggestion>розв'язана проблема</suggestion>	розв'язана проблема|розв'язувана проблема
L	2861	в свою чергу
M	2861	UPPERCASE_SENTENCE_START		0	1	Other	Це речення не починається з великої літери.	В
L	2862	в порядку черги
M	2862	UPPERCASE_SENTENCE_START		0	1	Other	Це речення не починається з великої літери.	В
L	2863	протіканню хвороби
M	2863	UPPERCASE_SENTENCE_START		0	10	Other	Це речення не починається з великої літери.	Протіканню
L	2864	протікання води
M	2864	UPPERCASE_SENTENCE_START		0	10	Other	Це речення не починається з великої літери.	Протікання
L	2865	У відповідності до накладної.
M	2865	u_vidpovidnosti_do	1	0	18	Hint	Краще: <suggestion>відповідно до</suggestion>	Відповідно до
L	2866	бути у відповідності до накладної
M	2866	UPPERCASE_SENTENCE_START		0	4	Other	Це речення не починається з великої літери.	Бути
L	2867	все було у відповідності до накладної.
M	2867	UPPERCASE_SENTENCE_START		0	3	Other	Це речення не починається з великої літери.	Все
M	2867	u_vidpovidnosti_do	2	4	37	Hint	Краще: <suggestion>відповідати накладній</suggestion>	відповідати накладній
L	2868	привів у відповідність до законодавства.
M	2868	UPPERCASE_SENTENCE_START		0	6	Other	Це речення не починається з великої літери.	Привів
L	2869	привів законодавство у відповідність до вимог...
M	2869	UPPERCASE_SENTENCE_START		0	6	Other	Це речення не починається з великої літери.	Привів
L	2870	Давай грати чесно...
M	2870	DAVAITE_VERB	1	0	11	Hint	Щоб висловити заклик до спільної дії, рекомендують вживати наказову форму дієслова	Граймо|Нумо грати
L	2871	Тому давайте вчитися разом
M	2871	DAVAITE_VERB	1	5	20	Hint	Щоб висловити заклик до спільної дії, рекомендують вживати наказову форму дієслова	вчімось|вчімося|вчімся|нумо вчитися
L	2872	давайте кататися
M	2872	UPPERCASE_SENTENCE_START		0	7	Other	Це речення не починається з великої літери.	Давайте
L	2873	Давайте дивитися.
M	2873	DAVAITE_VERB	1	0	16	Hint	Щоб висловити заклик до спільної дії, рекомендують вживати наказову форму дієслова	Дивімось|Дивімося|Дивімся|Нумо дивитися
L	2874	Давайте горілку
L	2875	Давайте будем знов сміятись
L	2876	Давай оброблятиму тобі землю
L	2877	накидав зверху каміння та давай носити воду
M	2877	UPPERCASE_SENTENCE_START		0	7	Other	Це речення не починається з великої літери.	Накидав
L	2878	Давай знати
L	2879	давайте ронять слова
M	2879	UPPERCASE_SENTENCE_START		0	7	Other	Це речення не починається з великої літери.	Давайте
L	2880	Давайте заспіваємо
M	2880	DAVAITE_VERB	2	0	18	Hint	Щоб висловити заклик до спільної дії, рекомендують вживати наказову форму дієслова	Заспіваймо
L	2881	«Давайте скажемо чесно, що сьогодні ми в Україні не можемо
M	2881	DAVAITE_VERB	2	1	16	Hint	Щоб висловити заклик до спільної дії, рекомендують вживати наказову форму дієслова	Скажім|Скажімо
L	2882	Давайте пройдемося
M	2882	DAVAITE_VERB	2	0	18	Hint	Щоб висловити заклик до спільної дії, рекомендують вживати наказову форму дієслова	Пройдімось|Пройдімося|Пройдімся
L	2883	Тому давайте скажем так
M	2883	VERB_SUBSTANDARD_FORMS	1	13	19	Other	Форми теп. і майб. ч. на -м(ся) є просторічними. Нормативними є форми на -мо: <suggestion>скажемо</suggestion>	скажемо
L	2884	Тому давай оформимо стосунки
M	2884	DAVAITE_VERB	2	5	19	Hint	Щоб висловити заклик до спільної дії, рекомендують вживати наказову форму дієслова	оформмо
L	2885	Давайте горілку
L	2886	Давайте будем знов сміятись
L	2887	Давай оброблятиму тобі землю
L	2888	накидав зверху каміння та давай носити воду
M	2888	UPPERCASE_SENTENCE_START		0	7	Other	Це речення не починається з великої літери.	Накидав
L	2889	Давай не грати нечесно...
M	2889	DAVAITE_VERB	3	0	14	Hint	Щоб висловити заклик до спільної дії, рекомендують вживати наказову форму дієслова	Не граймо
L	2890	Давай не пустимо їх...
M	2890	DAVAITE_VERB	3	0	16	Hint	Щоб висловити заклик до спільної дії, рекомендують вживати наказову форму дієслова	Не пустім|Не пустімо
L	2891	Гра тривала незважаючи на сильну зливу.
M	2891	nezvazhayuchi_na	1	12	25	Hint	Хоча вислів «незважаючи на» засвідчений у словниках, текстах і чинному правописі, у багатьох випадках те саме значення можна передати іншими словами	попри|дарма що|всупереч|наперекір|хоч|не зважаючи на|не вважаючи на|незалежно від
L	2892	Вони бігли туди незважаючи на сильну зливу.
M	2892	nezvazhayuchi_na	1	16	29	Hint	Хоча вислів «незважаючи на» засвідчений у словниках, текстах і чинному правописі, у багатьох випадках те саме значення можна передати іншими словами	попри|дарма що|всупереч|наперекір|хоч|не зважаючи на|не вважаючи на|незалежно від
L	2893	Гра тривала попри сильну зливу.
L	2894	Вони бігли туди не зважаючи на сильну зливу.
L	2895	Хотів звернути увагу на себе.
M	2895	zvertaty_uvagu	1	6	28	Hint	У значенні «зацікавлювати собою» краще вживати дієслово «привертати».	привертати увагу до себе
L	2896	Хотів звернути її увагу на себе.
M	2896	zvertaty_uvagu	1	6	31	Hint	У значенні «зацікавлювати собою» краще вживати дієслово «привертати».	привертати її увагу до себе
L	2897	звертати увагу на щось
M	2897	UPPERCASE_SENTENCE_START		0	8	Other	Це речення не починається з великої літери.	Звертати
L	2898	Хотів звернути на себе увагу.
M	2898	zvertaty_uvagu	2	6	28	Hint	У значенні «зацікавлювати собою» краще вживати дієслово «привертати».	привертати до себе увагу
L	2899	Хотів звернути на себе її увагу.
M	2899	zvertaty_uvagu	2	6	31	Hint	У значенні «зацікавлювати собою» краще вживати дієслово «привертати».	привертати до себе її увагу
L	2900	звертати на щось увагу
M	2900	UPPERCASE_SENTENCE_START		0	8	Other	Це речення не починається з великої літери.	Звертати
L	2901	і він був не в стані пояснити
M	2901	UPPERCASE_SENTENCE_START		0	1	Other	Це речення не починається з великої літери.	І
M	2901	ne_v_stani	1	10	20	Hint	Краще: <suggestion>не могти</suggestion>	не могти|неспроможний|не мати сили|не мати змоги
L	2902	він був у стані війни
M	2902	UPPERCASE_SENTENCE_START		0	3	Other	Це речення не починається з великої літери.	Він
L	2903	посмішка у знак вдячності.
M	2903	UPPERCASE_SENTENCE_START		0	8	Other	Це речення не починається з великої літери.	Посмішка
M	2903	u_znak_vdiachnosti	1	9	25	Hint	Краще: <suggestion>на знак вдячності</suggestion>	на знак вдячності
L	2904	посмішка у тій мірі.
M	2904	UPPERCASE_SENTENCE_START		0	8	Other	Це речення не починається з великої літери.	Посмішка
M	2904	u_znachniy_miri	1	9	19	Hint	Краще: <suggestion>тою мірою</suggestion>, <suggestion>тією мірою</suggestion>	тою мірою|тією мірою
L	2905	і у більшій мірі.
M	2905	UPPERCASE_SENTENCE_START		0	1	Other	Це речення не починається з великої літери.	І
M	2905	u_znachniy_miri	1	2	16	Hint	Краще: <suggestion>більшою мірою</suggestion>	більшою мірою
L	2906	і у тій чи іншій мірі.
M	2906	UPPERCASE_SENTENCE_START		0	1	Other	Це речення не починається з великої літери.	І
M	2906	u_znachniy_miri	2	2	21	Hint	Краще: <suggestion>так чи інакше</suggestion>, <suggestion>тою чи іншою мірою</suggestion>	так чи інакше|тою чи іншою мірою
L	2907	Він хлопнув дверима.
M	2907	hlopnuty_dveryma	1	4	19	Hint	Краще: <suggestion>гримнути дверима</suggestion>	гримнути дверима|грюкнути дверима|хряснути дверима
L	2908	військової підготовки
M	2908	UPPERCASE_SENTENCE_START		0	10	Other	Це речення не починається з великої літери.	Військової
L	2909	в минулому році
M	2909	UPPERCASE_SENTENCE_START		0	1	Other	Це речення не починається з великої літери.	В
L	2910	Коротше кажучи
M	2910	korotshe_kazhychy	1	0	14	Hint	Краще: <suggestion>коротко кажучи</suggestion>	Коротко кажучи|(Одним) словом
L	2911	Коротко кажучи
L	2912	може бути правим лише тому.
M	2912	UPPERCASE_SENTENCE_START		0	4	Other	Це речення не починається з великої літери.	Може
M	2912	buty_pravym	1	5	16	Hint	Деякі мовознавці вважають, що у значенні «такий, що правильно мислить, діє» правильно: <suggestion>мати рацію</suggestion>	мати рацію|мати слушність|(чиясь) правда
L	2913	класики були праві.
M	2913	UPPERCASE_SENTENCE_START		0	7	Other	Це речення не починається з великої літери.	Класики
M	2913	buty_pravym	1	8	18	Hint	Деякі мовознавці вважають, що у значенні «такий, що правильно мислить, діє» правильно: <suggestion>мати рацію</suggestion>	мати рацію|мати слушність|(чиясь) правда
L	2914	він був правий.
M	2914	UPPERCASE_SENTENCE_START		0	3	Other	Це речення не починається з великої літери.	Він
M	2914	buty_pravym	1	4	14	Hint	Деякі мовознавці вважають, що у значенні «такий, що правильно мислить, діє» правильно: <suggestion>мати рацію</suggestion>	мати рацію|мати слушність|(чиясь) правда
L	2915	співак є правою рукою дизайнера Анни
M	2915	UPPERCASE_SENTENCE_START		0	6	Other	Це речення не починається з великої літери.	Співак
L	2916	зверху була права рука
M	2916	UPPERCASE_SENTENCE_START		0	6	Other	Це речення не починається з великої літери.	Зверху
L	2917	не було правого сидіння
M	2917	UPPERCASE_SENTENCE_START		0	2	Other	Це речення не починається з великої літери.	Не
L	2918	буде права качати
M	2918	UPPERCASE_SENTENCE_START		0	4	Other	Це речення не починається з великої літери.	Буде
L	2919	у них не було права
M	2919	UPPERCASE_SENTENCE_START		0	1	Other	Це речення не починається з великої літери.	У
L	2920	у них були права й привілеї
M	2920	UPPERCASE_SENTENCE_START		0	1	Other	Це речення не починається з великої літери.	У
L	2921	завтра не буде права нарікати
M	2921	UPPERCASE_SENTENCE_START		0	6	Other	Це речення не починається з великої літери.	Завтра
L	2922	у них не було права на смерть
M	2922	UPPERCASE_SENTENCE_START		0	1	Other	Це речення не починається з великої літери.	У
L	2923	найважливішими є права людини
M	2923	UPPERCASE_SENTENCE_START		0	14	Other	Це речення не починається з великої літери.	Найважливішими
L	2924	в якої є права та обов'язки
M	2924	UPPERCASE_SENTENCE_START		0	1	Other	Це речення не починається з великої літери.	В
L	2925	ліки від усяких хвороб
M	2925	UPPERCASE_SENTENCE_START		0	4	Other	Це речення не починається з великої літери.	Ліки
M	2925	liky_vid	1	5	8	Hint	На думку Антоненка-Давидовича правильно: <suggestion>проти</suggestion>, але в мовній практиці переважає «від»	проти
L	2926	ліки проти усяких хвороб
M	2926	UPPERCASE_SENTENCE_START		0	4	Other	Це речення не починається з великої літери.	Ліки
L	2927	на протязі року
M	2927	UPPERCASE_SENTENCE_START		0	2	Other	Це речення не починається з великої літери.	На
L	2928	на протязі 10 хвилин
M	2928	UPPERCASE_SENTENCE_START		0	2	Other	Це речення не починається з великої літери.	На
L	2929	на протязі XX століття
M	2929	UPPERCASE_SENTENCE_START		0	2	Other	Це речення не починається з великої літери.	На
L	2930	на протязі майже 20 хв.
M	2930	UPPERCASE_SENTENCE_START		0	2	Other	Це речення не починається з великої літери.	На
L	2931	той стоїть на протязі
M	2931	UPPERCASE_SENTENCE_START		0	3	Other	Це речення не починається з великої літери.	Той
L	2932	той стояв на протязі кілька хвилин.
M	2932	UPPERCASE_SENTENCE_START		0	3	Other	Це речення не починається з великої літери.	Той
L	2933	При бажанні Блохін може залишитися в Динамо
M	2933	pry_bazhanni	1	0	11	Hint	На думку деяких мовознавців, слід вживати <suggestion>якщо є охота (бажання)</suggestion>, <suggestion>якщо (коли) маєш (маєте) бажання (охоту)</suggestion>	Якщо є охота (бажання)|Якщо (коли) маєш (маєте) бажання (охоту)
L	2934	Якщо Блохін має бажання він може залишитися в Динамо
L	2935	Вона гарно виглядає.
M	2935	vyglyadaty_vs_maty_vyglyad	1	5	19	Hint	На думку деяких мовознавців, «виглядати» в цьому значенні вживати недоречно, але в загальній мовній практиці вживають обидва вислови.	мати (який) вигляд (подобу, постать)
L	2936	Вона виглядає з вікна.
L	2937	Вона виглядає гарно.
M	2937	vyglyadaty_vs_maty_vyglyad	2	5	19	Hint	На думку деяких мовознавців, «виглядати» в цьому значенні вживати недоречно, але в загальній мовній практиці вживають обидва вислови.	мати (який) вигляд (подобу, постать)
L	2938	Вона виглядає з вікна.
L	2939	я в легкому шоці
M	2939	UPPERCASE_SENTENCE_START		0	1	Other	Це речення не починається з великої літери.	Я
M	2939	SUBSTANDARD_FORMS	1	12	16	Other	Ця форма не відповідає мовній нормі	
L	2940	я в шоці
M	2940	UPPERCASE_SENTENCE_START		0	1	Other	Це речення не починається з великої літери.	Я
M	2940	SUBSTANDARD_FORMS	1	4	8	Other	Ця форма не відповідає мовній нормі	
L	2941	Він надавав перевагу іншому способу.
L	2942	голу правду.
M	2942	UPPERCASE_SENTENCE_START		0	4	Other	Це речення не починається з великої літери.	Голу
L	2943	дурного тону.
M	2943	UPPERCASE_SENTENCE_START		0	7	Other	Це речення не починається з великої літери.	Дурного
L	2944	сказав: приємного апетиту
M	2944	UPPERCASE_SENTENCE_START		0	6	Other	Це речення не починається з великої літери.	Сказав
M	2944	pryyemnogo_apetytu	1	8	25	Hint	Краще: <suggestion>смачного</suggestion>	смачного
L	2945	приведіть приклад
M	2945	UPPERCASE_SENTENCE_START		0	9	Other	Це речення не починається з великої літери.	Приведіть
L	2946	приведіть гарний приклад
M	2946	UPPERCASE_SENTENCE_START		0	9	Other	Це речення не починається з великої літери.	Приведіть
L	2947	на днях бачив знайомого
M	2947	UPPERCASE_SENTENCE_START		0	2	Other	Це речення не починається з великої літери.	На
L	2948	Це вибачаюсь, зовсім негарно.
M	2948	vybachatysya	1	3	12	Hint	Краще: <suggestion>вибачте мені</suggestion>, <suggestion>пробачте</suggestion>, <suggestion>даруйте</suggestion>, <suggestion>перепрошую</suggestion>	вибачте мені|пробачте|даруйте|перепрошую
L	2949	Я вибачився і пішов.
M	2949	vybachatysya	2	2	11	Hint	Краще: <suggestion>перепрошувати</suggestion>, <suggestion>просити вибачення</suggestion>	перепрошувати|просити вибачення
L	2950	Я вибачаюсь і йду
M	2950	vybachatysya	1	2	11	Hint	Краще: <suggestion>вибачте мені</suggestion>, <suggestion>пробачте</suggestion>, <suggestion>даруйте</suggestion>, <suggestion>перепрошую</suggestion>	вибачте мені|пробачте|даруйте|перепрошую
L	2951	я в кінці засідання заснув
M	2951	UPPERCASE_SENTENCE_START		0	1	Other	Це речення не починається з великої літери.	Я
M	2951	v_kinci_zasidannya	1	2	9	Hint	Краще: <suggestion>під кінець</suggestion>	під кінець
L	2952	в залежності від результату
M	2952	UPPERCASE_SENTENCE_START		0	1	Other	Це речення не починається з великої літери.	В
L	2953	я знаходився в залежності від нього
M	2953	UPPERCASE_SENTENCE_START		0	1	Other	Це речення не починається з великої літери.	Я
M	2953	v_zalezhnosti_vid	2	2	29	Hint	Краще: <suggestion>залежати від</suggestion>	залежати від
L	2954	Такиж міжособистісних стосунків.
M	2954	MORFOLOGIK_RULE_UK_UA		0	5	UnknownWord	Знайдено потенційну орфографічну помилку.	Також|Такий|Таким|Таких|Таки|Такир|Таки ж
M	2954	mizhosobystisni_stosunky	1	6	31	Hint	Краще: <suggestion>взаємостосунків</suggestion>	взаємостосунків
L	2955	Ухань
M	2955	UK_SIMPLE_REPLACE_SOFT		0	5	Other	«Ухань» — нерекомендоване слово, кращий варіант: Вухань.	Вухань
L	2956	приїхав до Сєвєродонецька.
M	2956	UPPERCASE_SENTENCE_START		0	7	Other	Це речення не починається з великої літери.	Приїхав
M	2956	UK_SIMPLE_REPLACE_RENAMED		11	25	Other	«Сєвєродонецьк» було перейменовано (декомунізовано)	Сіверськодонецьк|сіверськодонецький
L	2957	так, що світа білого не видно.
M	2957	no_comma_compound_conj	1	0	7	Other	Якщо підрядне речення зі складеним сполучником підрядності стоїть перед головним (найчастіше на початку речення), то сполучник комою не розділяється	так що
M	2957	archaism	1	8	13	Hint	Це слово або форма є застарілою, архаїчною або діалектною.	
L	2958	Ось так він лоханувся.
L	2959	і став роздовбаєм
M	2959	UPPERCASE_SENTENCE_START		0	1	Other	Це речення не починається з великої літери.	І
M	2959	SUBSTANDARD_FORMS	1	7	17	Other	Ця форма не відповідає мовній нормі	
L	2960	воронках
L	2961	прапор
L	2962	Він співа.
M	2962	verb_short	1	4	9	Hint	Ця дієслівна форма обмежена усним та поетичним мовленням.	співає
L	2963	давай співать.
M	2963	UPPERCASE_SENTENCE_START		0	5	Other	Це речення не починається з великої літери.	Давай
M	2963	verb_short	1	6	13	Hint	Ця дієслівна форма обмежена усним та поетичним мовленням.	співати
L	2964	і він спада
M	2964	UPPERCASE_SENTENCE_START		0	1	Other	Це речення не починається з великої літери.	І
M	2964	verb_short	1	6	11	Hint	Ця дієслівна форма обмежена усним та поетичним мовленням.	спадає
L	2965	він дає.
M	2965	UPPERCASE_SENTENCE_START		0	3	Other	Це речення не починається з великої літери.	Він
L	2966	й бува.
M	2966	UPPERCASE_SENTENCE_START		0	1	Other	Це речення не починається з великої літери.	Й
L	2967	Ігоря Поклада
L	2968	стрілять
L	2969	зменшить
L	2970	поясніть
L	2971	чуть
M	2971	UK_SIMPLE_REPLACE		0	4	Other	«чуть» - помилкове слово, виправлення: ледве, трішки.	ледве|трішки
L	2972	І окропіте.
M	2972	verb_impr_long	1	2	10	Hint	Ця дієслівна форма обмежена усним та поетичним мовленням.	окропіть
L	2973	гарная галявина.
M	2973	UPPERCASE_SENTENCE_START		0	6	Other	Це речення не починається з великої літери.	Гарная
L	2974	Сирії
L	2975	цілую
L	2976	все гарніш.
M	2976	UPPERCASE_SENTENCE_START		0	3	Other	Це речення не починається з великої літери.	Все
M	2976	adv_short	1	4	10	Hint	Ця прикметникова форма обмежена усним та поетичним мовленням.	гарніше
L	2977	більш і менш
M	2977	UPPERCASE_SENTENCE_START		0	5	Other	Це речення не починається з великої літери.	Більш
L	2978	щонайбільш
L	2979	все 'дно.
M	2979	UPPERCASE_SENTENCE_START		0	3	Other	Це речення не починається з великої літери.	Все
M	2979	apo_short	1	4	8	Hint	Ця форма обмежена усним та поетичним мовленням.	
L	2980	І сього дня.
M	2980	archaism	1	2	7	Hint	Це слово або форма є застарілою, архаїчною або діалектною.	
L	2981	бриндзі
M	2981	ALT_SPELLING	1	0	7	Other	Слово, написане не за чинним правописом	
L	2982	довгу
L	2983	Анголи
L	2984	китаянку Сю Ян
M	2984	UPPERCASE_SENTENCE_START		0	8	Other	Це речення не починається з великої літери.	Китаянку
L	2985	бігуна Мо Кейна
M	2985	UPPERCASE_SENTENCE_START		0	6	Other	Це речення не починається з великої літери.	Бігуна
L	2986	ні з того ні з сього
M	2986	UPPERCASE_SENTENCE_START		0	2	Other	Це речення не починається з великої літери.	Ні
L	2987	про всяк випадок
M	2987	UPPERCASE_SENTENCE_START		0	3	Other	Це речення не починається з великої літери.	Про
L	2988	Во Дінь Тхань Фонг
M	2988	MORFOLOGIK_RULE_UK_UA		8	13	UnknownWord	Знайдено потенційну орфографічну помилку.	Ухань|Тань|Хань|Ахань|Охань|Твань|Чхань
M	2988	MORFOLOGIK_RULE_UK_UA		14	18	UnknownWord	Знайдено потенційну орфографічну помилку.	Фонд|Фон|Фоні|Фону|Фог|Вонг|Йонг|Лонг|Бонг|Гонг|Донг|Зонг|Ронг|Фанг|Фона|Фоне|Фони|Фоню|Фон г
L	2989	«все до сраки!»
M	2989	UPPERCASE_SENTENCE_START		1	4	Other	Це речення не починається з великої літери.	Все
M	2989	vulgar	1	8	13	Hint	Це слово є вульгарним.	
L	2990	все до сраки
M	2990	UPPERCASE_SENTENCE_START		0	3	Other	Це речення не починається з великої літери.	Все
M	2990	vulgar	1	7	12	Hint	Це слово є вульгарним.	
L	2991	бльо
M	2991	vulgar	1	0	4	Hint	Це слово є вульгарним.	
L	2992	автокомісійко.
M	2992	UPPERCASE_SENTENCE_START		0	13	Other	Це речення не починається з великої літери.	Автокомісійко
L	2993	аберометре
M	2993	vocative_inanim	1	0	10	Hint	Форми кличного відмінку для неістот мають обмежене вживання.	
L	2994	роде
M	2994	vocative_inanim	1	0	4	Hint	Форми кличного відмінку для неістот мають обмежене вживання.	
L	2995	того.
M	2995	UPPERCASE_SENTENCE_START		0	4	Other	Це речення не починається з великої літери.	Того
L	2996	Матіоло.
L	2997	ПАСЕ
L	2998	прощавай, стара імперіє
M	2998	UPPERCASE_SENTENCE_START		0	8	Other	Це речення не починається з великої літери.	Прощавай
L	2999	ой, хато ти моя
M	2999	UPPERCASE_SENTENCE_START		0	2	Other	Це речення не починається з великої літери.	Ой
L	3000	агов тумане
M	3000	UPPERCASE_SENTENCE_START		0	4	Other	Це речення не починається з великої літери.	Агов
L	3001	Вітання, спільното!
L	3002	... та інша високоповажна публіко!
M	3002	UK_ADJ_NOUN_INFLECTION_AGREEMENT		12	33	Other	Потенційна помилка: прикметник не узгоджений з іменником: "високоповажна": [ж.р.: називний] і "публіко": [ж.р.: кличний]	високоповажна публіка|високоповажна публіко
L	3003	Справу порушено прокурором.
M	3003	passive_predicate	1	7	26	Hint	Замість пасивних конструкцій із діячем (наприклад, нами розглянуто) рекомендовано вживати активні конструкції (ми розглянули)	
L	3004	Справу порушено генеральним прокурором.
M	3004	passive_predicate	1	7	38	Hint	Замість пасивних конструкцій із діячем (наприклад, нами розглянуто) рекомендовано вживати активні конструкції (ми розглянули)	
L	3005	Це зроблено шановним академіком.
M	3005	passive_predicate	1	3	31	Hint	Замість пасивних конструкцій із діячем (наприклад, нами розглянуто) рекомендовано вживати активні конструкції (ми розглянули)	
L	3006	Громадянство отримано ним законно.
M	3006	passive_predicate	1	13	25	Hint	Замість пасивних конструкцій із діячем (наприклад, нами розглянуто) рекомендовано вживати активні конструкції (ми розглянули)	
L	3007	Користувача авторизовано адміністратором.
M	3007	passive_predicate	1	12	40	Hint	Замість пасивних конструкцій із діячем (наприклад, нами розглянуто) рекомендовано вживати активні конструкції (ми розглянули)	
L	3008	15 тис. отримано фахівцями.
M	3008	passive_predicate	1	8	26	Hint	Замість пасивних конструкцій із діячем (наприклад, нами розглянуто) рекомендовано вживати активні конструкції (ми розглянули)	
L	3009	тут і далі виділено мною.
M	3009	UPPERCASE_SENTENCE_START		0	3	Other	Це речення не починається з великої літери.	Тут
M	3009	passive_predicate	1	11	24	Hint	Замість пасивних конструкцій із діячем (наприклад, нами розглянуто) рекомендовано вживати активні конструкції (ми розглянули)	
L	3010	Користувача авторизовано.
L	3011	Листа написано Келлі.
L	3012	Справу порушено за фактом.
L	3013	Наказ підписано синьою ручкою.
L	3014	церковні терміни використано тією мірою.
M	3014	UPPERCASE_SENTENCE_START		0	8	Other	Це речення не починається з великої літери.	Церковні
L	3015	це викликано тим, що
M	3015	UPPERCASE_SENTENCE_START		0	2	Other	Це речення не починається з великої літери.	Це
L	3016	його обрано президентом
M	3016	UPPERCASE_SENTENCE_START		0	4	Other	Це речення не починається з великої літери.	Його
L	3017	документ виписано таким чином
M	3017	UPPERCASE_SENTENCE_START		0	8	Other	Це речення не починається з великої літери.	Документ
L	3018	Яку роль відведено Ульянченко
L	3019	Тоді академіком зроблено відкриття.
M	3019	passive_predicate	2	5	24	Hint	Замість пасивних конструкцій із діячем (наприклад, нами розглянуто) рекомендовано вживати активні конструкції (ми розглянули)	
L	3020	Нами порушено справу.
M	3020	passive_predicate	2	0	13	Hint	Замість пасивних конструкцій із діячем (наприклад, нами розглянуто) рекомендовано вживати активні конструкції (ми розглянули)	
L	3021	Вами було порушено правила.
M	3021	passive_predicate	2	0	18	Hint	Замість пасивних конструкцій із діячем (наприклад, нами розглянуто) рекомендовано вживати активні конструкції (ми розглянули)	
L	3022	Все це ним було сказано ще тоді.
M	3022	passive_predicate	2	7	23	Hint	Замість пасивних конструкцій із діячем (наприклад, нами розглянуто) рекомендовано вживати активні конструкції (ми розглянули)	
L	3023	Ним передбачено (тобто законом)
L	3024	ким було сформовано
M	3024	UPPERCASE_SENTENCE_START		0	3	Other	Це речення не починається з великої літери.	Ким
L	3025	зв’язок з науковцями втрачено
M	3025	UPPERCASE_SENTENCE_START		0	7	Other	Це речення не починається з великої літери.	Зв'язок
L	3026	переговори між регіоналами та бютівцями припинено
M	3026	UPPERCASE_SENTENCE_START		0	10	Other	Це речення не починається з великої літери.	Переговори
L	3027	Разом із трьома українками було затримано
L	3028	Після консультацій з нашими адвокатами було вирішено
L	3029	і разом з іншими козацькими ватажками відправлено
M	3029	UPPERCASE_SENTENCE_START		0	1	Other	Це речення не починається з великої літери.	І
L	3030	Між козацькою старшиною і польськими комісарами підписано угоду
L	3031	Компартію на чолі з Петром Симоненком було відновлено вже 1993 року
L	3032	переможцем передбачувано стала «Іржа і кістка»
M	3032	UPPERCASE_SENTENCE_START		0	10	Other	Це речення не починається з великої літери.	Переможцем
L	3033	з ним зв'язано запах квітки
M	3033	UPPERCASE_SENTENCE_START		0	1	Other	Це речення не починається з великої літери.	З
L	3034	На заході побувало триста чоловік.
M	3034	SUBSTANDARD_FORMS	1	26	33	Other	Ця форма не відповідає мовній нормі	
L	3035	280 мільйонів чоловік.
M	3035	SUBSTANDARD_FORMS	1	14	21	Other	Ця форма не відповідає мовній нормі	
L	3036	280% чоловік.
M	3036	cholovik_with_numr	1	5	12	Hint	Деякі мовні стилісти радять вживати «осіб»: % <suggestion>осіб</suggestion>	осіб
L	3037	На заході побувало 21 чоловік і 15 жінок.
L	3038	791 чоловік, 43 жінки
M	3038	CONSISTENCY_NOUN_NUMERIC_WHOLE	1	4	11	Other	Після числівника, що закінчується на 1, іменник має стояти в однині	
L	3039	Один чоловік сказав мені таке...
L	3040	Її першого чоловіка.
L	3041	3703 чоловіки та 114 жінок
L	3042	два чоловіки й жінка
M	3042	UPPERCASE_SENTENCE_START		0	3	Other	Це речення не починається з великої літери.	Два
L	3043	мова по замовчуванню англійська
M	3043	UPPERCASE_SENTENCE_START		0	4	Other	Це речення не починається з великої літери.	Мова
M	3043	po_v_mis_vs_z_v_rod	1	5	20	Hint	Краще: <suggestion>типово</suggestion>	типово
L	3044	спеціаліст по розведенню...
M	3044	UPPERCASE_SENTENCE_START		0	10	Other	Це речення не починається з великої літери.	Спеціаліст
M	3044	po_v_mis_vs_z_v_rod	2	11	24	Hint	Прийменник "по" найпевніше вжито неправильно, в багатьох випадках (крім темпоральних) краще вжити інші варіанти (з прийм. з, за, на, про, щодо, при, для у, або без прийменника	з розведення|розведення|за розведення|на розведення|про розведення|щодо розведення|при розведенню|при розведенні|для розведення|у розведенню|у розведенні|на основі розведення
L	3045	відповідальність по реформуванню
M	3045	UPPERCASE_SENTENCE_START		0	16	Other	Це речення не починається з великої літери.	Відповідальність
M	3045	po_v_mis_vs_z_v_rod	2	17	32	Hint	Прийменник "по" найпевніше вжито неправильно, в багатьох випадках (крім темпоральних) краще вжити інші варіанти (з прийм. з, за, на, про, щодо, при, для у, або без прийменника	з реформування|реформування|за реформування|на реформування|про реформування|щодо реформування|при реформуванню|при реформуванні|для реформування|у реформуванню|у реформуванні|на основі реформування
L	3046	видати безкоштовного квитка по посвідченню
M	3046	UPPERCASE_SENTENCE_START		0	6	Other	Це речення не починається з великої літери.	Видати
M	3046	UK_SIMPLE_REPLACE_SOFT		7	20	Other	«безкоштовного» — нерекомендоване слово, кращий варіант: безплатний.	безплатний
M	3046	po_v_mis_vs_z_v_rod	2	28	42	Hint	Прийменник "по" найпевніше вжито неправильно, в багатьох випадках (крім темпоральних) краще вжити інші варіанти (з прийм. з, за, на, про, щодо, при, для у, або без прийменника	з посвідчення|посвідчення|за посвідчення|на посвідчення|про посвідчення|щодо посвідчення|при посвідченню|при посвідченні|для посвідчення|у посвідченню|у посвідченні|на основі посвідчення
L	3047	плескав людей по плечах
M	3047	UPPERCASE_SENTENCE_START		0	7	Other	Це речення не починається з великої літери.	Плескав
L	3048	в ґайдлайні ВООЗ по лікуванню
M	3048	UPPERCASE_SENTENCE_START		0	1	Other	Це речення не починається з великої літери.	В
L	3049	несправедливість по відношенню
M	3049	UPPERCASE_SENTENCE_START		0	16	Other	Це речення не починається з великої літери.	Несправедливість
L	3050	Сидів цей Іщук по обвинуваченню
L	3051	якщо брати по навантаженню оподаткування
M	3051	UPPERCASE_SENTENCE_START		0	4	Other	Це речення не починається з великої літери.	Якщо
L	3052	сусід по квартирі
M	3052	UPPERCASE_SENTENCE_START		0	5	Other	Це речення не починається з великої літери.	Сусід
L	3053	потік шумів по камінні
M	3053	UPPERCASE_SENTENCE_START		0	5	Other	Це речення не починається з великої літери.	Потік
L	3054	черговому по відділенню внутрішніх справ
M	3054	UPPERCASE_SENTENCE_START		0	9	Other	Це речення не починається з великої літери.	Черговому
L	3055	риботорговельного
M	3055	torgovelnyi_vs_torgivelnyi	1	0	17	Hint	Правильно (аналогічно до купівельний, будівельний...): <suggestion>риботоргівельного</suggestion>	риботоргівельного
L	3056	Торговельного
M	3056	torgovelnyi_vs_torgivelnyi	1	0	13	Hint	Правильно (аналогічно до купівельний, будівельний...): <suggestion>Торгівельного</suggestion>	Торгівельного
L	3057	торгівля
L	3058	він являється символом
M	3058	UPPERCASE_SENTENCE_START		0	3	Other	Це речення не починається з великої літери.	Він
M	3058	javlyatysia_vs_buty	1	4	13	Hint	Правильно: <suggestion>є</suggestion>	є
L	3059	являється мені вечорами
M	3059	UPPERCASE_SENTENCE_START		0	9	Other	Це речення не починається з великої літери.	Являється
L	3060	являється місцевим мешканцям
M	3060	UPPERCASE_SENTENCE_START		0	9	Other	Це речення не починається з великої літери.	Являється
L	3061	двічі являтися під однією маскою
M	3061	UPPERCASE_SENTENCE_START		0	5	Other	Це речення не починається з великої літери.	Двічі
L	3062	Петром І
M	3062	UK_MIXED_ALPHABETS		7	8	Other	Вжито кириличну літеру замість латинської	I
L	3063	НАЦІЯ І НАРОД
L	3064	І все
L	3065	у І ст.
M	3065	UPPERCASE_SENTENCE_START		0	1	Other	Це речення не починається з великої літери.	У
M	3065	UK_MIXED_ALPHABETS		2	3	Other	Вжито кириличну літеру замість латинської	I
L	3066	НАЦІЯ І НАРОД
L	3067	І все
L	3068	у І кварталі
M	3068	UPPERCASE_SENTENCE_START		0	1	Other	Це речення не починається з великої літери.	У
M	3068	UK_MIXED_ALPHABETS		2	3	Other	Вжито кириличну літеру замість латинської	I
L	3069	НАЦІЯ І НАРОД
L	3070	І все
L	3071	коли ми з І.
M	3071	UPPERCASE_SENTENCE_START		0	4	Other	Це речення не починається з великої літери.	Коли
M	3071	UK_MIXED_ALPHABETS		10	11	Other	Вжито кириличну літеру замість латинської	I
L	3072	ЗА І ПРОТИ
L	3073	в) третій пункт
L	3074	а)
L	3075	(я воно і є)
L	3076	(символ: і)
L	3077	(23 г)
L	3078	будинок номер 17-а.
M	3078	UPPERCASE_SENTENCE_START		0	7	Other	Це речення не починається з великої літери.	Будинок
L	3079	№50/17-а.
L	3080	17-а сторінка.
M	3080	numr_suffix_pravopys	2	0	4	Other	За чинним правописом не нарощуємо числівника в позначенні певного року (але нарощуємо, якщо проміжок), століття, тисячоліття як дат, а також сторінки видання	17
L	3081	На вул. Рубчака 17-а.
L	3082	вул. Чорновола, 45-а згорів
M	3082	UPPERCASE_SENTENCE_START		0	4	Other	Це речення не починається з великої літери.	Вул.
L	3083	Головна 45-а бригада
M	3083	numr_suffix_recommend	3	8	12	Other	Якщо порядковий числівник закінчується на приголосний або на йотований ю, ї, пишемо тільки останню букву, а інакше - дві останні.	45-ша|45-га|45-та|45-ма
L	3084	17-а сторінка.
M	3084	numr_suffix_pravopys	2	0	4	Other	За чинним правописом не нарощуємо числівника в позначенні певного року (але нарощуємо, якщо проміжок), століття, тисячоліття як дат, а також сторінки видання	17
L	3085	Чорновола, 45-а.
L	3086	– Хрещатик, 42-а)
L	3087	Головна 45-а бригада
M	3087	numr_suffix_recommend	3	8	12	Other	Якщо порядковий числівник закінчується на приголосний або на йотований ю, ї, пишемо тільки останню букву, а інакше - дві останні.	45-ша|45-га|45-та|45-ма
L	3088	і ска зав.
M	3088	UPPERCASE_SENTENCE_START		0	1	Other	Це речення не починається з великої літери.	І
M	3088	MORFOLOGIK_RULE_UK_UA		2	5	Other	Потенційна орфографічна помилка	
L	3089	стилем ска
M	3089	UPPERCASE_SENTENCE_START		0	6	Other	Це речення не починається з великої літери.	Стилем
L	3090	І природній силі.
L	3091	на дорожній розмітці.
M	3091	UPPERCASE_SENTENCE_START		0	2	Other	Це речення не починається з великої літери.	На
L	3092	природня
M	3092	archaism	1	0	8	Hint	Це слово або форма є застарілою, архаїчною або діалектною.	
L	3093	І природнім
M	3093	archaism	1	2	11	Hint	Це слово або форма є застарілою, архаїчною або діалектною.	
L	3094	дорожному
M	3094	UK_SIMPLE_REPLACE		0	9	Other	Неправильно написане слово.	Дорожному|дорожньому|дорожчому
L	3095	на Росію.
M	3095	UPPERCASE_SENTENCE_START		0	2	Other	Це речення не починається з великої літери.	На
L	3096	на Москву-ріку.
M	3096	UPPERCASE_SENTENCE_START		0	2	Other	Це речення не починається з великої літери.	На
L	3097	на УКРАЇНУ.
M	3097	UPPERCASE_SENTENCE_START		0	2	Other	Це речення не починається з великої літери.	На
L	3098	на росію
M	3098	UPPERCASE_SENTENCE_START		0	2	Other	Це речення не починається з великої літери.	На
M	3098	ALT_SPELLING	1	3	8	Other	Слово, написане не за чинним правописом	
L	3099	з Адель.
M	3099	UPPERCASE_SENTENCE_START		0	1	Other	Це речення не починається з великої літери.	З
M	3099	ALT_SPELLING	1	2	7	Other	Слово, написане не за чинним правописом	
L	3100	Адель прийшла додому
L	3101	побачив Аду.
M	3101	UPPERCASE_SENTENCE_START		0	7	Other	Це речення не починається з великої літери.	Побачив
L	3102	до Аду
M	3102	UPPERCASE_SENTENCE_START		0	2	Other	Це речення не починається з великої літери.	До
L	3103	він запостив у ФБ.
M	3103	UPPERCASE_SENTENCE_START		0	3	Other	Це речення не починається з великої літери.	Він
L	3104	капостити
L	3105	І численних налетів.
M	3105	UK_SIMPLE_REPLACE		12	19	Other	Неправильно написане слово.	
L	3106	на їх налетів
M	3106	UPPERCASE_SENTENCE_START		0	2	Other	Це речення не починається з великої літери.	На
M	3106	UK_PREP_NOUN_INFLECTION_AGREEMENT		6	13	Other	Прийменник «на» вимагає іншого відмінка: знахідний, місцевий, а знайдено: родовий	налетів|налетах|налети
L	3107	На адресу редакції.
L	3108	вітального адресу
M	3108	UPPERCASE_SENTENCE_START		0	10	Other	Це речення не починається з великої літери.	Вітального
L	3109	На його адресу редакції.
L	3110	вітального адресу
M	3110	UPPERCASE_SENTENCE_START		0	10	Other	Це речення не починається з великої літери.	Вітального
L	3111	члени журі.
M	3111	UPPERCASE_SENTENCE_START		0	5	Other	Це речення не починається з великої літери.	Члени
L	3112	глибокої журі
M	3112	UPPERCASE_SENTENCE_START		0	8	Other	Це речення не починається з великої літери.	Глибокої
L	3113	грошову заставу.
M	3113	UPPERCASE_SENTENCE_START		0	7	Other	Це речення не починається з великої літери.	Грошову
L	3114	грошового заставу
M	3114	UPPERCASE_SENTENCE_START		0	9	Other	Це речення не починається з великої літери.	Грошового
L	3115	заплатили заставу.
M	3115	UPPERCASE_SENTENCE_START		0	9	Other	Це речення не починається з великої літери.	Заплатили
L	3116	грошового заставу
M	3116	UPPERCASE_SENTENCE_START		0	9	Other	Це речення не починається з великої літери.	Грошового
L	3117	І злісного мотиву.
L	3118	злісна
L	3119	І квартального звіту.
L	3120	ква
L	3121	І лісного масиву.
L	3122	ква
L	3123	до вашого метода.
M	3123	UPPERCASE_SENTENCE_START		0	2	Other	Це речення не починається з великої літери.	До
M	3123	SUBSTANDARD_FORMS	1	10	16	Other	Ця форма не відповідає мовній нормі	
L	3124	така метода
M	3124	UPPERCASE_SENTENCE_START		0	4	Other	Це речення не починається з великої літери.	Така
L	3125	в основі метода.
M	3125	UPPERCASE_SENTENCE_START		0	1	Other	Це речення не починається з великої літери.	В
M	3125	SUBSTANDARD_FORMS	1	9	15	Other	Ця форма не відповідає мовній нормі	
L	3126	своя метода
M	3126	UPPERCASE_SENTENCE_START		0	4	Other	Це речення не починається з великої літери.	Своя
L	3127	Шановні депутати, якщо
L	3128	ті шановні депутати,
M	3128	UPPERCASE_SENTENCE_START		0	2	Other	Це речення не починається з великої літери.	Ті
L	3129	— шановні колеги, якщо
L	3130	ті шановні депутати,
M	3130	UPPERCASE_SENTENCE_START		0	2	Other	Це речення не починається з великої літери.	Ті
L	3131	Шановні депутати і позафракційні
M	3131	EUPHONY_CONJ_I_Y	3	17	18	Hint	Після голосної зі звуком і/и варто писати й або та: депутати <suggestion>й</suggestion> позафракційні, депутати <suggestion>та</suggestion> позафракційні	й|та
L	3132	Шановні народні депутати та гості
L	3133	ті шановні депутати,
M	3133	UPPERCASE_SENTENCE_START		0	2	Other	Це речення не починається з великої літери.	Ті
L	3134	, шановні депутати і позафракційні
M	3134	EUPHONY_CONJ_I_Y	3	19	20	Hint	Після голосної зі звуком і/и варто писати й або та: депутати <suggestion>й</suggestion> позафракційні, депутати <suggestion>та</suggestion> позафракційні	й|та
L	3135	і «шановні народні депутати та гості
M	3135	UPPERCASE_SENTENCE_START		0	1	Other	Це речення не починається з великої літери.	І
L	3136	ті шановні депутати,
M	3136	UPPERCASE_SENTENCE_START		0	2	Other	Це речення не починається з великої літери.	Ті
L	3137	в УМЕ.
M	3137	UPPERCASE_SENTENCE_START		0	1	Other	Це речення не починається з великої літери.	В
M	3137	MORFOLOGIK_RULE_UK_UA		2	5	Other	Потенційна орфографічна помилка	
L	3138	УКРАЇНО
L	3139	в президенти.
M	3139	UPPERCASE_SENTENCE_START		0	1	Other	Це речення не починається з великої літери.	В
L	3140	Друже!
L	3141	О люди!
L	3142	та панове!
M	3142	UPPERCASE_SENTENCE_START		0	2	Other	Це речення не починається з великої літери.	Та
L	3143	самого відома.
M	3143	UPPERCASE_SENTENCE_START		0	6	Other	Це речення не починається з великої літери.	Самого
L	3144	відома акторко!
M	3144	UPPERCASE_SENTENCE_START		0	6	Other	Це речення не починається з великої літери.	Відома
L	3145	іроде злий!
M	3145	UPPERCASE_SENTENCE_START		0	5	Other	Це речення не починається з великої літери.	Іроде
L	3146	Встань, історичний народе,
L	3147	Ти для нас, зухвалий Лесю,
L	3148	Друже!
L	3149	О люди!
L	3150	панове!
M	3150	UPPERCASE_SENTENCE_START		0	6	Other	Це речення не починається з великої літери.	Панове
L	3151	О Травню! Радості годино!
M	3151	vocative_inanim	1	18	24	Hint	Форми кличного відмінку для неістот мають обмежене вживання.	
L	3152	та панове!
M	3152	UPPERCASE_SENTENCE_START		0	2	Other	Це речення не починається з великої літери.	Та
L	3153	та панове журналісти!
M	3153	UPPERCASE_SENTENCE_START		0	2	Other	Це речення не починається з великої літери.	Та
L	3154	пане Іване
M	3154	UPPERCASE_SENTENCE_START		0	4	Other	Це речення не починається з великої літери.	Пане
L	3155	і Іване
M	3155	UPPERCASE_SENTENCE_START		0	1	Other	Це речення не починається з великої літери.	І
L	3156	Вельмишановний Миколо Яновичу!
L	3157	що хотів сказати мені Миколо?
M	3157	UPPERCASE_SENTENCE_START		0	2	Other	Це речення не починається з великої літери.	Що
L	3158	дай нам Мамо
M	3158	UPPERCASE_SENTENCE_START		0	3	Other	Це речення не починається з великої літери.	Дай
L	3159	Стережися, вся Європо,
M	3159	UK_ADJ_NOUN_INFLECTION_AGREEMENT		11	21	Other	Потенційна помилка: прикметник не узгоджений з іменником: "вся": [ж.р.: називний] і "Європо": [ж.р.: кличний]	вся Європа
L	3160	я тебе, сяка-така душе,
M	3160	UPPERCASE_SENTENCE_START		0	1	Other	Це речення не починається з великої літери.	Я
M	3160	UK_ADJ_NOUN_INFLECTION_AGREEMENT		8	22	Other	Потенційна помилка: прикметник не узгоджений з іменником: "сяка-така": [ж.р.: називний] і "душе": [ж.р.: кличний]	сяка-така душа
L	3161	зненавиджений хлопче,
M	3161	UPPERCASE_SENTENCE_START		0	13	Other	Це речення не починається з великої літери.	Зненавиджений
L	3162	Олегу Ляшко це не сподобалося
M	3162	INFLECTION_MALE_LAST_NAME	1	6	11	Other	Чоловіче прізвище відмінюється разом з іменем	
L	3163	Дивись, Олегу, ...
L	3164	Марусю, зрозумій
L	3165	Слухай, Маріє Поліщук!
L	3166	Олегу!
L	3167	Олеже
L	3168	Ти для нас, зухвалий Лесю,
L	3169	Шановний Арсенію Петровичу!
L	3170	Шановний пане Андрію Садовий
L	3171	Моя люба Олю,
L	3172	Вельмишановний Миколо Яновичу!
L	3173	що ти хотів сказати мені Миколо?
M	3173	UPPERCASE_SENTENCE_START		0	2	Other	Це речення не починається з великої літери.	Що
L	3174	Максименку пощастило
L	3175	Петровський!
L	3176	Максименку!
L	3177	Романишине
L	3178	Отакі президенти.
L	3179	Записався в його шанувальники.
L	3180	Пішов в президенти.
L	3181	кандидат в народні депутати.
M	3181	UPPERCASE_SENTENCE_START		0	8	Other	Це речення не починається з великої літери.	Кандидат
L	3182	потім в «чиновники»
M	3182	UPPERCASE_SENTENCE_START		0	5	Other	Це речення не починається з великої літери.	Потім
L	3183	поміж люди
M	3183	UPPERCASE_SENTENCE_START		0	5	Other	Це речення не починається з великої літери.	Поміж
L	3184	менше ніж 1.
M	3184	UPPERCASE_SENTENCE_START		0	5	Other	Це речення не починається з великої літери.	Менше
L	3185	сталевий ніж
M	3185	UPPERCASE_SENTENCE_START		0	8	Other	Це речення не починається з великої літери.	Сталевий
L	3186	і загалом мав успіх.
M	3186	UPPERCASE_SENTENCE_START		0	1	Other	Це речення не починається з великої літери.	І
L	3187	широким загалом
M	3187	UPPERCASE_SENTENCE_START		0	7	Other	Це речення не починається з великої літери.	Широким
L	3188	голова ради.
M	3188	UPPERCASE_SENTENCE_START		0	6	Other	Це речення не починається з великої літери.	Голова
L	3189	могли дати ради.
M	3189	UPPERCASE_SENTENCE_START		0	5	Other	Це речення не починається з великої літери.	Могли
L	3190	сама рада.
M	3190	UPPERCASE_SENTENCE_START		0	4	Other	Це речення не починається з великої літери.	Сама
L	3191	у Верховну Раду.
M	3191	UPPERCASE_SENTENCE_START		0	1	Other	Це речення не починається з великої літери.	У
L	3192	не міг дати собі ради.
M	3192	UPPERCASE_SENTENCE_START		0	2	Other	Це речення не починається з великої літери.	Не
L	3193	сама рада.
M	3193	UPPERCASE_SENTENCE_START		0	4	Other	Це речення не починається з великої літери.	Сама
L	3194	у Раду Міністрів.
M	3194	UPPERCASE_SENTENCE_START		0	1	Other	Це речення не починається з великої літери.	У
L	3195	не міг дати собі ради.
M	3195	UPPERCASE_SENTENCE_START		0	2	Other	Це речення не починається з великої літери.	Не
L	3196	рада і весела
M	3196	UPPERCASE_SENTENCE_START		0	4	Other	Це речення не починається з великої літери.	Рада
L	3197	у Раду І скликання.
M	3197	UPPERCASE_SENTENCE_START		0	1	Other	Це речення не починається з великої літери.	У
M	3197	UK_MIXED_ALPHABETS		7	8	Other	Вжито кириличну літеру замість латинської	I
L	3198	не міг дати собі ради.
M	3198	UPPERCASE_SENTENCE_START		0	2	Other	Це речення не починається з великої літери.	Не
L	3199	рада і весела
M	3199	UPPERCASE_SENTENCE_START		0	4	Other	Це речення не починається з великої літери.	Рада
L	3200	таємну раду.
M	3200	UPPERCASE_SENTENCE_START		0	6	Other	Це речення не починається з великої літери.	Таємну
L	3201	вона й рада старатися
M	3201	UPPERCASE_SENTENCE_START		0	4	Other	Це речення не починається з великої літери.	Вона
L	3202	в Раду.
M	3202	UPPERCASE_SENTENCE_START		0	1	Other	Це речення не починається з великої літери.	В
L	3203	не міг дати собі ради.
M	3203	UPPERCASE_SENTENCE_START		0	2	Other	Це речення не починається з великої літери.	Не
L	3204	сама рада.
M	3204	UPPERCASE_SENTENCE_START		0	4	Other	Це речення не починається з великої літери.	Сама
L	3205	вибирати до ради.
M	3205	UPPERCASE_SENTENCE_START		0	8	Other	Це речення не починається з великої літери.	Вибирати
L	3206	ради дітей
M	3206	UPPERCASE_SENTENCE_START		0	4	Other	Це речення не починається з великої літери.	Ради
L	3207	і Христа ради.
M	3207	UPPERCASE_SENTENCE_START		0	1	Other	Це речення не починається з великої літери.	І
L	3208	ради колективу
M	3208	UPPERCASE_SENTENCE_START		0	4	Other	Це речення не починається з великої літери.	Ради
L	3209	ради цього міста
M	3209	UPPERCASE_SENTENCE_START		0	4	Other	Це речення не починається з великої літери.	Ради
L	3210	і ради бога.
M	3210	UPPERCASE_SENTENCE_START		0	1	Other	Це речення не починається з великої літери.	І
L	3211	ради колективу
M	3211	UPPERCASE_SENTENCE_START		0	4	Other	Це речення не починається з великої літери.	Ради
L	3212	ради цього міста
M	3212	UPPERCASE_SENTENCE_START		0	4	Other	Це речення не починається з великої літери.	Ради
L	3213	, доки міг.
L	3214	вони всі доки в цьому
M	3214	UPPERCASE_SENTENCE_START		0	4	Other	Це речення не починається з великої літери.	Вони
L	3215	на Русі.
M	3215	UPPERCASE_SENTENCE_START		0	2	Other	Це речення не починається з великої літери.	На
L	3216	дав Русі книжку.
M	3216	UPPERCASE_SENTENCE_START		0	3	Other	Це речення не починається з великої літери.	Дав
L	3217	з самого рана.
M	3217	UPPERCASE_SENTENCE_START		0	1	Other	Це речення не починається з великої літери.	З
L	3218	відкрита рана
M	3218	UPPERCASE_SENTENCE_START		0	8	Other	Це речення не починається з великої літери.	Відкрита
L	3219	з ранку рана.
M	3219	UPPERCASE_SENTENCE_START		0	1	Other	Це речення не починається з великої літери.	З
L	3220	відкрита рано
M	3220	UPPERCASE_SENTENCE_START		0	8	Other	Це речення не починається з великої літери.	Відкрита
L	3221	другий рік.
M	3221	UPPERCASE_SENTENCE_START		0	6	Other	Це речення не починається з великої літери.	Другий
L	3222	вже зараз.
M	3222	UPPERCASE_SENTENCE_START		0	3	Other	Це речення не починається з великої літери.	Вже
L	3223	різних рік
M	3223	UPPERCASE_SENTENCE_START		0	6	Other	Це речення не починається з великої літери.	Різних
L	3224	багато рік
M	3224	UPPERCASE_SENTENCE_START		0	6	Other	Це речення не починається з великої літери.	Багато
L	3225	багато зараз
M	3225	UPPERCASE_SENTENCE_START		0	6	Other	Це речення не починається з великої літери.	Багато
L	3226	з-під важких вік
M	3226	UPPERCASE_SENTENCE_START		0	5	Other	Це речення не починається з великої літери.	З-під
L	3227	з 2003 року.
M	3227	UPPERCASE_SENTENCE_START		0	1	Other	Це речення не починається з великої літери.	З
L	3228	від класичної та етнічної до авангардного року.
M	3228	UPPERCASE_SENTENCE_START		0	3	Other	Це речення не починається з великої літери.	Від
L	3229	позаминулого року.
M	3229	UPPERCASE_SENTENCE_START		0	12	Other	Це речення не починається з великої літери.	Позаминулого
L	3230	з грудня минулого року.
M	3230	UPPERCASE_SENTENCE_START		0	1	Other	Це речення не починається з великої літери.	З
L	3231	від класичної та етнічної до авангардного року.
M	3231	UPPERCASE_SENTENCE_START		0	3	Other	Це речення не починається з великої літери.	Від
L	3232	з 2003 року.
M	3232	UPPERCASE_SENTENCE_START		0	1	Other	Це речення не починається з великої літери.	З
L	3233	середнього віку.
M	3233	UPPERCASE_SENTENCE_START		0	10	Other	Це речення не починається з великої літери.	Середнього
L	3234	важке віко
M	3234	UPPERCASE_SENTENCE_START		0	5	Other	Це речення не починається з великої літери.	Важке
L	3235	такі різні фактори.
M	3235	UPPERCASE_SENTENCE_START		0	4	Other	Це речення не починається з великої літери.	Такі
L	3236	кривавої різні
M	3236	UPPERCASE_SENTENCE_START		0	8	Other	Це речення не починається з великої літери.	Кривавої
L	3237	після тої кривавої різні грабіжники пішли далі
M	3237	UPPERCASE_SENTENCE_START		0	5	Other	Це речення не починається з великої літери.	Після
L	3238	до різні корів
M	3238	UPPERCASE_SENTENCE_START		0	2	Other	Це речення не починається з великої літери.	До
L	3239	менше 0.
M	3239	UPPERCASE_SENTENCE_START		0	5	Other	Це речення не починається з великої літери.	Менше
L	3240	більше двох.
M	3240	UPPERCASE_SENTENCE_START		0	6	Other	Це речення не починається з великої літери.	Більше
L	3241	більше поняття
M	3241	UPPERCASE_SENTENCE_START		0	6	Other	Це речення не починається з великої літери.	Більше
L	3242	більше колесо
M	3242	UPPERCASE_SENTENCE_START		0	6	Other	Це речення не починається з великої літери.	Більше
L	3243	більше того
M	3243	UPPERCASE_SENTENCE_START		0	6	Other	Це речення не починається з великої літери.	Більше
L	3244	більше ворогів.
M	3244	UPPERCASE_SENTENCE_START		0	6	Other	Це речення не починається з великої літери.	Більше
L	3245	більше поняття
M	3245	UPPERCASE_SENTENCE_START		0	6	Other	Це речення не починається з великої літери.	Більше
L	3246	більше колесо
M	3246	UPPERCASE_SENTENCE_START		0	6	Other	Це речення не починається з великої літери.	Більше
L	3247	більше, ніж їх.
M	3247	UPPERCASE_SENTENCE_START		0	6	Other	Це речення не починається з великої літери.	Більше
L	3248	більше поняття
M	3248	UPPERCASE_SENTENCE_START		0	6	Other	Це речення не починається з великої літери.	Більше
L	3249	більше колесо
M	3249	UPPERCASE_SENTENCE_START		0	6	Other	Це речення не починається з великої літери.	Більше
L	3250	більше пасувало
M	3250	UPPERCASE_SENTENCE_START		0	6	Other	Це речення не починається з великої літери.	Більше
L	3251	більше поняття
M	3251	UPPERCASE_SENTENCE_START		0	6	Other	Це речення не починається з великої літери.	Більше
L	3252	більше колесо
M	3252	UPPERCASE_SENTENCE_START		0	6	Other	Це речення не починається з великої літери.	Більше
L	3253	Ба більше,
L	3254	більше поняття
M	3254	UPPERCASE_SENTENCE_START		0	6	Other	Це речення не починається з великої літери.	Більше
L	3255	більше колесо
M	3255	UPPERCASE_SENTENCE_START		0	6	Other	Це речення не починається з великої літери.	Більше
L	3256	швидше за все
M	3256	UPPERCASE_SENTENCE_START		0	6	Other	Це речення не починається з великої літери.	Швидше
L	3257	швидше сходження
M	3257	UPPERCASE_SENTENCE_START		0	6	Other	Це речення не починається з великої літери.	Швидше
L	3258	І найкраще буде поїхати зараз.
L	3259	І швидше поїде.
L	3260	найкраще село
M	3260	UPPERCASE_SENTENCE_START		0	8	Other	Це речення не починається з великої літери.	Найкраще
L	3261	краще національне життя
M	3261	UPPERCASE_SENTENCE_START		0	5	Other	Це речення не починається з великої літери.	Краще
L	3262	за краще брати
M	3262	UPPERCASE_SENTENCE_START		0	2	Other	Це речення не починається з великої літери.	За
L	3263	життя краще буде
M	3263	UPPERCASE_SENTENCE_START		0	5	Other	Це речення не починається з великої літери.	Життя
L	3264	І раніше поїхати.
L	3265	І раніше бозна-що було.
L	3266	як жити дальше.
M	3266	UPPERCASE_SENTENCE_START		0	2	Other	Це речення не починається з великої літери.	Як
M	3266	archaism	1	8	14	Hint	Це слово або форма є застарілою, архаїчною або діалектною.	
L	3267	а раніше заняття
M	3267	UPPERCASE_SENTENCE_START		0	1	Other	Це речення не починається з великої літери.	А
L	3268	вище досягнення
M	3268	UPPERCASE_SENTENCE_START		0	4	Other	Це речення не починається з великої літери.	Вище
L	3269	вище російське начальство
M	3269	UPPERCASE_SENTENCE_START		0	4	Other	Це речення не починається з великої літери.	Вище
L	3270	дальше навчання
M	3270	UPPERCASE_SENTENCE_START		0	6	Other	Це речення не починається з великої літери.	Дальше
L	3271	в дуже добре.
M	3271	UPPERCASE_SENTENCE_START		0	1	Other	Це речення не починається з великої літери.	В
L	3272	дуже тіло
M	3272	UPPERCASE_SENTENCE_START		0	4	Other	Це речення не починається з великої літери.	Дуже
L	3273	, схоже, він все знав
M	3273	UK_SIMPLE_REPLACE		2	7	Other	«схоже» - помилкове слово, виправлення: видно, виглядає, видається.	видно|виглядає|видається
L	3274	схоже явище
M	3274	UPPERCASE_SENTENCE_START		0	5	Other	Це речення не починається з великої літери.	Схоже
L	3275	І схоже, він все знав
M	3275	UK_SIMPLE_REPLACE		2	7	Other	«схоже» - помилкове слово, виправлення: видно, виглядає, видається.	видно|виглядає|видається
L	3276	схоже явище
M	3276	UPPERCASE_SENTENCE_START		0	5	Other	Це речення не починається з великої літери.	Схоже
L	3277	І схоже на пляму.
L	3278	схоже
L	3279	щось схоже і тут.
M	3279	UPPERCASE_SENTENCE_START		0	4	Other	Це речення не починається з великої літери.	Щось
L	3280	схоже
L	3281	стояли біля витоків.
M	3281	UPPERCASE_SENTENCE_START		0	6	Other	Це речення не починається з великої літери.	Стояли
M	3281	vytoky_vs_dzherela	1	12	19	Other	У значенні «початок» правильно: <suggestion>джерел</suggestion>	джерел|початків
L	3282	витоки річки
M	3282	vytoky_vs_dzherela	1	0	6	Other	У значенні «початок» правильно: <suggestion>джерела</suggestion>	джерела|початки
L	3283	історичні витоки.
M	3283	UPPERCASE_SENTENCE_START		0	9	Other	Це речення не починається з великої літери.	Історичні
M	3283	vytoky_vs_dzherela	1	10	16	Other	У значенні «початок» правильно: <suggestion>джерела</suggestion>	джерела|початки
L	3284	витоки річки
M	3284	vytoky_vs_dzherela	1	0	6	Other	У значенні «початок» правильно: <suggestion>джерела</suggestion>	джерела|початки
L	3285	витоки річки.
M	3285	vytoky_vs_dzherela	1	0	6	Other	У значенні «початок» правильно: <suggestion>джерела</suggestion>	джерела|початки
L	3286	витоки інформації
M	3286	UPPERCASE_SENTENCE_START		0	6	Other	Це речення не починається з великої літери.	Витоки
L	3287	значних витоків інформації.
M	3287	UPPERCASE_SENTENCE_START		0	7	Other	Це речення не починається з великої літери.	Значних
L	3288	витоки річки
M	3288	vytoky_vs_dzherela	1	0	6	Other	У значенні «початок» правильно: <suggestion>джерела</suggestion>	джерела|початки
L	3289	зумисних витоків.
M	3289	UPPERCASE_SENTENCE_START		0	8	Other	Це речення не починається з великої літери.	Зумисних
L	3290	витоки і причини
M	3290	vytoky_vs_dzherela	1	0	6	Other	У значенні «початок» правильно: <suggestion>джерела</suggestion>	джерела|початки
M	3290	EUPHONY_CONJ_I_Y	3	7	8	Hint	Після голосної зі звуком і/и варто писати й або та: витоки <suggestion>й</suggestion> причини, витоки <suggestion>та</suggestion> причини	й|та
L	3291	депутатського корпусу.
M	3291	UPPERCASE_SENTENCE_START		0	13	Other	Це речення не починається з великої літери.	Депутатського
L	3292	корпусу тіла
M	3292	UPPERCASE_SENTENCE_START		0	7	Other	Це речення не починається з великої літери.	Корпусу
L	3293	корпусу вартових.
M	3293	UPPERCASE_SENTENCE_START		0	7	Other	Це речення не починається з великої літери.	Корпусу
L	3294	корпусу тіла
M	3294	UPPERCASE_SENTENCE_START		0	7	Other	Це речення не починається з великої літери.	Корпусу
L	3295	корпусу тіла.
M	3295	UPPERCASE_SENTENCE_START		0	7	Other	Це речення не починається з великої літери.	Корпусу
L	3296	корпусу
L	3297	залізну штабу.
M	3297	UPPERCASE_SENTENCE_START		0	7	Other	Це речення не починається з великої літери.	Залізну
L	3298	штабу корпусу
M	3298	UPPERCASE_SENTENCE_START		0	5	Other	Це речення не починається з великої літери.	Штабу
L	3299	другу штабу.
M	3299	UPPERCASE_SENTENCE_START		0	5	Other	Це речення не починається з великої літери.	Другу
L	3300	другий штаб
M	3300	UPPERCASE_SENTENCE_START		0	6	Other	Це речення не починається з великої літери.	Другий
L	3301	генерального штабу.
M	3301	UPPERCASE_SENTENCE_START		0	12	Other	Це речення не починається з великої літери.	Генерального
L	3302	штаб
L	3303	штабу флоту.
M	3303	UPPERCASE_SENTENCE_START		0	5	Other	Це речення не починається з великої літери.	Штабу
L	3304	штаб
L	3305	тренерського штабу.
M	3305	UPPERCASE_SENTENCE_START		0	12	Other	Це речення не починається з великої літери.	Тренерського
L	3306	штабу
L	3307	свого життя.
M	3307	UPPERCASE_SENTENCE_START		0	5	Other	Це речення не починається з великої літери.	Свого
L	3308	три життя
M	3308	UPPERCASE_SENTENCE_START		0	3	Other	Це речення не починається з великої літери.	Три
L	3309	рівня життя.
M	3309	UPPERCASE_SENTENCE_START		0	5	Other	Це речення не починається з великої літери.	Рівня
L	3310	три життя
M	3310	UPPERCASE_SENTENCE_START		0	3	Other	Це речення не починається з великої літери.	Три
L	3311	на це питання.
M	3311	UPPERCASE_SENTENCE_START		0	2	Other	Це речення не починається з великої літери.	На
L	3312	ці питання
M	3312	UPPERCASE_SENTENCE_START		0	2	Other	Це речення не починається з великої літери.	Ці
L	3313	цього питання.
M	3313	UPPERCASE_SENTENCE_START		0	5	Other	Це речення не починається з великої літери.	Цього
L	3314	ці питання
M	3314	UPPERCASE_SENTENCE_START		0	2	Other	Це речення не починається з великої літери.	Ці
L	3315	до країни.
M	3315	UPPERCASE_SENTENCE_START		0	2	Other	Це речення не починається з великої літери.	До
L	3316	дві країни
M	3316	UPPERCASE_SENTENCE_START		0	3	Other	Це речення не починається з великої літери.	Дві
L	3317	глави країни.
M	3317	UPPERCASE_SENTENCE_START		0	5	Other	Це речення не починається з великої літери.	Глави
L	3318	усіх глав держав
M	3318	UPPERCASE_SENTENCE_START		0	4	Other	Це речення не починається з великої літери.	Усіх
L	3319	нашої країни.
M	3319	UPPERCASE_SENTENCE_START		0	5	Other	Це речення не починається з великої літери.	Нашої
L	3320	дві країни
M	3320	UPPERCASE_SENTENCE_START		0	3	Other	Це речення не починається з великої літери.	Дві
L	3321	досвід роботи.
M	3321	UPPERCASE_SENTENCE_START		0	6	Other	Це речення не починається з великої літери.	Досвід
L	3322	для роботи.
M	3322	UPPERCASE_SENTENCE_START		0	3	Other	Це речення не починається з великої літери.	Для
L	3323	залізні роботи
M	3323	UPPERCASE_SENTENCE_START		0	7	Other	Це речення не починається з великої літери.	Залізні
L	3324	будівельні роботи.
M	3324	UPPERCASE_SENTENCE_START		0	10	Other	Це речення не починається з великої літери.	Будівельні
L	3325	залізні роботи
M	3325	UPPERCASE_SENTENCE_START		0	7	Other	Це речення не починається з великої літери.	Залізні
L	3326	на роботу.
M	3326	UPPERCASE_SENTENCE_START		0	2	Other	Це речення не починається з великої літери.	На
L	3327	залізному роботу
M	3327	UPPERCASE_SENTENCE_START		0	9	Other	Це речення не починається з великої літери.	Залізному
L	3328	роз'яснювальну роботу.
M	3328	UPPERCASE_SENTENCE_START		0	14	Other	Це речення не починається з великої літери.	Роз'яснювальну
L	3329	залізному роботу
M	3329	UPPERCASE_SENTENCE_START		0	9	Other	Це речення не починається з великої літери.	Залізному
L	3330	і добре усвідомлює.
M	3330	UPPERCASE_SENTENCE_START		0	1	Other	Це речення не починається з великої літери.	І
L	3331	добре печиво
M	3331	UPPERCASE_SENTENCE_START		0	5	Other	Це речення не починається з великої літери.	Добре
L	3332	і добре організована праця.
M	3332	UPPERCASE_SENTENCE_START		0	1	Other	Це речення не починається з великої літери.	І
L	3333	добре печиво
M	3333	UPPERCASE_SENTENCE_START		0	5	Other	Це речення не починається з великої літери.	Добре
L	3334	і добре відома праця.
M	3334	UPPERCASE_SENTENCE_START		0	1	Other	Це речення не починається з великої літери.	І
L	3335	добре печиво
M	3335	UPPERCASE_SENTENCE_START		0	5	Other	Це речення не починається з великої літери.	Добре
L	3336	нового вектора.
M	3336	UPPERCASE_SENTENCE_START		0	6	Other	Це речення не починається з великої літери.	Нового
L	3337	нового енергоблоку.
M	3337	UK_ADJ_NOUN_INFLECTION_AGREEMENT		0	18	Other	Потенційна помилка: прикметник не узгоджений з іменником: "нового": [ч.р.: родовий, знахідний (іст.), с.р.: родовий] і "енергоблоку": [ч.р.: давальний, місцевий]. Можливо, вжито невнормований родовий відмінок ч.р. з закінченням -у/-ю замість -а/-я (така тенденція є в сучасній мові)?	нового енергоблока|новому енергоблоку|новім енергоблоку
L	3338	нового студент навчатися не хоче
M	3338	UPPERCASE_SENTENCE_START		0	6	Other	Це речення не починається з великої літери.	Нового
L	3339	нового шляху.
M	3339	UPPERCASE_SENTENCE_START		0	6	Other	Це речення не починається з великої літери.	Нового
L	3340	першого року.
M	3340	UPPERCASE_SENTENCE_START		0	7	Other	Це речення не починається з великої літери.	Першого
L	3341	навчатися нового
M	3341	UPPERCASE_SENTENCE_START		0	9	Other	Це речення не починається з великої літери.	Навчатися
L	3342	новим шляхом.
M	3342	UPPERCASE_SENTENCE_START		0	5	Other	Це речення не починається з великої літери.	Новим
L	3343	першим сонцем.
M	3343	UPPERCASE_SENTENCE_START		0	6	Other	Це речення не починається з великої літери.	Першим
L	3344	навчатися нового
M	3344	UPPERCASE_SENTENCE_START		0	9	Other	Це речення не починається з великої літери.	Навчатися
L	3345	у першому ряду.
M	3345	UPPERCASE_SENTENCE_START		0	1	Other	Це речення не починається з великої літери.	У
L	3346	навчатися нового
M	3346	UPPERCASE_SENTENCE_START		0	9	Other	Це речення не починається з великої літери.	Навчатися
L	3347	у майбутньому.
M	3347	UPPERCASE_SENTENCE_START		0	1	Other	Це речення не починається з великої літери.	У
L	3348	у найближчому майбутньому.
M	3348	UPPERCASE_SENTENCE_START		0	1	Other	Це речення не починається з великої літери.	У
L	3349	навчатися нового
M	3349	UPPERCASE_SENTENCE_START		0	9	Other	Це речення не починається з великої літери.	Навчатися
L	3350	в майбутньому словнику
M	3350	UPPERCASE_SENTENCE_START		0	1	Other	Це речення не починається з великої літери.	В
L	3351	до сучасного складу.
M	3351	UPPERCASE_SENTENCE_START		0	2	Other	Це речення не починається з великої літери.	До
L	3352	минулого і сучасного
M	3352	UPPERCASE_SENTENCE_START		0	8	Other	Це речення не починається з великої літери.	Минулого
L	3353	новорічні свята.
M	3353	UPPERCASE_SENTENCE_START		0	9	Other	Це речення не починається з великої літери.	Новорічні
L	3354	різдвяного свята.
M	3354	UPPERCASE_SENTENCE_START		0	10	Other	Це речення не починається з великої літери.	Різдвяного
L	3355	на свята.
M	3355	UPPERCASE_SENTENCE_START		0	2	Other	Це речення не починається з великої літери.	На
L	3356	інша свята людина.
M	3356	UPPERCASE_SENTENCE_START		0	4	Other	Це речення не починається з великої літери.	Інша
L	3357	юна гостя свята Марина.
M	3357	UPPERCASE_SENTENCE_START		0	3	Other	Це речення не починається з великої літери.	Юна
L	3358	свята Марина.
M	3358	UPPERCASE_SENTENCE_START		0	5	Other	Це речення не починається з великої літери.	Свята
L	3359	на свята.
M	3359	UPPERCASE_SENTENCE_START		0	2	Other	Це речення не починається з великої літери.	На
L	3360	до свята.
M	3360	UPPERCASE_SENTENCE_START		0	2	Other	Це речення не починається з великої літери.	До
L	3361	свята людина.
M	3361	UPPERCASE_SENTENCE_START		0	5	Other	Це речення не починається з великої літери.	Свята
L	3362	до святого Миколая.
M	3362	UPPERCASE_SENTENCE_START		0	2	Other	Це речення не починається з великої літери.	До
L	3363	без святого слова.
M	3363	UPPERCASE_SENTENCE_START		0	3	Other	Це речення не починається з великої літери.	Без
L	3364	до цього святого.
M	3364	UPPERCASE_SENTENCE_START		0	2	Other	Це речення не починається з великої літери.	До
L	3365	на цьому святі життя.
M	3365	UPPERCASE_SENTENCE_START		0	2	Other	Це речення не починається з великої літери.	На
L	3366	з усіх зимових свят він любив оце
M	3366	UPPERCASE_SENTENCE_START		0	1	Other	Це речення не починається з великої літери.	З
L	3367	Після свят дідуха спалювали
L	3368	на святі гурманів
M	3368	UPPERCASE_SENTENCE_START		0	2	Other	Це речення не починається з великої літери.	На
L	3369	на святі Катерини Білокур.
M	3369	UPPERCASE_SENTENCE_START		0	2	Other	Це речення не починається з великої літери.	На
L	3370	до податкової інспекції.
M	3370	UPPERCASE_SENTENCE_START		0	2	Other	Це речення не починається з великої літери.	До
L	3371	пішов до податкової.
M	3371	UPPERCASE_SENTENCE_START		0	5	Other	Це речення не починається з великої літери.	Пішов
L	3372	місцевим радам.
M	3372	UPPERCASE_SENTENCE_START		0	8	Other	Це речення не починається з великої літери.	Місцевим
L	3373	дати на горіхи місцевим
M	3373	UPPERCASE_SENTENCE_START		0	4	Other	Це речення не починається з великої літери.	Дати
L	3374	на Донеччину.
M	3374	UPPERCASE_SENTENCE_START		0	2	Other	Це речення не починається з великої літери.	На
L	3375	донеччину сукню
M	3375	UPPERCASE_SENTENCE_START		0	9	Other	Це речення не починається з великої літери.	Донеччину
L	3376	він з Луцька.
M	3376	UPPERCASE_SENTENCE_START		0	3	Other	Це речення не починається з великої літери.	Він
L	3377	Луцька область.
L	3378	ця історія в Луцьку.
M	3378	UPPERCASE_SENTENCE_START		0	2	Other	Це речення не починається з великої літери.	Ця
L	3379	в Донецьку область.
M	3379	UPPERCASE_SENTENCE_START		0	1	Other	Це речення не починається з великої літери.	В
L	3380	в Донецьку та Луганську область.
M	3380	UPPERCASE_SENTENCE_START		0	1	Other	Це речення не починається з великої літери.	В
L	3381	національної збірної.
M	3381	UPPERCASE_SENTENCE_START		0	12	Other	Це речення не починається з великої літери.	Національної
L	3382	збірної солянки
M	3382	UPPERCASE_SENTENCE_START		0	7	Other	Це речення не починається з великої літери.	Збірної
L	3383	до збірної Іспанії.
M	3383	UPPERCASE_SENTENCE_START		0	2	Other	Це речення не починається з великої літери.	До
L	3384	збірна команда
M	3384	UPPERCASE_SENTENCE_START		0	6	Other	Це речення не починається з великої літери.	Збірна
L	3385	усіх батьків викликали
M	3385	UPPERCASE_SENTENCE_START		0	4	Other	Це речення не починається з великої літери.	Усіх
L	3386	батьків гнів був страшний
M	3386	UPPERCASE_SENTENCE_START		0	7	Other	Це речення не починається з великої літери.	Батьків
L	3387	на батьків погляд
M	3387	UPPERCASE_SENTENCE_START		0	2	Other	Це речення не починається з великої літери.	На
L	3388	до батьків.
M	3388	UPPERCASE_SENTENCE_START		0	2	Other	Це речення не починається з великої літери.	До
L	3389	батьків гнів був страшний
M	3389	UPPERCASE_SENTENCE_START		0	7	Other	Це речення не починається з великої літери.	Батьків
L	3390	гірші за батькові.
M	3390	UPPERCASE_SENTENCE_START		0	5	Other	Це речення не починається з великої літери.	Гірші
L	3391	1023 лікарів у лікарні.
L	3392	Лікарів підхід був простий.
L	3393	Рада міністрів провела засідання,
L	3394	міністрів портфель
M	3394	UPPERCASE_SENTENCE_START		0	9	Other	Це речення не починається з великої літери.	Міністрів
L	3395	Рада суддів провела засідання,
L	3396	суддів гаманець
M	3396	UPPERCASE_SENTENCE_START		0	6	Other	Це речення не починається з великої літери.	Суддів
L	3397	Прийшов у робочий кабінет.
L	3398	Робочий не хотів працювати.
L	3399	отримав вчений ступінь.
M	3399	UPPERCASE_SENTENCE_START		0	7	Other	Це речення не починається з великої літери.	Отримав
M	3399	vchenyi_stupin	1	8	14	Other	Правильно: <suggestion>науковий</suggestion>	науковий
L	3400	вчений винайшов форумул.
M	3400	UPPERCASE_SENTENCE_START		0	6	Other	Це речення не починається з великої літери.	Вчений
M	3400	MORFOLOGIK_RULE_UK_UA		16	23	UnknownWord	Знайдено потенційну орфографічну помилку.	форуму|формул|фору мул|форуму л
L	3401	до української нації.
M	3401	UPPERCASE_SENTENCE_START		0	2	Other	Це речення не починається з великої літери.	До
L	3402	до української медичної системи.
M	3402	UPPERCASE_SENTENCE_START		0	2	Other	Це речення не починається з великої літери.	До
L	3403	різними мовами, зокрема українською.
M	3403	UPPERCASE_SENTENCE_START		0	7	Other	Це речення не починається з великої літери.	Різними
L	3404	англійською, українською дівчина говорила вільно.
M	3404	UPPERCASE_SENTENCE_START		0	11	Other	Це речення не починається з великої літери.	Англійською
L	3405	втонув по п'яні.
M	3405	UPPERCASE_SENTENCE_START		0	6	Other	Це речення не починається з великої літери.	Втонув
M	3405	po_pyani	1	7	15	Other	Правильно: <suggestion>по п'яному</suggestion>	по п'яному|напідпитку|з п'яних очей
L	3406	всі вони п'яні
M	3406	UPPERCASE_SENTENCE_START		0	3	Other	Це речення не починається з великої літери.	Всі
L	3407	всі п'яні.
M	3407	UPPERCASE_SENTENCE_START		0	3	Other	Це речення не починається з великої літери.	Всі
L	3408	благочинну акцію.
M	3408	UK_SIMPLE_REPLACE		0	10	Other	«благочинну» - помилкове слово, виправлення: доброчинний, благодійний, пристойний.	доброчинний|благодійний|пристойний
L	3409	глянув на благочинну
M	3409	UPPERCASE_SENTENCE_START		0	6	Other	Це речення не починається з великої літери.	Глянув
M	3409	archaism	1	10	20	Hint	Це слово або форма є застарілою, архаїчною або діалектною.	
L	3410	військових частин.
M	3410	UPPERCASE_SENTENCE_START		0	10	Other	Це речення не починається з великої літери.	Військових
L	3411	для наших військових.
M	3411	UPPERCASE_SENTENCE_START		0	3	Other	Це речення не починається з великої літери.	Для
L	3412	для наших військових.
M	3412	UPPERCASE_SENTENCE_START		0	3	Other	Це речення не починається з великої літери.	Для
L	3413	цивільних та військових.
M	3413	UPPERCASE_SENTENCE_START		0	9	Other	Це речення не починається з великої літери.	Цивільних
L	3414	для наших військових частин.
M	3414	UPPERCASE_SENTENCE_START		0	3	Other	Це речення не починається з великої літери.	Для
L	3415	військового стану.
M	3415	UPPERCASE_SENTENCE_START		0	11	Other	Це речення не починається з великої літери.	Військового
L	3416	підійшли до військового.
M	3416	UPPERCASE_SENTENCE_START		0	8	Other	Це речення не починається з великої літери.	Підійшли
L	3417	на підтримку пораненого військового Романа Шевченка
M	3417	UPPERCASE_SENTENCE_START		0	2	Other	Це речення не починається з великої літери.	На
L	3418	після кар'єри військового Ян Собеський...
M	3418	UPPERCASE_SENTENCE_START		0	5	Other	Це речення не починається з великої літери.	Після
L	3419	старого друга.
M	3419	UPPERCASE_SENTENCE_START		0	7	Other	Це речення не починається з великої літери.	Старого
L	3420	інша друга.
M	3420	UPPERCASE_SENTENCE_START		0	4	Other	Це речення не починається з великої літери.	Інша
L	3421	сорок друга.
M	3421	UPPERCASE_SENTENCE_START		0	5	Other	Це речення не починається з великої літери.	Сорок
L	3422	друга частина
M	3422	UPPERCASE_SENTENCE_START		0	5	Other	Це речення не починається з великої літери.	Друга
L	3423	його друга дружина.
M	3423	UPPERCASE_SENTENCE_START		0	4	Other	Це речення не починається з великої літери.	Його
L	3424	сто друга частина.
M	3424	UPPERCASE_SENTENCE_START		0	3	Other	Це речення не починається з великої літери.	Сто
L	3425	старого друга.
M	3425	UPPERCASE_SENTENCE_START		0	7	Other	Це речення не починається з великої літери.	Старого
L	3426	до його друга.
M	3426	UPPERCASE_SENTENCE_START		0	2	Other	Це речення не починається з великої літери.	До
L	3427	а друга - в місті.
M	3427	UPPERCASE_SENTENCE_START		0	1	Other	Це речення не починається з великої літери.	А
L	3428	старого друга.
M	3428	UPPERCASE_SENTENCE_START		0	7	Other	Це речення не починається з великої літери.	Старого
L	3429	в грудні 1929 р.
M	3429	UPPERCASE_SENTENCE_START		0	1	Other	Це речення не починається з великої літери.	В
L	3430	грудні діти.
M	3430	HRUDNI_DITY	1	0	11	Other	Правильно: <suggestion>немовля</suggestion>, <suggestion>пригрудне дитя</suggestion>, <suggestion>пригрудча</suggestion>	немовля|пригрудне дитя|пригрудча
L	3431	23 лютого
L	3432	такого лютого морозу
M	3432	UPPERCASE_SENTENCE_START		0	6	Other	Це речення не починається з великої літери.	Такого
L	3433	в лютому 2014
M	3433	UPPERCASE_SENTENCE_START		0	1	Other	Це речення не починається з великої літери.	В
L	3434	лютого морозу
M	3434	UPPERCASE_SENTENCE_START		0	6	Other	Це речення не починається з великої літери.	Лютого
L	3435	на чайній церемонії
M	3435	UPPERCASE_SENTENCE_START		0	2	Other	Це речення не починається з великої літери.	На
L	3436	меню чайних і ресторанів
M	3436	UPPERCASE_SENTENCE_START		0	4	Other	Це речення не починається з великої літери.	Меню
L	3437	А свого роду маніфест.
L	3438	при порівнянні.
M	3438	PRY_PORIVNYANNI	1	0	14	Other	Правильно: <suggestion>як порівняти</suggestion>, <suggestion>порівнюючи</suggestion>, <suggestion>з порівняння</suggestion>	як порівняти|порівнюючи|з порівняння
L	3439	вони порівнянні.
M	3439	UPPERCASE_SENTENCE_START		0	4	Other	Це речення не починається з великої літери.	Вони
L	3440	у парку.
M	3440	UPPERCASE_SENTENCE_START		0	1	Other	Це речення не починається з великої літери.	У
L	3441	парку сорочку.
M	3441	UPPERCASE_SENTENCE_START		0	5	Other	Це речення не починається з великої літери.	Парку
L	3442	національному парку.
M	3442	UPPERCASE_SENTENCE_START		0	13	Other	Це речення не починається з великої літери.	Національному
L	3443	його парку сорочку.
M	3443	UPPERCASE_SENTENCE_START		0	4	Other	Це речення не починається з великої літери.	Його
L	3444	парку сорочку.
M	3444	UPPERCASE_SENTENCE_START		0	5	Other	Це речення не починається з великої літери.	Парку
L	3445	200 тис. чоловік.
M	3445	SUBSTANDARD_FORMS	1	9	16	Other	Ця форма не відповідає мовній нормі	
L	3446	10 чоловік і жінок
M	3446	UK_NUMR_NOUN_INFLECTION_AGREEMENT		0	10	Other	Потенційна помилка: числівник не узгоджений з іменником: "10" вимагає: [мн.: родовий], а далі йде "чоловік": [ч.р.: називний]	10 чоловіків
L	3447	79-річний чоловік багато жартував
L	3448	1 чоловік.
M	3448	cholovik_with_numr	1	2	9	Hint	Деякі мовні стилісти радять вживати «осіб»: 1 <suggestion>осіб</suggestion>	осіб
L	3449	чоловік з 10.
M	3449	SUBSTANDARD_FORMS	1	0	7	Other	Ця форма не відповідає мовній нормі	
L	3450	чоловік 30-35 років
M	3450	UPPERCASE_SENTENCE_START		0	7	Other	Це речення не починається з великої літери.	Чоловік
L	3451	мамин чоловік із двома його дітьми
M	3451	UPPERCASE_SENTENCE_START		0	5	Other	Це речення не починається з великої літери.	Мамин
L	3452	її чоловік не спав.
M	3452	UPPERCASE_SENTENCE_START		0	2	Other	Це речення не починається з великої літери.	Її
L	3453	Єсть!
M	3453	UK_SIMPLE_REPLACE		0	4	Other	«Єсть» - помилкове слово, виправлення: так.	Так
L	3454	Єсть, товаришу майоре!
M	3454	UK_SIMPLE_REPLACE		0	4	Other	«Єсть» - помилкове слово, виправлення: так.	Так
L	3455	Єсть пробігтися до берега!
M	3455	UK_SIMPLE_REPLACE		0	4	Other	«Єсть» - помилкове слово, виправлення: так.	Так
L	3456	чи єсть у нас культура
M	3456	UPPERCASE_SENTENCE_START		0	2	Other	Це речення не починається з великої літери.	Чи
M	3456	archaism	1	3	7	Hint	Це слово або форма є застарілою, архаїчною або діалектною.	
L	3457	червоний стяг майорів
M	3457	UPPERCASE_SENTENCE_START		0	8	Other	Це речення не починається з великої літери.	Червоний
L	3458	і стяг черевики
M	3458	UPPERCASE_SENTENCE_START		0	1	Other	Це речення не починається з великої літери.	І
L	3459	і коли те буде
M	3459	UPPERCASE_SENTENCE_START		0	1	Other	Це речення не починається з великої літери.	І
L	3460	Рви, ріж, коли!
L	3461	запитали коли він їде.
M	3461	UPPERCASE_SENTENCE_START		0	8	Other	Це речення не починається з великої літери.	Запитали
L	3462	дерев'яні коли.
M	3462	UPPERCASE_SENTENCE_START		0	9	Other	Це речення не починається з великої літери.	Дерев'яні
L	3463	позабивати коли.
M	3463	UPPERCASE_SENTENCE_START		0	10	Other	Це речення не починається з великої літери.	Позабивати
L	3464	від випитої коли.
M	3464	UPPERCASE_SENTENCE_START		0	3	Other	Це речення не починається з великої літери.	Від
L	3465	Двох незалежних держав.
L	3466	держав її в своїх руках.
M	3466	UPPERCASE_SENTENCE_START		0	6	Other	Це речення не починається з великої літери.	Держав
M	3466	EUPHONY_PREP_V_U	3	10	11	Hint	Перед словами, що починаються на в, ф або збігом приголосних із в, ф пишемо у: <suggestion>у</suggestion> своїх	у
L	3467	мінеральних добрив.
M	3467	UPPERCASE_SENTENCE_START		0	11	Other	Це речення не починається з великої літери.	Мінеральних
L	3468	він добрив обличчя
M	3468	UPPERCASE_SENTENCE_START		0	3	Other	Це речення не починається з великої літери.	Він
L	3469	до військового стану.
M	3469	UPPERCASE_SENTENCE_START		0	2	Other	Це речення не починається з великої літери.	До
M	3469	VOYENNYI_VS_VIYSKOVY	2	3	14	Hint	У значенні: який стосується війни, вживаємо: <suggestion>воєнного</suggestion>	воєнного
L	3470	і стану міцнішим.
M	3470	UPPERCASE_SENTENCE_START		0	1	Other	Це речення не починається з великої літери.	І
L	3471	грошовий потік.
M	3471	UPPERCASE_SENTENCE_START		0	8	Other	Це речення не починається з великої літери.	Грошовий
L	3472	струмок потік вниз
M	3472	UPPERCASE_SENTENCE_START		0	7	Other	Це речення не починається з великої літери.	Струмок
L	3473	побачили «вживу»
M	3473	UPPERCASE_SENTENCE_START		0	8	Other	Це речення не починається з великої літери.	Побачили
M	3473	UK_SIMPLE_REPLACE		10	15	Other	«вживу» - помилкове слово, виправлення: наживо, особисто, безпосередньо, віч-на-віч, наочно; на власні очі.	наживо|особисто|безпосередньо|віч-на-віч|наочно; на власні очі
L	3474	я вживу заходів
M	3474	UPPERCASE_SENTENCE_START		0	1	Other	Це речення не починається з великої літери.	Я
L	3475	я вживу таких заходів
M	3475	UPPERCASE_SENTENCE_START		0	1	Other	Це речення не починається з великої літери.	Я
L	3476	я вживу його не бачив
M	3476	UPPERCASE_SENTENCE_START		0	1	Other	Це речення не починається з великої літери.	Я
M	3476	UK_SIMPLE_REPLACE		2	7	Other	«вживу» - помилкове слово, виправлення: наживо, особисто, безпосередньо, віч-на-віч, наочно; на власні очі.	наживо|особисто|безпосередньо|віч-на-віч|наочно; на власні очі
L	3477	побачили вживу.
M	3477	UPPERCASE_SENTENCE_START		0	8	Other	Це речення не починається з великої літери.	Побачили
M	3477	UK_SIMPLE_REPLACE		9	14	Other	«вживу» - помилкове слово, виправлення: наживо, особисто, безпосередньо, віч-на-віч, наочно; на власні очі.	наживо|особисто|безпосередньо|віч-на-віч|наочно; на власні очі
L	3478	він відкрито живе
M	3478	UPPERCASE_SENTENCE_START		0	3	Other	Це речення не починається з великої літери.	Він
L	3479	відкрито формулу
M	3479	UPPERCASE_SENTENCE_START		0	8	Other	Це речення не починається з великої літери.	Відкрито
L	3480	відкрито було журнал
M	3480	UPPERCASE_SENTENCE_START		0	8	Other	Це речення не починається з великої літери.	Відкрито
L	3481	Йому кажуть: «Дій!».
L	3482	З усіх дій, ці треба зробити.
L	3483	Сума дій дорівнює нулю.
L	3484	Йди і дій!
M	3484	EUPHONY_CONJ_I_Y	3	4	5	Hint	Після голосної зі звуком і/и варто писати й або та: Йди <suggestion>й</suggestion> дій, Йди <suggestion>та</suggestion> дій	й|та
L	3485	я дію рішуче.
M	3485	UPPERCASE_SENTENCE_START		0	1	Other	Це речення не починається з великої літери.	Я
L	3486	про дію фільтру
M	3486	UPPERCASE_SENTENCE_START		0	3	Other	Це речення не починається з великої літери.	Про
M	3486	token_agreement_noun_noun	1	8	15	Other	Можливо, має бути р.в.: <suggestion>фільтра</suggestion>?	фільтра
L	3487	про дію фільтру.
M	3487	UPPERCASE_SENTENCE_START		0	3	Other	Це речення не починається з великої літери.	Про
M	3487	token_agreement_noun_noun	1	8	15	Other	Можливо, має бути р.в.: <suggestion>фільтра</suggestion>?	фільтра
L	3488	я дію рішуче
M	3488	UPPERCASE_SENTENCE_START		0	1	Other	Це речення не починається з великої літери.	Я
L	3489	Не стало води у річці.
L	3490	Не стало води
L	3491	не води мене колами.
M	3491	UPPERCASE_SENTENCE_START		0	2	Other	Це речення не починається з великої літери.	Не
L	3492	він, розуміється, все сказав.
M	3492	UPPERCASE_SENTENCE_START		0	3	Other	Це речення не починається з великої літери.	Він
M	3492	rozumiyetsa_insert	1	5	16	Other	Правильно: <suggestion>певна річ</suggestion>, <suggestion>звичайно</suggestion>	певна річ|звичайно|звісно|певне
L	3493	Він розуміється на цьому.
L	3494	він розуміється на цьому.
M	3494	UPPERCASE_SENTENCE_START		0	3	Other	Це речення не починається з великої літери.	Він
L	3495	він на цьому розуміється.
M	3495	UPPERCASE_SENTENCE_START		0	3	Other	Це речення не починається з великої літери.	Він
L	3496	він, розуміється, програв
M	3496	UPPERCASE_SENTENCE_START		0	3	Other	Це речення не починається з великої літери.	Він
M	3496	rozumiyetsa_insert	1	5	16	Other	Правильно: <suggestion>певна річ</suggestion>, <suggestion>звичайно</suggestion>	певна річ|звичайно|звісно|певне
L	3497	він жив не бідно.
M	3497	UPPERCASE_SENTENCE_START		0	3	Other	Це речення не починається з великої літери.	Він
L	3498	не віддам доки жив.
M	3498	UPPERCASE_SENTENCE_START		0	2	Other	Це речення не починається з великої літери.	Не
L	3499	взяло за живе.
M	3499	UPPERCASE_SENTENCE_START		0	5	Other	Це речення не починається з великої літери.	Взяло
L	3500	де вона живе.
M	3500	UPPERCASE_SENTENCE_START		0	2	Other	Це речення не починається з великої літери.	Де
L	3501	хто живе тут.
M	3501	UPPERCASE_SENTENCE_START		0	3	Other	Це речення не починається з великої літери.	Хто
L	3502	живе і неживе.
M	3502	UPPERCASE_SENTENCE_START		0	4	Other	Це речення не починається з великої літери.	Живе
L	3503	Дмитро живе тут.
L	3504	живе і неживе.
M	3504	UPPERCASE_SENTENCE_START		0	4	Other	Це речення не починається з великої літери.	Живе
L	3505	Із пристрою.
M	3505	EUPHONY_PREP_Z_IZ_ZI	2	0	2	Hint	Після голосної та на початку речення перед приголосною (крім с, ш) вживаємо з: <suggestion>з</suggestion> пристрою	З
L	3506	я його десь пристрою.
M	3506	UPPERCASE_SENTENCE_START		0	1	Other	Це речення не починається з великої літери.	Я
L	3507	Випити чаю
L	3508	душі не чаю в доньці
M	3508	UPPERCASE_SENTENCE_START		0	4	Other	Це речення не починається з великої літери.	Душі
L	3509	Не допомогло хворій
L	3510	Не хворій!
L	3511	і уяви собі
M	3511	UPPERCASE_SENTENCE_START		0	1	Other	Це речення не починається з великої літери.	І
L	3512	такої уяви
M	3512	UPPERCASE_SENTENCE_START		0	5	Other	Це речення не починається з великої літери.	Такої
L	3513	здобув вищу освіту.
M	3513	UPPERCASE_SENTENCE_START		0	6	Other	Це речення не починається з великої літери.	Здобув
L	3514	я вищу, як дурний
M	3514	UPPERCASE_SENTENCE_START		0	1	Other	Це речення не починається з великої літери.	Я
L	3515	очі їй засвітились при згадці про свого штурманця
M	3515	UPPERCASE_SENTENCE_START		0	3	Other	Це речення не починається з великої літери.	Очі
M	3515	MORFOLOGIK_RULE_UK_UA		40	49	UnknownWord	Знайдено потенційну орфографічну помилку.	штурманці|штурханця|штурман ця
L	3516	Давай! При в ту сторону!
L	3517	2-3 розділи.
L	3518	а хліб розділи
M	3518	UPPERCASE_SENTENCE_START		0	1	Other	Це речення не починається з великої літери.	А
L	3519	розділи на три частини
M	3519	UPPERCASE_SENTENCE_START		0	7	Other	Це речення не починається з великої літери.	Розділи
L	3520	розділи 2, 3, 4.
M	3520	UPPERCASE_SENTENCE_START		0	7	Other	Це речення не починається з великої літери.	Розділи
L	3521	а хліб розділи
M	3521	UPPERCASE_SENTENCE_START		0	1	Other	Це речення не починається з великої літери.	А
L	3522	розділи 4 на 2
M	3522	UPPERCASE_SENTENCE_START		0	7	Other	Це речення не починається з великої літери.	Розділи
L	3523	є власні правила.
M	3523	UPPERCASE_SENTENCE_START		0	1	Other	Це речення не починається з великої літери.	Є
L	3524	правила світом
M	3524	UPPERCASE_SENTENCE_START		0	7	Other	Це речення не починається з великої літери.	Правила
L	3525	тут правила династія Мін
M	3525	UPPERCASE_SENTENCE_START		0	3	Other	Це речення не починається з великої літери.	Тут
L	3526	правила за нічний столик
M	3526	UPPERCASE_SENTENCE_START		0	7	Other	Це речення не починається з великої літери.	Правила
L	3527	що правила у неї за опояску
M	3527	UPPERCASE_SENTENCE_START		0	2	Other	Це речення не починається з великої літери.	Що
L	3528	і власне правило.
M	3528	UPPERCASE_SENTENCE_START		0	1	Other	Це речення не починається з великої літери.	І
L	3529	правило світом
M	3529	UPPERCASE_SENTENCE_START		0	7	Other	Це речення не починається з великої літери.	Правило
L	3530	правило за нічний столик
M	3530	UPPERCASE_SENTENCE_START		0	7	Other	Це речення не починається з великої літери.	Правило
L	3531	тут правило свавілля
M	3531	UPPERCASE_SENTENCE_START		0	3	Other	Це речення не починається з великої літери.	Тут
L	3532	що правило у неї за опояску
M	3532	UPPERCASE_SENTENCE_START		0	2	Other	Це речення не починається з великої літери.	Що
L	3533	за мету.
M	3533	UPPERCASE_SENTENCE_START		0	2	Other	Це речення не починається з великої літери.	За
L	3534	Я мету.
L	3535	я буду там.
M	3535	UPPERCASE_SENTENCE_START		0	1	Other	Це речення не починається з великої літери.	Я
L	3536	пішов у буду.
M	3536	UPPERCASE_SENTENCE_START		0	5	Other	Це речення не починається з великої літери.	Пішов
L	3537	звідтам буду мести.
M	3537	UPPERCASE_SENTENCE_START		0	7	Other	Це речення не починається з великої літери.	Звідтам
L	3538	дерев'яну буду.
M	3538	UPPERCASE_SENTENCE_START		0	9	Other	Це речення не починається з великої літери.	Дерев'яну
L	3539	поліз у буду.
M	3539	UPPERCASE_SENTENCE_START		0	5	Other	Це речення не починається з великої літери.	Поліз
L	3540	і одяг.
M	3540	UPPERCASE_SENTENCE_START		0	1	Other	Це речення не починається з великої літери.	І
L	3541	Він одяг пальто.
L	3542	мав назву.
M	3542	UPPERCASE_SENTENCE_START		0	3	Other	Це речення не починається з великої літери.	Мав
L	3543	я назву два з них
M	3543	UPPERCASE_SENTENCE_START		0	1	Other	Це речення не починається з великої літери.	Я
L	3544	заробітній плати.
M	3544	UK_ADJ_NOUN_INFLECTION_AGREEMENT		0	16	Other	Потенційна помилка: прикметник не узгоджений з іменником: "заробітній": [ж.р.: давальний, місцевий] і "плати": [ж.р.: родовий, мн.: називний, знахідний]	заробітній платі|заробітної плати|заробітні плати
L	3545	Ану плати!
L	3546	було визначено торік.
M	3546	UPPERCASE_SENTENCE_START		0	4	Other	Це речення не починається з великої літери.	Було
L	3547	провенційне жури.
M	3547	MORFOLOGIK_RULE_UK_UA		0	11	UnknownWord	Знайдено потенційну орфографічну помилку.	Провінційне|Превенційне
L	3548	не жури себе
M	3548	UPPERCASE_SENTENCE_START		0	2	Other	Це речення не починається з великої літери.	Не
L	3549	своїм мрій.
M	3549	UK_ADJ_NOUN_INFLECTION_AGREEMENT		0	10	Other	Потенційна помилка: прикметник не узгоджений з іменником: "своїм": [ч.р.: орудний, місцевий, с.р.: орудний, місцевий, мн.: давальний] і "мрій": [мн.: родовий]	своїм мріям|своїх мрій
L	3550	І не мрій!
L	3551	три посади.
M	3551	UPPERCASE_SENTENCE_START		0	3	Other	Це речення не починається з великої літери.	Три
L	3552	по сій традиції.
M	3552	UPPERCASE_SENTENCE_START		0	2	Other	Це речення не починається з великої літери.	По
M	3552	archaism	1	3	6	Hint	Це слово або форма є застарілою, архаїчною або діалектною.	
L	3553	Піди посади картоплю!
L	3554	хоч голий ходи
M	3554	UPPERCASE_SENTENCE_START		0	3	Other	Це речення не починається з великої літери.	Хоч
L	3555	Ори, сій, жни
L	3556	Заміть сказати «дякую»
M	3556	MORFOLOGIK_RULE_UK_UA		0	6	UnknownWord	Знайдено потенційну орфографічну помилку.	Замість|Задміть|Займіть|Замаїть|Замніть|Замріть|Замчіть|Наміть|Хаміть|За міть
L	3557	- Заміть, не я це почав.
M	3557	archaism	1	2	8	Hint	Це слово або форма є застарілою, архаїчною або діалектною.	
L	3558	в усі сторони
M	3558	UPPERCASE_SENTENCE_START		0	1	Other	Це речення не починається з великої літери.	В
L	3559	в усі наші будинки
M	3559	UPPERCASE_SENTENCE_START		0	1	Other	Це речення не починається з великої літери.	В
L	3560	усі негрошові аспекти
M	3560	UPPERCASE_SENTENCE_START		0	3	Other	Це речення не починається з великої літери.	Усі
L	3561	в усі почалося запалення
M	3561	UPPERCASE_SENTENCE_START		0	1	Other	Це речення не починається з великої літери.	В
L	3562	тихо як в усі
M	3562	UPPERCASE_SENTENCE_START		0	4	Other	Це речення не починається з великої літери.	Тихо
L	3563	Розповів про це свято.
L	3564	а це сталося не вчора
M	3564	UPPERCASE_SENTENCE_START		0	1	Other	Це речення не починається з великої літери.	А
L	3565	— Це врятовано Юліаном
M	3565	passive_predicate	1	5	22	Hint	Замість пасивних конструкцій із діячем (наприклад, нами розглянуто) рекомендовано вживати активні конструкції (ми розглянули)	
L	3566	І тим більше.
L	3567	тим вечором
M	3567	vechorom	1	0	11	Other	У функції прислівника замість «вечором» треба писати: <suggestion>увечері</suggestion>	увечері|того вечора
L	3568	чим більше навантаження, тим більше сила
M	3568	UPPERCASE_SENTENCE_START		0	3	Other	Це речення не починається з великої літери.	Чим
L	3569	Разом з тим університетам цього не дозволяють.
L	3570	тим вечором
M	3570	vechorom	1	0	11	Other	У функції прислівника замість «вечором» треба писати: <suggestion>увечері</suggestion>	увечері|того вечора
L	3571	А тим часом.
L	3572	тим більше
M	3572	UPPERCASE_SENTENCE_START		0	3	Other	Це речення не починається з великої літери.	Тим
L	3573	тим сонцем
M	3573	UPPERCASE_SENTENCE_START		0	3	Other	Це речення не починається з великої літери.	Тим
L	3574	завдяки тим зусиллям
M	3574	UPPERCASE_SENTENCE_START		0	7	Other	Це речення не починається з великої літери.	Завдяки
L	3575	тим окремим подвижникам
M	3575	UPPERCASE_SENTENCE_START		0	3	Other	Це речення не починається з великої літери.	Тим
L	3576	Люди вже тікають
L	3577	Люди не могли
L	3578	Люди не було
L	3579	Даю волю всьому тому злу
L	3580	Тому це не відбулося
L	3581	частину четвертого тому,
M	3581	UPPERCASE_SENTENCE_START		0	7	Other	Це речення не починається з великої літери.	Частину
L	3582	від останнього тому.
M	3582	UPPERCASE_SENTENCE_START		0	3	Other	Це речення не починається з великої літери.	Від
L	3583	З нагоди появи IX тому «Історії України-Руси»
L	3584	Роки півтора тому.
L	3585	Тижні 3 тому.
L	3586	і при тому, не залежав від них
M	3586	UPPERCASE_SENTENCE_START		0	1	Other	Це речення не починається з великої літери.	І
L	3587	Того ж дня
L	3588	поїхав в Того з ранку
M	3588	UPPERCASE_SENTENCE_START		0	6	Other	Це речення не починається з великої літери.	Поїхав
L	3589	таким чином його не взяли.
M	3589	UPPERCASE_SENTENCE_START		0	5	Other	Це речення не починається з великої літери.	Таким
L	3590	став великим чином
M	3590	UPPERCASE_SENTENCE_START		0	4	Other	Це речення не починається з великої літери.	Став
L	3591	а з часом не візьмуть.
M	3591	UPPERCASE_SENTENCE_START		0	1	Other	Це речення не починається з великої літери.	А
L	3592	люди часом заходили
M	3592	UPPERCASE_SENTENCE_START		0	4	Other	Це речення не починається з великої літери.	Люди
L	3593	а тим часом візьмуть.
M	3593	UPPERCASE_SENTENCE_START		0	1	Other	Це речення не починається з великої літери.	А
L	3594	люди часом заходили
M	3594	UPPERCASE_SENTENCE_START		0	4	Other	Це речення не починається з великої літери.	Люди
L	3595	ви будете не проти, що його не візьмуть.
M	3595	UPPERCASE_SENTENCE_START		0	2	Other	Це речення не починається з великої літери.	Ви
L	3596	проти сонця
M	3596	UPPERCASE_SENTENCE_START		0	5	Other	Це речення не починається з великої літери.	Проти
L	3597	проти, наприклад, шахтарів
M	3597	UPPERCASE_SENTENCE_START		0	5	Other	Це речення не починається з великої літери.	Проти
L	3598	чи він не проти попрацювати?
M	3598	UPPERCASE_SENTENCE_START		0	2	Other	Це речення не починається з великої літери.	Чи
L	3599	але проти сонця
M	3599	UPPERCASE_SENTENCE_START		0	3	Other	Це речення не починається з великої літери.	Але
L	3600	чи не проти я попрацювати.
M	3600	UPPERCASE_SENTENCE_START		0	2	Other	Це речення не починається з великої літери.	Чи
L	3601	чи проти Кримський кабмін?
M	3601	UPPERCASE_SENTENCE_START		0	2	Other	Це речення не починається з великої літери.	Чи
L	3602	були проти ті, хто працював
M	3602	UPPERCASE_SENTENCE_START		0	4	Other	Це речення не починається з великої літери.	Були
L	3603	але проти сонця
M	3603	UPPERCASE_SENTENCE_START		0	3	Other	Це речення не починається з великої літери.	Але
L	3604	і проти солдат.
M	3604	UPPERCASE_SENTENCE_START		0	1	Other	Це речення не починається з великої літери.	І
M	3604	UK_PREP_NOUN_INFLECTION_AGREEMENT		8	14	Other	Прийменник «проти» вимагає іншого відмінка: родовий, а знайдено: називний	солдата
L	3605	і проти воли виборців
M	3605	UPPERCASE_SENTENCE_START		0	1	Other	Це речення не починається з великої літери.	І
M	3605	UK_PREP_NOUN_INFLECTION_AGREEMENT		8	12	Other	Прийменник «проти» вимагає іншого відмінка: родовий, а знайдено: називний, знахідний	волів
L	3606	стояти проти сонця.
M	3606	UPPERCASE_SENTENCE_START		0	6	Other	Це речення не починається з великої літери.	Стояти
L	3607	не будете проти,
M	3607	UPPERCASE_SENTENCE_START		0	2	Other	Це речення не починається з великої літери.	Не
L	3608	не будете проти піти
M	3608	UPPERCASE_SENTENCE_START		0	2	Other	Це речення не починається з великої літери.	Не
L	3609	чи не проти я
M	3609	UPPERCASE_SENTENCE_START		0	2	Other	Це речення не починається з великої літери.	Чи
L	3610	але проти Кримський кабмін
M	3610	UPPERCASE_SENTENCE_START		0	3	Other	Це речення не починається з великої літери.	Але
L	3611	проголосували проти та одна утрималася
M	3611	UPPERCASE_SENTENCE_START		0	13	Other	Це речення не починається з великої літери.	Проголосували
L	3612	стояти протягом доби.
M	3612	UPPERCASE_SENTENCE_START		0	6	Other	Це речення не починається з великої літери.	Стояти
L	3613	стояти протягом майже двох діб.
M	3613	UPPERCASE_SENTENCE_START		0	6	Other	Це речення не починається з великої літери.	Стояти
L	3614	стояти протягом усього року.
M	3614	UPPERCASE_SENTENCE_START		0	6	Other	Це речення не починається з великої літери.	Стояти
L	3615	співати протягом
M	3615	UPPERCASE_SENTENCE_START		0	7	Other	Це речення не починається з великої літери.	Співати
L	3616	пройняло протягом
M	3616	UPPERCASE_SENTENCE_START		0	8	Other	Це речення не починається з великої літери.	Пройняло
L	3617	над протягом гаю
M	3617	UPPERCASE_SENTENCE_START		0	3	Other	Це речення не починається з великої літери.	Над
L	3618	обдають протягом її фігурку
M	3618	UPPERCASE_SENTENCE_START		0	7	Other	Це речення не починається з великої літери.	Обдають
L	3619	йти шляхом.
M	3619	UPPERCASE_SENTENCE_START		0	3	Other	Це речення не починається з великої літери.	Йти
L	3620	переконати шляхом примусу.
M	3620	UPPERCASE_SENTENCE_START		0	10	Other	Це речення не починається з великої літери.	Переконати
L	3621	сів на кінець стола.
M	3621	UPPERCASE_SENTENCE_START		0	3	Other	Це речення не починається з великої літери.	Сів
L	3622	сів кінець столу
M	3622	UPPERCASE_SENTENCE_START		0	3	Other	Це речення не починається з великої літери.	Сів
L	3623	Вона сиділа кінець стола
L	3624	прийшов кінець.
M	3624	UPPERCASE_SENTENCE_START		0	7	Other	Це речення не починається з великої літери.	Прийшов
L	3625	сів кінець столу
M	3625	UPPERCASE_SENTENCE_START		0	3	Other	Це речення не починається з великої літери.	Сів
L	3626	Вона сиділа кінець стола
L	3627	навколо своєї осі.
M	3627	UPPERCASE_SENTENCE_START		0	7	Other	Це речення не починається з великої літери.	Навколо
L	3628	з державами осі.
M	3628	UPPERCASE_SENTENCE_START		0	1	Other	Це речення не починається з великої літери.	З
L	3629	на осі були смужки
M	3629	UPPERCASE_SENTENCE_START		0	2	Other	Це речення не починається з великої літери.	На
L	3630	по осі.
M	3630	UPPERCASE_SENTENCE_START		0	2	Other	Це речення не починається з великої літери.	По
L	3631	на осі були смужки
M	3631	UPPERCASE_SENTENCE_START		0	2	Other	Це речення не починається з великої літери.	На
L	3632	по осі ординат.
M	3632	UPPERCASE_SENTENCE_START		0	2	Other	Це речення не починається з великої літери.	По
L	3633	острозький ординат
M	3633	UPPERCASE_SENTENCE_START		0	10	Other	Це речення не починається з великої літери.	Острозький
L	3634	прибув староста ординат Чарковскій
M	3634	UPPERCASE_SENTENCE_START		0	6	Other	Це речення не починається з великої літери.	Прибув
M	3634	MORFOLOGIK_RULE_UK_UA		24	34	UnknownWord	Знайдено потенційну орфографічну помилку.	Марковській|Чайковській|Чаковській|Шарковській|Чарковій
L	3635	для ординати точок.
M	3635	UPPERCASE_SENTENCE_START		0	3	Other	Це речення не починається з великої літери.	Для
L	3636	острозький ординат
M	3636	UPPERCASE_SENTENCE_START		0	10	Other	Це речення не починається з великої літери.	Острозький
L	3637	прибув староста ординат Чарковскій
M	3637	UPPERCASE_SENTENCE_START		0	6	Other	Це речення не починається з великої літери.	Прибув
M	3637	MORFOLOGIK_RULE_UK_UA		24	34	UnknownWord	Знайдено потенційну орфографічну помилку.	Марковській|Чайковській|Чаковській|Шарковській|Чарковій
L	3638	в синьому тумані.
M	3638	UPPERCASE_SENTENCE_START		0	1	Other	Це речення не починається з великої літери.	В
L	3639	тумані
L	3640	керамічна плитка.
M	3640	UPPERCASE_SENTENCE_START		0	9	Other	Це речення не починається з великої літери.	Керамічна
L	3641	ця річка, вона плитка
M	3641	UPPERCASE_SENTENCE_START		0	2	Other	Це речення не починається з великої літери.	Ця
L	3642	державні урядовці.
M	3642	UPPERCASE_SENTENCE_START		0	8	Other	Це речення не починається з великої літери.	Державні
L	3643	цій урядовці
M	3643	UPPERCASE_SENTENCE_START		0	3	Other	Це речення не починається з великої літери.	Цій
L	3644	не знає меж.
M	3644	UPPERCASE_SENTENCE_START		0	2	Other	Це речення не починається з великої літери.	Не
L	3645	хто я меж ними.
M	3645	UPPERCASE_SENTENCE_START		0	3	Other	Це речення не починається з великої літери.	Хто
L	3646	ідуть меж люди.
M	3646	UPPERCASE_SENTENCE_START		0	5	Other	Це речення не починається з великої літери.	Ідуть
L	3647	без меж ділянки.
M	3647	UPPERCASE_SENTENCE_START		0	3	Other	Це речення не починається з великої літери.	Без
L	3648	меж очі
M	3648	UPPERCASE_SENTENCE_START		0	3	Other	Це речення не починається з великої літери.	Меж
L	3649	зміною меж ділянки.
M	3649	UPPERCASE_SENTENCE_START		0	6	Other	Це речення не починається з великої літери.	Зміною
L	3650	меж очі
M	3650	UPPERCASE_SENTENCE_START		0	3	Other	Це речення не починається з великої літери.	Меж
L	3651	і меж території.
M	3651	UPPERCASE_SENTENCE_START		0	1	Other	Це речення не починається з великої літери.	І
L	3652	меж очі
M	3652	UPPERCASE_SENTENCE_START		0	3	Other	Це речення не починається з великої літери.	Меж
L	3653	про всяк випадок.
M	3653	UPPERCASE_SENTENCE_START		0	3	Other	Це речення не починається з великої літери.	Про
L	3654	всяк не вийде
M	3654	UPPERCASE_SENTENCE_START		0	4	Other	Це речення не починається з великої літери.	Всяк
L	3655	Фестиваль короткого метру.
L	3656	На тому метру.
L	3657	Серія Великого шлему.
L	3658	Такого великого шолома.
L	3659	Такому великому шлему.
M	3659	shlem_vs_sholom	1	16	21	Other	Для позначення головного убору потрібно вживати <suggestion>шоломові</suggestion>, <suggestion>шолому</suggestion>	шоломові|шолому
L	3660	Серія Великого шолому.
M	3660	velykyi_sholom	1	15	21	Other	Назва походить від англійського картярського терміна grand slam - укр. великий шлем.	шлему
L	3661	Серія Великого шолому.
M	3661	velykyi_sholom	1	15	21	Other	Назва походить від англійського картярського терміна grand slam - укр. великий шлем.	шлему
L	3662	Такого великого шолома.
L	3663	Від дачі показань.
M	3663	DACHA_VS_DAVANNIA	1	4	17	Other	Правильно: <suggestion>надання показань</suggestion>	надання показань|давання показань|показань
L	3664	На дачу неправдивих свідчень.
M	3664	DACHA_VS_DAVANNIA	1	3	19	Other	Правильно: <suggestion>надання неправдивих</suggestion>	надання неправдивих|давання неправдивих|неправдивих
L	3665	На дачу свідомо неправдивих свідчень.
M	3665	DACHA_VS_DAVANNIA	1	3	15	Other	Правильно: <suggestion>надання свідомо</suggestion>	надання свідомо|давання свідомо|свідомо
L	3666	В мене на дачі.
L	3667	в мене на дачі.
M	3667	UPPERCASE_SENTENCE_START		0	1	Other	Це речення не починається з великої літери.	В
L	3668	На дачу,
L	3669	Від дачі показань.
M	3669	DACHA_VS_DAVANNIA	1	4	17	Other	Правильно: <suggestion>надання показань</suggestion>	надання показань|давання показань|показань
L	3670	на дачі показань.
M	3670	UPPERCASE_SENTENCE_START		0	2	Other	Це речення не починається з великої літери.	На
M	3670	DACHA_VS_DAVANNIA	1	3	16	Other	Правильно: <suggestion>надання показань</suggestion>	надання показань|давання показань|показань
L	3671	на добровільній дачі показань.
M	3671	UPPERCASE_SENTENCE_START		0	2	Other	Це речення не починається з великої літери.	На
M	3671	DACHA_VS_DAVANNIA	1	16	29	Other	Правильно: <suggestion>надання показань</suggestion>	надання показань|давання показань|показань
L	3672	З моєї дачі.
L	3673	Від дачі показань.
M	3673	DACHA_VS_DAVANNIA	1	4	17	Other	Правильно: <suggestion>надання показань</suggestion>	надання показань|давання показань|показань
L	3674	на дачі показань.
M	3674	UPPERCASE_SENTENCE_START		0	2	Other	Це речення не починається з великої літери.	На
M	3674	DACHA_VS_DAVANNIA	1	3	16	Other	Правильно: <suggestion>надання показань</suggestion>	надання показань|давання показань|показань
L	3675	на добровільний дачі свідчень.
M	3675	UPPERCASE_SENTENCE_START		0	2	Other	Це речення не починається з великої літери.	На
M	3675	UK_ADJ_NOUN_INFLECTION_AGREEMENT		3	20	Other	Потенційна помилка: прикметник не узгоджений з іменником: "добровільний": [ч.р.: називний, знахідний (неіст.)] і "дачі": [ж.р.: родовий, давальний, місцевий]. Можливо, пропущено прийменник на/в/у...?	добровільної дачі|добровільній дачі
L	3676	до дачі Павлюка.
M	3676	UPPERCASE_SENTENCE_START		0	2	Other	Це речення не починається з великої літери.	До
L	3677	Від дачі показань.
M	3677	DACHA_VS_DAVANNIA	1	4	17	Other	Правильно: <suggestion>надання показань</suggestion>	надання показань|давання показань|показань
L	3678	на дачі показань.
M	3678	UPPERCASE_SENTENCE_START		0	2	Other	Це речення не починається з великої літери.	На
M	3678	DACHA_VS_DAVANNIA	1	3	16	Other	Правильно: <suggestion>надання показань</suggestion>	надання показань|давання показань|показань
L	3679	на добровільний дачі свідчень.
M	3679	UPPERCASE_SENTENCE_START		0	2	Other	Це речення не починається з великої літери.	На
M	3679	UK_ADJ_NOUN_INFLECTION_AGREEMENT		3	20	Other	Потенційна помилка: прикметник не узгоджений з іменником: "добровільний": [ч.р.: називний, знахідний (неіст.)] і "дачі": [ж.р.: родовий, давальний, місцевий]. Можливо, пропущено прийменник на/в/у...?	добровільної дачі|добровільній дачі
L	3680	глибокої заморозки.
M	3680	UPPERCASE_SENTENCE_START		0	8	Other	Це речення не починається з великої літери.	Глибокої
M	3680	UK_SIMPLE_REPLACE		9	18	Other	«заморозки» - помилкове слово, виправлення: заморожування, замороження, заморозь.	заморожування|замороження|заморозь
L	3681	прогнозуються заморозки
M	3681	UPPERCASE_SENTENCE_START		0	13	Other	Це речення не починається з великої літери.	Прогнозуються
L	3682	заморозки конфлікту.
M	3682	UK_SIMPLE_REPLACE		0	9	Other	«заморозки» - помилкове слово, виправлення: заморожування, замороження, заморозь.	заморожування|замороження|заморозь
L	3683	прогнозуються заморозки
M	3683	UPPERCASE_SENTENCE_START		0	13	Other	Це речення не починається з великої літери.	Прогнозуються
L	3684	до повної заморозки.
M	3684	UPPERCASE_SENTENCE_START		0	2	Other	Це речення не починається з великої літери.	До
M	3684	UK_SIMPLE_REPLACE		10	19	Other	«заморозки» - помилкове слово, виправлення: заморожування, замороження, заморозь.	заморожування|замороження|заморозь
L	3685	перші заморозки
M	3685	UPPERCASE_SENTENCE_START		0	5	Other	Це речення не починається з великої літери.	Перші
L	3686	перші заморозки.
M	3686	UPPERCASE_SENTENCE_START		0	5	Other	Це речення не починається з великої літери.	Перші
L	3687	прикладення повної заморозки
M	3687	UPPERCASE_SENTENCE_START		0	11	Other	Це речення не починається з великої літери.	Прикладення
M	3687	UK_SIMPLE_REPLACE		19	28	Other	«заморозки» - помилкове слово, виправлення: заморожування, замороження, заморозь.	заморожування|замороження|заморозь
L	3688	прогнозує заморозки.
M	3688	UPPERCASE_SENTENCE_START		0	9	Other	Це речення не починається з великої літери.	Прогнозує
L	3689	прикладення повної заморозки
M	3689	UPPERCASE_SENTENCE_START		0	11	Other	Це речення не починається з великої літери.	Прикладення
M	3689	UK_SIMPLE_REPLACE		19	28	Other	«заморозки» - помилкове слово, виправлення: заморожування, замороження, заморозь.	заморожування|замороження|заморозь
L	3690	заморозки 0-3 градуси.
M	3690	UPPERCASE_SENTENCE_START		0	9	Other	Це речення не починається з великої літери.	Заморозки
L	3691	прикладення повної заморозки
M	3691	UPPERCASE_SENTENCE_START		0	11	Other	Це речення не починається з великої літери.	Прикладення
M	3691	UK_SIMPLE_REPLACE		19	28	Other	«заморозки» - помилкове слово, виправлення: заморожування, замороження, заморозь.	заморожування|замороження|заморозь
L	3692	Бенгальський залив.
M	3692	UK_SIMPLE_REPLACE		13	18	Other	«залив» - помилкове слово, виправлення: затока, заливання, залиття.	затока|заливання|залиття
L	3693	який залив кров'ю.
M	3693	UPPERCASE_SENTENCE_START		0	4	Other	Це речення не починається з великої літери.	Який
L	3694	якмй залив кров'ю.
M	3694	MORFOLOGIK_RULE_UK_UA		0	4	UnknownWord	Знайдено потенційну орфографічну помилку.	Який|Якби|Якій|Якими|Ями|Ямки|Яки|Яками|Яшми
L	3695	переведення стрілок.
M	3695	UPPERCASE_SENTENCE_START		0	11	Other	Це речення не починається з великої літери.	Переведення
L	3696	видатний стрілок
M	3696	UPPERCASE_SENTENCE_START		0	8	Other	Це речення не починається з великої літери.	Видатний
M	3696	UK_SIMPLE_REPLACE		9	16	Other	«стрілок» - помилкове слово, виправлення: стрілець.	стрілець
L	3697	і стрілки годинника.
M	3697	UPPERCASE_SENTENCE_START		0	1	Other	Це речення не починається з великої літери.	І
L	3698	видатний стрілок
M	3698	UPPERCASE_SENTENCE_START		0	8	Other	Це речення не починається з великої літери.	Видатний
M	3698	UK_SIMPLE_REPLACE		9	16	Other	«стрілок» - помилкове слово, виправлення: стрілець.	стрілець
L	3699	маленька стрілка.
M	3699	UPPERCASE_SENTENCE_START		0	8	Other	Це речення не починається з великої літери.	Маленька
L	3700	маленьку стрілку.
M	3700	UPPERCASE_SENTENCE_START		0	8	Other	Це речення не починається з великої літери.	Маленьку
L	3701	маленьких стрілок.
M	3701	UPPERCASE_SENTENCE_START		0	9	Other	Це речення не починається з великої літери.	Маленьких
L	3702	Ворошилівські стрілки
L	3703	видатному стрілку
M	3703	UPPERCASE_SENTENCE_START		0	9	Other	Це речення не починається з великої літери.	Видатному
M	3703	UK_SIMPLE_REPLACE		10	17	Other	«стрілку» - помилкове слово, виправлення: стрілець.	стрілець
L	3704	видатного стрілка
M	3704	UPPERCASE_SENTENCE_START		0	9	Other	Це речення не починається з великої літери.	Видатного
M	3704	UK_SIMPLE_REPLACE		10	17	Other	«стрілка» - помилкове слово, виправлення: стрілець.	стрілець
L	3705	видатний стрілок
M	3705	UPPERCASE_SENTENCE_START		0	8	Other	Це речення не починається з великої літери.	Видатний
M	3705	UK_SIMPLE_REPLACE		9	16	Other	«стрілок» - помилкове слово, виправлення: стрілець.	стрілець
L	3706	найкращі стрілки.
M	3706	UPPERCASE_SENTENCE_START		0	8	Other	Це речення не починається з великої літери.	Найкращі
M	3706	UK_SIMPLE_REPLACE		9	16	Other	«стрілки» - помилкове слово, виправлення: стрілець.	стрілець
L	3707	і стрілку
M	3707	UPPERCASE_SENTENCE_START		0	1	Other	Це речення не починається з великої літери.	І
L	3708	спритний стрілок.
M	3708	UPPERCASE_SENTENCE_START		0	8	Other	Це речення не починається з великої літери.	Спритний
M	3708	UK_SIMPLE_REPLACE		9	16	Other	«стрілок» - помилкове слово, виправлення: стрілець.	стрілець
L	3709	спритному стрілку.
M	3709	UPPERCASE_SENTENCE_START		0	9	Other	Це речення не починається з великої літери.	Спритному
M	3709	UK_SIMPLE_REPLACE		10	17	Other	«стрілку» - помилкове слово, виправлення: стрілець.	стрілець
L	3710	спритного стрілка.
M	3710	UPPERCASE_SENTENCE_START		0	9	Other	Це речення не починається з великої літери.	Спритного
M	3710	UK_SIMPLE_REPLACE		10	17	Other	«стрілка» - помилкове слово, виправлення: стрілець.	стрілець
L	3711	керченського стрілка.
M	3711	UPPERCASE_SENTENCE_START		0	12	Other	Це речення не починається з великої літери.	Керченського
M	3711	UK_SIMPLE_REPLACE		13	20	Other	«стрілка» - помилкове слово, виправлення: стрілець.	стрілець
L	3712	«стрілка»
M	3712	UPPERCASE_SENTENCE_START		1	8	Other	Це речення не починається з великої літери.	Стрілка
L	3713	Ворошилівські стрілки
L	3714	до стрілки
M	3714	UPPERCASE_SENTENCE_START		0	2	Other	Це речення не починається з великої літери.	До
L	3715	і стрілку
M	3715	UPPERCASE_SENTENCE_START		0	1	Other	Це речення не починається з великої літери.	І
L	3716	10-12 балів.
L	3717	шість балів.
M	3717	UPPERCASE_SENTENCE_START		0	5	Other	Це речення не починається з великої літери.	Шість
L	3718	розкішних балів
M	3718	UPPERCASE_SENTENCE_START		0	9	Other	Це речення не починається з великої літери.	Розкішних
L	3719	кинули за грати.
M	3719	UPPERCASE_SENTENCE_START		0	6	Other	Це речення не починається з великої літери.	Кинули
M	3719	graty_vs_hraty	1	10	15	Other	Можливо, замість дієслова «грати» тут має бути іменник «ґрати»?	ґрати
L	3720	почав грати.
M	3720	UPPERCASE_SENTENCE_START		0	5	Other	Це речення не починається з великої літери.	Почав
L	3721	за збірну грати не збирався.
M	3721	UPPERCASE_SENTENCE_START		0	2	Other	Це речення не починається з великої літери.	За
L	3722	міцні грати за вікном.
M	3722	UPPERCASE_SENTENCE_START		0	5	Other	Це речення не починається з великої літери.	Міцні
M	3722	graty_vs_hraty	3	6	11	Other	Можливо, замість дієслова «грати» тут має бути іменник «ґрати»?	ґрати
L	3723	почав грати.
M	3723	UPPERCASE_SENTENCE_START		0	5	Other	Це речення не починається з великої літери.	Почав
L	3724	змушені грати за нього.
M	3724	UPPERCASE_SENTENCE_START		0	7	Other	Це речення не починається з великої літери.	Змушені
L	3725	гарні грати.
M	3725	UPPERCASE_SENTENCE_START		0	5	Other	Це речення не починається з великої літери.	Гарні
L	3726	стукати у грати.
M	3726	UPPERCASE_SENTENCE_START		0	7	Other	Це речення не починається з великої літери.	Стукати
M	3726	graty_vs_hraty	2	10	15	Other	Можливо, замість дієслова «грати» тут має бути іменник «ґрати»?	ґрати
L	3727	і грати на скрипці.
M	3727	UPPERCASE_SENTENCE_START		0	1	Other	Це речення не починається з великої літери.	І
L	3728	гарні грати.
M	3728	UPPERCASE_SENTENCE_START		0	5	Other	Це речення не починається з великої літери.	Гарні
L	3729	стукати у грати.
M	3729	UPPERCASE_SENTENCE_START		0	7	Other	Це речення не починається з великої літери.	Стукати
M	3729	graty_vs_hraty	2	10	15	Other	Можливо, замість дієслова «грати» тут має бути іменник «ґрати»?	ґрати
L	3730	ніде правди діти.
M	3730	UPPERCASE_SENTENCE_START		0	4	Other	Це речення не починається з великої літери.	Ніде
L	3731	мої діти.
M	3731	UPPERCASE_SENTENCE_START		0	3	Other	Це речення не починається з великої літери.	Мої
L	3732	він пошив собі.
M	3732	UPPERCASE_SENTENCE_START		0	3	Other	Це речення не починається з великої літери.	Він
L	3733	індивідуальний пошив
M	3733	UPPERCASE_SENTENCE_START		0	14	Other	Це речення не починається з великої літери.	Індивідуальний
L	3734	чиїсь діти.
M	3734	UPPERCASE_SENTENCE_START		0	5	Other	Це речення не починається з великої літери.	Чиїсь
L	3735	ніде правди діти.
M	3735	UPPERCASE_SENTENCE_START		0	4	Other	Це речення не починається з великої літери.	Ніде
L	3736	на душу населення.
M	3736	UPPERCASE_SENTENCE_START		0	2	Other	Це речення не починається з великої літери.	На
L	3737	на його душу населення.
M	3737	UPPERCASE_SENTENCE_START		0	2	Other	Це речення не починається з великої літери.	На
L	3738	а я душу їх, душу
M	3738	UPPERCASE_SENTENCE_START		0	1	Other	Це речення не починається з великої літери.	А
L	3739	І будь ласка, завітайте.
M	3739	comma_bud_laska	2	0	12	Other	Сполука «будь ласка» виділяється комами (відсутня ліва кома)	І, будь ласка
L	3740	коли материнська ласка.
M	3740	UPPERCASE_SENTENCE_START		0	4	Other	Це речення не починається з великої літери.	Коли
L	3741	хитра ласка
M	3741	UPPERCASE_SENTENCE_START		0	5	Other	Це речення не починається з великої літери.	Хитра
L	3742	коли ваша ласка, завітайте.
M	3742	UPPERCASE_SENTENCE_START		0	4	Other	Це речення не починається з великої літери.	Коли
L	3743	хитра ласка
M	3743	UPPERCASE_SENTENCE_START		0	5	Other	Це речення не починається з великої літери.	Хитра
L	3744	мусив піти.
M	3744	UPPERCASE_SENTENCE_START		0	5	Other	Це речення не починається з великої літери.	Мусив
L	3745	гарячої піти
M	3745	UPPERCASE_SENTENCE_START		0	7	Other	Це речення не починається з великої літери.	Гарячої
L	3746	піти від неї.
M	3746	UPPERCASE_SENTENCE_START		0	4	Other	Це речення не починається з великої літери.	Піти
L	3747	варто брати.
M	3747	UPPERCASE_SENTENCE_START		0	5	Other	Це речення не починається з великої літери.	Варто
L	3748	чи повинні брати йти
M	3748	UPPERCASE_SENTENCE_START		0	2	Other	Це речення не починається з великої літери.	Чи
L	3749	брати участь.
M	3749	UPPERCASE_SENTENCE_START		0	5	Other	Це речення не починається з великої літери.	Брати
L	3750	чи повинні брати йти
M	3750	UPPERCASE_SENTENCE_START		0	2	Other	Це речення не починається з великої літери.	Чи
L	3751	брати Капранови.
M	3751	UPPERCASE_SENTENCE_START		0	5	Other	Це речення не починається з великої літери.	Брати
L	3752	чи повинні брати йти
M	3752	UPPERCASE_SENTENCE_START		0	2	Other	Це речення не починається з великої літери.	Чи
L	3753	до дати святкування.
M	3753	UPPERCASE_SENTENCE_START		0	2	Other	Це речення не починається з великої літери.	До
L	3754	могти дати.
M	3754	UPPERCASE_SENTENCE_START		0	5	Other	Це речення не починається з великої літери.	Могти
L	3755	зміг дати їм освіту.
M	3755	UPPERCASE_SENTENCE_START		0	4	Other	Це речення не починається з великої літери.	Зміг
L	3756	пам'ятної дати.
M	3756	UPPERCASE_SENTENCE_START		0	9	Other	Це речення не починається з великої літери.	Пам'ятної
L	3757	дати спокій.
M	3757	UPPERCASE_SENTENCE_START		0	4	Other	Це речення не починається з великої літери.	Дати
L	3758	дати повстання.
M	3758	UPPERCASE_SENTENCE_START		0	4	Other	Це речення не починається з великої літери.	Дати
L	3759	від дати.
M	3759	UPPERCASE_SENTENCE_START		0	3	Other	Це речення не починається з великої літери.	Від
L	3760	пам'ятної дати.
M	3760	UPPERCASE_SENTENCE_START		0	9	Other	Це речення не починається з великої літери.	Пам'ятної
L	3761	прийшла мати.
M	3761	UPPERCASE_SENTENCE_START		0	7	Other	Це речення не починається з великої літери.	Прийшла
L	3762	побачив свою мати
M	3762	UPPERCASE_SENTENCE_START		0	7	Other	Це речення не починається з великої літери.	Побачив
L	3763	поруч була мати.
M	3763	UPPERCASE_SENTENCE_START		0	5	Other	Це речення не починається з великої літери.	Поруч
L	3764	побачив свою мати
M	3764	UPPERCASE_SENTENCE_START		0	7	Other	Це речення не починається з великої літери.	Побачив
L	3765	на підлозі були мати
M	3765	UPPERCASE_SENTENCE_START		0	2	Other	Це речення не починається з великої літери.	На
L	3766	зможе мати психічні проблеми.
M	3766	UPPERCASE_SENTENCE_START		0	5	Other	Це речення не починається з великої літери.	Зможе
L	3767	треба мати все.
M	3767	UPPERCASE_SENTENCE_START		0	5	Other	Це речення не починається з великої літери.	Треба
L	3768	мати щось почула
M	3768	UPPERCASE_SENTENCE_START		0	4	Other	Це речення не починається з великої літери.	Мати
L	3769	зможе мало не все.
M	3769	UPPERCASE_SENTENCE_START		0	5	Other	Це речення не починається з великої літери.	Зможе
L	3770	влягтися мало не скоро
M	3770	UPPERCASE_SENTENCE_START		0	8	Other	Це речення не починається з великої літери.	Влягтися
L	3771	людей мало прийшло.
M	3771	UPPERCASE_SENTENCE_START		0	5	Other	Це речення не починається з великої літери.	Людей
L	3772	серце мало не вистрибувало.
M	3772	UPPERCASE_SENTENCE_START		0	5	Other	Це речення не починається з великої літери.	Серце
L	3773	серце мало не вистрибуючи
M	3773	UPPERCASE_SENTENCE_START		0	5	Other	Це речення не починається з великої літери.	Серце
L	3774	мало прийти
M	3774	UPPERCASE_SENTENCE_START		0	4	Other	Це речення не починається з великої літери.	Мало
L	3775	і мало хто цікавиться.
M	3775	UPPERCASE_SENTENCE_START		0	1	Other	Це речення не починається з великої літери.	І
L	3776	мало щось
M	3776	UPPERCASE_SENTENCE_START		0	4	Other	Це речення не починається з великої літери.	Мало
L	3777	і дуже мало.
M	3777	UPPERCASE_SENTENCE_START		0	1	Other	Це речення не починається з великої літери.	І
L	3778	мало щось
M	3778	UPPERCASE_SENTENCE_START		0	4	Other	Це речення не починається з великої літери.	Мало
L	3779	влягтися мало саме.
M	3779	UPPERCASE_SENTENCE_START		0	8	Other	Це речення не починається з великої літери.	Влягтися
L	3780	влягтися би мала сама.
M	3780	UPPERCASE_SENTENCE_START		0	8	Other	Це речення не починається з великої літери.	Влягтися
M	3780	BY_B	2	9	11	Hint	Після голосної пишемо <suggestion>б</suggestion>	б
L	3781	посунулося мало
M	3781	UPPERCASE_SENTENCE_START		0	10	Other	Це речення не починається з великої літери.	Посунулося
L	3782	грати мало нот
M	3782	UPPERCASE_SENTENCE_START		0	5	Other	Це речення не починається з великої літери.	Грати
L	3783	від мала до велика
M	3783	VID_MALA_DO_VELYKA	1	0	18	Other	Правильно: <suggestion>від малого до великого (до старого)</suggestion>, <suggestion>мале й велике</suggestion>, <suggestion>мале й старе</suggestion>, <suggestion>малі й старі</suggestion>	від малого до великого (до старого)|мале й велике|мале й старе|малі й старі
L	3784	мало влягтися саме.
M	3784	UPPERCASE_SENTENCE_START		0	4	Other	Це речення не починається з великої літери.	Мало
L	3785	мала б влягтися сама.
M	3785	UPPERCASE_SENTENCE_START		0	4	Other	Це речення не починається з великої літери.	Мала
L	3786	зможемо мало проповідувати
M	3786	UPPERCASE_SENTENCE_START		0	7	Other	Це речення не починається з великої літери.	Зможемо
L	3787	буде він мало працювати
M	3787	UPPERCASE_SENTENCE_START		0	4	Other	Це речення не починається з великої літери.	Буде
L	3788	від мала до велика
M	3788	VID_MALA_DO_VELYKA	1	0	18	Other	Правильно: <suggestion>від малого до великого (до старого)</suggestion>, <suggestion>мале й велике</suggestion>, <suggestion>мале й старе</suggestion>, <suggestion>малі й старі</suggestion>	від малого до великого (до старого)|мале й велике|мале й старе|малі й старі
L	3789	мала зайву вагу.
M	3789	UPPERCASE_SENTENCE_START		0	4	Other	Це речення не починається з великої літери.	Мала
L	3790	не мала дитина
M	3790	UPPERCASE_SENTENCE_START		0	2	Other	Це речення не починається з великої літери.	Не
L	3791	брела тоді мала до стодоли
M	3791	UPPERCASE_SENTENCE_START		0	5	Other	Це речення не починається з великої літери.	Брела
L	3792	що її мала котюгу до хати приманила
M	3792	UPPERCASE_SENTENCE_START		0	2	Other	Це речення не починається з великої літери.	Що
L	3793	від мала до велика
M	3793	VID_MALA_DO_VELYKA	1	0	18	Other	Правильно: <suggestion>від малого до великого (до старого)</suggestion>, <suggestion>мале й велике</suggestion>, <suggestion>мале й старе</suggestion>, <suggestion>малі й старі</suggestion>	від малого до великого (до старого)|мале й велике|мале й старе|малі й старі
L	3794	помити їм руки.
M	3794	UPPERCASE_SENTENCE_START		0	6	Other	Це речення не починається з великої літери.	Помити
L	3795	я собі їм
M	3795	UPPERCASE_SENTENCE_START		0	1	Other	Це речення не починається з великої літери.	Я
L	3796	руки їм помити.
M	3796	UPPERCASE_SENTENCE_START		0	4	Other	Це речення не починається з великої літери.	Руки
L	3797	їм треба.
M	3797	UPPERCASE_SENTENCE_START		0	2	Other	Це речення не починається з великої літери.	Їм
L	3798	я їм собі
M	3798	UPPERCASE_SENTENCE_START		0	1	Other	Це речення не починається з великої літери.	Я
L	3799	в державному борзі.
M	3799	UPPERCASE_SENTENCE_START		0	1	Other	Це речення не починається з великої літери.	В
M	3799	SUBSTANDARD_FORMS	1	13	18	Other	Ця форма не відповідає мовній нормі	
L	3800	на борзі коні
M	3800	UPPERCASE_SENTENCE_START		0	2	Other	Це речення не починається з великої літери.	На
L	3801	одна справа.
M	3801	UPPERCASE_SENTENCE_START		0	4	Other	Це речення не починається з великої літери.	Одна
L	3802	перша - справа.
M	3802	UPPERCASE_SENTENCE_START		0	5	Other	Це речення не починається з великої літери.	Перша
L	3803	він нічого не мав.
M	3803	UPPERCASE_SENTENCE_START		0	3	Other	Це речення не починається з великої літери.	Він
L	3804	йому нічого сказати
M	3804	UPPERCASE_SENTENCE_START		0	4	Other	Це речення не починається з великої літери.	Йому
L	3805	І кілька годин тому.
L	3806	велика і мала кілька.
M	3806	UPPERCASE_SENTENCE_START		0	6	Other	Це речення не починається з великої літери.	Велика
L	3807	до мінус сорока
M	3807	UPPERCASE_SENTENCE_START		0	2	Other	Це речення не починається з великої літери.	До
L	3808	полетіла сорока
M	3808	UPPERCASE_SENTENCE_START		0	8	Other	Це речення не починається з великої літери.	Полетіла
L	3809	Одномандатні округи.
L	3810	На столі лежала книжка.
L	3811	На трьох.
L	3812	На сьогодні.
L	3813	На тобі портфель.
L	3814	Ось тобі й на…
L	3815	155 кв. км.
L	3816	14, кв. 88.
L	3817	5 травня ц. р.
L	3818	ц. т. їхні вірування й культ
M	3818	MORFOLOGIK_RULE_UK_UA		0	2	UnknownWord	Знайдено потенційну орфографічну помилку.	Це|Ці|Цю|Ця|ЦК|Ц|ЦБ|ЦП|ЦА|ЦЗ|ЦО|ЦР
L	3819	5 травня ц. р. вони пішли в наступ
L	3820	1227 р.
L	3821	300 га.
L	3822	2 млн га.
L	3823	каже йому: га?
M	3823	UPPERCASE_SENTENCE_START		0	4	Other	Це речення не починається з великої літери.	Каже
L	3824	10 ц/га.
L	3825	каже йому: га?
M	3825	UPPERCASE_SENTENCE_START		0	4	Other	Це речення не починається з великої літери.	Каже
L	3826	каже йому: га?
M	3826	UPPERCASE_SENTENCE_START		0	4	Other	Це речення не починається з великої літери.	Каже
L	3827	га
L	3828	Він довго тис мені руку
L	3829	Він все ще тис полковницьку руку
L	3830	50 тис грн.
M	3830	ABBREVIATIONS_MISSING_DOT	1	3	6	Other	Скорочення з відкиданням літер пишуться з крапкою: <suggestion>тис.</suggestion>	тис.
L	3831	тис ягідний
M	3831	UPPERCASE_SENTENCE_START		0	3	Other	Це речення не починається з великої літери.	Тис
L	3832	Він довго тис Василю Васильовичу руки
L	3833	50 тис грн.
M	3833	ABBREVIATIONS_MISSING_DOT	1	3	6	Other	Скорочення з відкиданням літер пишуться з крапкою: <suggestion>тис.</suggestion>	тис.
L	3834	тис ягідний
M	3834	UPPERCASE_SENTENCE_START		0	3	Other	Це речення не починається з великої літери.	Тис
L	3835	Зовні тис ягідний важко відрізнити від ялиці
L	3836	50 тис грн кожному
M	3836	ABBREVIATIONS_MISSING_DOT	1	3	6	Other	Скорочення з відкиданням літер пишуться з крапкою: <suggestion>тис.</suggestion>	тис.
L	3837	він тис йому руку
M	3837	UPPERCASE_SENTENCE_START		0	3	Other	Це речення не починається з великої літери.	Він
L	3838	йому по фіг.
M	3838	UPPERCASE_SENTENCE_START		0	4	Other	Це речення не починається з великої літери.	Йому
L	3839	50 фіг
L	3840	йому по фігу.
M	3840	UPPERCASE_SENTENCE_START		0	4	Other	Це речення не починається з великої літери.	Йому
L	3841	одну фігу
M	3841	UPPERCASE_SENTENCE_START		0	4	Other	Це речення не починається з великої літери.	Одну
L	3842	і фіг його зна.
M	3842	UPPERCASE_SENTENCE_START		0	1	Other	Це речення не починається з великої літери.	І
L	3843	10 фіг
L	3844	аж до 2 тис. до н.е.
M	3844	UPPERCASE_SENTENCE_START		0	2	Other	Це речення не починається з великої літери.	Аж
L	3845	50 тис. грн кожному
L	3846	аж до II тис.,
M	3846	UPPERCASE_SENTENCE_START		0	2	Other	Це речення не починається з великої літери.	Аж
L	3847	50 тис. грн кожному
L	3848	аж до 2 тис.,
M	3848	UPPERCASE_SENTENCE_START		0	2	Other	Це речення не починається з великої літери.	Аж
L	3849	по 3 ч. л.
M	3849	UPPERCASE_SENTENCE_START		0	2	Other	Це речення не починається з великої літери.	По
M	3849	MORFOLOGIK_RULE_UK_UA		8	10	UnknownWord	Знайдено потенційну орфографічну помилку.	л|Ле|Лі|ла|ле|ЛЧ|ля|ЛЄ|Лю|лк|ЛГ|ЛЗ|ЛК|ЛШ|Ло|Лу
L	3850	т. 2 ч. 1
M	3850	UPPERCASE_SENTENCE_START		0	1	Other	Це речення не починається з великої літери.	Т
L	3851	ст. 3 ч. 7 проголошує
M	3851	UPPERCASE_SENTENCE_START		0	3	Other	Це речення не починається з великої літери.	Ст.
L	3852	2 ч. л.
M	3852	MORFOLOGIK_RULE_UK_UA		5	7	UnknownWord	Знайдено потенційну орфографічну помилку.	л|Ле|Лі|ла|ле|ЛЧ|ля|ЛЄ|Лю|лк|ЛГ|ЛЗ|ЛК|ЛШ|Ло|Лу
L	3853	і в т. ч. проголошує
M	3853	UPPERCASE_SENTENCE_START		0	1	Other	Це речення не починається з великої літери.	І
L	3854	2 ч. л.
M	3854	MORFOLOGIK_RULE_UK_UA		5	7	UnknownWord	Знайдено потенційну орфографічну помилку.	л|Ле|Лі|ла|ле|ЛЧ|ля|ЛЄ|Лю|лк|ЛГ|ЛЗ|ЛК|ЛШ|Ло|Лу
L	3855	суфікс -ськ-.
M	3855	UPPERCASE_SENTENCE_START		0	6	Other	Це речення не починається з великої літери.	Суфікс
L	3856	ціною в 12,5 коп
M	3856	UPPERCASE_SENTENCE_START		0	5	Other	Це речення не починається з великої літери.	Ціною
M	3856	ABBREVIATIONS_MISSING_DOT	1	13	16	Other	Скорочення з відкиданням літер пишуться з крапкою: <suggestion>коп.</suggestion>	коп.
L	3857	солідний коп
M	3857	UPPERCASE_SENTENCE_START		0	8	Other	Це речення не починається з великої літери.	Солідний
L	3858	Агов Люба
L	3859	«Люба формула.
L	3860	Люба Михайлівна
L	3861	Злата Прокопенко
L	3862	Така Люба.
L	3863	Люба преференція.
M	3863	LYUBYI_ADJ	3	0	4	Other	Правильно: <suggestion>будь-який</suggestion>, <suggestion>перший кращий</suggestion>, <suggestion>усякий</suggestion>, <suggestion>кожний</suggestion>, часом також <suggestion>аби-який</suggestion>.	Будь-який|Перший кращий|Усякий|Кожний|Аби-який
L	3864	на Ролан Гаррос.
M	3864	UPPERCASE_SENTENCE_START		0	2	Other	Це речення не починається з великої літери.	На
L	3865	Знали Аллана По
L	3866	Знали Едгара По
L	3867	ганяли Едгара по полю.
M	3867	UPPERCASE_SENTENCE_START		0	6	Other	Це речення не починається з великої літери.	Ганяли
L	3868	Знали Едгара А. По
L	3869	ганяли Едгара по полю.
M	3869	UPPERCASE_SENTENCE_START		0	6	Other	Це речення не починається з великої літери.	Ганяли
L	3870	А ле вони туди не хотіли
M	3870	MORFOLOGIK_RULE_UK_UA		2	4	Other	Потенційна орфографічна помилка	
L	3871	І ле можна цього робити
M	3871	MORFOLOGIK_RULE_UK_UA		2	4	Other	Потенційна орфографічна помилка	
L	3872	прийшов Ле Пен
M	3872	UPPERCASE_SENTENCE_START		0	7	Other	Це речення не починається з великої літери.	Прийшов
L	3873	Знали Поліну.
L	3874	Поліном
L	3875	його привітав Андрей Кіска.
M	3875	UPPERCASE_SENTENCE_START		0	4	Other	Це речення не починається з великої літери.	Його
L	3876	довга Кіска
M	3876	UPPERCASE_SENTENCE_START		0	5	Other	Це речення не починається з великої літери.	Довга
L	3877	Ігор Нескоренних
M	3877	MORFOLOGIK_RULE_UK_UA		5	16	UnknownWord	Знайдено потенційну орфографічну помилку.	Нескорених
L	3878	Ірина Коваль.
L	3879	Володимира Зеленського.
L	3880	Ірина машина
L	3881	поїхав у Володимир
M	3881	UPPERCASE_SENTENCE_START		0	6	Other	Це речення не починається з великої літери.	Поїхав
L	3882	захопили Білу Гору
M	3882	UPPERCASE_SENTENCE_START		0	8	Other	Це речення не починається з великої літери.	Захопили
L	3883	в Ізраїль Зеленський
M	3883	UPPERCASE_SENTENCE_START		0	1	Other	Це речення не починається з великої літери.	В
L	3884	сказав Джуліані Єрмаку
M	3884	UPPERCASE_SENTENCE_START		0	6	Other	Це речення не починається з великої літери.	Сказав
L	3885	Рада Ліги мала складатися
L	3886	Ігор Позацейсвіт.
M	3886	MORFOLOGIK_RULE_UK_UA		5	16	UnknownWord	Знайдено потенційну орфографічну помилку.	Позацехові|Позацеховій|Позацеховім
L	3887	Мона Ліза.
L	3888	після літніх Ігор назбиралося
M	3888	UPPERCASE_SENTENCE_START		0	5	Other	Це речення не починається з великої літери.	Після
L	3889	зимових Ігор Україна
M	3889	UPPERCASE_SENTENCE_START		0	7	Other	Це речення не починається з великої літери.	Зимових
L	3890	Отто фон Мюллер.
L	3891	Оттож вже насміявсь
M	3891	MORFOLOGIK_RULE_UK_UA		0	5	UnknownWord	Знайдено потенційну орфографічну помилку.	Отож|Отто|Оттон|От тож|Отто ж
L	3892	Яким чином.
L	3893	Яким Гаврилович
L	3894	Яким він буде завтра.
L	3895	Яким Гаврилович
L	3896	святого Юра.
M	3896	UPPERCASE_SENTENCE_START		0	7	Other	Це речення не починається з великої літери.	Святого
L	3897	Юра прийшов додому.
L	3898	до Кім Чен Іра.
M	3898	UPPERCASE_SENTENCE_START		0	2	Other	Це речення не починається з великої літери.	До
L	3899	Приїхала Іра.
L	3900	Приїхала Іра.
L	3901	сам Кім Чен Нам.
M	3901	UPPERCASE_SENTENCE_START		0	3	Other	Це речення не починається з великої літери.	Сам
M	3901	MORFOLOGIK_RULE_UK_UA		12	15	Other	Потенційна орфографічна помилка	
L	3902	Нам усім
L	3903	до Кім Ір Сена.
M	3903	UPPERCASE_SENTENCE_START		0	2	Other	Це речення не починається з великої літери.	До
M	3903	MORFOLOGIK_RULE_UK_UA		10	14	Other	Потенційна орфографічна помилка	
L	3904	річка Сена.
M	3904	UPPERCASE_SENTENCE_START		0	5	Other	Це речення не починається з великої літери.	Річка
L	3905	Приїхали до Петра Порошенка.
L	3906	Обдурила Петра Марка — не вийшла за нього.
L	3907	Приїхали до Петра I.
L	3908	Обдурила Петра Марка — не вийшла за нього.
L	3909	Пані Порошенко.
L	3910	Петро Порошенко.
L	3911	Пан Порошенко.
L	3912	Разом з Порошенко.
L	3913	В Трускавці.
L	3914	Трускавці треба тепло.
M	3914	UK_SIMPLE_REPLACE_SOFT		0	9	Other	«Трускавці» — нерекомендоване слово, кращий варіант: полуниця.	Полуниця
L	3915	Приїхав з Ізюму.
L	3916	вироби з ізюму.
M	3916	UPPERCASE_SENTENCE_START		0	6	Other	Це речення не починається з великої літери.	Вироби
M	3916	UK_SIMPLE_REPLACE		9	14	Other	«ізюму» - помилкове слово, виправлення: родзинки.	родзинки
L	3917	в Йорк.
M	3917	UPPERCASE_SENTENCE_START		0	1	Other	Це речення не починається з великої літери.	В
M	3917	UK_SIMPLE_REPLACE_SOFT		2	6	Other	«Йорк» — нерекомендоване слово, кращий варіант: йоркширський тер'єр.	Йоркширський тер'єр
L	3918	прибіг йорк
M	3918	UPPERCASE_SENTENCE_START		0	6	Other	Це речення не починається з великої літери.	Прибіг
M	3918	UK_SIMPLE_REPLACE_SOFT		7	11	Other	«йорк» — нерекомендоване слово, кращий варіант: йоркширський тер'єр.	йоркширський тер'єр
L	3919	в Україні.
M	3919	UPPERCASE_SENTENCE_START		0	1	Other	Це речення не починається з великої літери.	В
L	3920	принесли Україні.
M	3920	UPPERCASE_SENTENCE_START		0	8	Other	Це речення не починається з великої літери.	Принесли
L	3921	У Львові.
L	3922	принесли Львові Васильовичу.
M	3922	UPPERCASE_SENTENCE_START		0	8	Other	Це речення не починається з великої літери.	Принесли
L	3923	З України.
L	3924	дві України.
M	3924	UPPERCASE_SENTENCE_START		0	3	Other	Це речення не починається з великої літери.	Дві
L	3925	говорили про різні України.
M	3925	UPPERCASE_SENTENCE_START		0	8	Other	Це речення не починається з великої літери.	Говорили
L	3926	збірна в Досі медаль не виборола.
M	3926	UPPERCASE_SENTENCE_START		0	6	Other	Це речення не починається з великої літери.	Збірна
L	3927	в Римі.
M	3927	UPPERCASE_SENTENCE_START		0	1	Other	Це речення не починається з великої літери.	В
L	3928	Досі незнайома
L	3929	в Лізі чемпіонів.
M	3929	UPPERCASE_SENTENCE_START		0	1	Other	Це речення не починається з великої літери.	В
L	3930	в Лізі було все прекрасно
M	3930	UPPERCASE_SENTENCE_START		0	1	Other	Це речення не починається з великої літери.	В
L	3931	- Мені однаково.
L	3932	в Мені виборів не було
M	3932	UPPERCASE_SENTENCE_START		0	1	Other	Це речення не починається з великої літери.	В
L	3933	в кантоні Во.
M	3933	UPPERCASE_SENTENCE_START		0	1	Other	Це речення не починається з великої літери.	В
L	3934	Во ім'я
M	3934	archaism	1	0	2	Hint	Це слово або форма є застарілою, архаїчною або діалектною.	
L	3935	Клотільда де Во.
L	3936	Во ім'я
M	3936	archaism	1	0	2	Hint	Це слово або форма є застарілою, архаїчною або діалектною.	
L	3937	І Досі Непереможений.
L	3938	в Досі не виграли
M	3938	UPPERCASE_SENTENCE_START		0	1	Other	Це речення не починається з великої літери.	В
L	3939	річка Сена.
M	3939	UPPERCASE_SENTENCE_START		0	5	Other	Це речення не починається з великої літери.	Річка
L	3940	село Сосни.
M	3940	UPPERCASE_SENTENCE_START		0	4	Other	Це речення не починається з великої літери.	Село
L	3941	у м. Сосни.
M	3941	UPPERCASE_SENTENCE_START		0	1	Other	Це речення не починається з великої літери.	У
L	3942	В м. Шептицький.
L	3943	Шептицький жив там.
L	3944	Буки і Сосни
M	3944	EUPHONY_CONJ_I_Y	3	5	6	Hint	Після голосної зі звуком і/и варто писати й або та: Буки <suggestion>й</suggestion> Сосни, Буки <suggestion>та</suggestion> Сосни	й|та
L	3945	н.п. Сосни.
M	3945	UPPERCASE_SENTENCE_START		0	2	Other	Це речення не починається з великої літери.	Н.
L	3946	Шептицький жив там.
L	3947	Буки і Сосни
M	3947	EUPHONY_CONJ_I_Y	3	5	6	Hint	Після голосної зі звуком і/и варто писати й або та: Буки <suggestion>й</suggestion> Сосни, Буки <suggestion>та</suggestion> Сосни	й|та
L	3948	Сосни Черкаської обл..
L	3949	Сосни (Брильський р-н).
M	3949	MORFOLOGIK_RULE_UK_UA		7	17	UnknownWord	Знайдено потенційну орфографічну помилку.	Рильський|Брильській|Б рильський
L	3950	І Шептицький (Львівська область).
L	3951	Шептицький жив там.
L	3952	Буки і Сосни
M	3952	EUPHONY_CONJ_I_Y	3	5	6	Hint	Після голосної зі звуком і/и варто писати й або та: Буки <suggestion>й</suggestion> Сосни, Буки <suggestion>та</suggestion> Сосни	й|та
L	3953	ходять Вуглегірська (Донецька область)
M	3953	UPPERCASE_SENTENCE_START		0	6	Other	Це речення не починається з великої літери.	Ходять
L	3954	ПОСП ім. І. Франка Горохівського району
M	3954	MORFOLOGIK_RULE_UK_UA		0	4	UnknownWord	Знайдено потенційну орфографічну помилку.	ПОСТ|ПОП|ОСП|ПОРП|ПСП|ПОМП|ПОСИП|ПОСПИ|ПО СП
L	3955	До Кот д'Івуара
M	3955	UK_SIMPLE_REPLACE		3	6	Other	Неправильно написане слово.	
M	3955	MORFOLOGIK_RULE_UK_UA		7	15	UnknownWord	Знайдено потенційну орфографічну помилку.	дівчата|Івара|Вівчара|Д'Рівера|Дідура|Дікусара|Дітмара|д'Рівера|дівала|діваха|дівера|дівувала|дівчача|дівчура|лівара|пісуара
L	3956	Приїхав Василь Кот.
L	3957	До Кот д’Івуара
M	3957	UK_SIMPLE_REPLACE		3	6	Other	Неправильно написане слово.	
M	3957	MORFOLOGIK_RULE_UK_UA		7	15	UnknownWord	Знайдено потенційну орфографічну помилку.	дівчата|Івара|Вівчара|Д'Рівера|Дідура|Дікусара|Дітмара|д'Рівера|дівала|діваха|дівера|дівувала|дівчача|дівчура|лівара|пісуара
L	3958	Приїхав Василь Кот.
L	3959	просто для згадки
M	3959	UPPERCASE_SENTENCE_START		0	6	Other	Це речення не починається з великої літери.	Просто
L	3960	просто неба
M	3960	UPPERCASE_SENTENCE_START		0	6	Other	Це речення не починається з великої літери.	Просто
L	3961	всю за раз.
M	3961	UPPERCASE_SENTENCE_START		0	3	Other	Це речення не починається з великої літери.	Всю
L	3962	раз - і все
M	3962	UPPERCASE_SENTENCE_START		0	3	Other	Це речення не починається з великої літери.	Раз
L	3963	раз прийшов я додому
M	3963	UPPERCASE_SENTENCE_START		0	3	Other	Це речення не починається з великої літери.	Раз
L	3964	перший раз.
M	3964	UPPERCASE_SENTENCE_START		0	6	Other	Це речення не починається з великої літери.	Перший
L	3965	21 раз.
L	3966	раз - і все
M	3966	UPPERCASE_SENTENCE_START		0	3	Other	Це речення не починається з великої літери.	Раз
L	3967	раз на рік!
M	3967	UPPERCASE_SENTENCE_START		0	3	Other	Це речення не починається з великої літери.	Раз
L	3968	раз пішов, то вже пішов
M	3968	UPPERCASE_SENTENCE_START		0	3	Other	Це речення не починається з великої літери.	Раз
L	3969	і раз!
M	3969	UPPERCASE_SENTENCE_START		0	1	Other	Це речення не починається з великої літери.	І
L	3970	раз пішов, то вже пішов
M	3970	UPPERCASE_SENTENCE_START		0	3	Other	Це речення не починається з великої літери.	Раз
L	3971	і раз і два
M	3971	UPPERCASE_SENTENCE_START		0	1	Other	Це речення не починається з великої літери.	І
L	3972	щось прочули, раз дозори оце порозсилали
M	3972	UPPERCASE_SENTENCE_START		0	4	Other	Це речення не починається з великої літери.	Щось
L	3973	Раз просила, то чому не взяти?
L	3974	до паркану
M	3974	UPPERCASE_SENTENCE_START		0	2	Other	Це речення не починається з великої літери.	До
L	3975	до мажор
M	3975	UPPERCASE_SENTENCE_START		0	2	Other	Це речення не починається з великої літери.	До
L	3976	до ре мі
M	3976	UPPERCASE_SENTENCE_START		0	2	Other	Це речення не починається з великої літери.	До
L	3977	форми № 086-1/о.
M	3977	UPPERCASE_SENTENCE_START		0	5	Other	Це речення не починається з великої літери.	Форми
L	3978	о, люди!
M	3978	UPPERCASE_SENTENCE_START		0	1	Other	Це речення не починається з великої літери.	О
L	3979	о двері
M	3979	UPPERCASE_SENTENCE_START		0	1	Other	Це речення не починається з великої літери.	О
L	3980	о, море!
M	3980	UPPERCASE_SENTENCE_START		0	1	Other	Це речення не починається з великої літери.	О
L	3981	о ти!
M	3981	UPPERCASE_SENTENCE_START		0	1	Other	Це речення не починається з великої літери.	О
L	3982	грюкнув о двері
M	3982	UPPERCASE_SENTENCE_START		0	7	Other	Це речення не починається з великої літери.	Грюкнув
L	3983	шарпнув о двері
M	3983	UPPERCASE_SENTENCE_START		0	7	Other	Це речення не починається з великої літери.	Шарпнув
L	3984	ще о пів на п'яту
M	3984	UPPERCASE_SENTENCE_START		0	2	Other	Це речення не починається з великої літери.	Ще
L	3985	о, люди!
M	3985	UPPERCASE_SENTENCE_START		0	1	Other	Це речення не починається з великої літери.	О
L	3986	о мамо!
M	3986	UPPERCASE_SENTENCE_START		0	1	Other	Це речення не починається з великої літери.	О
L	3987	, о Свароже!
L	3988	о люди!
M	3988	UPPERCASE_SENTENCE_START		0	1	Other	Це речення не починається з великої літери.	О
L	3989	о бідні люди!
M	3989	UPPERCASE_SENTENCE_START		0	1	Other	Це речення не починається з великої літери.	О
L	3990	о Свароже!
M	3990	UPPERCASE_SENTENCE_START		0	1	Other	Це речення не починається з великої літери.	О
L	3991	грюкнув о двері
M	3991	UPPERCASE_SENTENCE_START		0	7	Other	Це речення не починається з великої літери.	Грюкнув
L	3992	стусонув о двері
M	3992	UPPERCASE_SENTENCE_START		0	8	Other	Це речення не починається з великої літери.	Стусонув
L	3993	о тримати
M	3993	PREP_BEFORE_VERB	1	0	9	Other	Прийменник о перед дієсловом <suggestion>тримати</suggestion>	тримати
L	3994	після століть поневолення
M	3994	UPPERCASE_SENTENCE_START		0	5	Other	Це речення не починається з великої літери.	Після
L	3995	Ото завше так — як сперва дуже весело, то після будеш плакать
M	3995	MORFOLOGIK_RULE_UK_UA		19	25	UnknownWord	Знайдено потенційну орфографічну помилку.	сперла|сперма|сперта|стерва
M	3995	verb_short	1	54	61	Hint	Ця дієслівна форма обмежена усним та поетичним мовленням.	плакати
L	3996	пливти поруч із судном
M	3996	UPPERCASE_SENTENCE_START		0	6	Other	Це речення не починається з великої літери.	Пливти
L	3997	пливти поруч
M	3997	UPPERCASE_SENTENCE_START		0	6	Other	Це речення не починається з великої літери.	Пливти
L	3998	Відповідно, цей газ був спільним
L	3999	відповідно до тих обставин
M	3999	UPPERCASE_SENTENCE_START		0	10	Other	Це речення не починається з великої літери.	Відповідно
L	4000	відповідно до тих обставин
M	4000	UPPERCASE_SENTENCE_START		0	10	Other	Це речення не починається з великої літери.	Відповідно
L	4001	Він налягав, щоб вона й одяглася відповідно.
L	4002	Що то був за злодій такий.
L	4003	Що це за рівень такий.
L	4004	Що це за чоловік?.
L	4005	що за гриби.
M	4005	UPPERCASE_SENTENCE_START		0	2	Other	Це речення не починається з великої літери.	Що
L	4006	що це за його припущеннями.
M	4006	UPPERCASE_SENTENCE_START		0	2	Other	Це речення не починається з великої літери.	Що
L	4007	Що я за злодій такий.
L	4008	Що ви за люди.
L	4009	що за гриби.
M	4009	UPPERCASE_SENTENCE_START		0	2	Other	Це речення не починається з великої літери.	Що
L	4010	що це за його припущеннями.
M	4010	UPPERCASE_SENTENCE_START		0	2	Other	Це речення не починається з великої літери.	Що
L	4011	Що у вас за звичка така.
L	4012	що за гриби.
M	4012	UPPERCASE_SENTENCE_START		0	2	Other	Це речення не починається з великої літери.	Що
L	4013	Що у вас той хлопака.
L	4014	Що у вас той-таки хлопака.
L	4015	ти той... не ходи туди
M	4015	UPPERCASE_SENTENCE_START		0	2	Other	Це речення не починається з великої літери.	Ти
L	4016	Спитай того хлопака.
L	4017	ти того... не ходи туди
M	4017	UPPERCASE_SENTENCE_START		0	2	Other	Це речення не починається з великої літери.	Ти
L	4018	Спитай того хлопака.
L	4019	Чого? того, що не варто
L	4020	Потрапляти за грати.
M	4020	graty_vs_hraty	1	14	19	Other	Можливо, замість дієслова «грати» тут має бути іменник «ґрати»?	ґрати
L	4021	що за гриби.
M	4021	UPPERCASE_SENTENCE_START		0	2	Other	Це речення не починається з великої літери.	Що
L	4022	Що це ще за вікова дискримінація.
L	4023	Що за хворобу підчепили хлопці.
L	4024	Потрапляти за грати.
M	4024	graty_vs_hraty	1	14	19	Other	Можливо, замість дієслова «грати» тут має бути іменник «ґрати»?	ґрати
L	4025	що за його ладна вийти.
M	4025	UPPERCASE_SENTENCE_START		0	2	Other	Це речення не починається з великої літери.	Що
L	4026	Всі проголосували за.
L	4027	Тетяна розуміла, чому Малий не виступає ні за, ні проти.
L	4028	Зважити, обдумати всі за і всі проти.
L	4029	Що у вас за звичка
L	4030	Що за маячня!
L	4031	Що б це вийшла за збірка!
L	4032	Що за хворобу підчепили хлопці.
L	4033	разом з іншими
M	4033	UPPERCASE_SENTENCE_START		0	5	Other	Це речення не починається з великої літери.	Разом
L	4034	першим разом
M	4034	UPPERCASE_SENTENCE_START		0	6	Other	Це речення не починається з великої літери.	Першим
L	4035	Раз за разом
L	4036	за одним разом
M	4036	UPPERCASE_SENTENCE_START		0	2	Other	Це речення не починається з великої літери.	За
L	4037	до Чорного моря
M	4037	UPPERCASE_SENTENCE_START		0	2	Other	Це речення не починається з великої літери.	До
L	4038	і Чорного морів
M	4038	UPPERCASE_SENTENCE_START		0	1	Other	Це речення не починається з великої літери.	І
M	4038	UK_ADJ_NOUN_INFLECTION_AGREEMENT		2	15	Other	Потенційна помилка: прикметник не узгоджений з іменником: "Чорного": [ч.р.: родовий, знахідний (іст.), с.р.: родовий] і "морів": [мн.: родовий]	чорних морів
L	4039	Михайла Чорного
L	4040	до Чорного і Азовського морів
M	4040	UPPERCASE_SENTENCE_START		0	2	Other	Це речення не починається з великої літери.	До
M	4040	EUPHONY_CONJ_I_Y	2	11	12	Hint	Між двома голосними варто писати й: Чорного <suggestion>й</suggestion> Азовського, Чорного <suggestion>та</suggestion> Азовського	й|та
L	4041	Михайла Чорного
L	4042	і Червона армія
M	4042	UPPERCASE_SENTENCE_START		0	1	Other	Це речення не починається з великої літери.	І
L	4043	Ірина Червона
L	4044	і Білого дому
M	4044	UPPERCASE_SENTENCE_START		0	1	Other	Це речення не починається з великої літери.	І
L	4045	Сашка Білого
L	4046	і Південного потоку
M	4046	UPPERCASE_SENTENCE_START		0	1	Other	Це речення не починається з великої літери.	І
L	4047	до Південного
M	4047	UPPERCASE_SENTENCE_START		0	2	Other	Це речення не починається з великої літери.	До
L	4048	і Чорноморського флоту
M	4048	UPPERCASE_SENTENCE_START		0	1	Other	Це речення не починається з великої літери.	І
L	4049	до Чорноморського
M	4049	UPPERCASE_SENTENCE_START		0	2	Other	Це речення не починається з великої літери.	До
L	4050	Сергія Кримського.
L	4051	до Кримського півострова
M	4051	UPPERCASE_SENTENCE_START		0	2	Other	Це речення не починається з великої літери.	До
L	4052	А. Кримського.
L	4053	до Кримського півострова
M	4053	UPPERCASE_SENTENCE_START		0	2	Other	Це речення не починається з великої літери.	До
L	4054	і Кримського півострова
M	4054	UPPERCASE_SENTENCE_START		0	1	Other	Це речення не починається з великої літери.	І
L	4055	до Кримського
M	4055	UPPERCASE_SENTENCE_START		0	2	Other	Це речення не починається з великої літери.	До
L	4056	до Пол Пота.
M	4056	UPPERCASE_SENTENCE_START		0	2	Other	Це речення не починається з великої літери.	До
M	4056	MORFOLOGIK_RULE_UK_UA		7	11	UnknownWord	Знайдено потенційну орфографічну помилку.	Поза|Поета|Пора|Рота|Кота|Нота|Поста|Пошта|Ота|Пола|Потай|Потап|Попа|Поту|Поті|Пута|Шота|Лота|Сота|Бота|Піта|Пета|Пода|Порта|Поташ|Фота|Шпота|Гота|Йота|Пита|Плота|Потав|Потам|Потах|Потаю|Потаї|Поте|Поти|Хота|Чота|По та
L	4057	Пол Маккартні
L	4058	і Небесної сотні
M	4058	UPPERCASE_SENTENCE_START		0	1	Other	Це речення не починається з великої літери.	І
L	4059	до Небесної
M	4059	UPPERCASE_SENTENCE_START		0	2	Other	Це речення не починається з великої літери.	До
L	4060	Ніколи не здавайся
L	4061	до Ніколи Тесли
M	4061	UPPERCASE_SENTENCE_START		0	2	Other	Це речення не починається з великої літери.	До
L	4062	Головні події
L	4063	до Головні приїхав президент
M	4063	UPPERCASE_SENTENCE_START		0	2	Other	Це речення не починається з великої літери.	До
L	4064	23 Листопада.
L	4065	Миколи Листопада
L	4066	і смотрящим за сферою.
M	4066	UPPERCASE_SENTENCE_START		0	1	Other	Це речення не починається з великої літери.	І
L	4067	смотрящим в далечину
M	4067	UPPERCASE_SENTENCE_START		0	9	Other	Це речення не починається з великої літери.	Смотрящим
L	4068	я кладу його подалі
M	4068	UPPERCASE_SENTENCE_START		0	1	Other	Це речення не починається з великої літери.	Я
M	4068	UK_SIMPLE_REPLACE_SOFT		13	19	Other	«подалі» — нерекомендоване слово, кращий варіант: трохи далі, якомога далі.	трохи далі|якомога далі
L	4069	забити сякому-такому сину нозі у кладу
M	4069	UPPERCASE_SENTENCE_START		0	6	Other	Це речення не починається з великої літери.	Забити
L	4070	великого кладу
M	4070	UPPERCASE_SENTENCE_START		0	8	Other	Це речення не починається з великої літери.	Великого
M	4070	UK_SIMPLE_REPLACE		9	14	Other	«кладу» - помилкове слово, виправлення: скарб.	скарб
L	4071	цінний клад.
M	4071	UPPERCASE_SENTENCE_START		0	6	Other	Це речення не починається з великої літери.	Цінний
M	4071	UK_SIMPLE_REPLACE		7	11	Other	«клад» - помилкове слово, виправлення: скарб.	скарб
L	4072	десь кладу
M	4072	UPPERCASE_SENTENCE_START		0	4	Other	Це речення не починається з великої літери.	Десь
L	4073	далі пішов
M	4073	UPPERCASE_SENTENCE_START		0	4	Other	Це речення не починається з великої літери.	Далі
L	4074	а конем у далі голі
M	4074	UPPERCASE_SENTENCE_START		0	1	Other	Це речення не починається з великої літери.	А
L	4075	степової далі
M	4075	UPPERCASE_SENTENCE_START		0	8	Other	Це речення не починається з великої літери.	Степової
L	4076	Далі малював швидко
L	4077	власної долі.
M	4077	UPPERCASE_SENTENCE_START		0	7	Other	Це речення не починається з великої літери.	Власної
L	4078	жбурнув долі свій гаманець
M	4078	UPPERCASE_SENTENCE_START		0	7	Other	Це речення не починається з великої літери.	Жбурнув
L	4079	Йдемо гуляти, а?
L	4080	Його пальці заніміли, а вся земля була просякнута піною.
L	4081	Його пальці заніміли, а вся земля була просякнута піною.
L	4082	А, і ви тут!
L	4083	Ото але!
L	4084	Степанко ходив у ліщину по горішки, але хтось уже обібрав кущі.
L	4085	На біс!
L	4086	біс його знає.
M	4086	UPPERCASE_SENTENCE_START		0	3	Other	Це речення не починається з великої літери.	Біс
L	4087	для ван дер Вала
M	4087	UPPERCASE_SENTENCE_START		0	3	Other	Це речення не починається з великої літери.	Для
L	4088	В Ван приїхав султан.
M	4088	EUPHONY_PREP_V_U	5	0	1	Hint	Перед словами, що починаються на в, ф або збігом приголосних із в, ф пишемо у: <suggestion>у</suggestion> Ван	У
L	4089	і дер Галі в горлі
M	4089	UPPERCASE_SENTENCE_START		0	1	Other	Це речення не починається з великої літери.	І
L	4090	В Ван приїхав султан.
M	4090	EUPHONY_PREP_V_U	5	0	1	Hint	Перед словами, що починаються на в, ф або збігом приголосних із в, ф пишемо у: <suggestion>у</suggestion> Ван	У
L	4091	для Ван Гаала
M	4091	UPPERCASE_SENTENCE_START		0	3	Other	Це речення не починається з великої літери.	Для
L	4092	В Ван приїхав султан.
M	4092	EUPHONY_PREP_V_U	5	0	1	Hint	Перед словами, що починаються на в, ф або збігом приголосних із в, ф пишемо у: <suggestion>у</suggestion> Ван	У
L	4093	дель арте.
M	4093	UPPERCASE_SENTENCE_START		0	4	Other	Це речення не починається з великої літери.	Дель
L	4094	до арте.
M	4094	UPPERCASE_SENTENCE_START		0	2	Other	Це речення не починається з великої літери.	До
M	4094	MORFOLOGIK_RULE_UK_UA		3	7	Other	Потенційна орфографічна помилка	
L	4095	справи швах!
M	4095	UPPERCASE_SENTENCE_START		0	6	Other	Це речення не починається з великої літери.	Справи
L	4096	на швах
M	4096	UPPERCASE_SENTENCE_START		0	2	Other	Це речення не починається з великої літери.	На
L	4097	Васко да Гамма
L	4098	відповів йому «да».
M	4098	UPPERCASE_SENTENCE_START		0	8	Other	Це речення не починається з великої літери.	Відповів
M	4098	UK_SIMPLE_REPLACE		15	17	Other	«да» - помилкове слово, виправлення: так.	так
L	4099	і як верховний арбітр.
M	4099	UPPERCASE_SENTENCE_START		0	1	Other	Це речення не починається з великої літери.	І
L	4100	Як модернізм і тепер постмодернізм
L	4101	в яку він влетів.
M	4101	UPPERCASE_SENTENCE_START		0	1	Other	Це речення не починається з великої літери.	В
L	4102	— Яка рабиня?
L	4103	Дикий як — гірська тварина.
L	4104	без мого відома.
M	4104	UPPERCASE_SENTENCE_START		0	3	Other	Це речення не починається з великої літери.	Без
L	4105	відома співачка.
M	4105	UPPERCASE_SENTENCE_START		0	6	Other	Це речення не починається з великої літери.	Відома
L	4106	без малого відома співачка.
M	4106	UPPERCASE_SENTENCE_START		0	3	Other	Це речення не починається з великої літери.	Без
L	4107	без відома банку.
M	4107	UPPERCASE_SENTENCE_START		0	3	Other	Це речення не починається з великої літери.	Без
L	4108	поставити до відома про цей факт.
M	4108	UPPERCASE_SENTENCE_START		0	9	Other	Це речення не починається з великої літери.	Поставити
L	4109	така відома співачка.
M	4109	UPPERCASE_SENTENCE_START		0	4	Other	Це речення не починається з великої літери.	Така
L	4110	без команди та відома менеджера.
M	4110	UPPERCASE_SENTENCE_START		0	3	Other	Це речення не починається з великої літери.	Без
L	4111	така відома співачка.
M	4111	UPPERCASE_SENTENCE_START		0	4	Other	Це речення не починається з великої літери.	Така
L	4112	без малого відома співачка.
M	4112	UPPERCASE_SENTENCE_START		0	3	Other	Це речення не починається з великої літери.	Без
L	4113	без мого відома.
M	4113	UPPERCASE_SENTENCE_START		0	3	Other	Це речення не починається з великої літери.	Без
L	4114	без відомого українського співака.
M	4114	UPPERCASE_SENTENCE_START		0	3	Other	Це речення не починається з великої літери.	Без
L	4115	злякатися відомого.
M	4115	UPPERCASE_SENTENCE_START		0	9	Other	Це речення не починається з великої літери.	Злякатися
L	4116	Мирного атому.
L	4117	по атому
M	4117	UPPERCASE_SENTENCE_START		0	2	Other	Це речення не починається з великої літери.	По
L	4118	зі всього світу.
M	4118	UPPERCASE_SENTENCE_START		0	2	Other	Це речення не починається з великої літери.	Зі
L	4119	Картамиська світа
M	4119	svita_obsolete	1	12	17	Hint	світа - застаріла форма, за чинним правописом: <suggestion>світу</suggestion>	світу
L	4120	геологічна щільна світа
M	4120	UPPERCASE_SENTENCE_START		0	10	Other	Це речення не починається з великої літери.	Геологічна
M	4120	svita_obsolete	1	18	23	Hint	світа - застаріла форма, за чинним правописом: <suggestion>світу</suggestion>	світу
L	4121	Світа Ратаві — іракський нафтовий горизонт — на нафтових родовищах «Ратаві» в Іраку.
M	4121	svita_obsolete	1	0	5	Hint	світа - застаріла форма, за чинним правописом: <suggestion>світу</suggestion>	Світу
M	4121	MORFOLOGIK_RULE_UK_UA		6	12	UnknownWord	Знайдено потенційну орфографічну помилку.	Ратасі|Шатаві|Батаві|Рапаві|Ратаєві|Ратаї
M	4121	MORFOLOGIK_RULE_UK_UA		68	74	UnknownWord	Знайдено потенційну орфографічну помилку.	Ратасі|Шатаві|Батаві|Рапаві|Ратаєві|Ратаї
L	4122	10 світі.
L	4123	досягти такого рівня.
M	4123	UPPERCASE_SENTENCE_START		0	7	Other	Це речення не починається з великої літери.	Досягти
L	4124	і він не рівня брату
M	4124	UPPERCASE_SENTENCE_START		0	1	Other	Це речення не починається з великої літери.	І
L	4125	тут він рівня всім боярам
M	4125	UPPERCASE_SENTENCE_START		0	3	Other	Це речення не починається з великої літери.	Тут
L	4126	Не теперішнім рівня!
M	4126	UK_ADJ_NOUN_INFLECTION_AGREEMENT		3	19	Other	Потенційна помилка: прикметник не узгоджений з іменником: "теперішнім": [ч.р.: орудний, с.р.: орудний, мн.: давальний] і "рівня": [ч.р.: родовий, ж.р.: називний]	теперішнім рівнем|теперішнім рівням|теперішнього рівня|теперішня рівня
L	4127	він їм не рівня.
M	4127	UPPERCASE_SENTENCE_START		0	3	Other	Це речення не починається з великої літери.	Він
L	4128	відповідає рівню.
M	4128	UPPERCASE_SENTENCE_START		0	10	Other	Це речення не починається з великої літери.	Відповідає
L	4129	вважатимуть за рівню.
M	4129	UPPERCASE_SENTENCE_START		0	11	Other	Це речення не починається з великої літери.	Вважатимуть
L	4130	на такому рівні.
M	4130	UPPERCASE_SENTENCE_START		0	2	Other	Це речення не починається з великої літери.	На
L	4131	вважатимуть за рівню.
M	4131	UPPERCASE_SENTENCE_START		0	11	Other	Це речення не починається з великої літери.	Вважатимуть
L	4132	на минулому рівні.
M	4132	UPPERCASE_SENTENCE_START		0	2	Other	Це речення не починається з великої літери.	На
L	4133	при певному рівні розвитку.
M	4133	UPPERCASE_SENTENCE_START		0	3	Other	Це речення не починається з великої літери.	При
L	4134	на рівні частини.
M	4134	UPPERCASE_SENTENCE_START		0	2	Other	Це речення не починається з великої літери.	На
L	4135	на рівні минулого року.
M	4135	UPPERCASE_SENTENCE_START		0	2	Other	Це речення не починається з великої літери.	На
L	4136	на рівні нашої уяви.
M	4136	UPPERCASE_SENTENCE_START		0	2	Other	Це речення не починається з великої літери.	На
L	4137	на рівні частини.
M	4137	UPPERCASE_SENTENCE_START		0	2	Other	Це речення не починається з великої літери.	На
L	4138	на рівні окремих атомів.
M	4138	UPPERCASE_SENTENCE_START		0	2	Other	Це речення не починається з великої літери.	На
L	4139	на рівні частини.
M	4139	UPPERCASE_SENTENCE_START		0	2	Other	Це речення не починається з великої літери.	На
L	4140	на рівні $10.
M	4140	UPPERCASE_SENTENCE_START		0	2	Other	Це речення не починається з великої літери.	На
L	4141	на рівні 10 часток.
M	4141	UPPERCASE_SENTENCE_START		0	2	Other	Це речення не починається з великої літери.	На
L	4142	у викривленому просторі.
M	4142	UPPERCASE_SENTENCE_START		0	1	Other	Це речення не починається з великої літери.	У
L	4143	у просторі кімнати
M	4143	UPPERCASE_SENTENCE_START		0	1	Other	Це речення не починається з великої літери.	У
L	4144	у просторі.
M	4144	UPPERCASE_SENTENCE_START		0	1	Other	Це речення не починається з великої літери.	У
L	4145	у просторі кімнати
M	4145	UPPERCASE_SENTENCE_START		0	1	Other	Це речення не починається з великої літери.	У
L	4146	викривленого простору.
M	4146	UPPERCASE_SENTENCE_START		0	12	Other	Це речення не починається з великої літери.	Викривленого
L	4147	у простору кімнату
M	4147	UPPERCASE_SENTENCE_START		0	1	Other	Це речення не починається з великої літери.	У
L	4148	щодо прав обвинувачених.
M	4148	UPPERCASE_SENTENCE_START		0	4	Other	Це речення не починається з великої літери.	Щодо
L	4149	за іншими даними.
M	4149	UPPERCASE_SENTENCE_START		0	2	Other	Це речення не починається з великої літери.	За
L	4150	За даними досліджень,
L	4151	Я пояснюю моєму Дані.
L	4152	з даними обіцянками
M	4152	UPPERCASE_SENTENCE_START		0	1	Other	Це речення не починається з великої літери.	З
L	4153	з даними нам обіцянками
M	4153	UPPERCASE_SENTENCE_START		0	1	Other	Це речення не починається з великої літери.	З
L	4154	з даними йому технічними характеристиками
M	4154	UPPERCASE_SENTENCE_START		0	1	Other	Це речення не починається з великої літери.	З
L	4155	над даним об’єктом
M	4155	UPPERCASE_SENTENCE_START		0	3	Other	Це речення не починається з великої літери.	Над
L	4156	із даним клінічним випадком
M	4156	UPPERCASE_SENTENCE_START		0	2	Other	Це речення не починається з великої літери.	Із
L	4157	такого макро- рівня
M	4157	UPPERCASE_SENTENCE_START		0	6	Other	Це речення не починається з великої літери.	Такого
M	4157	MORFOLOGIK_RULE_UK_UA		7	13	UnknownWord	Знайдено потенційну орфографічну помилку.	
L	4158	радіо- засоби
M	4158	MORFOLOGIK_RULE_UK_UA		0	6	UnknownWord	Знайдено потенційну орфографічну помилку.	
L	4159	аудіо- та відеопродукцією
M	4159	UPPERCASE_SENTENCE_START		0	6	Other	Це речення не починається з великої літери.	Аудіо-
L	4160	на макро- і мікрорівнях
M	4160	UPPERCASE_SENTENCE_START		0	2	Other	Це речення не починається з великої літери.	На
L	4161	у моєму поколінні.
M	4161	UPPERCASE_SENTENCE_START		0	1	Other	Це речення не починається з великої літери.	У
L	4162	такі поколінні розписи
M	4162	UPPERCASE_SENTENCE_START		0	4	Other	Це речення не починається з великої літери.	Такі
L	4163	контора з найму.
M	4163	UPPERCASE_SENTENCE_START		0	7	Other	Це речення не починається з великої літери.	Контора
M	4163	UK_SIMPLE_REPLACE		10	15	Other	«найму» - помилкове слово, виправлення: наймання, найняття, найми.	наймання|найняття|найми
L	4164	в контору найму працівників
M	4164	UPPERCASE_SENTENCE_START		0	1	Other	Це речення не починається з великої літери.	В
M	4164	UK_SIMPLE_REPLACE		10	15	Other	«найму» - помилкове слово, виправлення: наймання, найняття, найми.	наймання|найняття|найми
L	4165	контора найму.
M	4165	UPPERCASE_SENTENCE_START		0	7	Other	Це речення не починається з великої літери.	Контора
M	4165	UK_SIMPLE_REPLACE		8	13	Other	«найму» - помилкове слово, виправлення: наймання, найняття, найми.	наймання|найняття|найми
L	4166	я найму працівників
M	4166	UPPERCASE_SENTENCE_START		0	1	Other	Це речення не починається з великої літери.	Я
M	4166	UK_SIMPLE_REPLACE		2	7	Other	«найму» - помилкове слово, виправлення: наймання, найняття, найми.	наймання|найняття|найми
L	4167	і найму житла.
M	4167	UPPERCASE_SENTENCE_START		0	1	Other	Це речення не починається з великої літери.	І
M	4167	UK_SIMPLE_REPLACE		2	7	Other	«найму» - помилкове слово, виправлення: наймання, найняття, найми.	наймання|найняття|найми
L	4168	з найму працівників
M	4168	UPPERCASE_SENTENCE_START		0	1	Other	Це речення не починається з великої літери.	З
M	4168	UK_SIMPLE_REPLACE		2	7	Other	«найму» - помилкове слово, виправлення: наймання, найняття, найми.	наймання|найняття|найми
L	4169	я найму його.
M	4169	UPPERCASE_SENTENCE_START		0	1	Other	Це речення не починається з великої літери.	Я
L	4170	контора найму
M	4170	UPPERCASE_SENTENCE_START		0	7	Other	Це речення не починається з великої літери.	Контора
M	4170	UK_SIMPLE_REPLACE		8	13	Other	«найму» - помилкове слово, виправлення: наймання, найняття, найми.	наймання|найняття|найми
L	4171	персона нон грата.
M	4171	UPPERCASE_SENTENCE_START		0	7	Other	Це речення не починається з великої літери.	Персона
L	4172	зіграв декілька нон
M	4172	UPPERCASE_SENTENCE_START		0	6	Other	Це речення не починається з великої літери.	Зіграв
L	4173	персона нон ґрата.
M	4173	UPPERCASE_SENTENCE_START		0	7	Other	Це речення не починається з великої літери.	Персона
L	4174	велика ґрата
M	4174	UPPERCASE_SENTENCE_START		0	6	Other	Це речення не починається з великої літери.	Велика
L	4175	вони довірять.
M	4175	UPPERCASE_SENTENCE_START		0	4	Other	Це речення не починається з великої літери.	Вони
L	4176	Він поїхав гулять.
M	4176	verb_short	1	11	17	Hint	Ця дієслівна форма обмежена усним та поетичним мовленням.	гуляти
L	4177	треба б довірять.
M	4177	UPPERCASE_SENTENCE_START		0	5	Other	Це речення не починається з великої літери.	Треба
L	4178	довірять не треба
M	4178	UPPERCASE_SENTENCE_START		0	8	Other	Це речення не починається з великої літери.	Довірять
L	4179	має знаходиться
M	4179	UPPERCASE_SENTENCE_START		0	3	Other	Це речення не починається з великої літери.	Має
L	4180	повинні знаходиться
M	4180	UPPERCASE_SENTENCE_START		0	7	Other	Це речення не починається з великої літери.	Повинні
L	4181	писать
M	4181	verb_short	1	0	6	Hint	Ця дієслівна форма обмежена усним та поетичним мовленням.	писати
L	4182	для годиться
M	4182	UPPERCASE_SENTENCE_START		0	3	Other	Це речення не починається з великої літери.	Для
L	4183	з її розмови було знать, що
M	4183	UPPERCASE_SENTENCE_START		0	1	Other	Це речення не починається з великої літери.	З
L	4184	добре було б зробить
M	4184	UPPERCASE_SENTENCE_START		0	5	Other	Це речення не починається з великої літери.	Добре
L	4185	не будеш ти сидіть.
M	4185	UPPERCASE_SENTENCE_START		0	2	Other	Це речення не починається з великої літери.	Не
L	4186	про мене будуть говорить товариші
M	4186	UPPERCASE_SENTENCE_START		0	3	Other	Це речення не починається з великої літери.	Про
L	4187	не має права.
M	4187	UPPERCASE_SENTENCE_START		0	2	Other	Це речення не починається з великої літери.	Не
L	4188	права рука
M	4188	UPPERCASE_SENTENCE_START		0	5	Other	Це речення не починається з великої літери.	Права
L	4189	права та ліва частини
M	4189	UPPERCASE_SENTENCE_START		0	5	Other	Це речення не починається з великої літери.	Права
L	4190	вона була стовідсотково права
M	4190	UPPERCASE_SENTENCE_START		0	4	Other	Це речення не починається з великої літери.	Вона
L	4191	права була моя бабуся
M	4191	UPPERCASE_SENTENCE_START		0	5	Other	Це речення не починається з великої літери.	Права
L	4192	запалала права задня
M	4192	UPPERCASE_SENTENCE_START		0	8	Other	Це речення не починається з великої літери.	Запалала
L	4193	15 Тра 2019.
L	4194	Тра 2 ведра взять.
M	4194	archaism	1	0	3	Hint	Це слово або форма є застарілою, архаїчною або діалектною.	
M	4194	MORFOLOGIK_RULE_UK_UA		6	11	UnknownWord	Знайдено потенційну орфографічну помилку.	відра|цедра|щедра|кедра|Вера|Видра|Недра|Федра|веда|вепра|видра
M	4194	verb_short	1	12	17	Hint	Ця дієслівна форма обмежена усним та поетичним мовленням.	взяти
L	4195	Рис. 1.14.
L	4196	о 1.15
M	4196	UPPERCASE_SENTENCE_START		0	1	Other	Це речення не починається з великої літери.	О
L	4197	Родом я з Києва.
L	4198	але Родом керувала помста
M	4198	UPPERCASE_SENTENCE_START		0	3	Other	Це речення не починається з великої літери.	Але
L	4199	європейського ринку.
M	4199	UPPERCASE_SENTENCE_START		0	13	Other	Це речення не починається з великої літери.	Європейського
L	4200	діряву ринку
M	4200	UPPERCASE_SENTENCE_START		0	6	Other	Це речення не починається з великої літери.	Діряву
L	4201	ржаві ринки
M	4201	UK_SIMPLE_REPLACE_SOFT		0	5	Other	«ржаві» — нерекомендоване слово, кращий варіант: іржавий.	іржавий
L	4202	європейськими ринками.
M	4202	UPPERCASE_SENTENCE_START		0	13	Other	Це речення не починається з великої літери.	Європейськими
L	4203	діряву ринку
M	4203	UPPERCASE_SENTENCE_START		0	6	Other	Це речення не починається з великої літери.	Діряву
L	4204	ржаві ринки
M	4204	UK_SIMPLE_REPLACE_SOFT		0	5	Other	«ржаві» — нерекомендоване слово, кращий варіант: іржавий.	іржавий
L	4205	на ринку житла.
M	4205	UPPERCASE_SENTENCE_START		0	2	Other	Це речення не починається з великої літери.	На
L	4206	ринку з олією
M	4206	UPPERCASE_SENTENCE_START		0	5	Other	Це речення не починається з великої літери.	Ринку
L	4207	десь п'ята ранку.
M	4207	UPPERCASE_SENTENCE_START		0	4	Other	Це речення не починається з великої літери.	Десь
L	4208	ахіллесова п'ята
M	4208	UPPERCASE_SENTENCE_START		0	10	Other	Це речення не починається з великої літери.	Ахіллесова
L	4209	п'ята бразильця
M	4209	UPPERCASE_SENTENCE_START		0	5	Other	Це речення не починається з великої літери.	П'ята
L	4210	10 посад.
L	4211	на посад
M	4211	UPPERCASE_SENTENCE_START		0	2	Other	Це речення не починається з великої літери.	На
L	4212	торгівельний посад
M	4212	UPPERCASE_SENTENCE_START		0	12	Other	Це речення не починається з великої літери.	Торгівельний
L	4213	в глиб віків.
M	4213	UPPERCASE_SENTENCE_START		0	1	Other	Це речення не починається з великої літери.	В
L	4214	кам'яних глиб
M	4214	UPPERCASE_SENTENCE_START		0	8	Other	Це речення не починається з великої літери.	Кам'яних
M	4214	UK_SIMPLE_REPLACE		9	13	Other	«глиб» - помилкове слово, виправлення: брила, груда, грудомаха.	брила|груда|грудомаха
L	4215	самий глиб віків.
M	4215	UPPERCASE_SENTENCE_START		0	5	Other	Це речення не починається з великої літери.	Самий
L	4216	його глиб
M	4216	UPPERCASE_SENTENCE_START		0	4	Other	Це речення не починається з великої літери.	Його
L	4217	кам'яних глиб.
M	4217	UPPERCASE_SENTENCE_START		0	8	Other	Це речення не починається з великої літери.	Кам'яних
M	4217	UK_SIMPLE_REPLACE		9	13	Other	«глиб» - помилкове слово, виправлення: брила, груда, грудомаха.	брила|груда|грудомаха
L	4218	і глиб очей
M	4218	UPPERCASE_SENTENCE_START		0	1	Other	Це речення не починається з великої літери.	І
L	4219	податкові накладні.
M	4219	UPPERCASE_SENTENCE_START		0	9	Other	Це речення не починається з великої літери.	Податкові
L	4220	накладні нігті
M	4220	UPPERCASE_SENTENCE_START		0	8	Other	Це речення не починається з великої літери.	Накладні
L	4221	накладні на корм.
M	4221	UPPERCASE_SENTENCE_START		0	8	Other	Це речення не починається з великої літери.	Накладні
L	4222	накладні нігті
M	4222	UPPERCASE_SENTENCE_START		0	8	Other	Це речення не починається з великої літери.	Накладні
L	4223	накладні нігті.
M	4223	UPPERCASE_SENTENCE_START		0	8	Other	Це речення не починається з великої літери.	Накладні
L	4224	податкова накладна
M	4224	UPPERCASE_SENTENCE_START		0	9	Other	Це речення не починається з великої літери.	Податкова
L	4225	два буси.
M	4225	UPPERCASE_SENTENCE_START		0	3	Other	Це речення не починається з великої літери.	Два
L	4226	великі буси
M	4226	UPPERCASE_SENTENCE_START		0	6	Other	Це речення не починається з великої літери.	Великі
L	4227	міліцейські буси.
M	4227	UK_SIMPLE_REPLACE		0	11	Other	«міліцейські» - помилкове слово, виправлення: міліціонер, міліційний.	міліціонер|міліційний
L	4228	скляні буси
M	4228	UPPERCASE_SENTENCE_START		0	6	Other	Це речення не починається з великої літери.	Скляні
M	4228	UK_SIMPLE_REPLACE		7	11	Other	«буси» - помилкове слово, виправлення: намисто, смілка, січка.	намисто|смілка|січка
L	4229	скляні буси.
M	4229	UPPERCASE_SENTENCE_START		0	6	Other	Це речення не починається з великої літери.	Скляні
M	4229	UK_SIMPLE_REPLACE		7	11	Other	«буси» - помилкове слово, виправлення: намисто, смілка, січка.	намисто|смілка|січка
L	4230	мого візиту.
M	4230	UPPERCASE_SENTENCE_START		0	4	Other	Це речення не починається з великої літери.	Мого
L	4231	попередні візити.
M	4231	UPPERCASE_SENTENCE_START		0	9	Other	Це речення не починається з великої літери.	Попередні
L	4232	останню візиту
M	4232	UPPERCASE_SENTENCE_START		0	7	Other	Це речення не починається з великої літери.	Останню
L	4233	останньої візити
M	4233	UPPERCASE_SENTENCE_START		0	9	Other	Це речення не починається з великої літери.	Останньої
L	4234	на останній візиті
M	4234	UPPERCASE_SENTENCE_START		0	2	Other	Це речення не починається з великої літери.	На
L	4235	її візиту відклали
M	4235	UPPERCASE_SENTENCE_START		0	2	Other	Це речення не починається з великої літери.	Її
L	4236	під час візиту.
M	4236	UPPERCASE_SENTENCE_START		0	3	Other	Це речення не починається з великої літери.	Під
L	4237	після візиту.
M	4237	UPPERCASE_SENTENCE_START		0	5	Other	Це речення не починається з великої літери.	Після
L	4238	після її візиту.
M	4238	UPPERCASE_SENTENCE_START		0	5	Other	Це речення не починається з великої літери.	Після
L	4239	останню візиту
M	4239	UPPERCASE_SENTENCE_START		0	7	Other	Це речення не починається з великої літери.	Останню
L	4240	українському народові.
M	4240	UPPERCASE_SENTENCE_START		0	12	Other	Це речення не починається з великої літери.	Українському
L	4241	народові гуляння
M	4241	UPPERCASE_SENTENCE_START		0	8	Other	Це речення не починається з великої літери.	Народові
L	4242	служив народові.
M	4242	UPPERCASE_SENTENCE_START		0	6	Other	Це речення не починається з великої літери.	Служив
L	4243	народові гуляння
M	4243	UPPERCASE_SENTENCE_START		0	8	Other	Це речення не починається з великої літери.	Народові
L	4244	на початку XX ст.
M	4244	UPPERCASE_SENTENCE_START		0	2	Other	Це речення не починається з великої літери.	На
L	4245	по початку бігали мухи
M	4245	UPPERCASE_SENTENCE_START		0	2	Other	Це речення не починається з великої літери.	По
L	4246	ті початкові роботи
M	4246	UPPERCASE_SENTENCE_START		0	2	Other	Це речення не починається з великої літери.	Ті
L	4247	до обласного центру.
M	4247	UPPERCASE_SENTENCE_START		0	2	Other	Це речення не починається з великої літери.	До
L	4248	до центра кола
M	4248	UPPERCASE_SENTENCE_START		0	2	Other	Це речення не починається з великої літери.	До
L	4249	до центру міста.
M	4249	UPPERCASE_SENTENCE_START		0	2	Other	Це речення не починається з великої літери.	До
L	4250	до центра кола
M	4250	UPPERCASE_SENTENCE_START		0	2	Other	Це речення не починається з великої літери.	До
L	4251	до воєнного стану.
M	4251	UPPERCASE_SENTENCE_START		0	2	Other	Це речення не починається з великої літери.	До
L	4252	стану
L	4253	до стану здоров'я.
M	4253	UPPERCASE_SENTENCE_START		0	2	Other	Це речення не починається з великої літери.	До
L	4254	стану
L	4255	до кінцевого підсумку.
M	4255	UPPERCASE_SENTENCE_START		0	2	Other	Це речення не починається з великої літери.	До
L	4256	підсумкові висновки
M	4256	UPPERCASE_SENTENCE_START		0	10	Other	Це речення не починається з великої літери.	Підсумкові
L	4257	до підсумку року.
M	4257	UPPERCASE_SENTENCE_START		0	2	Other	Це речення не починається з великої літери.	До
L	4258	підсумкові висновки
M	4258	UPPERCASE_SENTENCE_START		0	10	Other	Це речення не починається з великої літери.	Підсумкові
L	4259	зрівняв рахунок.
M	4259	UPPERCASE_SENTENCE_START		0	7	Other	Це речення не починається з великої літери.	Зрівняв
L	4260	зрівняти рахунка
M	4260	UK_VERB_NOUN_INFLECTION_AGREEMENT		0	16	Other	Не узгоджено дієслово з іменником: "зрівняти" (вимагає: знахідний, орудний, давальний) і "рахунка" (ч.р.: родовий)	зрівняти рахункові|зрівняти рахунку|зрівняти рахунком|зрівняти рахунок
L	4261	виставив рахунок.
M	4261	UPPERCASE_SENTENCE_START		0	8	Other	Це речення не починається з великої літери.	Виставив
L	4262	підсумкові рахунки
M	4262	UPPERCASE_SENTENCE_START		0	10	Other	Це речення не починається з великої літери.	Підсумкові
L	4263	до спортивного клубу.
M	4263	UPPERCASE_SENTENCE_START		0	2	Other	Це речення не починається з великої літери.	До
L	4264	клуб диму
M	4264	UPPERCASE_SENTENCE_START		0	4	Other	Це речення не починається з великої літери.	Клуб
L	4265	державного органу XX ст.
M	4265	UPPERCASE_SENTENCE_START		0	10	Other	Це речення не починається з великої літери.	Державного
L	4266	органа тіла
M	4266	UPPERCASE_SENTENCE_START		0	6	Other	Це речення не починається з великої літери.	Органа
L	4267	органу державного управління
M	4267	UPPERCASE_SENTENCE_START		0	6	Other	Це речення не починається з великої літери.	Органу
L	4268	органа тіла
M	4268	UPPERCASE_SENTENCE_START		0	6	Other	Це речення не починається з великої літери.	Органа
L	4269	яскравого прикладу.
M	4269	UPPERCASE_SENTENCE_START		0	9	Other	Це речення не починається з великої літери.	Яскравого
L	4270	прикладом автомату
M	4270	UPPERCASE_SENTENCE_START		0	9	Other	Це речення не починається з великої літери.	Прикладом
M	4270	token_agreement_noun_noun	1	10	18	Other	Можливо, має бути р.в.: <suggestion>автомата</suggestion>?	автомата
L	4271	постійного притоку.
M	4271	UPPERCASE_SENTENCE_START		0	10	Other	Це речення не починається з великої літери.	Постійного
M	4271	UK_SIMPLE_REPLACE		11	18	Other	«притоку» - помилкове слово, виправлення: приплив, доплив, наплив, притока, гілка.	приплив|доплив|наплив|притока|гілка
L	4272	замість притоку.
M	4272	UPPERCASE_SENTENCE_START		0	7	Other	Це речення не починається з великої літери.	Замість
M	4272	UK_SIMPLE_REPLACE		8	15	Other	«притоку» - помилкове слово, виправлення: приплив, доплив, наплив, притока, гілка.	приплив|доплив|наплив|притока|гілка
L	4273	постійну притоку
M	4273	UPPERCASE_SENTENCE_START		0	8	Other	Це речення не починається з великої літери.	Постійну
L	4274	соціальної політики.
M	4274	UPPERCASE_SENTENCE_START		0	10	Other	Це речення не починається з великої літери.	Соціальної
L	4275	такі політики
M	4275	UPPERCASE_SENTENCE_START		0	4	Other	Це речення не починається з великої літери.	Такі
L	4276	соціальна політика.
M	4276	UPPERCASE_SENTENCE_START		0	9	Other	Це речення не починається з великої літери.	Соціальна
L	4277	такого політика
M	4277	UPPERCASE_SENTENCE_START		0	6	Other	Це речення не починається з великої літери.	Такого
L	4278	соціальну політику.
M	4278	UPPERCASE_SENTENCE_START		0	9	Other	Це речення не починається з великої літери.	Соціальну
L	4279	такому політику
M	4279	UPPERCASE_SENTENCE_START		0	6	Other	Це речення не починається з великої літери.	Такому
L	4280	у зв'язку з чим.
M	4280	UPPERCASE_SENTENCE_START		0	1	Other	Це речення не починається з великої літери.	У
L	4281	у таку зв'язку
M	4281	UPPERCASE_SENTENCE_START		0	1	Other	Це речення не починається з великої літери.	У
L	4282	мобільного зв'язку.
M	4282	UPPERCASE_SENTENCE_START		0	10	Other	Це речення не починається з великої літери.	Мобільного
L	4283	у таку зв'язку
M	4283	UPPERCASE_SENTENCE_START		0	1	Other	Це речення не починається з великої літери.	У
L	4284	постійну притоку.
M	4284	UPPERCASE_SENTENCE_START		0	8	Other	Це речення не починається з великої літери.	Постійну
L	4285	постійному притоку
M	4285	UPPERCASE_SENTENCE_START		0	10	Other	Це речення не починається з великої літери.	Постійному
M	4285	UK_SIMPLE_REPLACE		11	18	Other	«притоку» - помилкове слово, виправлення: приплив, доплив, наплив, притока, гілка.	приплив|доплив|наплив|притока|гілка
L	4286	великої обрізки.
M	4286	UPPERCASE_SENTENCE_START		0	7	Other	Це речення не починається з великої літери.	Великої
M	4286	UK_SIMPLE_REPLACE		8	15	Other	Неправильно написане слово.	
L	4287	різні обрізки
M	4287	UPPERCASE_SENTENCE_START		0	5	Other	Це речення не починається з великої літери.	Різні
L	4288	для обрізки.
M	4288	UPPERCASE_SENTENCE_START		0	3	Other	Це речення не починається з великої літери.	Для
M	4288	UK_SIMPLE_REPLACE		4	11	Other	Неправильно написане слово.	
L	4289	різні обрізки
M	4289	UPPERCASE_SENTENCE_START		0	5	Other	Це речення не починається з великої літери.	Різні
L	4290	здоровенний качок.
M	4290	UPPERCASE_SENTENCE_START		0	11	Other	Це речення не починається з великої літери.	Здоровенний
L	4291	качка і холод
M	4291	UPPERCASE_SENTENCE_START		0	5	Other	Це речення не починається з великої літери.	Качка
L	4292	підсадна качка.
M	4292	UPPERCASE_SENTENCE_START		0	8	Other	Це речення не починається з великої літери.	Підсадна
L	4293	качка і холод
M	4293	UPPERCASE_SENTENCE_START		0	5	Other	Це речення не починається з великої літери.	Качка
L	4294	рухаються, як качка.
M	4294	UPPERCASE_SENTENCE_START		0	9	Other	Це речення не починається з великої літери.	Рухаються
L	4295	летять качки.
M	4295	UPPERCASE_SENTENCE_START		0	6	Other	Це речення не починається з великої літери.	Летять
L	4296	качка і холод
M	4296	UPPERCASE_SENTENCE_START		0	5	Other	Це речення не починається з великої літери.	Качка
L	4297	най тебе качка копне.
M	4297	UPPERCASE_SENTENCE_START		0	3	Other	Це речення не починається з великої літери.	Най
L	4298	качка і холод
M	4298	UPPERCASE_SENTENCE_START		0	5	Other	Це речення не починається з великої літери.	Качка
L	4299	бокової качки.
M	4299	UPPERCASE_SENTENCE_START		0	7	Other	Це речення не починається з великої літери.	Бокової
M	4299	UK_SIMPLE_REPLACE		8	13	Other	«качки» - помилкове слово, виправлення: гойдання, колихання, коливання, хитання, гойданина; хитанина на морі; хитавиця; гойдавиця (морська).	гойдання|колихання|коливання|хитання|гойданина; хитанина на морі; хитавиця; гойдавиця (морська)
L	4300	качка і холод
M	4300	UPPERCASE_SENTENCE_START		0	5	Other	Це речення не починається з великої літери.	Качка
L	4301	, і власне, на них.
L	4302	, власне життя
L	4303	Як власне, й трапляється.
L	4304	власне життя
M	4304	UPPERCASE_SENTENCE_START		0	6	Other	Це речення не починається з великої літери.	Власне
L	4305	і тд.
M	4305	UPPERCASE_SENTENCE_START		0	1	Other	Це речення не починається з великої літери.	І
M	4305	UK_SIMPLE_REPLACE		2	4	Other	Неправильно написане слово.	ТД|та|те|то|ті|ти|т|ту|ТБ|од|ІД|БД|СД|ТВ|ТК|ТМ|ТЦ|лтд|Ед|ЛТД|тс|тю|ВД|ГТД|ЕД|КД|МД|НД|НТД|ПД|СТД|ТВД|ТГ|ТДВ|ТЗ|ТП|ТР|ТТ|ТТД|Тб|Тед|Тод|УД|Уд|Яд|юд
L	4306	4 тд
M	4306	MORFOLOGIK_RULE_UK_UA		2	4	UnknownWord	Знайдено потенційну орфографічну помилку.	ТД|та|те|то|ті|ти|т|ту|ТБ|од|ІД|БД|СД|ТВ|ТК|ТМ|ТЦ|лтд|Ед|ЛТД|тс|тю|ВД|ГТД|ЕД|КД|МД|НД|НТД|ПД|СТД|ТВД|ТГ|ТДВ|ТЗ|ТП|ТР|ТТ|ТТД|Тб|Тед|Тод|УД|Уд|Яд|юд
L	4307	військових оглядів.
M	4307	UPPERCASE_SENTENCE_START		0	10	Other	Це речення не починається з великої літери.	Військових
L	4308	суворо оглядів
M	4308	UPPERCASE_SENTENCE_START		0	6	Other	Це речення не починається з великої літери.	Суворо
L	4309	так, щоб йому було
M	4309	no_comma_compound_conj	1	0	7	Other	Якщо підрядне речення зі складеним сполучником підрядності стоїть перед головним (найчастіше на початку речення), то сполучник комою не розділяється	так що
L	4310	Так тобі й треба
L	4311	Приїхав зі сходу.
L	4312	сходу стрибнув
M	4312	UPPERCASE_SENTENCE_START		0	5	Other	Це речення не починається з великої літери.	Сходу
L	4313	Заходу й Сходу.
L	4314	сходу стрибнув
M	4314	UPPERCASE_SENTENCE_START		0	5	Other	Це речення не починається з великої літери.	Сходу
L	4315	ударом сходу.
M	4315	UPPERCASE_SENTENCE_START		0	6	Other	Це речення не починається з великої літери.	Ударом
M	4315	UK_SIMPLE_REPLACE		7	12	Other	«сходу» - помилкове слово, виправлення: спрожогу, з наскоку.	спрожогу|з наскоку
L	4316	сходу стрибнув
M	4316	UPPERCASE_SENTENCE_START		0	5	Other	Це речення не починається з великої літери.	Сходу
L	4317	сходу пробив.
M	4317	UK_SIMPLE_REPLACE		0	5	Other	«сходу» - помилкове слово, виправлення: спрожогу, з наскоку.	спрожогу|з наскоку
L	4318	сходу потрібно
M	4318	UPPERCASE_SENTENCE_START		0	5	Other	Це речення не починається з великої літери.	Сходу
L	4319	і сходу почав погрожувати.
M	4319	UPPERCASE_SENTENCE_START		0	1	Other	Це речення не починається з великої літери.	І
M	4319	skhodu_bad	1	2	7	Other	Правильно: <suggestion>спрожогу</suggestion>	спрожогу|з наскоку
L	4320	сходу потрібно
M	4320	UPPERCASE_SENTENCE_START		0	5	Other	Це речення не починається з великої літери.	Сходу
L	4321	і почав сходу погрожувати.
M	4321	UPPERCASE_SENTENCE_START		0	1	Other	Це речення не починається з великої літери.	І
M	4321	UK_SIMPLE_REPLACE		8	13	Other	«сходу» - помилкове слово, виправлення: спрожогу, з наскоку.	спрожогу|з наскоку
L	4322	сходу потрібно
M	4322	UPPERCASE_SENTENCE_START		0	5	Other	Це речення не починається з великої літери.	Сходу
L	4323	, сходу знайомить мене
M	4323	UK_SIMPLE_REPLACE		2	7	Other	«сходу» - помилкове слово, виправлення: спрожогу, з наскоку.	спрожогу|з наскоку
L	4324	сходу потрібно
M	4324	UPPERCASE_SENTENCE_START		0	5	Other	Це речення не починається з великої літери.	Сходу
L	4325	українців сходу.
M	4325	UPPERCASE_SENTENCE_START		0	9	Other	Це речення не починається з великої літери.	Українців
L	4326	героїчний супротив.
M	4326	UPPERCASE_SENTENCE_START		0	9	Other	Це речення не починається з великої літери.	Героїчний
M	4326	UK_SIMPLE_REPLACE		10	18	Other	«супротив» - помилкове слово, виправлення: опір, протидія, спротив, опозиція.	опір|протидія|спротив|опозиція
L	4327	наштовхнулися на супротив.
M	4327	UPPERCASE_SENTENCE_START		0	13	Other	Це речення не починається з великої літери.	Наштовхнулися
M	4327	UK_SIMPLE_REPLACE		17	25	Other	«супротив» - помилкове слово, виправлення: опір, протидія, спротив, опозиція.	опір|протидія|спротив|опозиція
L	4328	чинили супротив.
M	4328	UPPERCASE_SENTENCE_START		0	6	Other	Це речення не починається з великої літери.	Чинили
M	4328	UK_SIMPLE_REPLACE		7	15	Other	«супротив» - помилкове слово, виправлення: опір, протидія, спротив, опозиція.	опір|протидія|спротив|опозиція
L	4329	за вчинену супротив їхнього народу
M	4329	UPPERCASE_SENTENCE_START		0	2	Other	Це речення не починається з великої літери.	За
L	4330	і просто неба.
M	4330	UPPERCASE_SENTENCE_START		0	1	Other	Це речення не починається з великої літери.	І
L	4331	просто туди
M	4331	UPPERCASE_SENTENCE_START		0	6	Other	Це речення не починається з великої літери.	Просто
L	4332	на сім світі
M	4332	UPPERCASE_SENTENCE_START		0	2	Other	Це речення не починається з великої літери.	На
M	4332	archaism	1	3	6	Hint	Це слово або форма є застарілою, архаїчною або діалектною.	
L	4333	на сім відсотків
M	4333	UPPERCASE_SENTENCE_START		0	2	Other	Це речення не починається з великої літери.	На
L	4334	на сім кіно
M	4334	UPPERCASE_SENTENCE_START		0	2	Other	Це речення не починається з великої літери.	На
L	4335	на сім млрд дол
M	4335	UPPERCASE_SENTENCE_START		0	2	Other	Це речення не починається з великої літери.	На
M	4335	UK_SIMPLE_REPLACE		12	15	Other	«дол» - помилкове слово, виправлення: дол..	дол.
L	4336	на сім відсотків.
M	4336	UPPERCASE_SENTENCE_START		0	2	Other	Це речення не починається з великої літери.	На
L	4337	ахіллесова п'ята.
M	4337	UPPERCASE_SENTENCE_START		0	10	Other	Це речення не починається з великої літери.	Ахіллесова
L	4338	на п'яту вечора
M	4338	UPPERCASE_SENTENCE_START		0	2	Other	Це речення не починається з великої літери.	На
L	4339	воно стало моїм талісманом.
M	4339	UPPERCASE_SENTENCE_START		0	4	Other	Це речення не починається з великої літери.	Воно
L	4340	їй стало легше.
M	4340	UPPERCASE_SENTENCE_START		0	2	Other	Це речення не починається з великої літери.	Їй
L	4341	і буду тут стало проживати
M	4341	UPPERCASE_SENTENCE_START		0	1	Other	Це речення не починається з великої літери.	І
L	4342	і буду стало тут проживати
M	4342	UPPERCASE_SENTENCE_START		0	1	Other	Це речення не починається з великої літери.	І
L	4343	тоді стало прийняття закону.
M	4343	UPPERCASE_SENTENCE_START		0	4	Other	Це речення не починається з великої літери.	Тоді
L	4344	і буду стало тут проживати
M	4344	UPPERCASE_SENTENCE_START		0	1	Other	Це речення не починається з великої літери.	І
L	4345	важливим стало те,
M	4345	UPPERCASE_SENTENCE_START		0	8	Other	Це речення не починається з великої літери.	Важливим
L	4346	і буду стало тут проживати
M	4346	UPPERCASE_SENTENCE_START		0	1	Other	Це речення не починається з великої літери.	І
L	4347	стало цілком очевидним
M	4347	UPPERCASE_SENTENCE_START		0	5	Other	Це речення не починається з великої літери.	Стало
L	4348	і буду стало тут проживати
M	4348	UPPERCASE_SENTENCE_START		0	1	Other	Це речення не починається з великої літери.	І
L	4349	не стало води
M	4349	UPPERCASE_SENTENCE_START		0	2	Other	Це речення не починається з великої літери.	Не
L	4350	і буду стало тут проживати
M	4350	UPPERCASE_SENTENCE_START		0	1	Other	Це речення не починається з великої літери.	І
L	4351	стало для неї несподіванкою
M	4351	UPPERCASE_SENTENCE_START		0	5	Other	Це речення не починається з великої літери.	Стало
L	4352	і буду стало тут проживати
M	4352	UPPERCASE_SENTENCE_START		0	1	Other	Це речення не починається з великої літери.	І
L	4353	є стала Планка
M	4353	UPPERCASE_SENTENCE_START		0	1	Other	Це речення не починається з великої літери.	Є
L	4354	змінна коефіцієнту стала.
M	4354	UPPERCASE_SENTENCE_START		0	6	Other	Це речення не починається з великої літери.	Змінна
L	4355	Українізація стала б дуже українським
L	4356	галузь стала політизована
M	4356	UPPERCASE_SENTENCE_START		0	6	Other	Це речення не починається з великої літери.	Галузь
L	4357	змінна коефіцієнту стала.
M	4357	UPPERCASE_SENTENCE_START		0	6	Other	Це речення не починається з великої літери.	Змінна
L	4358	, стала найперспективнішим джерелом
L	4359	нарешті стала фінансовою опорою
M	4359	UPPERCASE_SENTENCE_START		0	7	Other	Це речення не починається з великої літери.	Нарешті
L	4360	змінна коефіцієнту - стала.
M	4360	UPPERCASE_SENTENCE_START		0	6	Other	Це речення не починається з великої літери.	Змінна
L	4361	головним завданням стала оборона
M	4361	UPPERCASE_SENTENCE_START		0	8	Other	Це речення не починається з великої літери.	Головним
L	4362	змінна коефіцієнту - стала.
M	4362	UPPERCASE_SENTENCE_START		0	6	Other	Це речення не починається з великої літери.	Змінна
L	4363	, стала загрожувати
L	4364	ця стала допомагає вирішити рівняння.
M	4364	UPPERCASE_SENTENCE_START		0	2	Other	Це речення не починається з великої літери.	Ця
L	4365	економіка зросла.
M	4365	UPPERCASE_SENTENCE_START		0	9	Other	Це речення не починається з великої літери.	Економіка
L	4366	зросла вже дівка
M	4366	UPPERCASE_SENTENCE_START		0	6	Other	Це речення не починається з великої літери.	Зросла
L	4367	він став плювати в озеро.
M	4367	UPPERCASE_SENTENCE_START		0	3	Other	Це речення не починається з великої літери.	Він
L	4368	Тернопільський став
L	4369	немилосердно смердить став
M	4369	UPPERCASE_SENTENCE_START		0	12	Other	Це речення не починається з великої літери.	Немилосердно
L	4370	Окрім цього став замулювався
L	4371	чоловік подався на став
M	4371	UPPERCASE_SENTENCE_START		0	7	Other	Це речення не починається з великої літери.	Чоловік
L	4372	не став мати в таке становище
M	4372	UPPERCASE_SENTENCE_START		0	2	Other	Це речення не починається з великої літери.	Не
L	4373	, рибу у став запустити.
L	4374	він став таким не одразу.
M	4374	UPPERCASE_SENTENCE_START		0	3	Other	Це речення не починається з великої літери.	Він
L	4375	ти став дияволом.
M	4375	UPPERCASE_SENTENCE_START		0	2	Other	Це речення не починається з великої літери.	Ти
L	4376	пастор став дияволом.
M	4376	UPPERCASE_SENTENCE_START		0	6	Other	Це речення не починається з великої літери.	Пастор
L	4377	Тернопільський став
L	4378	немилосердно смердить став
M	4378	UPPERCASE_SENTENCE_START		0	12	Other	Це речення не починається з великої літери.	Немилосердно
L	4379	Окрім цього став замулювався
L	4380	чоловік подався на став
M	4380	UPPERCASE_SENTENCE_START		0	7	Other	Це речення не починається з великої літери.	Чоловік
L	4381	чайник став ось туди
M	4381	UPPERCASE_SENTENCE_START		0	6	Other	Це речення не починається з великої літери.	Чайник
L	4382	рибу у став запустити
M	4382	UPPERCASE_SENTENCE_START		0	4	Other	Це речення не починається з великої літери.	Рибу
L	4383	цей край став найбагатшим.
M	4383	UPPERCASE_SENTENCE_START		0	3	Other	Це речення не починається з великої літери.	Цей
L	4384	Тернопільський став
L	4385	немилосердно смердить став
M	4385	UPPERCASE_SENTENCE_START		0	12	Other	Це речення не починається з великої літери.	Немилосердно
L	4386	Окрім цього став замулювався
L	4387	чоловік подався на став
M	4387	UPPERCASE_SENTENCE_START		0	7	Other	Це речення не починається з великої літери.	Чоловік
L	4388	Радянський уряд був
L	4389	поставити їх уряд.
M	4389	UPPERCASE_SENTENCE_START		0	9	Other	Це речення не починається з великої літери.	Поставити
L	4390	І уряд ЗУНР.
L	4391	і уряд поїхав.
M	4391	UPPERCASE_SENTENCE_START		0	1	Other	Це речення не починається з великої літери.	І
L	4392	На жаль він
L	4393	мені його жаль.
M	4393	UPPERCASE_SENTENCE_START		0	4	Other	Це речення не починається з великої літери.	Мені
L	4394	Так само він пішов
L	4395	само прийшло
M	4395	UPPERCASE_SENTENCE_START		0	4	Other	Це речення не починається з великої літери.	Само
L	4396	Так саме тут
L	4397	саме прийшло
M	4397	UPPERCASE_SENTENCE_START		0	4	Other	Це речення не починається з великої літери.	Саме
L	4398	те саме в середині 90-х
M	4398	UPPERCASE_SENTENCE_START		0	2	Other	Це речення не починається з великої літери.	Те
L	4399	стало зрозуміло тоді
M	4399	UPPERCASE_SENTENCE_START		0	5	Other	Це речення не починається з великої літери.	Стало
L	4400	воно все зрозуміло саме
M	4400	UPPERCASE_SENTENCE_START		0	4	Other	Це речення не починається з великої літери.	Воно
L	4401	керівництво консерваторів все зрозуміло
M	4401	UPPERCASE_SENTENCE_START		0	11	Other	Це речення не починається з великої літери.	Керівництво
L	4402	, то зрозуміло,
L	4403	все зрозуміло і прийняло
M	4403	UPPERCASE_SENTENCE_START		0	3	Other	Це речення не починається з великої літери.	Все
L	4404	до цілого складу.
M	4404	UPPERCASE_SENTENCE_START		0	2	Other	Це речення не починається з великої літери.	До
L	4405	як одного цілого.
M	4405	UPPERCASE_SENTENCE_START		0	2	Other	Це речення не починається з великої літери.	Як
L	4406	єдиного цілого
M	4406	UPPERCASE_SENTENCE_START		0	7	Other	Це речення не починається з великої літери.	Єдиного
L	4407	засудили молоді чоловіки,
M	4407	UPPERCASE_SENTENCE_START		0	8	Other	Це речення не починається з великої літери.	Засудили
L	4408	до такої молоді чоловіки
M	4408	UPPERCASE_SENTENCE_START		0	2	Other	Це речення не починається з великої літери.	До
L	4409	На II Безпековому форумі для молоді експерти
L	4410	щоб молоді жили щасливо
M	4410	UPPERCASE_SENTENCE_START		0	3	Other	Це речення не починається з великої літери.	Щоб
L	4411	української молоді,
M	4411	UPPERCASE_SENTENCE_START		0	11	Other	Це речення не починається з великої літери.	Української
L	4412	української молоді чоловіки
M	4412	UPPERCASE_SENTENCE_START		0	11	Other	Це речення не починається з великої літери.	Української
L	4413	української молоді роки
M	4413	UPPERCASE_SENTENCE_START		0	11	Other	Це речення не починається з великої літери.	Української
L	4414	його молоді
M	4414	UPPERCASE_SENTENCE_START		0	4	Other	Це речення не починається з великої літери.	Його
L	4415	отаке во!
M	4415	UPPERCASE_SENTENCE_START		0	5	Other	Це речення не починається з великої літери.	Отаке
L	4416	во ім'я
M	4416	UPPERCASE_SENTENCE_START		0	2	Other	Це речення не починається з великої літери.	Во
L	4417	во ім'я
M	4417	UPPERCASE_SENTENCE_START		0	2	Other	Це речення не починається з великої літери.	Во
L	4418	во яка файна
M	4418	UPPERCASE_SENTENCE_START		0	2	Other	Це речення не починається з великої літери.	Во
L	4419	водить по воде,
M	4419	UPPERCASE_SENTENCE_START		0	6	Other	Це речення не починається з великої літери.	Водить
M	4419	MORFOLOGIK_RULE_UK_UA		10	14	UnknownWord	Знайдено потенційну орфографічну помилку.	води|веде|воду|вода|вод|воді|ВДЕ|водне|Боде|Воле|Воне|Доде|Поде|Роде|Тоде|боде|вводе|виде|водо|возе|воле|воше|воще|входе|зводе|йоде|коде|оводе|поде|роде|уводе|ходе|во де|вод е
L	4420	водить по тёмной воде,
M	4420	UPPERCASE_SENTENCE_START		0	6	Other	Це речення не починається з великої літери.	Водить
M	4420	MORFOLOGIK_RULE_UK_UA		10	16	UnknownWord	Знайдено потенційну орфографічну помилку.	темний|темної|темно|темною|темній|темноти
M	4420	MORFOLOGIK_RULE_UK_UA		17	21	UnknownWord	Знайдено потенційну орфографічну помилку.	води|веде|воду|вода|вод|воді|ВДЕ|водне|Боде|Воле|Воне|Доде|Поде|Роде|Тоде|боде|вводе|виде|водо|возе|воле|воше|воще|входе|зводе|йоде|коде|оводе|поде|роде|уводе|ходе|во де|вод е
L	4421	Маланку Василю воде
M	4421	VERB_SUBSTANDARD_FORMS	2	15	19	Other	Ця дієслівна форма є просторічною	водить
L	4422	быстрой воде,
M	4422	MORFOLOGIK_RULE_UK_UA		0	7	UnknownWord	Знайдено потенційну орфографічну помилку.	Бистрий|Бистров|Бистрови|Бастри|Бастром|Бистро|Бистрою|Бистрої|Бистрій|Бістро|Бістром|Настрой|Строй
M	4422	MORFOLOGIK_RULE_UK_UA		8	12	UnknownWord	Знайдено потенційну орфографічну помилку.	води|веде|воду|вода|вод|воді|ВДЕ|водне|Боде|Воле|Воне|Доде|Поде|Роде|Тоде|боде|вводе|виде|водо|возе|воле|воше|воще|входе|зводе|йоде|коде|оводе|поде|роде|уводе|ходе|во де|вод е
L	4423	Це, мабуть, мара мене воде!
M	4423	VERB_SUBSTANDARD_FORMS	2	22	26	Other	Ця дієслівна форма є просторічною	водить
L	4424	і все більше,
M	4424	UPPERCASE_SENTENCE_START		0	1	Other	Це речення не починається з великої літери.	І
L	4425	все було жовте
M	4425	UPPERCASE_SENTENCE_START		0	3	Other	Це речення не починається з великої літери.	Все
L	4426	не все ще було жовте
M	4426	UPPERCASE_SENTENCE_START		0	2	Other	Це речення не починається з великої літери.	Не
L	4427	осідав все нижче,
M	4427	UPPERCASE_SENTENCE_START		0	6	Other	Це речення не починається з великої літери.	Осідав
L	4428	все було жовте
M	4428	UPPERCASE_SENTENCE_START		0	3	Other	Це речення не починається з великої літери.	Все
L	4429	осідав все нижче і нижче.
M	4429	UPPERCASE_SENTENCE_START		0	6	Other	Це речення не починається з великої літери.	Осідав
L	4430	все було жовте
M	4430	UPPERCASE_SENTENCE_START		0	3	Other	Це речення не починається з великої літери.	Все
L	4431	швидше за все,
M	4431	UPPERCASE_SENTENCE_START		0	6	Other	Це речення не починається з великої літери.	Швидше
L	4432	все було жовте
M	4432	UPPERCASE_SENTENCE_START		0	3	Other	Це речення не починається з великої літери.	Все
L	4433	вони все одно прийдуть,
M	4433	UPPERCASE_SENTENCE_START		0	4	Other	Це речення не починається з великої літери.	Вони
L	4434	все було жовте
M	4434	UPPERCASE_SENTENCE_START		0	3	Other	Це речення не починається з великої літери.	Все
L	4435	вони відразу ж погодилися,
M	4435	UPPERCASE_SENTENCE_START		0	4	Other	Це речення не починається з великої літери.	Вони
L	4436	велику відразу
M	4436	UPPERCASE_SENTENCE_START		0	6	Other	Це речення не починається з великої літери.	Велику
L	4437	відчув огиду та відразу
M	4437	UPPERCASE_SENTENCE_START		0	6	Other	Це речення не починається з великої літери.	Відчув
